timestamp,temperature,soil_humidity,light,ph
2023-06-01 00:00:00,15.690,39.000,1.426,6.80
2023-06-01 01:00:00,16.070,39.000,1.458,6.80
2023-06-01 02:00:00,16.940,39.000,1.515,6.80
2023-06-01 03:00:00,17.170,39.000,1.539,6.80
2023-06-01 04:00:00,16.760,39.000,1.525,6.80
2023-06-01 05:00:00,15.500,39.000,17.400,6.80
2023-06-01 06:00:00,16.080,39.000,111.900,6.80
2023-06-01 07:00:00,17.610,39.000,202.900,6.80
2023-06-01 08:00:00,19.320,39.000,369.100,6.80
2023-06-01 09:00:00,21.010,39.000,499.500,6.80
2023-06-01 10:00:00,22.620,39.000,1181.000,6.80
2023-06-01 11:00:00,22.850,39.000,1066.000,6.80
2023-06-01 12:00:00,22.960,39.000,1145.000,6.80
2023-06-01 13:00:00,22.750,39.000,1053.000,6.80
2023-06-01 14:00:00,21.660,39.000,392.600,6.80
2023-06-01 15:00:00,21.160,39.000,331.800,6.80
2023-06-01 16:00:00,20.990,39.000,311.500,6.80
2023-06-01 17:00:00,21.190,39.000,301.700,6.80
2023-06-01 18:00:00,20.930,39.000,129.600,6.80
2023-06-01 19:00:00,20.020,39.000,45.930,6.80
2023-06-01 20:00:00,18.370,39.000,4.420,6.80
2023-06-01 21:00:00,16.780,39.000,1.466,6.80
2023-06-01 22:00:00,15.630,39.000,1.565,6.80
2023-06-01 23:00:00,14.840,39.000,1.470,6.80
2023-06-02 00:00:00,14.370,39.000,1.544,6.80
2023-06-02 01:00:00,14.230,39.000,1.651,6.80
2023-06-02 02:00:00,13.970,39.000,1.489,6.80
2023-06-02 03:00:00,13.220,39.000,1.397,6.80
2023-06-02 04:00:00,12.670,39.000,1.411,6.80
2023-06-02 05:00:00,13.030,39.000,20.870,6.80
2023-06-02 06:00:00,15.570,39.000,155.800,6.80
2023-06-02 07:00:00,19.040,39.000,391.700,6.80
2023-06-02 08:00:00,21.300,39.000,658.200,6.80
2023-06-02 09:00:00,22.630,39.000,906.000,6.80
2023-06-02 10:00:00,23.240,39.000,1119.000,6.80
2023-06-02 11:00:00,23.800,39.000,1263.000,6.80
2023-06-02 12:00:00,23.960,39.000,1342.000,6.80
2023-06-02 13:00:00,24.630,39.000,1335.000,6.80
2023-06-02 14:00:00,24.710,39.000,1250.000,6.80
2023-06-02 15:00:00,24.470,39.000,1089.000,6.80
2023-06-02 16:00:00,24.220,39.000,872.000,6.80
2023-06-02 17:00:00,23.970,39.000,602.700,6.80
2023-06-02 18:00:00,23.740,39.000,262.700,6.80
2023-06-02 19:00:00,21.640,39.000,51.180,6.80
2023-06-02 20:00:00,19.500,39.000,4.757,6.80
2023-06-02 21:00:00,17.500,39.000,0.885,6.80
2023-06-02 22:00:00,16.710,39.000,0.794,6.80
2023-06-02 23:00:00,15.290,39.000,0.755,6.80
2023-06-03 00:00:00,15.020,39.000,0.742,6.80
2023-06-03 01:00:00,14.590,39.000,0.732,6.80
2023-06-03 02:00:00,14.070,39.000,0.725,6.80
2023-06-03 03:00:00,13.920,39.000,0.733,6.80
2023-06-03 04:00:00,13.980,39.000,0.754,6.80
2023-06-03 05:00:00,13.960,39.000,19.980,6.80
2023-06-03 06:00:00,15.910,39.000,165.500,6.80
2023-06-03 07:00:00,20.310,39.000,414.000,6.80
2023-06-03 08:00:00,22.530,39.000,679.100,6.80
2023-06-03 09:00:00,23.550,39.000,929.000,6.80
2023-06-03 10:00:00,24.380,39.000,1139.000,6.80
2023-06-03 11:00:00,24.870,39.000,1283.000,6.80
2023-06-03 12:00:00,25.450,39.000,1363.000,6.80
2023-06-03 13:00:00,25.470,39.000,1353.000,6.80
2023-06-03 14:00:00,25.540,39.000,1260.000,6.80
2023-06-03 15:00:00,24.920,39.000,1097.000,6.80
2023-06-03 16:00:00,25.420,39.000,897.000,6.80
2023-06-03 17:00:00,26.090,39.000,564.300,6.80
2023-06-03 18:00:00,24.440,39.000,321.400,6.80
2023-06-03 19:00:00,22.250,39.000,70.810,6.80
2023-06-03 20:00:00,20.490,39.000,3.424,6.80
2023-06-03 21:00:00,19.040,39.000,0.911,6.80
2023-06-03 22:00:00,17.770,39.000,0.881,6.80
2023-06-03 23:00:00,16.930,39.000,0.819,6.80
2023-06-04 00:00:00,16.690,39.000,0.814,6.80
2023-06-04 01:00:00,14.680,39.000,0.822,6.80
2023-06-04 02:00:00,14.660,39.000,0.844,6.80
2023-06-04 03:00:00,13.990,39.000,0.851,6.80
2023-06-04 04:00:00,13.850,39.000,0.895,6.80
2023-06-04 05:00:00,13.740,39.000,17.760,6.80
2023-06-04 06:00:00,15.500,39.000,156.100,6.80
2023-06-04 07:00:00,19.080,39.000,386.500,6.80
2023-06-04 08:00:00,22.100,39.000,653.500,6.80
2023-06-04 09:00:00,24.010,39.000,903.000,6.80
2023-06-04 10:00:00,25.120,39.000,997.000,6.80
2023-06-04 11:00:00,24.200,39.000,831.000,6.80
2023-06-04 12:00:00,24.890,39.000,1157.000,6.80
2023-06-04 13:00:00,25.210,39.000,1272.000,6.80
2023-06-04 14:00:00,26.170,39.000,1180.000,6.80
2023-06-04 15:00:00,26.280,39.000,726.800,6.80
2023-06-04 16:00:00,26.220,39.000,535.000,6.80
2023-06-04 17:00:00,25.700,39.000,346.200,6.80
2023-06-04 18:00:00,24.280,39.000,179.500,6.80
2023-06-04 19:00:00,23.560,39.000,101.700,6.80
2023-06-04 20:00:00,21.030,39.000,4.528,6.80
2023-06-04 21:00:00,19.280,39.000,0.837,6.80
2023-06-04 22:00:00,19.040,39.000,0.814,6.80
2023-06-04 23:00:00,18.140,39.000,0.783,6.80
2023-06-05 00:00:00,16.960,39.000,0.759,6.80
2023-06-05 01:00:00,16.620,39.000,0.751,6.80
2023-06-05 02:00:00,16.730,39.000,0.748,6.80
2023-06-05 03:00:00,16.630,39.000,0.742,6.80
2023-06-05 04:00:00,17.020,39.000,0.759,6.80
2023-06-05 05:00:00,17.020,39.000,11.800,6.80
2023-06-05 06:00:00,17.930,39.000,118.700,6.80
2023-06-05 07:00:00,20.270,39.000,298.500,6.80
2023-06-05 08:00:00,22.420,39.000,625.800,6.80
2023-06-05 09:00:00,24.240,39.000,789.000,6.80
2023-06-05 10:00:00,24.600,39.000,566.300,6.80
2023-06-05 11:00:00,24.060,39.000,560.500,6.80
2023-06-05 12:00:00,23.870,39.000,401.300,6.80
2023-06-05 13:00:00,23.330,39.000,578.200,6.80
2023-06-05 14:00:00,24.450,39.000,467.200,6.80
2023-06-05 15:00:00,22.740,39.000,332.200,6.80
2023-06-05 16:00:00,22.680,39.000,269.700,6.80
2023-06-05 17:00:00,22.080,39.000,155.600,6.80
2023-06-05 18:00:00,21.210,39.000,81.900,6.80
2023-06-05 19:00:00,20.490,39.000,21.560,6.80
2023-06-05 20:00:00,19.960,39.000,1.832,6.80
2023-06-05 21:00:00,19.880,39.000,0.856,6.80
2023-06-05 22:00:00,19.610,39.000,0.797,6.80
2023-06-05 23:00:00,19.590,39.000,0.807,6.80
2023-06-06 00:00:00,19.340,39.000,0.791,6.80
2023-06-06 01:00:00,19.080,39.000,0.792,6.80
2023-06-06 02:00:00,18.580,39.000,0.776,6.80
2023-06-06 03:00:00,17.770,39.000,0.704,6.80
2023-06-06 04:00:00,17.260,39.000,0.684,6.80
2023-06-06 05:00:00,17.220,39.000,17.460,6.80
2023-06-06 06:00:00,17.990,39.000,116.100,6.80
2023-06-06 07:00:00,19.550,39.000,197.700,6.80
2023-06-06 08:00:00,21.860,39.000,634.700,6.80
2023-06-06 09:00:00,23.750,39.000,836.000,6.80
2023-06-06 10:00:00,24.810,39.000,1014.000,6.80
2023-06-06 11:00:00,24.280,39.000,1129.000,6.80
2023-06-06 12:00:00,24.650,39.000,1192.000,6.80
2023-06-06 13:00:00,24.160,39.000,850.000,6.80
2023-06-06 14:00:00,24.790,39.000,1306.000,6.80
2023-06-06 15:00:00,24.780,39.000,1008.000,6.80
2023-06-06 16:00:00,24.560,39.000,853.000,6.80
2023-06-06 17:00:00,24.120,39.000,446.700,6.80
2023-06-06 18:00:00,23.010,39.000,88.100,6.80
2023-06-06 19:00:00,22.550,39.000,30.850,6.80
2023-06-06 20:00:00,21.110,39.000,1.948,6.80
2023-06-06 21:00:00,20.000,39.000,0.000,6.80
2023-06-06 22:00:00,19.390,39.000,0.000,6.80
2023-06-06 23:00:00,19.420,39.000,0.000,6.80
2023-06-07 00:00:00,19.780,39.000,0.000,6.80
2023-06-07 01:00:00,19.140,39.000,0.000,6.80
2023-06-07 02:00:00,18.750,39.000,0.000,6.80
2023-06-07 03:00:00,18.710,39.000,0.000,6.80
2023-06-07 04:00:00,18.560,39.000,0.000,6.80
2023-06-07 05:00:00,18.290,39.000,11.560,6.80
2023-06-07 06:00:00,18.540,39.000,102.000,6.80
2023-06-07 07:00:00,19.660,39.000,233.500,6.80
2023-06-07 08:00:00,20.750,39.000,378.000,6.80
2023-06-07 09:00:00,21.700,39.000,473.800,6.80
2023-06-07 10:00:00,22.130,39.000,679.800,6.80
2023-06-07 11:00:00,22.960,39.000,866.000,6.80
2023-06-07 12:00:00,23.330,39.000,906.000,6.80
2023-06-07 13:00:00,22.940,39.000,759.000,6.80
2023-06-07 14:00:00,22.250,39.000,538.200,6.80
2023-06-07 15:00:00,21.770,39.000,302.800,6.80
2023-06-07 16:00:00,21.730,39.000,273.100,6.80
2023-06-07 17:00:00,22.150,39.000,255.700,6.80
2023-06-07 18:00:00,22.130,39.000,153.100,6.80
2023-06-07 19:00:00,21.840,39.000,72.030,6.80
2023-06-07 20:00:00,19.770,39.000,5.182,6.80
2023-06-07 21:00:00,17.440,39.000,0.546,6.80
2023-06-07 22:00:00,15.780,39.000,0.134,6.80
2023-06-07 23:00:00,15.700,39.000,0.000,6.80
2023-06-08 00:00:00,15.280,39.000,0.000,6.80
2023-06-08 01:00:00,15.060,39.000,0.000,6.80
2023-06-08 02:00:00,14.160,39.000,0.000,6.80
2023-06-08 03:00:00,14.160,39.000,0.000,6.80
2023-06-08 04:00:00,14.060,39.000,0.000,6.80
2023-06-08 05:00:00,14.060,39.000,19.190,6.80
2023-06-08 06:00:00,16.080,39.000,159.600,6.80
2023-06-08 07:00:00,19.770,39.000,404.600,6.80
2023-06-08 08:00:00,21.850,39.000,686.500,6.80
2023-06-08 09:00:00,23.230,39.000,933.000,6.80
2023-06-08 10:00:00,23.890,39.000,1143.000,6.80
2023-06-08 11:00:00,24.220,39.000,1288.000,6.80
2023-06-08 12:00:00,25.060,39.000,1371.000,6.80
2023-06-08 13:00:00,25.550,39.000,1368.000,6.80
2023-06-08 14:00:00,25.480,39.000,1283.000,6.80
2023-06-08 15:00:00,25.360,39.000,1118.000,6.80
2023-06-08 16:00:00,25.110,39.000,907.000,6.80
2023-06-08 17:00:00,25.010,39.000,645.100,6.80
2023-06-08 18:00:00,24.860,39.000,367.400,6.80
2023-06-08 19:00:00,22.860,39.000,108.600,6.80
2023-06-08 20:00:00,20.550,39.000,6.632,6.80
2023-06-08 21:00:00,18.770,39.000,0.796,6.80
2023-06-08 22:00:00,16.880,39.000,0.753,6.80
2023-06-08 23:00:00,15.610,39.000,0.707,6.80
2023-06-09 00:00:00,16.090,39.000,0.693,6.80
2023-06-09 01:00:00,16.060,39.000,0.700,6.80
2023-06-09 02:00:00,16.020,39.000,0.713,6.80
2023-06-09 03:00:00,15.560,39.000,0.707,6.80
2023-06-09 04:00:00,14.800,39.000,0.708,6.80
2023-06-09 05:00:00,14.670,39.000,22.500,6.80
2023-06-09 06:00:00,17.510,39.000,176.700,6.80
2023-06-09 07:00:00,21.240,39.000,418.300,6.80
2023-06-09 08:00:00,23.810,39.000,665.900,6.80
2023-06-09 09:00:00,25.730,39.000,937.000,6.80
2023-06-09 10:00:00,25.640,39.000,1146.000,6.80
2023-06-09 11:00:00,25.660,39.000,1258.000,6.80
2023-06-09 12:00:00,26.150,39.000,1271.000,6.80
2023-06-09 13:00:00,26.170,39.000,1115.000,6.80
2023-06-09 14:00:00,26.710,39.000,1237.000,6.80
2023-06-09 15:00:00,26.630,39.000,1046.000,6.80
2023-06-09 16:00:00,26.990,39.000,809.000,6.80
2023-06-09 17:00:00,26.760,39.000,503.500,6.80
2023-06-09 18:00:00,26.410,39.000,283.000,6.80
2023-06-09 19:00:00,25.170,39.000,65.180,6.80
2023-06-09 20:00:00,23.070,39.000,5.970,6.80
2023-06-09 21:00:00,21.390,39.000,0.933,6.80
2023-06-09 22:00:00,20.560,39.000,0.873,6.80
2023-06-09 23:00:00,19.940,39.000,0.813,6.80
2023-06-10 00:00:00,19.400,39.000,0.808,6.80
2023-06-10 01:00:00,18.730,39.000,0.787,6.80
2023-06-10 02:00:00,18.680,39.000,0.756,6.80
2023-06-10 03:00:00,18.310,39.000,0.736,6.80
2023-06-10 04:00:00,19.100,39.000,0.754,6.80
2023-06-10 05:00:00,19.540,39.000,14.530,6.80
2023-06-10 06:00:00,19.850,39.000,103.300,6.80
2023-06-10 07:00:00,21.380,39.000,271.400,6.80
2023-06-10 08:00:00,22.700,39.000,469.900,6.80
2023-06-10 09:00:00,23.370,39.000,549.800,6.80
2023-06-10 10:00:00,22.430,39.000,300.200,6.80
2023-06-10 11:00:00,20.380,39.000,168.200,6.80
2023-06-10 12:00:00,18.770,39.000,180.700,6.80
2023-06-10 13:00:00,19.110,39.000,245.500,6.80
2023-06-10 14:00:00,20.550,39.000,378.900,6.80
2023-06-10 15:00:00,21.680,39.000,346.400,6.80
2023-06-10 16:00:00,23.490,39.000,794.500,6.80
2023-06-10 17:00:00,24.390,39.000,640.800,6.80
2023-06-10 18:00:00,23.640,39.000,363.100,6.80
2023-06-10 19:00:00,21.520,39.000,88.800,6.80
2023-06-10 20:00:00,19.620,39.000,6.955,6.80
2023-06-10 21:00:00,18.150,39.000,0.696,6.80
2023-06-10 22:00:00,17.910,39.000,0.539,6.80
2023-06-10 23:00:00,18.050,39.000,0.585,6.80
2023-06-11 00:00:00,18.170,39.000,0.653,6.80
2023-06-11 01:00:00,17.790,39.000,0.485,6.80
2023-06-11 02:00:00,18.040,39.000,0.513,6.80
2023-06-11 03:00:00,18.300,39.000,0.488,6.80
2023-06-11 04:00:00,18.190,39.000,0.489,6.80
2023-06-11 05:00:00,18.070,39.000,5.245,6.80
2023-06-11 06:00:00,18.620,39.000,26.580,6.80
2023-06-11 07:00:00,18.610,39.000,56.520,6.80
2023-06-11 08:00:00,20.240,39.000,512.100,6.80
2023-06-11 09:00:00,21.260,39.000,664.400,6.80
2023-06-11 10:00:00,23.260,39.000,992.000,6.80
2023-06-11 11:00:00,24.060,39.000,1060.000,6.80
2023-06-11 12:00:00,24.120,39.000,1318.000,6.80
2023-06-11 13:00:00,24.210,39.000,1159.000,6.80
2023-06-11 14:00:00,23.020,39.000,472.800,6.80
2023-06-11 15:00:00,23.550,39.000,806.000,6.80
2023-06-11 16:00:00,23.940,39.000,736.000,6.80
2023-06-11 17:00:00,23.520,39.000,544.900,6.80
2023-06-11 18:00:00,23.860,39.000,359.600,6.80
2023-06-11 19:00:00,22.410,39.000,111.500,6.80
2023-06-11 20:00:00,21.020,39.000,7.154,6.80
2023-06-11 21:00:00,19.480,39.000,0.792,6.80
2023-06-11 22:00:00,19.150,39.000,0.000,6.80
2023-06-11 23:00:00,18.850,39.000,0.000,6.80
2023-06-12 00:00:00,17.710,39.000,0.000,6.80
2023-06-12 01:00:00,17.620,39.000,0.000,6.80
2023-06-12 02:00:00,17.160,39.000,0.000,6.80
2023-06-12 03:00:00,17.600,39.000,0.567,6.80
2023-06-12 04:00:00,17.670,39.000,0.647,6.80
2023-06-12 05:00:00,17.340,39.000,20.040,6.80
2023-06-12 06:00:00,18.540,39.000,148.700,6.80
2023-06-12 07:00:00,20.350,39.000,372.200,6.80
2023-06-12 08:00:00,22.140,39.000,636.300,6.80
2023-06-12 09:00:00,23.640,39.000,828.000,6.80
2023-06-12 10:00:00,24.410,39.000,996.000,6.80
2023-06-12 11:00:00,24.880,39.000,1209.000,6.80
2023-06-12 12:00:00,24.650,39.000,1323.000,6.80
2023-06-12 13:00:00,25.140,39.000,1454.000,6.80
2023-06-12 14:00:00,25.200,39.000,1281.000,6.80
2023-06-12 15:00:00,24.680,39.000,1099.000,6.80
2023-06-12 16:00:00,24.480,39.000,900.000,6.80
2023-06-12 17:00:00,24.050,39.000,638.100,6.80
2023-06-12 18:00:00,23.300,39.000,370.600,6.80
2023-06-12 19:00:00,22.320,39.000,120.800,6.80
2023-06-12 20:00:00,20.840,39.000,8.460,6.80
2023-06-12 21:00:00,20.240,39.000,0.799,6.80
2023-06-12 22:00:00,19.610,39.000,0.700,6.80
2023-06-12 23:00:00,18.050,39.000,0.708,6.80
2023-06-13 00:00:00,17.200,39.000,1.092,6.80
2023-06-13 01:00:00,16.680,39.000,1.154,6.80
2023-06-13 02:00:00,16.410,39.000,1.207,6.80
2023-06-13 03:00:00,15.820,39.000,1.148,6.80
2023-06-13 04:00:00,15.640,39.000,0.577,6.80
2023-06-13 05:00:00,15.120,39.000,19.210,6.80
2023-06-13 06:00:00,17.620,39.000,159.800,6.80
2023-06-13 07:00:00,20.870,39.000,415.300,6.80
2023-06-13 08:00:00,22.860,39.000,619.100,6.80
2023-06-13 09:00:00,24.000,39.000,874.000,6.80
2023-06-13 10:00:00,24.550,39.000,1155.000,6.80
2023-06-13 11:00:00,24.910,39.000,1307.000,6.80
2023-06-13 12:00:00,25.590,39.000,1409.000,6.80
2023-06-13 13:00:00,25.800,39.000,1182.000,6.80
2023-06-13 14:00:00,26.080,39.000,1247.000,6.80
2023-06-13 15:00:00,26.020,39.000,1120.000,6.80
2023-06-13 16:00:00,25.540,39.000,769.100,6.80
2023-06-13 17:00:00,24.590,39.000,299.700,6.80
2023-06-13 18:00:00,21.370,39.000,87.700,6.80
2023-06-13 19:00:00,21.390,39.000,26.710,6.80
2023-06-13 20:00:00,18.810,39.000,1.880,6.80
2023-06-13 21:00:00,18.040,39.000,1.043,6.80
2023-06-13 22:00:00,17.970,39.000,1.102,6.80
2023-06-13 23:00:00,17.270,39.000,1.119,6.80
2023-06-14 00:00:00,16.380,40.000,0.950,6.80
2023-06-14 01:00:00,16.230,40.000,0.955,6.80
2023-06-14 02:00:00,16.260,40.000,1.127,6.80
2023-06-14 03:00:00,15.560,40.000,1.055,6.80
2023-06-14 04:00:00,14.910,40.000,0.967,6.80
2023-06-14 05:00:00,15.080,40.000,20.620,6.80
2023-06-14 06:00:00,17.030,40.000,146.100,6.80
2023-06-14 07:00:00,20.090,40.000,375.400,6.80
2023-06-14 08:00:00,22.600,40.000,534.600,6.80
2023-06-14 09:00:00,23.990,40.000,808.000,6.80
2023-06-14 10:00:00,24.610,40.000,576.200,6.80
2023-06-14 11:00:00,24.610,40.000,833.000,6.80
2023-06-14 12:00:00,25.340,40.000,899.000,6.80
2023-06-14 13:00:00,27.510,40.000,1026.000,6.80
2023-06-14 14:00:00,27.270,40.000,856.000,6.80
2023-06-14 15:00:00,26.650,40.000,678.100,6.80
2023-06-14 16:00:00,25.510,40.000,386.400,6.80
2023-06-14 17:00:00,24.130,40.000,122.100,6.80
2023-06-14 18:00:00,23.740,40.000,137.700,6.80
2023-06-14 19:00:00,23.030,40.000,35.900,6.80
2023-06-14 20:00:00,22.390,40.000,3.755,6.80
2023-06-14 21:00:00,21.680,40.000,0.875,6.80
2023-06-14 22:00:00,21.030,40.000,0.829,6.80
2023-06-14 23:00:00,20.640,40.000,0.910,6.80
2023-06-15 00:00:00,20.510,40.000,1.201,6.80
2023-06-15 01:00:00,20.420,40.000,1.100,6.80
2023-06-15 02:00:00,19.620,40.000,1.127,6.80
2023-06-15 03:00:00,19.100,40.000,1.040,6.80
2023-06-15 04:00:00,18.810,40.000,0.974,6.80
2023-06-15 05:00:00,18.730,40.000,8.140,6.80
2023-06-15 06:00:00,19.010,40.000,103.600,6.80
2023-06-15 07:00:00,19.210,40.000,148.200,6.80
2023-06-15 08:00:00,19.410,40.000,243.400,6.80
2023-06-15 09:00:00,21.460,40.000,831.000,6.80
2023-06-15 10:00:00,23.050,40.000,942.000,6.80
2023-06-15 11:00:00,24.020,40.000,1143.000,6.80
2023-06-15 12:00:00,24.460,40.000,1044.000,6.80
2023-06-15 13:00:00,25.090,40.000,1031.000,6.80
2023-06-15 14:00:00,24.210,40.000,453.200,6.80
2023-06-15 15:00:00,21.350,40.000,208.500,6.80
2023-06-15 16:00:00,21.150,40.000,433.800,6.80
2023-06-15 17:00:00,20.850,40.000,288.700,6.80
2023-06-15 18:00:00,20.280,40.000,160.800,6.80
2023-06-15 19:00:00,18.910,40.000,40.570,6.80
2023-06-15 20:00:00,18.470,40.000,5.925,6.80
2023-06-15 21:00:00,18.540,40.000,0.714,6.80
2023-06-15 22:00:00,18.660,40.000,0.752,6.80
2023-06-15 23:00:00,18.200,40.000,0.742,6.80
2023-06-16 00:00:00,18.050,41.000,0.589,6.80
2023-06-16 01:00:00,17.200,41.000,0.488,6.80
2023-06-16 02:00:00,16.960,41.000,0.853,6.80
2023-06-16 03:00:00,16.660,41.000,0.929,6.80
2023-06-16 04:00:00,16.880,41.000,1.076,6.80
2023-06-16 05:00:00,17.920,41.000,2.914,6.80
2023-06-16 06:00:00,17.920,41.000,22.530,6.80
2023-06-16 07:00:00,17.580,41.000,45.620,6.80
2023-06-16 08:00:00,17.470,41.000,64.970,6.80
2023-06-16 09:00:00,17.360,41.000,138.700,6.80
2023-06-16 10:00:00,18.120,41.000,173.500,6.80
2023-06-16 11:00:00,19.320,41.000,360.500,6.80
2023-06-16 12:00:00,20.520,41.000,705.700,6.80
2023-06-16 13:00:00,20.760,41.000,549.100,6.80
2023-06-16 14:00:00,22.140,41.000,1087.000,6.80
2023-06-16 15:00:00,22.660,41.000,1013.000,6.80
2023-06-16 16:00:00,21.860,41.000,615.000,6.80
2023-06-16 17:00:00,21.810,41.000,353.800,6.80
2023-06-16 18:00:00,21.860,41.000,314.300,6.80
2023-06-16 19:00:00,21.590,41.000,111.700,6.80
2023-06-16 20:00:00,20.910,41.000,8.690,6.80
2023-06-16 21:00:00,20.660,41.000,0.821,6.80
2023-06-16 22:00:00,20.680,41.000,0.832,6.80
2023-06-16 23:00:00,20.250,41.000,0.830,6.80
2023-06-17 00:00:00,20.050,40.000,0.823,6.80
2023-06-17 01:00:00,18.000,40.000,0.809,6.80
2023-06-17 02:00:00,17.050,40.000,0.681,6.80
2023-06-17 03:00:00,16.670,40.000,0.568,6.80
2023-06-17 04:00:00,16.320,40.000,0.633,6.80
2023-06-17 05:00:00,16.430,40.000,21.490,6.80
2023-06-17 06:00:00,18.070,40.000,160.200,6.80
2023-06-17 07:00:00,20.170,40.000,364.600,6.80
2023-06-17 08:00:00,21.690,40.000,646.000,6.80
2023-06-17 09:00:00,22.450,40.000,860.000,6.80
2023-06-17 10:00:00,23.170,40.000,1104.000,6.80
2023-06-17 11:00:00,23.640,40.000,1249.000,6.80
2023-06-17 12:00:00,24.140,40.000,1315.000,6.80
2023-06-17 13:00:00,24.120,40.000,1318.000,6.80
2023-06-17 14:00:00,24.420,40.000,1240.000,6.80
2023-06-17 15:00:00,23.760,40.000,1076.000,6.80
2023-06-17 16:00:00,23.780,40.000,869.000,6.80
2023-06-17 17:00:00,23.600,40.000,616.700,6.80
2023-06-17 18:00:00,23.150,40.000,349.600,6.80
2023-06-17 19:00:00,22.440,40.000,121.500,6.80
2023-06-17 20:00:00,20.970,40.000,8.970,6.80
2023-06-17 21:00:00,20.390,40.000,0.824,6.80
2023-06-17 22:00:00,18.920,40.000,0.800,6.80
2023-06-17 23:00:00,17.110,40.000,0.773,6.80
2023-06-18 00:00:00,17.120,39.800,0.759,6.80
2023-06-18 01:00:00,17.570,39.800,0.756,6.80
2023-06-18 02:00:00,16.990,39.800,0.752,6.80
2023-06-18 03:00:00,16.770,39.800,0.740,6.80
2023-06-18 04:00:00,15.530,39.800,0.764,6.80
2023-06-18 05:00:00,16.100,39.800,24.990,6.80
2023-06-18 06:00:00,18.090,39.800,175.200,6.80
2023-06-18 07:00:00,20.130,39.800,385.400,6.80
2023-06-18 08:00:00,22.000,39.800,628.100,6.80
2023-06-18 09:00:00,22.940,39.800,881.000,6.80
2023-06-18 10:00:00,23.530,39.800,1094.000,6.80
2023-06-18 11:00:00,24.170,39.800,1245.000,6.80
2023-06-18 12:00:00,24.810,39.800,1299.000,6.80
2023-06-18 13:00:00,25.280,39.800,1316.000,6.80
2023-06-18 14:00:00,25.410,39.800,1238.000,6.80
2023-06-18 15:00:00,25.130,39.800,1073.000,6.80
2023-06-18 16:00:00,24.890,39.800,866.000,6.80
2023-06-18 17:00:00,24.530,39.800,604.300,6.80
2023-06-18 18:00:00,24.200,39.800,335.900,6.80
2023-06-18 19:00:00,23.370,39.800,109.800,6.80
2023-06-18 20:00:00,21.260,39.800,7.297,6.80
2023-06-18 21:00:00,16.970,39.800,0.793,6.80
2023-06-18 22:00:00,16.490,39.800,0.763,6.80
2023-06-18 23:00:00,16.270,39.800,0.753,6.80
2023-06-19 00:00:00,15.800,39.600,0.735,6.80
2023-06-19 01:00:00,15.730,39.600,0.748,6.80
2023-06-19 02:00:00,15.910,39.600,0.742,6.80
2023-06-19 03:00:00,15.720,39.600,0.737,6.80
2023-06-19 04:00:00,14.990,39.600,0.781,6.80
2023-06-19 05:00:00,14.720,39.600,21.740,6.80
2023-06-19 06:00:00,17.120,39.600,149.900,6.80
2023-06-19 07:00:00,22.140,39.600,372.700,6.80
2023-06-19 08:00:00,25.470,39.600,649.400,6.80
2023-06-19 09:00:00,26.410,39.600,903.000,6.80
2023-06-19 10:00:00,27.130,39.600,1114.000,6.80
2023-06-19 11:00:00,27.240,39.600,1289.000,6.80
2023-06-19 12:00:00,28.160,39.600,1363.000,6.80
2023-06-19 13:00:00,28.900,39.600,1364.000,6.80
2023-06-19 14:00:00,29.320,39.600,1285.000,6.80
2023-06-19 15:00:00,29.400,39.600,1128.000,6.80
2023-06-19 16:00:00,29.560,39.600,916.000,6.80
2023-06-19 17:00:00,29.350,39.600,653.700,6.80
2023-06-19 18:00:00,28.740,39.600,369.700,6.80
2023-06-19 19:00:00,27.010,39.600,113.600,6.80
2023-06-19 20:00:00,22.580,39.600,9.970,6.80
2023-06-19 21:00:00,19.030,39.600,0.889,6.80
2023-06-19 22:00:00,17.460,39.600,0.797,6.80
2023-06-19 23:00:00,18.120,39.600,0.748,6.80
2023-06-20 00:00:00,17.910,39.400,0.760,6.80
2023-06-20 01:00:00,16.760,39.400,0.745,6.80
2023-06-20 02:00:00,16.710,39.400,0.734,6.80
2023-06-20 03:00:00,16.710,39.400,0.730,6.80
2023-06-20 04:00:00,16.510,39.400,0.779,6.80
2023-06-20 05:00:00,16.360,39.400,23.780,6.80
2023-06-20 06:00:00,19.020,39.400,169.600,6.80
2023-06-20 07:00:00,23.550,39.400,409.600,6.80
2023-06-20 08:00:00,26.490,39.400,677.800,6.80
2023-06-20 09:00:00,27.210,39.400,938.000,6.80
2023-06-20 10:00:00,27.870,39.400,1153.000,6.80
2023-06-20 11:00:00,28.360,39.400,1291.000,6.80
2023-06-20 12:00:00,28.890,39.400,1364.000,6.80
2023-06-20 13:00:00,29.560,39.400,1361.000,6.80
2023-06-20 14:00:00,29.790,39.400,1282.000,6.80
2023-06-20 15:00:00,29.900,39.400,1121.000,6.80
2023-06-20 16:00:00,30.120,39.400,899.000,6.80
2023-06-20 17:00:00,29.730,39.400,626.900,6.80
2023-06-20 18:00:00,29.040,39.400,346.100,6.80
2023-06-20 19:00:00,27.800,39.400,97.900,6.80
2023-06-20 20:00:00,25.030,39.400,9.390,6.80
2023-06-20 21:00:00,21.830,39.400,0.944,6.80
2023-06-20 22:00:00,20.670,39.400,0.887,6.80
2023-06-20 23:00:00,20.560,39.400,0.821,6.80
2023-06-21 00:00:00,20.350,38.842,0.799,6.80
2023-06-21 01:00:00,20.420,38.842,0.797,6.80
2023-06-21 02:00:00,20.120,38.842,0.779,6.80
2023-06-21 03:00:00,19.840,38.842,0.782,6.80
2023-06-21 04:00:00,19.140,38.842,0.802,6.80
2023-06-21 05:00:00,19.000,38.842,19.900,6.80
2023-06-21 06:00:00,20.700,38.842,136.500,6.80
2023-06-21 07:00:00,24.340,38.842,361.500,6.80
2023-06-21 08:00:00,27.550,38.842,644.700,6.80
2023-06-21 09:00:00,28.530,38.842,891.000,6.80
2023-06-21 10:00:00,29.510,38.842,1112.000,6.80
2023-06-21 11:00:00,29.550,38.842,1267.000,6.80
2023-06-21 12:00:00,30.210,38.842,1336.000,6.80
2023-06-21 13:00:00,30.520,38.842,1340.000,6.80
2023-06-21 14:00:00,30.230,38.842,1249.000,6.80
2023-06-21 15:00:00,30.710,38.842,1075.000,6.80
2023-06-21 16:00:00,30.910,38.842,854.000,6.80
2023-06-21 17:00:00,30.400,38.842,585.100,6.80
2023-06-21 18:00:00,29.330,38.842,320.100,6.80
2023-06-21 19:00:00,28.050,38.842,105.400,6.80
2023-06-21 20:00:00,25.160,38.842,9.040,6.80
2023-06-21 21:00:00,22.500,38.842,0.852,6.80
2023-06-21 22:00:00,20.710,38.842,0.803,6.80
2023-06-21 23:00:00,19.790,38.842,0.779,6.80
2023-06-22 00:00:00,19.660,38.648,0.765,6.80
2023-06-22 01:00:00,19.120,38.648,0.761,6.80
2023-06-22 02:00:00,18.960,38.648,0.759,6.80
2023-06-22 03:00:00,18.810,38.648,0.754,6.80
2023-06-22 04:00:00,18.420,38.648,0.785,6.80
2023-06-22 05:00:00,18.630,38.648,21.170,6.80
2023-06-22 06:00:00,21.250,38.648,151.400,6.80
2023-06-22 07:00:00,26.030,38.648,377.800,6.80
2023-06-22 08:00:00,29.230,38.648,640.900,6.80
2023-06-22 09:00:00,30.190,38.648,882.000,6.80
2023-06-22 10:00:00,30.870,38.648,1086.000,6.80
2023-06-22 11:00:00,30.650,38.648,1234.000,6.80
2023-06-22 12:00:00,31.140,38.648,1310.000,6.80
2023-06-22 13:00:00,31.560,38.648,1308.000,6.80
2023-06-22 14:00:00,30.700,38.648,1221.000,6.80
2023-06-22 15:00:00,30.890,38.648,1058.000,6.80
2023-06-22 16:00:00,30.990,38.648,840.000,6.80
2023-06-22 17:00:00,30.440,38.648,577.300,6.80
2023-06-22 18:00:00,29.680,38.648,303.400,6.80
2023-06-22 19:00:00,28.040,38.648,99.400,6.80
2023-06-22 20:00:00,25.430,38.648,8.920,6.80
2023-06-22 21:00:00,23.330,38.648,0.835,6.80
2023-06-22 22:00:00,22.330,38.648,0.816,6.80
2023-06-22 23:00:00,21.510,38.648,0.800,6.80
2023-06-23 00:00:00,21.300,39.118,0.789,6.80
2023-06-23 01:00:00,21.970,39.118,0.791,6.80
2023-06-23 02:00:00,21.320,39.118,0.785,6.80
2023-06-23 03:00:00,20.790,39.118,0.781,6.80
2023-06-23 04:00:00,21.020,39.118,0.824,6.80
2023-06-23 05:00:00,20.700,39.118,19.480,6.80
2023-06-23 06:00:00,23.500,39.118,144.900,6.80
2023-06-23 07:00:00,26.980,39.118,351.600,6.80
2023-06-23 08:00:00,30.460,39.118,591.700,6.80
2023-06-23 09:00:00,33.810,39.118,834.000,6.80
2023-06-23 10:00:00,35.730,39.118,923.000,6.80
2023-06-23 11:00:00,35.510,39.118,1215.000,6.80
2023-06-23 12:00:00,35.530,39.118,1282.000,6.80
2023-06-23 13:00:00,36.280,39.118,1268.000,6.80
2023-06-23 14:00:00,35.990,39.118,1176.000,6.80
2023-06-23 15:00:00,35.220,39.118,412.400,6.80
2023-06-23 16:00:00,33.770,39.118,292.900,6.80
2023-06-23 17:00:00,35.800,39.118,466.900,6.80
2023-06-23 18:00:00,34.750,39.118,300.200,6.80
2023-06-23 19:00:00,32.680,39.118,102.100,6.80
2023-06-23 20:00:00,29.470,39.118,9.650,6.80
2023-06-23 21:00:00,27.980,39.118,0.887,6.80
2023-06-23 22:00:00,26.470,39.118,0.855,6.80
2023-06-23 23:00:00,24.970,39.118,0.836,6.80
2023-06-24 00:00:00,23.200,39.100,0.810,6.80
2023-06-24 01:00:00,22.640,39.100,0.799,6.80
2023-06-24 02:00:00,23.130,39.100,0.581,6.80
2023-06-24 03:00:00,21.500,39.100,0.640,6.80
2023-06-24 04:00:00,21.280,39.100,1.026,6.80
2023-06-24 05:00:00,20.250,39.100,11.300,6.80
2023-06-24 06:00:00,20.370,39.100,152.600,6.80
2023-06-24 07:00:00,24.030,39.100,258.600,6.80
2023-06-24 08:00:00,25.890,39.100,555.000,6.80
2023-06-24 09:00:00,27.800,39.100,892.000,6.80
2023-06-24 10:00:00,28.280,39.100,835.000,6.80
2023-06-24 11:00:00,28.210,39.100,963.000,6.80
2023-06-24 12:00:00,29.310,39.100,1354.000,6.80
2023-06-24 13:00:00,28.170,39.100,836.000,6.80
2023-06-24 14:00:00,26.600,39.100,638.400,6.80
2023-06-24 15:00:00,26.330,39.100,582.400,6.80
2023-06-24 16:00:00,25.800,39.100,573.100,6.80
2023-06-24 17:00:00,25.090,39.100,457.400,6.80
2023-06-24 18:00:00,23.760,39.100,102.900,6.80
2023-06-24 19:00:00,23.110,39.100,30.080,6.80
2023-06-24 20:00:00,22.780,39.100,4.256,6.80
2023-06-24 21:00:00,22.720,39.100,0.833,6.80
2023-06-24 22:00:00,21.960,39.100,0.804,6.80
2023-06-24 23:00:00,21.120,39.100,0.743,6.80
2023-06-25 00:00:00,20.990,38.843,0.766,6.80
2023-06-25 01:00:00,20.820,38.843,0.788,6.80
2023-06-25 02:00:00,20.830,38.843,0.803,6.80
2023-06-25 03:00:00,20.470,38.843,0.800,6.80
2023-06-25 04:00:00,19.820,38.843,0.826,6.80
2023-06-25 05:00:00,19.260,38.843,17.330,6.80
2023-06-25 06:00:00,20.490,38.843,138.600,6.80
2023-06-25 07:00:00,22.400,38.843,285.300,6.80
2023-06-25 08:00:00,23.850,38.843,541.800,6.80
2023-06-25 09:00:00,25.600,38.843,885.000,6.80
2023-06-25 10:00:00,26.160,38.843,1086.000,6.80
2023-06-25 11:00:00,26.600,38.843,1240.000,6.80
2023-06-25 12:00:00,26.340,38.843,1009.000,6.80
2023-06-25 13:00:00,25.320,38.843,877.000,6.80
2023-06-25 14:00:00,25.190,38.843,807.000,6.80
2023-06-25 15:00:00,24.820,38.843,436.600,6.80
2023-06-25 16:00:00,25.190,38.843,548.200,6.80
2023-06-25 17:00:00,25.110,38.843,509.700,6.80
2023-06-25 18:00:00,24.150,38.843,298.100,6.80
2023-06-25 19:00:00,23.250,38.843,116.100,6.80
2023-06-25 20:00:00,22.210,38.843,10.060,6.80
2023-06-25 21:00:00,21.850,38.843,0.824,6.80
2023-06-25 22:00:00,21.460,38.843,0.814,6.80
2023-06-25 23:00:00,20.630,38.843,0.795,6.80
2023-06-26 00:00:00,18.850,39.089,0.777,6.80
2023-06-26 01:00:00,19.050,39.089,0.782,6.80
2023-06-26 02:00:00,19.060,39.089,0.779,6.80
2023-06-26 03:00:00,18.760,39.089,0.765,6.80
2023-06-26 04:00:00,19.100,39.089,0.799,6.80
2023-06-26 05:00:00,19.290,39.089,20.140,6.80
2023-06-26 06:00:00,20.410,39.089,158.600,6.80
2023-06-26 07:00:00,22.330,39.089,394.600,6.80
2023-06-26 08:00:00,24.300,39.089,659.300,6.80
2023-06-26 09:00:00,25.580,39.089,919.000,6.80
2023-06-26 10:00:00,26.510,39.089,1135.000,6.80
2023-06-26 11:00:00,26.630,39.089,1285.000,6.80
2023-06-26 12:00:00,26.690,39.089,1353.000,6.80
2023-06-26 13:00:00,26.660,39.089,1358.000,6.80
2023-06-26 14:00:00,26.730,39.089,1277.000,6.80
2023-06-26 15:00:00,26.980,39.089,1112.000,6.80
2023-06-26 16:00:00,26.710,39.089,907.000,6.80
2023-06-26 17:00:00,26.200,39.089,651.300,6.80
2023-06-26 18:00:00,25.360,39.089,375.900,6.80
2023-06-26 19:00:00,24.600,39.089,133.200,6.80
2023-06-26 20:00:00,22.920,39.089,11.160,6.80
2023-06-26 21:00:00,21.610,39.089,0.820,6.80
2023-06-26 22:00:00,19.960,39.089,0.789,6.80
2023-06-26 23:00:00,18.920,39.089,0.765,6.80
2023-06-27 00:00:00,18.380,38.735,0.764,6.80
2023-06-27 01:00:00,17.930,38.735,0.777,6.80
2023-06-27 02:00:00,16.890,38.735,0.814,6.80
2023-06-27 03:00:00,16.570,38.735,0.796,6.80
2023-06-27 04:00:00,16.790,38.735,0.823,6.80
2023-06-27 05:00:00,16.150,38.735,20.470,6.80
2023-06-27 06:00:00,18.650,38.735,160.300,6.80
2023-06-27 07:00:00,22.750,38.735,401.900,6.80
2023-06-27 08:00:00,25.020,38.735,667.000,6.80
2023-06-27 09:00:00,26.130,38.735,926.000,6.80
2023-06-27 10:00:00,26.480,38.735,1143.000,6.80
2023-06-27 11:00:00,26.920,38.735,1294.000,6.80
2023-06-27 12:00:00,27.190,38.735,1366.000,6.80
2023-06-27 13:00:00,27.110,38.735,1370.000,6.80
2023-06-27 14:00:00,27.580,38.735,1288.000,6.80
2023-06-27 15:00:00,27.930,38.735,1130.000,6.80
2023-06-27 16:00:00,28.250,38.735,914.000,6.80
2023-06-27 17:00:00,28.260,38.735,633.700,6.80
2023-06-27 18:00:00,28.180,38.735,360.200,6.80
2023-06-27 19:00:00,27.650,38.735,127.200,6.80
2023-06-27 20:00:00,24.960,38.735,9.870,6.80
2023-06-27 21:00:00,22.100,38.735,0.783,6.80
2023-06-27 22:00:00,20.240,38.735,0.774,6.80
2023-06-27 23:00:00,20.280,38.735,0.785,6.80
2023-06-28 00:00:00,20.700,39.135,0.792,6.80
2023-06-28 01:00:00,20.400,39.135,0.795,6.80
2023-06-28 02:00:00,20.340,39.135,0.793,6.80
2023-06-28 03:00:00,20.220,39.135,0.799,6.80
2023-06-28 04:00:00,20.320,39.135,0.831,6.80
2023-06-28 05:00:00,20.110,39.135,18.700,6.80
2023-06-28 06:00:00,21.780,39.135,149.200,6.80
2023-06-28 07:00:00,24.690,39.135,381.800,6.80
2023-06-28 08:00:00,28.130,39.135,653.100,6.80
2023-06-28 09:00:00,29.740,39.135,890.000,6.80
2023-06-28 10:00:00,30.040,39.135,1102.000,6.80
2023-06-28 11:00:00,29.260,39.135,1224.000,6.80
2023-06-28 12:00:00,29.780,39.135,1332.000,6.80
2023-06-28 13:00:00,29.900,39.135,1336.000,6.80
2023-06-28 14:00:00,29.310,39.135,1246.000,6.80
2023-06-28 15:00:00,28.830,39.135,1092.000,6.80
2023-06-28 16:00:00,28.160,39.135,753.700,6.80
2023-06-28 17:00:00,27.990,39.135,563.500,6.80
2023-06-28 18:00:00,27.300,39.135,276.300,6.80
2023-06-28 19:00:00,25.570,39.135,89.500,6.80
2023-06-28 20:00:00,23.940,39.135,9.180,6.80
2023-06-28 21:00:00,22.890,39.135,0.834,6.80
2023-06-28 22:00:00,22.120,39.135,0.821,6.80
2023-06-28 23:00:00,21.830,39.135,0.818,6.80
2023-06-29 00:00:00,22.080,38.646,0.876,6.80
2023-06-29 01:00:00,22.370,38.646,0.877,6.80
2023-06-29 02:00:00,22.230,38.646,0.841,6.80
2023-06-29 03:00:00,21.590,38.646,0.834,6.80
2023-06-29 04:00:00,21.410,38.646,0.834,6.80
2023-06-29 05:00:00,21.690,38.646,5.591,6.80
2023-06-29 06:00:00,21.800,38.646,41.100,6.80
2023-06-29 07:00:00,21.800,38.646,90.600,6.80
2023-06-29 08:00:00,21.120,38.646,112.800,6.80
2023-06-29 09:00:00,22.770,38.646,519.800,6.80
2023-06-29 10:00:00,24.750,38.646,1054.000,6.80
2023-06-29 11:00:00,25.270,38.646,1247.000,6.80
2023-06-29 12:00:00,25.000,38.646,1307.000,6.80
2023-06-29 13:00:00,25.210,38.646,1319.000,6.80
2023-06-29 14:00:00,25.490,38.646,1266.000,6.80
2023-06-29 15:00:00,25.590,38.646,1103.000,6.80
2023-06-29 16:00:00,25.220,38.646,889.000,6.80
2023-06-29 17:00:00,24.800,38.646,628.100,6.80
2023-06-29 18:00:00,23.810,38.646,358.600,6.80
2023-06-29 19:00:00,22.920,38.646,127.100,6.80
2023-06-29 20:00:00,21.610,38.646,11.330,6.80
2023-06-29 21:00:00,19.460,38.646,0.835,6.80
2023-06-29 22:00:00,17.850,38.646,0.851,6.80
2023-06-29 23:00:00,16.710,38.646,0.842,6.80
2023-06-30 00:00:00,16.340,38.858,0.863,6.80
2023-06-30 01:00:00,15.000,38.858,0.759,6.80
2023-06-30 02:00:00,14.420,38.858,0.645,6.80
2023-06-30 03:00:00,14.330,38.858,0.673,6.80
2023-06-30 04:00:00,13.680,38.858,0.668,6.80
2023-06-30 05:00:00,14.070,38.858,21.670,6.80
2023-06-30 06:00:00,16.610,38.858,170.700,6.80
2023-06-30 07:00:00,20.690,38.858,418.800,6.80
2023-06-30 08:00:00,23.970,38.858,692.200,6.80
2023-06-30 09:00:00,25.780,38.858,950.000,6.80
2023-06-30 10:00:00,26.840,38.858,1161.000,6.80
2023-06-30 11:00:00,26.650,38.858,1305.000,6.80
2023-06-30 12:00:00,26.770,38.858,1371.000,6.80
2023-06-30 13:00:00,27.210,38.858,1369.000,6.80
2023-06-30 14:00:00,27.410,38.858,1290.000,6.80
2023-06-30 15:00:00,27.430,38.858,1092.000,6.80
2023-06-30 16:00:00,27.340,38.858,879.000,6.80
2023-06-30 17:00:00,27.640,38.858,584.600,6.80
2023-06-30 18:00:00,27.630,38.858,325.800,6.80
2023-06-30 19:00:00,25.740,38.858,108.200,6.80
2023-06-30 20:00:00,24.290,38.858,9.530,6.80
2023-06-30 21:00:00,23.270,38.858,0.864,6.80
2023-06-30 22:00:00,22.810,38.858,0.851,6.80
2023-06-30 23:00:00,22.560,38.858,0.838,6.80
2023-07-01 00:00:00,22.190,38.644,0.841,6.80
2023-07-01 01:00:00,21.970,38.644,0.837,6.80
2023-07-01 02:00:00,21.650,38.644,0.819,6.80
2023-07-01 03:00:00,21.360,38.644,0.823,6.80
2023-07-01 04:00:00,21.010,38.644,0.869,6.80
2023-07-01 05:00:00,20.540,38.644,13.800,6.80
2023-07-01 06:00:00,21.290,38.644,103.400,6.80
2023-07-01 07:00:00,23.050,38.644,158.600,6.80
2023-07-01 08:00:00,24.030,38.644,316.200,6.80
2023-07-01 09:00:00,24.190,38.644,509.500,6.80
2023-07-01 10:00:00,25.850,38.644,744.600,6.80
2023-07-01 11:00:00,28.660,38.644,1169.000,6.80
2023-07-01 12:00:00,29.360,38.644,1127.000,6.80
2023-07-01 13:00:00,29.180,38.644,1022.000,6.80
2023-07-01 14:00:00,30.120,38.644,1199.000,6.80
2023-07-01 15:00:00,29.840,38.644,746.200,6.80
2023-07-01 16:00:00,28.050,38.644,347.600,6.80
2023-07-01 17:00:00,25.510,38.644,159.800,6.80
2023-07-01 18:00:00,24.090,38.644,254.400,6.80
2023-07-01 19:00:00,25.200,38.644,96.700,6.80
2023-07-01 20:00:00,23.820,38.644,7.634,6.80
2023-07-01 21:00:00,23.200,38.644,0.848,6.80
2023-07-01 22:00:00,21.670,38.644,0.839,6.80
2023-07-01 23:00:00,20.510,38.644,0.826,6.80
2023-07-02 00:00:00,20.040,38.444,0.816,6.80
2023-07-02 01:00:00,18.130,38.444,0.802,6.80
2023-07-02 02:00:00,16.630,38.444,0.784,6.80
2023-07-02 03:00:00,16.560,38.444,0.785,6.80
2023-07-02 04:00:00,16.840,38.444,0.807,6.80
2023-07-02 05:00:00,17.420,38.444,18.020,6.80
2023-07-02 06:00:00,19.660,38.444,147.500,6.80
2023-07-02 07:00:00,21.720,38.444,394.600,6.80
2023-07-02 08:00:00,23.480,38.444,624.200,6.80
2023-07-02 09:00:00,24.440,38.444,943.000,6.80
2023-07-02 10:00:00,25.220,38.444,1164.000,6.80
2023-07-02 11:00:00,25.440,38.444,1325.000,6.80
2023-07-02 12:00:00,25.360,38.444,1401.000,6.80
2023-07-02 13:00:00,25.500,38.444,1386.000,6.80
2023-07-02 14:00:00,25.350,38.444,1316.000,6.80
2023-07-02 15:00:00,25.340,38.444,1149.000,6.80
2023-07-02 16:00:00,25.350,38.444,932.000,6.80
2023-07-02 17:00:00,25.020,38.444,668.100,6.80
2023-07-02 18:00:00,24.320,38.444,388.100,6.80
2023-07-02 19:00:00,23.280,38.444,138.100,6.80
2023-07-02 20:00:00,21.960,38.444,11.560,6.80
2023-07-02 21:00:00,20.040,38.444,0.790,6.80
2023-07-02 22:00:00,18.890,38.444,0.773,6.80
2023-07-02 23:00:00,18.050,38.444,0.733,6.80
2023-07-03 00:00:00,17.030,38.661,0.670,6.80
2023-07-03 01:00:00,16.800,38.661,0.669,6.80
2023-07-03 02:00:00,16.680,38.661,0.744,6.80
2023-07-03 03:00:00,16.660,38.661,0.848,6.80
2023-07-03 04:00:00,16.380,38.661,0.864,6.80
2023-07-03 05:00:00,16.280,38.661,18.030,6.80
2023-07-03 06:00:00,18.610,38.661,156.700,6.80
2023-07-03 07:00:00,22.830,38.661,395.400,6.80
2023-07-03 08:00:00,26.010,38.661,664.300,6.80
2023-07-03 09:00:00,26.390,38.661,917.000,6.80
2023-07-03 10:00:00,27.100,38.661,1132.000,6.80
2023-07-03 11:00:00,27.730,38.661,1286.000,6.80
2023-07-03 12:00:00,28.220,38.661,1359.000,6.80
2023-07-03 13:00:00,28.310,38.661,1364.000,6.80
2023-07-03 14:00:00,28.500,38.661,1284.000,6.80
2023-07-03 15:00:00,28.550,38.661,1120.000,6.80
2023-07-03 16:00:00,29.060,38.661,901.000,6.80
2023-07-03 17:00:00,29.550,38.661,637.800,6.80
2023-07-03 18:00:00,29.210,38.661,310.900,6.80
2023-07-03 19:00:00,28.000,38.661,91.600,6.80
2023-07-03 20:00:00,25.800,38.661,8.540,6.80
2023-07-03 21:00:00,24.360,38.661,0.855,6.80
2023-07-03 22:00:00,23.150,38.661,0.843,6.80
2023-07-03 23:00:00,22.140,38.661,0.832,6.80
2023-07-04 00:00:00,21.460,38.190,0.823,6.80
2023-07-04 01:00:00,21.590,38.190,0.829,6.80
2023-07-04 02:00:00,20.950,38.190,0.827,6.80
2023-07-04 03:00:00,19.340,38.190,0.799,6.80
2023-07-04 04:00:00,18.810,38.190,0.805,6.80
2023-07-04 05:00:00,18.930,38.190,18.140,6.80
2023-07-04 06:00:00,20.550,38.190,153.500,6.80
2023-07-04 07:00:00,24.380,38.190,394.900,6.80
2023-07-04 08:00:00,26.070,38.190,667.700,6.80
2023-07-04 09:00:00,27.490,38.190,924.000,6.80
2023-07-04 10:00:00,28.680,38.190,1143.000,6.80
2023-07-04 11:00:00,29.200,38.190,1297.000,6.80
2023-07-04 12:00:00,29.360,38.190,1373.000,6.80
2023-07-04 13:00:00,28.390,38.190,1372.000,6.80
2023-07-04 14:00:00,27.860,38.190,1280.000,6.80
2023-07-04 15:00:00,28.130,38.190,1120.000,6.80
2023-07-04 16:00:00,28.240,38.190,909.000,6.80
2023-07-04 17:00:00,28.470,38.190,638.100,6.80
2023-07-04 18:00:00,28.000,38.190,360.900,6.80
2023-07-04 19:00:00,27.000,38.190,108.900,6.80
2023-07-04 20:00:00,25.440,38.190,4.161,6.80
2023-07-04 21:00:00,24.430,38.190,0.856,6.80
2023-07-04 22:00:00,23.890,38.190,0.857,6.80
2023-07-04 23:00:00,23.110,38.190,0.844,6.80
2023-07-05 00:00:00,21.950,38.309,0.831,6.80
2023-07-05 01:00:00,22.110,38.309,0.825,6.80
2023-07-05 02:00:00,22.060,38.309,0.811,6.80
2023-07-05 03:00:00,21.380,38.309,0.761,6.80
2023-07-05 04:00:00,20.330,38.309,0.832,6.80
2023-07-05 05:00:00,19.440,38.309,17.780,6.80
2023-07-05 06:00:00,21.270,38.309,144.200,6.80
2023-07-05 07:00:00,23.330,38.309,316.400,6.80
2023-07-05 08:00:00,24.910,38.309,598.600,6.80
2023-07-05 09:00:00,25.780,38.309,807.000,6.80
2023-07-05 10:00:00,26.610,38.309,1080.000,6.80
2023-07-05 11:00:00,27.480,38.309,1292.000,6.80
2023-07-05 12:00:00,27.630,38.309,1359.000,6.80
2023-07-05 13:00:00,28.320,38.309,1368.000,6.80
2023-07-05 14:00:00,28.330,38.309,1288.000,6.80
2023-07-05 15:00:00,27.860,38.309,1128.000,6.80
2023-07-05 16:00:00,27.820,38.309,915.000,6.80
2023-07-05 17:00:00,27.380,38.309,651.900,6.80
2023-07-05 18:00:00,26.210,38.309,374.000,6.80
2023-07-05 19:00:00,25.620,38.309,134.500,6.80
2023-07-05 20:00:00,23.890,38.309,10.340,6.80
2023-07-05 21:00:00,22.250,38.309,0.861,6.80
2023-07-05 22:00:00,20.910,38.309,0.844,6.80
2023-07-05 23:00:00,20.000,38.309,0.830,6.80
2023-07-06 00:00:00,19.850,37.895,0.825,6.80
2023-07-06 01:00:00,19.600,37.895,0.828,6.80
2023-07-06 02:00:00,18.890,37.895,0.809,6.80
2023-07-06 03:00:00,18.370,37.895,0.798,6.80
2023-07-06 04:00:00,17.660,37.895,0.764,6.80
2023-07-06 05:00:00,18.360,37.895,17.660,6.80
2023-07-06 06:00:00,22.000,37.895,155.400,6.80
2023-07-06 07:00:00,24.980,37.895,399.000,6.80
2023-07-06 08:00:00,27.090,37.895,666.500,6.80
2023-07-06 09:00:00,28.350,37.895,926.000,6.80
2023-07-06 10:00:00,28.900,37.895,1143.000,6.80
2023-07-06 11:00:00,29.120,37.895,1296.000,6.80
2023-07-06 12:00:00,29.120,37.895,1366.000,6.80
2023-07-06 13:00:00,29.240,37.895,1372.000,6.80
2023-07-06 14:00:00,29.290,37.895,1288.000,6.80
2023-07-06 15:00:00,29.400,37.895,1129.000,6.80
2023-07-06 16:00:00,29.000,37.895,906.000,6.80
2023-07-06 17:00:00,28.860,37.895,638.300,6.80
2023-07-06 18:00:00,28.350,37.895,360.800,6.80
2023-07-06 19:00:00,27.850,37.895,118.200,6.80
2023-07-06 20:00:00,25.340,37.895,9.930,6.80
2023-07-06 21:00:00,23.050,37.895,0.845,6.80
2023-07-06 22:00:00,21.720,37.895,0.816,6.80
2023-07-06 23:00:00,21.320,37.895,0.805,6.80
2023-07-07 00:00:00,20.800,38.186,0.805,6.80
2023-07-07 01:00:00,19.200,38.186,0.780,6.80
2023-07-07 02:00:00,19.570,38.186,0.795,6.80
2023-07-07 03:00:00,20.390,38.186,0.809,6.80
2023-07-07 04:00:00,19.610,38.186,0.803,6.80
2023-07-07 05:00:00,19.640,38.186,15.550,6.80
2023-07-07 06:00:00,20.410,38.186,143.900,6.80
2023-07-07 07:00:00,23.950,38.186,385.100,6.80
2023-07-07 08:00:00,25.820,38.186,660.100,6.80
2023-07-07 09:00:00,27.350,38.186,920.000,6.80
2023-07-07 10:00:00,28.000,38.186,1138.000,6.80
2023-07-07 11:00:00,27.790,38.186,1293.000,6.80
2023-07-07 12:00:00,27.740,38.186,1362.000,6.80
2023-07-07 13:00:00,27.670,38.186,1368.000,6.80
2023-07-07 14:00:00,27.500,38.186,1290.000,6.80
2023-07-07 15:00:00,27.120,38.186,1128.000,6.80
2023-07-07 16:00:00,26.870,38.186,915.000,6.80
2023-07-07 17:00:00,26.310,38.186,646.000,6.80
2023-07-07 18:00:00,25.740,38.186,351.500,6.80
2023-07-07 19:00:00,25.500,38.186,130.400,6.80
2023-07-07 20:00:00,24.300,38.186,10.060,6.80
2023-07-07 21:00:00,23.850,38.186,0.854,6.80
2023-07-07 22:00:00,23.320,38.186,0.851,6.80
2023-07-07 23:00:00,22.440,38.186,0.842,6.80
2023-07-08 00:00:00,20.220,37.980,0.829,6.80
2023-07-08 01:00:00,19.530,37.980,0.822,6.80
2023-07-08 02:00:00,18.720,37.980,0.819,6.80
2023-07-08 03:00:00,19.690,37.980,0.827,6.80
2023-07-08 04:00:00,20.170,37.980,0.836,6.80
2023-07-08 05:00:00,19.930,37.980,18.780,6.80
2023-07-08 06:00:00,20.870,37.980,177.600,6.80
2023-07-08 07:00:00,22.950,37.980,360.100,6.80
2023-07-08 08:00:00,24.590,37.980,571.700,6.80
2023-07-08 09:00:00,25.450,37.980,905.000,6.80
2023-07-08 10:00:00,26.540,37.980,1129.000,6.80
2023-07-08 11:00:00,27.370,37.980,1285.000,6.80
2023-07-08 12:00:00,27.850,37.980,1367.000,6.80
2023-07-08 13:00:00,28.540,37.980,1379.000,6.80
2023-07-08 14:00:00,28.430,37.980,1294.000,6.80
2023-07-08 15:00:00,28.340,37.980,1130.000,6.80
2023-07-08 16:00:00,27.680,37.980,919.000,6.80
2023-07-08 17:00:00,27.050,37.980,658.300,6.80
2023-07-08 18:00:00,26.830,37.980,387.000,6.80
2023-07-08 19:00:00,25.480,37.980,133.900,6.80
2023-07-08 20:00:00,23.100,37.980,9.840,6.80
2023-07-08 21:00:00,20.920,37.980,0.832,6.80
2023-07-08 22:00:00,18.600,37.980,0.811,6.80
2023-07-08 23:00:00,17.650,37.980,0.784,6.80
2023-07-09 00:00:00,17.110,37.114,0.790,6.80
2023-07-09 01:00:00,17.140,37.114,0.777,6.80
2023-07-09 02:00:00,17.080,37.114,0.776,6.80
2023-07-09 03:00:00,17.270,37.114,0.778,6.80
2023-07-09 04:00:00,16.400,37.114,0.786,6.80
2023-07-09 05:00:00,17.070,37.114,16.810,6.80
2023-07-09 06:00:00,19.460,37.114,155.300,6.80
2023-07-09 07:00:00,23.430,37.114,400.300,6.80
2023-07-09 08:00:00,25.740,37.114,674.600,6.80
2023-07-09 09:00:00,26.920,37.114,936.000,6.80
2023-07-09 10:00:00,27.880,37.114,1157.000,6.80
2023-07-09 11:00:00,28.440,37.114,1316.000,6.80
2023-07-09 12:00:00,28.880,37.114,1389.000,6.80
2023-07-09 13:00:00,28.830,37.114,1399.000,6.80
2023-07-09 14:00:00,28.920,37.114,1318.000,6.80
2023-07-09 15:00:00,28.360,37.114,1156.000,6.80
2023-07-09 16:00:00,28.160,37.114,941.000,6.80
2023-07-09 17:00:00,27.500,37.114,674.900,6.80
2023-07-09 18:00:00,26.940,37.114,392.800,6.80
2023-07-09 19:00:00,25.920,37.114,140.900,6.80
2023-07-09 20:00:00,23.690,37.114,10.390,6.80
2023-07-09 21:00:00,22.480,37.114,0.846,6.80
2023-07-09 22:00:00,21.090,37.114,0.855,6.80
2023-07-09 23:00:00,19.670,37.114,0.847,6.80
2023-07-10 00:00:00,18.070,37.719,0.803,6.80
2023-07-10 01:00:00,17.900,37.719,0.763,6.80
2023-07-10 02:00:00,17.620,37.719,0.788,6.80
2023-07-10 03:00:00,17.530,37.719,0.865,6.80
2023-07-10 04:00:00,17.780,37.719,0.822,6.80
2023-07-10 05:00:00,17.750,37.719,14.160,6.80
2023-07-10 06:00:00,20.540,37.719,148.900,6.80
2023-07-10 07:00:00,25.490,37.719,398.300,6.80
2023-07-10 08:00:00,27.740,37.719,669.200,6.80
2023-07-10 09:00:00,28.310,37.719,925.000,6.80
2023-07-10 10:00:00,28.910,37.719,1149.000,6.80
2023-07-10 11:00:00,29.060,37.719,1297.000,6.80
2023-07-10 12:00:00,28.550,37.719,1352.000,6.80
2023-07-10 13:00:00,28.830,37.719,1350.000,6.80
2023-07-10 14:00:00,29.440,37.719,1263.000,6.80
2023-07-10 15:00:00,29.050,37.719,1125.000,6.80
2023-07-10 16:00:00,28.640,37.719,906.000,6.80
2023-07-10 17:00:00,28.530,37.719,640.700,6.80
2023-07-10 18:00:00,28.150,37.719,357.700,6.80
2023-07-10 19:00:00,27.250,37.719,125.500,6.80
2023-07-10 20:00:00,24.770,37.719,10.090,6.80
2023-07-10 21:00:00,22.410,37.719,0.854,6.80
2023-07-10 22:00:00,19.970,37.719,0.833,6.80
2023-07-10 23:00:00,19.090,37.719,0.830,6.80
2023-07-11 00:00:00,19.010,37.297,0.823,6.80
2023-07-11 01:00:00,18.490,37.297,0.819,6.80
2023-07-11 02:00:00,18.620,37.297,0.805,6.80
2023-07-11 03:00:00,18.560,37.297,0.802,6.80
2023-07-11 04:00:00,18.510,37.297,0.815,6.80
2023-07-11 05:00:00,18.450,37.297,13.390,6.80
2023-07-11 06:00:00,20.150,37.297,133.100,6.80
2023-07-11 07:00:00,24.870,37.297,385.200,6.80
2023-07-11 08:00:00,29.320,37.297,652.600,6.80
2023-07-11 09:00:00,30.800,37.297,905.000,6.80
2023-07-11 10:00:00,31.610,37.297,1121.000,6.80
2023-07-11 11:00:00,32.090,37.297,1274.000,6.80
2023-07-11 12:00:00,31.970,37.297,1353.000,6.80
2023-07-11 13:00:00,32.590,37.297,1347.000,6.80
2023-07-11 14:00:00,33.080,37.297,1248.000,6.80
2023-07-11 15:00:00,33.260,37.297,1122.000,6.80
2023-07-11 16:00:00,33.220,37.297,903.000,6.80
2023-07-11 17:00:00,32.970,37.297,638.800,6.80
2023-07-11 18:00:00,32.150,37.297,358.200,6.80
2023-07-11 19:00:00,30.400,37.297,113.000,6.80
2023-07-11 20:00:00,26.810,37.297,6.593,6.80
2023-07-11 21:00:00,23.760,37.297,0.841,6.80
2023-07-11 22:00:00,23.490,37.297,0.829,6.80
2023-07-11 23:00:00,24.120,37.297,0.831,6.80
2023-07-12 00:00:00,24.440,37.241,0.844,6.80
2023-07-12 01:00:00,23.760,37.241,0.837,6.80
2023-07-12 02:00:00,23.270,37.241,0.832,6.80
2023-07-12 03:00:00,22.590,37.241,0.829,6.80
2023-07-12 04:00:00,23.460,37.241,0.836,6.80
2023-07-12 05:00:00,23.510,37.241,13.800,6.80
2023-07-12 06:00:00,25.390,37.241,137.400,6.80
2023-07-12 07:00:00,27.830,37.241,377.800,6.80
2023-07-12 08:00:00,31.690,37.241,660.700,6.80
2023-07-12 09:00:00,34.090,37.241,930.000,6.80
2023-07-12 10:00:00,35.770,37.241,1154.000,6.80
2023-07-12 11:00:00,37.170,37.241,1312.000,6.80
2023-07-12 12:00:00,37.780,37.241,1388.000,6.80
2023-07-12 13:00:00,38.030,37.241,1382.000,6.80
2023-07-12 14:00:00,38.120,37.241,1295.000,6.80
2023-07-12 15:00:00,37.830,37.241,1129.000,6.80
2023-07-12 16:00:00,36.590,37.241,907.000,6.80
2023-07-12 17:00:00,35.490,37.241,619.400,6.80
2023-07-12 18:00:00,33.930,37.241,339.000,6.80
2023-07-12 19:00:00,31.940,37.241,112.000,6.80
2023-07-12 20:00:00,29.750,37.241,8.620,6.80
2023-07-12 21:00:00,28.600,37.241,0.877,6.80
2023-07-12 22:00:00,28.190,37.241,0.869,6.80
2023-07-12 23:00:00,28.030,37.241,0.873,6.80
2023-07-13 00:00:00,27.600,37.999,0.867,6.80
2023-07-13 01:00:00,26.900,37.999,0.861,6.80
2023-07-13 02:00:00,26.120,37.999,0.852,6.80
2023-07-13 03:00:00,25.320,37.999,0.845,6.80
2023-07-13 04:00:00,25.430,37.999,0.855,6.80
2023-07-13 05:00:00,24.280,37.999,12.940,6.80
2023-07-13 06:00:00,24.620,37.999,140.100,6.80
2023-07-13 07:00:00,28.040,37.999,382.300,6.80
2023-07-13 08:00:00,31.440,37.999,656.800,6.80
2023-07-13 09:00:00,34.030,37.999,926.000,6.80
2023-07-13 10:00:00,36.150,37.999,1151.000,6.80
2023-07-13 11:00:00,37.140,37.999,1307.000,6.80
2023-07-13 12:00:00,38.220,37.999,1383.000,6.80
2023-07-13 13:00:00,38.660,37.999,1378.000,6.80
2023-07-13 14:00:00,39.210,37.999,1297.000,6.80
2023-07-13 15:00:00,39.000,37.999,1138.000,6.80
2023-07-13 16:00:00,38.740,37.999,910.000,6.80
2023-07-13 17:00:00,38.070,37.999,629.400,6.80
2023-07-13 18:00:00,36.280,37.999,345.800,6.80
2023-07-13 19:00:00,33.270,37.999,107.000,6.80
2023-07-13 20:00:00,30.710,37.999,6.769,6.80
2023-07-13 21:00:00,28.950,37.999,0.884,6.80
2023-07-13 22:00:00,27.180,37.999,0.872,6.80
2023-07-13 23:00:00,26.040,37.999,0.858,6.80
2023-07-14 00:00:00,25.560,37.787,0.849,6.80
2023-07-14 01:00:00,25.050,37.787,0.849,6.80
2023-07-14 02:00:00,24.430,37.787,0.855,6.80
2023-07-14 03:00:00,22.870,37.787,0.839,6.80
2023-07-14 04:00:00,21.980,37.787,0.837,6.80
2023-07-14 05:00:00,21.780,37.787,11.610,6.80
2023-07-14 06:00:00,25.680,37.787,121.800,6.80
2023-07-14 07:00:00,29.110,37.787,346.300,6.80
2023-07-14 08:00:00,31.550,37.787,614.700,6.80
2023-07-14 09:00:00,32.450,37.787,870.000,6.80
2023-07-14 10:00:00,31.630,37.787,1089.000,6.80
2023-07-14 11:00:00,30.960,37.787,1230.000,6.80
2023-07-14 12:00:00,30.730,37.787,1342.000,6.80
2023-07-14 13:00:00,30.590,37.787,1339.000,6.80
2023-07-14 14:00:00,30.620,37.787,1260.000,6.80
2023-07-14 15:00:00,30.770,37.787,1103.000,6.80
2023-07-14 16:00:00,30.900,37.787,889.000,6.80
2023-07-14 17:00:00,30.800,37.787,623.800,6.80
2023-07-14 18:00:00,29.440,37.787,343.600,6.80
2023-07-14 19:00:00,28.080,37.787,108.900,6.80
2023-07-14 20:00:00,26.790,37.787,7.719,6.80
2023-07-14 21:00:00,25.220,37.787,0.843,6.80
2023-07-14 22:00:00,23.630,37.787,0.948,6.80
2023-07-14 23:00:00,22.810,37.787,1.001,6.80
2023-07-15 00:00:00,22.590,37.167,0.994,6.80
2023-07-15 01:00:00,22.320,37.167,1.064,6.80
2023-07-15 02:00:00,21.790,37.167,1.041,6.80
2023-07-15 03:00:00,21.560,37.167,0.967,6.80
2023-07-15 04:00:00,20.990,37.167,0.723,6.80
2023-07-15 05:00:00,20.720,37.167,10.320,6.80
2023-07-15 06:00:00,21.990,37.167,111.000,6.80
2023-07-15 07:00:00,25.310,37.167,350.300,6.80
2023-07-15 08:00:00,27.760,37.167,628.400,6.80
2023-07-15 09:00:00,29.080,37.167,894.000,6.80
2023-07-15 10:00:00,30.090,37.167,1121.000,6.80
2023-07-15 11:00:00,30.820,37.167,1276.000,6.80
2023-07-15 12:00:00,31.490,37.167,1354.000,6.80
2023-07-15 13:00:00,31.610,37.167,1369.000,6.80
2023-07-15 14:00:00,31.990,37.167,1290.000,6.80
2023-07-15 15:00:00,32.020,37.167,1131.000,6.80
2023-07-15 16:00:00,31.380,37.167,906.000,6.80
2023-07-15 17:00:00,30.830,37.167,634.000,6.80
2023-07-15 18:00:00,30.570,37.167,356.500,6.80
2023-07-15 19:00:00,29.660,37.167,116.900,6.80
2023-07-15 20:00:00,27.150,37.167,8.430,6.80
2023-07-15 21:00:00,24.780,37.167,0.859,6.80
2023-07-15 22:00:00,23.250,37.167,0.845,6.80
2023-07-15 23:00:00,22.950,37.167,0.835,6.80
2023-07-16 00:00:00,22.840,37.178,0.841,6.80
2023-07-16 01:00:00,22.320,37.178,0.844,6.80
2023-07-16 02:00:00,21.420,37.178,0.831,6.80
2023-07-16 03:00:00,22.300,37.178,0.831,6.80
2023-07-16 04:00:00,20.900,37.178,0.830,6.80
2023-07-16 05:00:00,20.920,37.178,12.110,6.80
2023-07-16 06:00:00,22.440,37.178,136.500,6.80
2023-07-16 07:00:00,26.920,37.178,378.000,6.80
2023-07-16 08:00:00,29.610,37.178,656.500,6.80
2023-07-16 09:00:00,30.860,37.178,921.000,6.80
2023-07-16 10:00:00,32.320,37.178,1150.000,6.80
2023-07-16 11:00:00,33.680,37.178,1315.000,6.80
2023-07-16 12:00:00,34.190,37.178,1393.000,6.80
2023-07-16 13:00:00,34.100,37.178,1397.000,6.80
2023-07-16 14:00:00,34.270,37.178,1314.000,6.80
2023-07-16 15:00:00,34.590,37.178,1147.000,6.80
2023-07-16 16:00:00,34.530,37.178,923.000,6.80
2023-07-16 17:00:00,34.020,37.178,649.300,6.80
2023-07-16 18:00:00,33.470,37.178,362.400,6.80
2023-07-16 19:00:00,31.800,37.178,117.600,6.80
2023-07-16 20:00:00,27.770,37.178,7.847,6.80
2023-07-16 21:00:00,24.360,37.178,0.867,6.80
2023-07-16 22:00:00,22.890,37.178,0.842,6.80
2023-07-16 23:00:00,22.230,37.178,0.834,6.80
2023-07-17 00:00:00,22.590,36.926,0.830,6.80
2023-07-17 01:00:00,22.430,36.926,0.829,6.80
2023-07-17 02:00:00,22.270,36.926,0.829,6.80
2023-07-17 03:00:00,22.030,36.926,0.830,6.80
2023-07-17 04:00:00,21.980,36.926,0.831,6.80
2023-07-17 05:00:00,21.480,36.926,11.440,6.80
2023-07-17 06:00:00,23.420,36.926,141.000,6.80
2023-07-17 07:00:00,28.290,36.926,389.200,6.80
2023-07-17 08:00:00,31.640,36.926,670.400,6.80
2023-07-17 09:00:00,32.640,36.926,931.000,6.80
2023-07-17 10:00:00,33.920,36.926,1152.000,6.80
2023-07-17 11:00:00,34.180,36.926,1304.000,6.80
2023-07-17 12:00:00,33.750,36.926,1374.000,6.80
2023-07-17 13:00:00,34.500,36.926,1378.000,6.80
2023-07-17 14:00:00,35.530,36.926,1298.000,6.80
2023-07-17 15:00:00,35.530,36.926,1133.000,6.80
2023-07-17 16:00:00,35.000,36.926,911.000,6.80
2023-07-17 17:00:00,34.060,36.926,635.700,6.80
2023-07-17 18:00:00,33.320,36.926,352.800,6.80
2023-07-17 19:00:00,31.880,36.926,112.100,6.80
2023-07-17 20:00:00,28.350,36.926,7.644,6.80
2023-07-17 21:00:00,25.530,36.926,0.887,6.80
2023-07-17 22:00:00,25.200,36.926,0.873,6.80
2023-07-17 23:00:00,25.300,36.926,0.875,6.80
2023-07-18 00:00:00,24.570,37.378,0.870,6.80
2023-07-18 01:00:00,24.000,37.378,0.866,6.80
2023-07-18 02:00:00,22.910,37.378,0.853,6.80
2023-07-18 03:00:00,21.540,37.378,0.840,6.80
2023-07-18 04:00:00,21.460,37.378,0.846,6.80
2023-07-18 05:00:00,22.170,37.378,11.030,6.80
2023-07-18 06:00:00,23.880,37.378,127.800,6.80
2023-07-18 07:00:00,28.850,37.378,364.400,6.80
2023-07-18 08:00:00,32.010,37.378,642.100,6.80
2023-07-18 09:00:00,33.350,37.378,906.000,6.80
2023-07-18 10:00:00,33.970,37.378,1139.000,6.80
2023-07-18 11:00:00,33.940,37.378,1299.000,6.80
2023-07-18 12:00:00,33.870,37.378,1376.000,6.80
2023-07-18 13:00:00,33.830,37.378,1384.000,6.80
2023-07-18 14:00:00,33.660,37.378,1301.000,6.80
2023-07-18 15:00:00,33.940,37.378,1135.000,6.80
2023-07-18 16:00:00,33.900,37.378,922.000,6.80
2023-07-18 17:00:00,32.650,37.378,652.700,6.80
2023-07-18 18:00:00,32.060,37.378,368.300,6.80
2023-07-18 19:00:00,30.850,37.378,113.900,6.80
2023-07-18 20:00:00,27.600,37.378,6.958,6.80
2023-07-18 21:00:00,24.980,37.378,0.869,6.80
2023-07-18 22:00:00,23.440,37.378,0.846,6.80
2023-07-18 23:00:00,22.680,37.378,0.836,6.80
2023-07-19 00:00:00,22.000,37.755,0.828,6.80
2023-07-19 01:00:00,21.640,37.755,0.826,6.80
2023-07-19 02:00:00,21.580,37.755,0.822,6.80
2023-07-19 03:00:00,21.150,37.755,0.819,6.80
2023-07-19 04:00:00,21.200,37.755,0.821,6.80
2023-07-19 05:00:00,22.010,37.755,9.780,6.80
2023-07-19 06:00:00,23.380,37.755,123.900,6.80
2023-07-19 07:00:00,27.320,37.755,365.400,6.80
2023-07-19 08:00:00,32.200,37.755,642.800,6.80
2023-07-19 09:00:00,35.530,37.755,910.000,6.80
2023-07-19 10:00:00,37.730,37.755,1133.000,6.80
2023-07-19 11:00:00,35.280,37.755,1286.000,6.80
2023-07-19 12:00:00,35.080,37.755,1369.000,6.80
2023-07-19 13:00:00,35.840,37.755,1368.000,6.80
2023-07-19 14:00:00,36.900,37.755,1282.000,6.80
2023-07-19 15:00:00,37.640,37.755,1117.000,6.80
2023-07-19 16:00:00,37.830,37.755,895.000,6.80
2023-07-19 17:00:00,37.710,37.755,618.400,6.80
2023-07-19 18:00:00,37.830,37.755,333.200,6.80
2023-07-19 19:00:00,35.330,37.755,103.200,6.80
2023-07-19 20:00:00,31.400,37.755,6.643,6.80
2023-07-19 21:00:00,29.520,37.755,0.905,6.80
2023-07-19 22:00:00,28.470,37.755,0.896,6.80
2023-07-19 23:00:00,28.170,37.755,0.891,6.80
2023-07-20 00:00:00,27.770,37.743,0.888,6.80
2023-07-20 01:00:00,26.450,37.743,0.877,6.80
2023-07-20 02:00:00,26.010,37.743,0.874,6.80
2023-07-20 03:00:00,25.230,37.743,0.864,6.80
2023-07-20 04:00:00,24.460,37.743,0.857,6.80
2023-07-20 05:00:00,24.120,37.743,8.270,6.80
2023-07-20 06:00:00,24.500,37.743,99.400,6.80
2023-07-20 07:00:00,28.890,37.743,322.300,6.80
2023-07-20 08:00:00,33.200,37.743,612.100,6.80
2023-07-20 09:00:00,34.420,37.743,879.000,6.80
2023-07-20 10:00:00,34.290,37.743,1097.000,6.80
2023-07-20 11:00:00,34.110,37.743,1260.000,6.80
2023-07-20 12:00:00,33.790,37.743,1340.000,6.80
2023-07-20 13:00:00,34.310,37.743,1345.000,6.80
2023-07-20 14:00:00,34.270,37.743,1254.000,6.80
2023-07-20 15:00:00,34.040,37.743,1097.000,6.80
2023-07-20 16:00:00,34.330,37.743,870.000,6.80
2023-07-20 17:00:00,34.620,37.743,600.300,6.80
2023-07-20 18:00:00,33.440,37.743,311.900,6.80
2023-07-20 19:00:00,30.520,37.743,80.000,6.80
2023-07-20 20:00:00,28.730,37.743,5.878,6.80
2023-07-20 21:00:00,26.740,37.743,0.872,6.80
2023-07-20 22:00:00,26.210,37.743,0.788,6.80
2023-07-20 23:00:00,25.350,37.743,0.536,6.80
2023-07-21 00:00:00,24.460,37.911,0.110,6.80
2023-07-21 01:00:00,24.010,37.911,0.000,6.80
2023-07-21 02:00:00,22.780,37.911,0.156,6.80
2023-07-21 03:00:00,22.410,37.911,0.458,6.80
2023-07-21 04:00:00,22.100,37.911,0.673,6.80
2023-07-21 05:00:00,21.870,37.911,8.150,6.80
2023-07-21 06:00:00,22.770,37.911,114.500,6.80
2023-07-21 07:00:00,27.260,37.911,344.600,6.80
2023-07-21 08:00:00,31.160,37.911,612.600,6.80
2023-07-21 09:00:00,33.990,37.911,895.000,6.80
2023-07-21 10:00:00,36.360,37.911,1096.000,6.80
2023-07-21 11:00:00,37.140,37.911,700.700,6.80
2023-07-21 12:00:00,38.870,37.911,1297.000,6.80
2023-07-21 13:00:00,38.160,37.911,1339.000,6.80
2023-07-21 14:00:00,37.290,37.911,1062.000,6.80
2023-07-21 15:00:00,36.060,37.911,802.000,6.80
2023-07-21 16:00:00,35.820,37.911,628.000,6.80
2023-07-21 17:00:00,37.700,37.911,598.200,6.80
2023-07-21 18:00:00,37.310,37.911,317.500,6.80
2023-07-21 19:00:00,34.730,37.911,98.700,6.80
2023-07-21 20:00:00,32.010,37.911,6.112,6.80
2023-07-21 21:00:00,30.800,37.911,0.934,6.80
2023-07-21 22:00:00,29.410,37.911,0.913,6.80
2023-07-21 23:00:00,28.960,37.911,0.907,6.80
2023-07-22 00:00:00,28.490,37.630,0.896,6.80
2023-07-22 01:00:00,27.470,37.630,0.892,6.80
2023-07-22 02:00:00,28.750,37.630,0.893,6.80
2023-07-22 03:00:00,28.200,37.630,0.898,6.80
2023-07-22 04:00:00,27.750,37.630,0.891,6.80
2023-07-22 05:00:00,26.910,37.630,7.762,6.80
2023-07-22 06:00:00,27.460,37.630,113.800,6.80
2023-07-22 07:00:00,30.520,37.630,344.800,6.80
2023-07-22 08:00:00,34.520,37.630,618.000,6.80
2023-07-22 09:00:00,35.680,37.630,882.000,6.80
2023-07-22 10:00:00,34.290,37.630,1099.000,6.80
2023-07-22 11:00:00,35.360,37.630,1254.000,6.80
2023-07-22 12:00:00,35.790,37.630,1338.000,6.80
2023-07-22 13:00:00,35.970,37.630,1337.000,6.80
2023-07-22 14:00:00,35.730,37.630,1239.000,6.80
2023-07-22 15:00:00,35.160,37.630,1077.000,6.80
2023-07-22 16:00:00,35.960,37.630,839.000,6.80
2023-07-22 17:00:00,35.030,37.630,393.500,6.80
2023-07-22 18:00:00,33.620,37.630,326.300,6.80
2023-07-22 19:00:00,32.600,37.630,101.900,6.80
2023-07-22 20:00:00,30.210,37.630,5.854,6.80
2023-07-22 21:00:00,28.300,37.630,0.909,6.80
2023-07-22 22:00:00,28.110,37.630,0.891,6.80
2023-07-22 23:00:00,27.300,37.630,0.888,6.80
2023-07-23 00:00:00,25.310,37.075,0.867,6.80
2023-07-23 01:00:00,23.820,37.075,0.843,6.80
2023-07-23 02:00:00,22.930,37.075,0.842,6.80
2023-07-23 03:00:00,22.510,37.075,0.835,6.80
2023-07-23 04:00:00,22.130,37.075,0.829,6.80
2023-07-23 05:00:00,21.240,37.075,8.080,6.80
2023-07-23 06:00:00,22.720,37.075,86.100,6.80
2023-07-23 07:00:00,27.060,37.075,337.200,6.80
2023-07-23 08:00:00,31.740,37.075,625.500,6.80
2023-07-23 09:00:00,33.320,37.075,887.000,6.80
2023-07-23 10:00:00,34.290,37.075,1112.000,6.80
2023-07-23 11:00:00,34.590,37.075,1270.000,6.80
2023-07-23 12:00:00,34.280,37.075,1354.000,6.80
2023-07-23 13:00:00,33.610,37.075,1347.000,6.80
2023-07-23 14:00:00,34.370,37.075,1222.000,6.80
2023-07-23 15:00:00,34.440,37.075,1002.000,6.80
2023-07-23 16:00:00,34.460,37.075,887.000,6.80
2023-07-23 17:00:00,33.850,37.075,617.400,6.80
2023-07-23 18:00:00,33.540,37.075,331.700,6.80
2023-07-23 19:00:00,31.940,37.075,98.200,6.80
2023-07-23 20:00:00,29.240,37.075,5.525,6.80
2023-07-23 21:00:00,26.450,37.075,0.894,6.80
2023-07-23 22:00:00,24.760,37.075,0.869,6.80
2023-07-23 23:00:00,24.380,37.075,0.847,6.80
2023-07-24 00:00:00,24.030,37.578,0.824,6.80
2023-07-24 01:00:00,23.880,37.578,0.811,6.80
2023-07-24 02:00:00,23.330,37.578,0.790,6.80
2023-07-24 03:00:00,22.180,37.578,0.781,6.80
2023-07-24 04:00:00,21.730,37.578,0.733,6.80
2023-07-24 05:00:00,21.740,37.578,7.260,6.80
2023-07-24 06:00:00,23.330,37.578,103.000,6.80
2023-07-24 07:00:00,27.700,37.578,325.600,6.80
2023-07-24 08:00:00,32.170,37.578,598.700,6.80
2023-07-24 09:00:00,34.970,37.578,868.000,6.80
2023-07-24 10:00:00,36.790,37.578,1094.000,6.80
2023-07-24 11:00:00,38.870,37.578,1248.000,6.80
2023-07-24 12:00:00,40.360,37.578,1346.000,6.80
2023-07-24 13:00:00,41.130,37.578,1339.000,6.80
2023-07-24 14:00:00,40.720,37.578,1257.000,6.80
2023-07-24 15:00:00,40.820,37.578,1091.000,6.80
2023-07-24 16:00:00,39.520,37.578,867.000,6.80
2023-07-24 17:00:00,38.360,37.578,592.500,6.80
2023-07-24 18:00:00,35.930,37.578,316.900,6.80
2023-07-24 19:00:00,33.880,37.578,94.800,6.80
2023-07-24 20:00:00,31.960,37.578,4.968,6.80
2023-07-24 21:00:00,30.660,37.578,0.926,6.80
2023-07-24 22:00:00,29.990,37.578,0.924,6.80
2023-07-24 23:00:00,29.830,37.578,0.924,6.80
2023-07-25 00:00:00,29.130,37.493,0.911,6.80
2023-07-25 01:00:00,28.530,37.493,0.904,6.80
2023-07-25 02:00:00,28.100,37.493,0.884,6.80
2023-07-25 03:00:00,27.530,37.493,0.887,6.80
2023-07-25 04:00:00,27.750,37.493,0.885,6.80
2023-07-25 05:00:00,27.390,37.493,7.215,6.80
2023-07-25 06:00:00,26.650,37.493,92.600,6.80
2023-07-25 07:00:00,29.250,37.493,284.000,6.80
2023-07-25 08:00:00,34.780,37.493,529.000,6.80
2023-07-25 09:00:00,37.070,37.493,823.000,6.80
2023-07-25 10:00:00,38.150,37.493,1018.000,6.80
2023-07-25 11:00:00,39.150,37.493,1167.000,6.80
2023-07-25 12:00:00,38.810,37.493,896.000,6.80
2023-07-25 13:00:00,38.310,37.493,691.200,6.80
2023-07-25 14:00:00,38.910,37.493,852.000,6.80
2023-07-25 15:00:00,40.160,37.493,597.300,6.80
2023-07-25 16:00:00,40.350,37.493,446.300,6.80
2023-07-25 17:00:00,39.920,37.493,459.100,6.80
2023-07-25 18:00:00,39.270,37.493,275.800,6.80
2023-07-25 19:00:00,37.470,37.493,71.120,6.80
2023-07-25 20:00:00,34.940,37.493,4.181,6.80
2023-07-25 21:00:00,33.490,37.493,0.873,6.80
2023-07-25 22:00:00,32.090,37.493,0.874,6.80
2023-07-25 23:00:00,30.460,37.493,0.895,6.80
2023-07-26 00:00:00,28.050,37.905,0.881,6.80
2023-07-26 01:00:00,27.470,37.905,0.848,6.80
2023-07-26 02:00:00,26.920,37.905,0.829,6.80
2023-07-26 03:00:00,26.310,37.905,0.795,6.80
2023-07-26 04:00:00,27.150,37.905,0.825,6.80
2023-07-26 05:00:00,26.870,37.905,7.091,6.80
2023-07-26 06:00:00,26.610,37.905,123.400,6.80
2023-07-26 07:00:00,27.480,37.905,377.200,6.80
2023-07-26 08:00:00,28.130,37.905,659.300,6.80
2023-07-26 09:00:00,29.320,37.905,933.000,6.80
2023-07-26 10:00:00,30.520,37.905,1138.000,6.80
2023-07-26 11:00:00,31.610,37.905,1292.000,6.80
2023-07-26 12:00:00,32.470,37.905,1219.000,6.80
2023-07-26 13:00:00,30.330,37.905,858.000,6.80
2023-07-26 14:00:00,28.860,37.905,964.000,6.80
2023-07-26 15:00:00,28.060,37.905,753.300,6.80
2023-07-26 16:00:00,28.140,37.905,714.000,6.80
2023-07-26 17:00:00,26.780,37.905,302.600,6.80
2023-07-26 18:00:00,26.800,37.905,340.900,6.80
2023-07-26 19:00:00,25.600,37.905,56.850,6.80
2023-07-26 20:00:00,24.550,37.905,2.845,6.80
2023-07-26 21:00:00,23.850,37.905,0.785,6.80
2023-07-26 22:00:00,23.990,37.905,0.758,6.80
2023-07-26 23:00:00,22.860,37.905,0.701,6.80
2023-07-27 00:00:00,20.970,38.115,0.646,6.80
2023-07-27 01:00:00,21.200,38.115,0.685,6.80
2023-07-27 02:00:00,20.740,38.115,0.616,6.80
2023-07-27 03:00:00,20.550,38.115,0.617,6.80
2023-07-27 04:00:00,20.230,38.115,0.582,6.80
2023-07-27 05:00:00,20.260,38.115,5.885,6.80
2023-07-27 06:00:00,20.810,38.115,109.000,6.80
2023-07-27 07:00:00,22.860,38.115,298.200,6.80
2023-07-27 08:00:00,24.890,38.115,660.900,6.80
2023-07-27 09:00:00,25.400,38.115,858.000,6.80
2023-07-27 10:00:00,25.550,38.115,1052.000,6.80
2023-07-27 11:00:00,25.780,38.115,1292.000,6.80
2023-07-27 12:00:00,26.280,38.115,1384.000,6.80
2023-07-27 13:00:00,26.100,38.115,1387.000,6.80
2023-07-27 14:00:00,26.230,38.115,1306.000,6.80
2023-07-27 15:00:00,26.160,38.115,1141.000,6.80
2023-07-27 16:00:00,26.000,38.115,923.000,6.80
2023-07-27 17:00:00,25.580,38.115,652.400,6.80
2023-07-27 18:00:00,25.040,38.115,365.300,6.80
2023-07-27 19:00:00,23.990,38.115,109.400,6.80
2023-07-27 20:00:00,21.830,38.115,4.592,6.80
2023-07-27 21:00:00,19.390,38.115,0.700,6.80
2023-07-27 22:00:00,18.930,38.115,0.688,6.80
2023-07-27 23:00:00,18.550,38.115,0.680,6.80
2023-07-28 00:00:00,17.980,36.842,0.678,6.80
2023-07-28 01:00:00,17.600,36.842,0.670,6.80
2023-07-28 02:00:00,17.270,36.842,0.666,6.80
2023-07-28 03:00:00,17.290,36.842,0.666,6.80
2023-07-28 04:00:00,17.890,36.842,0.671,6.80
2023-07-28 05:00:00,17.920,36.842,6.271,6.80
2023-07-28 06:00:00,19.270,36.842,116.800,6.80
2023-07-28 07:00:00,23.830,36.842,361.400,6.80
2023-07-28 08:00:00,26.980,36.842,639.500,6.80
2023-07-28 09:00:00,28.730,36.842,913.000,6.80
2023-07-28 10:00:00,30.000,36.842,1132.000,6.80
2023-07-28 11:00:00,29.450,36.842,1271.000,6.80
2023-07-28 12:00:00,29.850,36.842,1367.000,6.80
2023-07-28 13:00:00,30.500,36.842,1364.000,6.80
2023-07-28 14:00:00,30.650,36.842,1286.000,6.80
2023-07-28 15:00:00,29.960,36.842,1127.000,6.80
2023-07-28 16:00:00,28.550,36.842,324.900,6.80
2023-07-28 17:00:00,27.970,36.842,249.000,6.80
2023-07-28 18:00:00,28.730,36.842,326.000,6.80
2023-07-28 19:00:00,28.260,36.842,95.400,6.80
2023-07-28 20:00:00,25.380,36.842,4.218,6.80
2023-07-28 21:00:00,23.370,36.842,0.760,6.80
2023-07-28 22:00:00,21.820,36.842,0.752,6.80
2023-07-28 23:00:00,21.630,36.842,0.695,6.80
2023-07-29 00:00:00,22.190,38.362,0.687,6.80
2023-07-29 01:00:00,21.770,38.362,0.654,6.80
2023-07-29 02:00:00,20.940,38.362,0.607,6.80
2023-07-29 03:00:00,20.650,38.362,0.590,6.80
2023-07-29 04:00:00,20.280,38.362,0.602,6.80
2023-07-29 05:00:00,19.450,38.362,5.469,6.80
2023-07-29 06:00:00,20.140,38.362,105.800,6.80
2023-07-29 07:00:00,24.510,38.362,344.200,6.80
2023-07-29 08:00:00,26.500,38.362,622.500,6.80
2023-07-29 09:00:00,27.550,38.362,890.000,6.80
2023-07-29 10:00:00,28.550,38.362,1119.000,6.80
2023-07-29 11:00:00,29.610,38.362,1283.000,6.80
2023-07-29 12:00:00,29.850,38.362,1372.000,6.80
2023-07-29 13:00:00,29.730,38.362,1375.000,6.80
2023-07-29 14:00:00,29.140,38.362,1292.000,6.80
2023-07-29 15:00:00,29.120,38.362,1127.000,6.80
2023-07-29 16:00:00,29.120,38.362,894.000,6.80
2023-07-29 17:00:00,28.800,38.362,615.800,6.80
2023-07-29 18:00:00,28.140,38.362,330.900,6.80
2023-07-29 19:00:00,27.470,38.362,96.800,6.80
2023-07-29 20:00:00,25.150,38.362,3.883,6.80
2023-07-29 21:00:00,22.680,38.362,0.745,6.80
2023-07-29 22:00:00,20.900,38.362,0.694,6.80
2023-07-29 23:00:00,20.080,38.362,0.665,6.80
2023-07-30 00:00:00,20.260,36.831,0.666,6.80
2023-07-30 01:00:00,19.240,36.831,0.642,6.80
2023-07-30 02:00:00,18.970,36.831,0.641,6.80
2023-07-30 03:00:00,19.640,36.831,0.664,6.80
2023-07-30 04:00:00,19.730,36.831,0.666,6.80
2023-07-30 05:00:00,19.880,36.831,5.329,6.80
2023-07-30 06:00:00,20.850,36.831,104.900,6.80
2023-07-30 07:00:00,24.650,36.831,338.100,6.80
2023-07-30 08:00:00,28.640,36.831,620.300,6.80
2023-07-30 09:00:00,30.010,36.831,891.000,6.80
2023-07-30 10:00:00,30.300,36.831,1119.000,6.80
2023-07-30 11:00:00,30.990,36.831,1274.000,6.80
2023-07-30 12:00:00,31.300,36.831,1364.000,6.80
2023-07-30 13:00:00,32.010,36.831,1360.000,6.80
2023-07-30 14:00:00,32.310,36.831,1272.000,6.80
2023-07-30 15:00:00,32.970,36.831,1104.000,6.80
2023-07-30 16:00:00,32.630,36.831,891.000,6.80
2023-07-30 17:00:00,32.900,36.831,625.100,6.80
2023-07-30 18:00:00,31.860,36.831,277.000,6.80
2023-07-30 19:00:00,29.790,36.831,58.550,6.80
2023-07-30 20:00:00,28.190,36.831,3.055,6.80
2023-07-30 21:00:00,26.630,36.831,0.823,6.80
2023-07-30 22:00:00,25.140,36.831,0.775,6.80
2023-07-30 23:00:00,24.770,36.831,0.741,6.80
2023-07-31 00:00:00,24.530,37.269,0.497,6.80
2023-07-31 01:00:00,23.890,37.269,0.465,6.80
2023-07-31 02:00:00,23.730,37.269,0.512,6.80
2023-07-31 03:00:00,23.020,37.269,0.365,6.80
2023-07-31 04:00:00,21.770,37.269,0.000,6.80
2023-07-31 05:00:00,21.360,37.269,3.942,6.80
2023-07-31 06:00:00,21.970,37.269,96.300,6.80
2023-07-31 07:00:00,25.560,37.269,318.400,6.80
2023-07-31 08:00:00,27.590,37.269,605.400,6.80
2023-07-31 09:00:00,27.050,37.269,649.500,6.80
2023-07-31 10:00:00,27.460,37.269,955.000,6.80
2023-07-31 11:00:00,28.380,37.269,1269.000,6.80
2023-07-31 12:00:00,28.860,37.269,1355.000,6.80
2023-07-31 13:00:00,29.100,37.269,1359.000,6.80
2023-07-31 14:00:00,29.190,37.269,1261.000,6.80
2023-07-31 15:00:00,28.970,37.269,1088.000,6.80
2023-07-31 16:00:00,28.670,37.269,660.200,6.80
2023-07-31 17:00:00,28.620,37.269,623.400,6.80
2023-07-31 18:00:00,28.170,37.269,336.200,6.80
2023-07-31 19:00:00,27.130,37.269,92.900,6.80
2023-07-31 20:00:00,24.690,37.269,2.894,6.80
2023-07-31 21:00:00,22.490,37.269,0.731,6.80
2023-07-31 22:00:00,19.490,37.269,0.656,6.80
2023-07-31 23:00:00,18.560,37.269,0.552,6.80
2023-08-01 00:00:00,17.750,37.154,0.486,6.80
2023-08-01 01:00:00,17.970,37.154,0.443,6.80
2023-08-01 02:00:00,18.240,37.154,0.453,6.80
2023-08-01 03:00:00,17.580,37.154,0.410,6.80
2023-08-01 04:00:00,18.200,37.154,0.470,6.80
2023-08-01 05:00:00,17.690,37.154,3.949,6.80
2023-08-01 06:00:00,19.350,37.154,103.700,6.80
2023-08-01 07:00:00,23.530,37.154,346.900,6.80
2023-08-01 08:00:00,27.790,37.154,631.500,6.80
2023-08-01 09:00:00,29.490,37.154,905.000,6.80
2023-08-01 10:00:00,31.000,37.154,1139.000,6.80
2023-08-01 11:00:00,30.480,37.154,1286.000,6.80
2023-08-01 12:00:00,30.690,37.154,1373.000,6.80
2023-08-01 13:00:00,30.280,37.154,1375.000,6.80
2023-08-01 14:00:00,31.180,37.154,1294.000,6.80
2023-08-01 15:00:00,32.070,37.154,1113.000,6.80
2023-08-01 16:00:00,32.850,37.154,859.000,6.80
2023-08-01 17:00:00,32.890,37.154,613.700,6.80
2023-08-03 10:00:00,31.550,38.143,1171.000,6.80
2023-08-03 11:00:00,32.330,38.143,1289.000,6.80
2023-08-03 12:00:00,33.150,38.143,1382.000,6.80
2023-08-03 13:00:00,33.670,38.143,1386.000,6.80
2023-08-03 14:00:00,34.000,38.143,1304.000,6.80
2023-08-03 15:00:00,34.270,38.143,1135.000,6.80
2023-08-03 16:00:00,34.340,38.143,909.000,6.80
2023-08-03 17:00:00,32.990,38.143,623.400,6.80
2023-08-03 18:00:00,31.850,38.143,328.400,6.80
2023-08-03 19:00:00,29.520,38.143,81.800,6.80
2023-08-03 20:00:00,27.410,38.143,2.768,6.80
2023-08-03 21:00:00,26.330,38.143,0.802,6.80
2023-08-03 22:00:00,25.660,38.143,0.760,6.80
2023-08-03 23:00:00,25.280,38.143,0.741,6.80
2023-08-04 00:00:00,24.750,38.371,0.674,6.80
2023-08-04 01:00:00,24.030,38.371,0.580,6.80
2023-08-04 02:00:00,23.590,38.371,0.413,6.80
2023-08-04 03:00:00,22.870,38.371,0.249,6.80
2023-08-04 04:00:00,21.960,38.371,0.272,6.80
2023-08-04 05:00:00,21.910,38.371,2.688,6.80
2023-08-04 06:00:00,23.030,38.371,91.400,6.80
2023-08-04 07:00:00,25.360,38.371,324.000,6.80
2023-08-04 08:00:00,27.780,38.371,596.500,6.80
2023-08-04 09:00:00,29.820,38.371,871.000,6.80
2023-08-04 10:00:00,31.660,38.371,1101.000,6.80
2023-08-04 11:00:00,33.250,38.371,1273.000,6.80
2023-08-04 12:00:00,34.700,38.371,1277.000,6.80
2023-08-04 13:00:00,35.220,38.371,1308.000,6.80
2023-08-04 14:00:00,34.780,38.371,1292.000,6.80
2023-08-04 15:00:00,33.940,38.371,1117.000,6.80
2023-08-04 16:00:00,32.990,38.371,893.000,6.80
2023-08-04 17:00:00,32.240,38.371,623.700,6.80
2023-08-04 18:00:00,30.600,38.371,318.000,6.80
2023-08-04 19:00:00,28.910,38.371,79.670,6.80
2023-08-04 20:00:00,27.410,38.371,2.237,6.80
2023-08-04 21:00:00,26.600,38.371,0.810,6.80
2023-08-04 22:00:00,26.360,38.371,0.809,6.80
2023-08-04 23:00:00,26.050,38.371,0.753,6.80
2023-08-05 00:00:00,26.060,37.458,0.689,6.80
2023-08-05 01:00:00,25.990,37.458,0.628,6.80
2023-08-05 02:00:00,24.420,37.458,0.586,6.80
2023-08-05 03:00:00,20.980,37.458,0.655,6.80
2023-08-05 04:00:00,20.780,37.458,0.776,6.80
2023-08-05 05:00:00,20.800,37.458,1.048,6.80
2023-08-05 06:00:00,20.900,37.458,6.487,6.80
2023-08-05 07:00:00,20.650,37.458,54.230,6.80
2023-08-05 08:00:00,21.440,37.458,238.200,6.80
2023-08-05 09:00:00,23.020,37.458,436.900,6.80
2023-08-05 10:00:00,25.280,37.458,1029.000,6.80
2023-08-05 11:00:00,25.520,37.458,769.700,6.80
2023-08-05 12:00:00,26.900,37.458,1190.000,6.80
2023-08-05 13:00:00,26.600,37.458,1102.000,6.80
2023-08-05 14:00:00,27.780,37.458,1227.000,6.80
2023-08-05 15:00:00,26.310,37.458,587.300,6.80
2023-08-05 16:00:00,22.410,37.458,157.100,6.80
2023-08-05 17:00:00,19.850,37.458,261.800,6.80
2023-08-05 18:00:00,20.920,37.458,150.100,6.80
2023-08-05 19:00:00,20.540,37.458,72.890,6.80
2023-08-05 20:00:00,19.270,37.458,1.946,6.80
2023-08-05 21:00:00,19.770,37.458,0.789,6.80
2023-08-05 22:00:00,19.860,37.458,0.802,6.80
2023-08-05 23:00:00,18.880,37.458,0.790,6.80
2023-08-06 00:00:00,17.010,37.533,0.755,6.80
2023-08-06 01:00:00,17.370,37.533,0.748,6.80
2023-08-06 02:00:00,17.020,37.533,0.742,6.80
2023-08-06 03:00:00,16.570,37.533,0.741,6.80
2023-08-06 04:00:00,16.400,37.533,0.743,6.80
2023-08-06 05:00:00,16.770,37.533,2.810,6.80
2023-08-06 06:00:00,17.540,37.533,89.300,6.80
2023-08-06 07:00:00,20.290,37.533,330.100,6.80
2023-08-06 08:00:00,22.450,37.533,618.100,6.80
2023-08-06 09:00:00,24.210,37.533,895.000,6.80
2023-08-06 10:00:00,25.580,37.533,1130.000,6.80
2023-08-06 11:00:00,26.310,37.533,1295.000,6.80
2023-08-06 12:00:00,26.580,37.533,1391.000,6.80
2023-08-06 13:00:00,27.640,37.533,1400.000,6.80
2023-08-06 14:00:00,28.430,37.533,1330.000,6.80
2023-08-06 15:00:00,28.340,37.533,1073.000,6.80
2023-08-06 16:00:00,27.120,37.533,403.200,6.80
2023-08-06 17:00:00,27.760,37.533,609.500,6.80
2023-08-06 18:00:00,26.890,37.533,241.800,6.80
2023-08-06 19:00:00,25.200,37.533,36.010,6.80
2023-08-06 20:00:00,23.840,37.533,1.608,6.80
2023-08-06 21:00:00,22.520,37.533,0.794,6.80
2023-08-06 22:00:00,21.390,37.533,0.778,6.80
2023-08-06 23:00:00,20.680,37.533,0.769,6.80
2023-08-07 00:00:00,18.210,38.080,0.752,6.80
2023-08-07 01:00:00,17.000,38.080,0.729,6.80
2023-08-07 02:00:00,16.320,38.080,0.734,6.80
2023-08-07 03:00:00,15.950,38.080,0.722,6.80
2023-08-07 04:00:00,15.570,38.080,0.730,6.80
2023-08-07 05:00:00,15.390,38.080,2.744,6.80
2023-08-07 06:00:00,16.510,38.080,82.000,6.80
2023-08-07 07:00:00,20.520,38.080,317.500,6.80
2023-08-07 08:00:00,23.780,38.080,609.500,6.80
2023-08-07 09:00:00,25.100,38.080,887.000,6.80
2023-08-07 10:00:00,26.540,38.080,1122.000,6.80
2023-08-07 11:00:00,26.730,38.080,1285.000,6.80
2023-08-07 12:00:00,26.390,38.080,1376.000,6.80
2023-08-07 13:00:00,26.370,38.080,1373.000,6.80
2023-08-07 14:00:00,26.120,38.080,1104.000,6.80
2023-08-07 15:00:00,26.150,38.080,1051.000,6.80
2023-08-07 16:00:00,26.370,38.080,902.000,6.80
2023-08-07 17:00:00,26.150,38.080,602.700,6.80
2023-08-07 18:00:00,25.490,38.080,280.300,6.80
2023-08-07 19:00:00,24.190,38.080,33.620,6.80
2023-08-07 20:00:00,23.710,38.080,1.039,6.80
2023-08-07 21:00:00,23.140,38.080,0.776,6.80
2023-08-07 22:00:00,22.540,38.080,0.773,6.80
2023-08-07 23:00:00,22.450,38.080,0.768,6.80
2023-08-08 00:00:00,20.990,37.991,0.765,6.80
2023-08-08 01:00:00,19.640,37.991,0.757,6.80
2023-08-08 02:00:00,18.980,37.991,0.751,6.80
2023-08-08 03:00:00,18.830,37.991,0.736,6.80
2023-08-08 04:00:00,18.220,37.991,0.733,6.80
2023-08-08 05:00:00,17.530,37.991,2.621,6.80
2023-08-08 06:00:00,17.770,37.991,78.790,6.80
2023-08-08 07:00:00,20.310,37.991,327.700,6.80
2023-08-08 08:00:00,22.560,37.991,617.200,6.80
2023-08-08 09:00:00,23.880,37.991,894.000,6.80
2023-08-08 10:00:00,23.960,37.991,845.000,6.80
2023-08-08 11:00:00,24.350,37.991,1126.000,6.80
2023-08-08 12:00:00,24.880,37.991,1384.000,6.80
2023-08-08 13:00:00,24.880,37.991,1385.000,6.80
2023-08-08 14:00:00,25.110,37.991,1303.000,6.80
2023-08-08 15:00:00,25.000,37.991,1137.000,6.80
2023-08-08 16:00:00,24.730,37.991,909.000,6.80
2023-08-08 17:00:00,24.320,37.991,626.400,6.80
2023-08-08 18:00:00,23.660,37.991,326.300,6.80
2023-08-08 19:00:00,22.370,37.991,79.660,6.80
2023-08-08 20:00:00,20.100,37.991,1.749,6.80
2023-08-08 21:00:00,18.500,37.991,0.723,6.80
2023-08-08 22:00:00,16.400,37.991,0.708,6.80
2023-08-08 23:00:00,15.620,37.991,0.693,6.80
2023-08-09 00:00:00,15.370,38.454,0.697,6.80
2023-08-09 01:00:00,15.120,38.454,0.698,6.80
2023-08-09 02:00:00,14.800,38.454,0.695,6.80
2023-08-09 03:00:00,15.230,38.454,0.701,6.80
2023-08-09 04:00:00,15.230,38.454,0.714,6.80
2023-08-09 05:00:00,14.830,38.454,2.290,6.80
2023-08-09 06:00:00,15.010,38.454,78.710,6.80
2023-08-09 07:00:00,19.590,38.454,320.200,6.80
2023-08-09 08:00:00,22.890,38.454,614.500,6.80
2023-08-09 09:00:00,24.350,38.454,879.000,6.80
2023-08-09 10:00:00,24.930,38.454,1091.000,6.80
2023-08-09 11:00:00,25.030,38.454,1181.000,6.80
2023-08-09 12:00:00,25.370,38.454,1250.000,6.80
2023-08-09 13:00:00,25.680,38.454,1372.000,6.80
2023-08-09 14:00:00,25.980,38.454,1296.000,6.80
2023-08-09 15:00:00,26.050,38.454,1126.000,6.80
2023-08-09 16:00:00,25.910,38.454,833.000,6.80
2023-08-09 17:00:00,25.710,38.454,495.000,6.80
2023-08-09 18:00:00,24.770,38.454,296.600,6.80
2023-08-09 19:00:00,23.150,38.454,48.210,6.80
2023-08-09 20:00:00,20.880,38.454,1.404,6.80
2023-08-09 21:00:00,18.870,38.454,0.727,6.80
2023-08-09 22:00:00,18.180,38.454,0.712,6.80
2023-08-09 23:00:00,17.890,38.454,0.707,6.80
2023-08-10 00:00:00,17.490,37.134,0.705,6.80
2023-08-10 01:00:00,17.130,37.134,0.700,6.80
2023-08-10 02:00:00,16.610,37.134,0.695,6.80
2023-08-10 03:00:00,15.940,37.134,0.686,6.80
2023-08-10 04:00:00,15.170,37.134,0.683,6.80
2023-08-10 05:00:00,14.200,37.134,1.958,6.80
2023-08-10 06:00:00,15.250,37.134,71.060,6.80
2023-08-10 07:00:00,20.720,37.134,312.800,6.80
2023-08-10 08:00:00,24.090,37.134,599.800,6.80
2023-08-10 09:00:00,25.300,37.134,876.000,6.80
2023-08-10 10:00:00,26.310,37.134,1114.000,6.80
2023-08-10 11:00:00,26.460,37.134,1275.000,6.80
2023-08-10 12:00:00,26.370,37.134,1366.000,6.80
2023-08-10 13:00:00,26.380,37.134,1368.000,6.80
2023-08-10 14:00:00,26.570,37.134,1284.000,6.80
2023-08-10 15:00:00,26.570,37.134,1114.000,6.80
2023-08-10 16:00:00,26.520,37.134,884.000,6.80
2023-08-10 17:00:00,26.060,37.134,605.600,6.80
2023-08-10 18:00:00,25.600,37.134,313.200,6.80
2023-08-10 19:00:00,24.100,37.134,68.980,6.80
2023-08-10 20:00:00,22.010,37.134,1.343,6.80
2023-08-10 21:00:00,21.070,37.134,0.715,6.80
2023-08-10 22:00:00,19.890,37.134,0.708,6.80
2023-08-10 23:00:00,18.950,37.134,0.705,6.80
2023-08-11 00:00:00,19.030,37.784,0.712,6.80
2023-08-11 01:00:00,18.400,37.784,0.721,6.80
2023-08-11 02:00:00,17.700,37.784,0.710,6.80
2023-08-11 03:00:00,16.520,37.784,0.704,6.80
2023-08-11 04:00:00,16.020,37.784,0.702,6.80
2023-08-11 05:00:00,16.210,37.784,1.986,6.80
2023-08-11 06:00:00,16.860,37.784,69.970,6.80
2023-08-11 07:00:00,21.580,37.784,303.700,6.80
2023-08-11 08:00:00,24.390,37.784,596.200,6.80
2023-08-11 09:00:00,25.680,37.784,877.000,6.80
2023-08-11 10:00:00,26.160,37.784,1085.000,6.80
2023-08-11 11:00:00,25.930,37.784,1103.000,6.80
2023-08-11 12:00:00,26.550,37.784,1297.000,6.80
2023-08-11 13:00:00,25.540,37.784,746.400,6.80
2023-08-11 14:00:00,25.790,37.784,940.000,6.80
2023-08-11 15:00:00,26.420,37.784,1110.000,6.80
2023-08-11 16:00:00,25.860,37.784,859.000,6.80
2023-08-11 17:00:00,25.390,37.784,582.600,6.80
2023-08-11 18:00:00,24.670,37.784,288.100,6.80
2023-08-11 19:00:00,23.350,37.784,62.810,6.80
2023-08-11 20:00:00,22.260,37.784,1.299,6.80
2023-08-11 21:00:00,21.980,37.784,0.744,6.80
2023-08-11 22:00:00,21.630,37.784,0.743,6.80
2023-08-11 23:00:00,21.900,37.784,0.734,6.80
2023-08-12 00:00:00,21.930,37.341,0.739,6.80
2023-08-12 01:00:00,19.850,37.341,0.735,6.80
2023-08-12 02:00:00,19.760,37.341,0.724,6.80
2023-08-12 03:00:00,19.500,37.341,0.717,6.80
2023-08-12 04:00:00,19.190,37.341,0.724,6.80
2023-08-12 05:00:00,18.640,37.341,1.889,6.80
2023-08-12 06:00:00,18.920,37.341,66.340,6.80
2023-08-12 07:00:00,21.490,37.341,291.000,6.80
2023-08-12 08:00:00,23.650,37.341,578.900,6.80
2023-08-12 09:00:00,24.710,37.341,685.500,6.80
2023-08-12 10:00:00,24.750,37.341,610.900,6.80
2023-08-12 11:00:00,25.910,37.341,1039.000,6.80
2023-08-12 12:00:00,26.810,37.341,1330.000,6.80
2023-08-12 13:00:00,26.190,37.341,1223.000,6.80
2023-08-12 14:00:00,25.910,37.341,1183.000,6.80
2023-08-12 15:00:00,26.120,37.341,1100.000,6.80
2023-08-12 16:00:00,26.030,37.341,879.000,6.80
2023-08-12 17:00:00,25.440,37.341,595.000,6.80
2023-08-12 18:00:00,24.420,37.341,288.200,6.80
2023-08-12 19:00:00,22.910,37.341,58.880,6.80
2023-08-12 20:00:00,21.070,37.341,1.236,6.80
2023-08-12 21:00:00,19.780,37.341,0.721,6.80
2023-08-12 22:00:00,18.200,37.341,0.710,6.80
2023-08-12 23:00:00,16.670,37.341,0.700,6.80
2023-08-13 00:00:00,17.040,38.491,0.701,6.80
2023-08-13 01:00:00,16.460,38.491,0.692,6.80
2023-08-13 02:00:00,16.460,38.491,0.684,6.80
2023-08-13 03:00:00,16.440,38.491,0.682,6.80
2023-08-13 04:00:00,15.360,38.491,0.689,6.80
2023-08-13 05:00:00,15.540,38.491,1.708,6.80
2023-08-13 06:00:00,16.040,38.491,65.930,6.80
2023-08-13 07:00:00,20.280,38.491,292.500,6.80
2023-08-13 08:00:00,23.650,38.491,581.200,6.80
2023-08-13 09:00:00,24.890,38.491,860.000,6.80
2023-08-13 10:00:00,25.640,38.491,1093.000,6.80
2023-08-13 11:00:00,25.890,38.491,1255.000,6.80
2023-08-13 12:00:00,25.880,38.491,1345.000,6.80
2023-08-13 13:00:00,26.230,38.491,1345.000,6.80
2023-08-13 14:00:00,26.120,38.491,1259.000,6.80
2023-08-13 15:00:00,26.480,38.491,1091.000,6.80
2023-08-13 16:00:00,26.240,38.491,861.000,6.80
2023-08-13 17:00:00,26.220,38.491,580.500,6.80
2023-08-13 18:00:00,25.180,38.491,283.700,6.80
2023-08-13 19:00:00,23.430,38.491,55.350,6.80
2023-08-13 20:00:00,21.910,38.491,1.142,6.80
2023-08-13 21:00:00,19.890,38.491,0.731,6.80
2023-08-13 22:00:00,18.640,38.491,0.711,6.80
2023-08-13 23:00:00,18.560,38.491,0.701,6.80
2023-08-14 00:00:00,17.970,37.241,0.604,6.80
2023-08-14 01:00:00,17.700,37.241,0.551,6.80
2023-08-14 02:00:00,18.190,37.241,0.553,6.80
2023-08-14 03:00:00,17.460,37.241,0.502,6.80
2023-08-14 04:00:00,17.380,37.241,0.480,6.80
2023-08-14 05:00:00,17.150,37.241,1.257,6.80
2023-08-14 06:00:00,17.790,37.241,55.430,6.80
2023-08-14 07:00:00,20.290,37.241,252.100,6.80
2023-08-14 08:00:00,24.070,37.241,539.200,6.80
2023-08-14 09:00:00,25.780,37.241,817.000,6.80
2023-08-14 10:00:00,26.280,37.241,1055.000,6.80
2023-08-14 11:00:00,26.420,37.241,1220.000,6.80
2023-08-14 12:00:00,27.140,37.241,1315.000,6.80
2023-08-14 13:00:00,27.690,37.241,1316.000,6.80
2023-08-14 14:00:00,27.970,37.241,1232.000,6.80
2023-08-14 15:00:00,28.130,37.241,1061.000,6.80
2023-08-14 16:00:00,27.590,37.241,827.000,6.80
2023-08-14 17:00:00,27.220,37.241,547.200,6.80
2023-08-14 18:00:00,26.510,37.241,261.600,6.80
2023-08-14 19:00:00,25.040,37.241,50.230,6.80
2023-08-14 20:00:00,22.830,37.241,1.043,6.80
2023-08-14 21:00:00,20.680,37.241,0.705,6.80
2023-08-14 22:00:00,20.220,37.241,0.708,6.80
2023-08-14 23:00:00,19.440,37.241,0.697,6.80
2023-08-15 00:00:00,19.540,36.588,0.697,6.80
2023-08-15 01:00:00,18.990,36.588,0.690,6.80
2023-08-15 02:00:00,18.110,36.588,0.676,6.80
2023-08-15 03:00:00,17.480,36.588,0.668,6.80
2023-08-15 04:00:00,17.640,36.588,0.675,6.80
2023-08-15 05:00:00,17.430,36.588,1.378,6.80
2023-08-15 06:00:00,17.550,36.588,60.080,6.80
2023-08-15 07:00:00,22.140,36.588,278.200,6.80
2023-08-15 08:00:00,25.700,36.588,563.300,6.80
2023-08-15 09:00:00,27.620,36.588,843.000,6.80
2023-08-15 10:00:00,27.830,36.588,1081.000,6.80
2023-08-15 11:00:00,28.350,36.588,1248.000,6.80
2023-08-15 12:00:00,28.970,36.588,1344.000,6.80
2023-08-15 13:00:00,28.670,36.588,1342.000,6.80
2023-08-15 14:00:00,28.050,36.588,1248.000,6.80
2023-08-15 15:00:00,28.290,36.588,1084.000,6.80
2023-08-15 16:00:00,28.440,36.588,841.000,6.80
2023-08-15 17:00:00,27.850,36.588,534.600,6.80
2023-08-15 18:00:00,26.200,36.588,244.400,6.80
2023-08-15 19:00:00,25.050,36.588,44.560,6.80
2023-08-15 20:00:00,23.000,36.588,0.993,6.80
2023-08-15 21:00:00,21.410,36.588,0.734,6.80
2023-08-15 22:00:00,20.400,36.588,0.717,6.80
2023-08-15 23:00:00,19.260,36.588,0.700,6.80
2023-08-16 00:00:00,18.900,36.155,0.699,6.80
2023-08-16 01:00:00,18.810,36.155,0.698,6.80
2023-08-16 02:00:00,19.130,36.155,0.707,6.80
2023-08-16 03:00:00,18.690,36.155,0.699,6.80
2023-08-16 04:00:00,18.090,36.155,0.691,6.80
2023-08-16 05:00:00,17.990,36.155,1.376,6.80
2023-08-16 06:00:00,18.850,36.155,61.090,6.80
2023-08-16 07:00:00,22.270,36.155,283.500,6.80
2023-08-16 08:00:00,25.630,36.155,565.100,6.80
2023-08-16 09:00:00,26.870,36.155,844.000,6.80
2023-08-16 10:00:00,27.870,36.155,1082.000,6.80
2023-08-16 11:00:00,28.700,36.155,1247.000,6.80
2023-08-16 12:00:00,29.350,36.155,1338.000,6.80
2023-08-16 13:00:00,29.000,36.155,1338.000,6.80
2023-08-16 14:00:00,29.020,36.155,1245.000,6.80
2023-08-16 15:00:00,28.930,36.155,1074.000,6.80
2023-08-16 16:00:00,28.980,36.155,836.000,6.80
2023-08-16 17:00:00,28.030,36.155,551.500,6.80
2023-08-16 18:00:00,26.920,36.155,261.400,6.80
2023-08-16 19:00:00,25.180,36.155,42.590,6.80
2023-08-16 20:00:00,22.790,36.155,0.906,6.80
2023-08-16 21:00:00,21.540,36.155,0.733,6.80
2023-08-16 22:00:00,20.590,36.155,0.720,6.80
2023-08-16 23:00:00,20.330,36.155,0.707,6.80
2023-08-17 00:00:00,20.130,38.139,0.698,6.80
2023-08-17 01:00:00,19.900,38.139,0.691,6.80
2023-08-17 02:00:00,19.690,38.139,0.684,6.80
2023-08-17 03:00:00,19.180,38.139,0.680,6.80
2023-08-17 04:00:00,19.140,38.139,0.684,6.80
2023-08-17 05:00:00,19.610,38.139,1.293,6.80
2023-08-17 06:00:00,21.290,38.139,57.880,6.80
2023-08-17 07:00:00,23.830,38.139,272.500,6.80
2023-08-17 08:00:00,26.040,38.139,553.300,6.80
2023-08-17 09:00:00,27.950,38.139,832.000,6.80
2023-08-17 10:00:00,27.850,38.139,1069.000,6.80
2023-08-17 11:00:00,27.890,38.139,1227.000,6.80
2023-08-17 12:00:00,28.740,38.139,1321.000,6.80
2023-08-17 13:00:00,28.870,38.139,1319.000,6.80
2023-08-17 14:00:00,28.860,38.139,1228.000,6.80
2023-08-17 15:00:00,28.910,38.139,1061.000,6.80
2023-08-17 16:00:00,28.190,38.139,834.000,6.80
2023-08-17 17:00:00,27.190,38.139,534.300,6.80
2023-08-17 18:00:00,26.300,38.139,244.400,6.80
2023-08-17 19:00:00,25.120,38.139,43.400,6.80
2023-08-17 20:00:00,23.780,38.139,0.881,6.80
2023-08-17 21:00:00,22.920,38.139,0.734,6.80
2023-08-17 22:00:00,21.630,38.139,0.721,6.80
2023-08-17 23:00:00,20.830,38.139,0.704,6.80
2023-08-18 00:00:00,19.260,36.833,0.688,6.80
2023-08-18 01:00:00,19.230,36.833,0.683,6.80
2023-08-18 02:00:00,18.710,36.833,0.671,6.80
2023-08-18 03:00:00,18.940,36.833,0.687,6.80
2023-08-18 04:00:00,19.930,36.833,0.709,6.80
2023-08-18 05:00:00,20.800,36.833,1.255,6.80
2023-08-18 06:00:00,21.720,36.833,55.040,6.80
2023-08-18 07:00:00,24.260,36.833,270.600,6.80
2023-08-18 08:00:00,27.100,36.833,559.000,6.80
2023-08-18 09:00:00,28.630,36.833,837.000,6.80
2023-08-18 10:00:00,29.200,36.833,1068.000,6.80
2023-08-18 11:00:00,29.550,36.833,1234.000,6.80
2023-08-18 12:00:00,29.380,36.833,1325.000,6.80
2023-08-18 13:00:00,29.260,36.833,1324.000,6.80
2023-08-18 14:00:00,29.280,36.833,1237.000,6.80
2023-08-18 15:00:00,29.080,36.833,1070.000,6.80
2023-08-18 16:00:00,28.780,36.833,825.000,6.80
2023-08-18 17:00:00,28.360,36.833,544.100,6.80
2023-08-18 18:00:00,27.470,36.833,251.700,6.80
2023-08-18 19:00:00,25.470,36.833,22.740,6.80
2023-08-18 20:00:00,24.730,36.833,0.847,6.80
2023-08-18 21:00:00,22.890,36.833,0.752,6.80
2023-08-18 22:00:00,22.280,36.833,0.746,6.80
2023-08-18 23:00:00,20.300,36.833,0.734,6.80
2023-08-19 00:00:00,19.040,37.354,0.710,6.80
2023-08-19 01:00:00,20.050,37.354,0.713,6.80
2023-08-19 02:00:00,20.740,37.354,0.732,6.80
2023-08-19 03:00:00,19.160,37.354,0.721,6.80
2023-08-19 04:00:00,18.840,37.354,0.705,6.80
2023-08-19 05:00:00,21.300,37.354,1.162,6.80
2023-08-19 06:00:00,21.350,37.354,50.070,6.80
2023-08-19 07:00:00,24.630,37.354,250.300,6.80
2023-08-19 08:00:00,27.110,37.354,533.700,6.80
2023-08-19 09:00:00,28.870,37.354,814.000,6.80
2023-08-19 10:00:00,29.680,37.354,1063.000,6.80
2023-08-19 11:00:00,29.390,37.354,1226.000,6.80
2023-08-19 12:00:00,29.670,37.354,1314.000,6.80
2023-08-19 13:00:00,29.910,37.354,1318.000,6.80
2023-08-19 14:00:00,29.820,37.354,1238.000,6.80
2023-08-19 15:00:00,29.770,37.354,1067.000,6.80
2023-08-19 16:00:00,29.130,37.354,817.000,6.80
2023-08-19 17:00:00,27.990,37.354,525.200,6.80
2023-08-19 18:00:00,26.850,37.354,232.300,6.80
2023-08-19 19:00:00,25.500,37.354,36.410,6.80
2023-08-19 20:00:00,24.460,37.354,0.833,6.80
2023-08-19 21:00:00,24.090,37.354,0.722,6.80
2023-08-19 22:00:00,23.610,37.354,0.735,6.80
2023-08-19 23:00:00,23.420,37.354,0.741,6.80
2023-08-20 00:00:00,22.920,37.353,0.742,6.80
2023-08-20 01:00:00,22.560,37.353,0.751,6.80
2023-08-20 02:00:00,22.250,37.353,0.752,6.80
2023-08-20 03:00:00,22.180,37.353,0.728,6.80
2023-08-20 04:00:00,21.620,37.353,0.727,6.80
2023-08-20 05:00:00,21.170,37.353,1.018,6.80
2023-08-20 06:00:00,20.490,37.353,41.490,6.80
2023-08-20 07:00:00,23.450,37.353,227.300,6.80
2023-08-20 08:00:00,25.570,37.353,467.200,6.80
2023-08-20 09:00:00,27.200,37.353,796.700,6.80
2023-08-20 10:00:00,28.080,37.353,1026.000,6.80
2023-08-20 11:00:00,28.300,37.353,1185.000,6.80
2023-08-20 12:00:00,28.680,37.353,1239.000,6.80
2023-08-20 13:00:00,28.830,37.353,1181.000,6.80
2023-08-20 14:00:00,28.980,37.353,1205.000,6.80
2023-08-20 15:00:00,28.490,37.353,1002.000,6.80
2023-08-20 16:00:00,28.200,37.353,762.300,6.80
2023-08-20 17:00:00,27.750,37.353,483.600,6.80
2023-08-20 18:00:00,27.040,37.353,203.600,6.80
2023-08-20 19:00:00,26.230,37.353,31.030,6.80
2023-08-20 20:00:00,25.320,37.353,0.858,6.80
2023-08-20 21:00:00,25.300,37.353,0.789,6.80
2023-08-20 22:00:00,25.550,37.353,0.791,6.80
2023-08-20 23:00:00,23.760,37.353,0.773,6.80
2023-08-21 00:00:00,22.880,36.492,0.766,6.80
2023-08-21 01:00:00,22.740,36.492,0.765,6.80
2023-08-21 02:00:00,22.320,36.492,0.763,6.80
2023-08-21 03:00:00,21.710,36.492,0.755,6.80
2023-08-21 04:00:00,20.830,36.492,0.739,6.80
2023-08-21 05:00:00,21.760,36.492,1.003,6.80
2023-08-21 06:00:00,22.080,36.492,44.650,6.80
2023-08-21 07:00:00,24.890,36.492,236.300,6.80
2023-08-21 08:00:00,27.030,36.492,507.400,6.80
2023-08-21 09:00:00,28.500,36.492,781.800,6.80
2023-08-21 10:00:00,29.030,36.492,1019.000,6.80
2023-08-21 11:00:00,29.460,36.492,1183.000,6.80
2023-08-21 12:00:00,29.700,36.492,1271.000,6.80
2023-08-21 13:00:00,29.920,36.492,1274.000,6.80
2023-08-21 14:00:00,30.050,36.492,1185.000,6.80
2023-08-21 15:00:00,29.730,36.492,1011.000,6.80
2023-08-21 16:00:00,29.490,36.492,766.700,6.80
2023-08-21 17:00:00,29.380,36.492,491.600,6.80
2023-08-21 18:00:00,28.350,36.492,215.600,6.80
2023-08-21 19:00:00,26.780,36.492,41.540,6.80
2023-08-21 20:00:00,25.480,36.492,0.835,6.80
2023-08-21 21:00:00,25.230,36.492,0.777,6.80
2023-08-21 22:00:00,25.050,36.492,0.770,6.80
2023-08-21 23:00:00,24.960,36.492,0.765,6.80
2023-08-22 00:00:00,24.030,37.558,0.759,6.80
2023-08-22 01:00:00,22.540,37.558,0.736,6.80
2023-08-22 02:00:00,21.950,37.558,0.737,6.80
2023-08-22 03:00:00,20.770,37.558,0.731,6.80
2023-08-22 04:00:00,21.760,37.558,0.753,6.80
2023-08-22 05:00:00,21.790,37.558,0.990,6.80
2023-08-22 06:00:00,23.010,37.558,43.260,6.80
2023-08-22 07:00:00,25.010,37.558,229.600,6.80
2023-08-22 08:00:00,27.170,37.558,510.100,6.80
2023-08-22 09:00:00,28.300,37.558,784.600,6.80
2023-08-22 10:00:00,28.780,37.558,1017.000,6.80
2023-08-22 11:00:00,29.360,37.558,1182.000,6.80
2023-08-22 12:00:00,30.110,37.558,1275.000,6.80
2023-08-22 13:00:00,29.840,37.558,1273.000,6.80
2023-08-22 14:00:00,30.030,37.558,1183.000,6.80
2023-08-22 15:00:00,30.010,37.558,1008.000,6.80
2023-08-22 16:00:00,29.760,37.558,767.800,6.80
2023-08-22 17:00:00,28.940,37.558,485.000,6.80
2023-08-22 18:00:00,27.940,37.558,203.900,6.80
2023-08-22 19:00:00,26.350,37.558,27.600,6.80
2023-08-22 20:00:00,25.250,37.558,0.818,6.80
2023-08-22 21:00:00,23.610,37.558,0.769,6.80
2023-08-22 22:00:00,22.710,37.558,0.742,6.80
2023-08-22 23:00:00,22.320,37.558,0.736,6.80
2023-08-23 00:00:00,22.120,37.076,0.730,6.80
2023-08-23 01:00:00,22.280,37.076,0.731,6.80
2023-08-23 02:00:00,21.110,37.076,0.684,6.80
2023-08-23 03:00:00,21.010,37.076,0.699,6.80
2023-08-23 04:00:00,21.160,37.076,0.711,6.80
2023-08-23 05:00:00,21.970,37.076,0.916,6.80
2023-08-23 06:00:00,20.750,37.076,36.040,6.80
2023-08-23 07:00:00,23.470,37.076,190.400,6.80
2023-08-23 08:00:00,26.720,37.076,424.200,6.80
2023-08-23 09:00:00,27.790,37.076,669.600,6.80
2023-08-23 10:00:00,28.550,37.076,901.000,6.80
2023-08-23 11:00:00,28.810,37.076,1057.000,6.80
2023-08-23 12:00:00,29.140,37.076,1113.000,6.80
2023-08-23 13:00:00,29.290,37.076,1113.000,6.80
2023-08-23 14:00:00,29.270,37.076,1053.000,6.80
2023-08-23 15:00:00,29.270,37.076,870.000,6.80
2023-08-23 16:00:00,29.100,37.076,627.500,6.80
2023-08-23 17:00:00,28.810,37.076,378.200,6.80
2023-08-23 18:00:00,27.860,37.076,155.500,6.80
2023-08-23 19:00:00,26.120,37.076,22.580,6.80
2023-08-23 20:00:00,24.580,37.076,0.814,6.80
2023-08-23 21:00:00,23.710,37.076,0.743,6.80
2023-08-23 22:00:00,22.420,37.076,0.714,6.80
2023-08-23 23:00:00,22.250,37.076,0.697,6.80
2023-08-24 00:00:00,21.780,37.609,0.699,6.80
2023-08-24 01:00:00,21.540,37.609,0.699,6.80
2023-08-24 02:00:00,21.350,37.609,0.692,6.80
2023-08-24 03:00:00,21.220,37.609,0.698,6.80
2023-08-24 04:00:00,20.180,37.609,0.655,6.80
2023-08-24 05:00:00,20.470,37.609,0.835,6.80
2023-08-24 06:00:00,20.180,37.609,35.920,6.80
2023-08-24 07:00:00,23.510,37.609,201.800,6.80
2023-08-24 08:00:00,28.220,37.609,460.000,6.80
2023-08-24 09:00:00,29.770,37.609,742.500,6.80
2023-08-24 10:00:00,31.000,37.609,962.000,6.80
2023-08-24 11:00:00,31.640,37.609,1119.000,6.80
2023-08-24 12:00:00,32.080,37.609,1219.000,6.80
2023-08-24 13:00:00,31.730,37.609,1213.000,6.80
2023-08-24 14:00:00,31.330,37.609,1144.000,6.80
2023-08-24 15:00:00,30.970,37.609,980.000,6.80
2023-08-24 16:00:00,30.310,37.609,724.800,6.80
2023-08-24 17:00:00,29.260,37.609,439.900,6.80
2023-08-24 18:00:00,28.420,37.609,191.900,6.80
2023-08-24 19:00:00,26.810,37.609,22.960,6.80
2023-08-24 20:00:00,24.930,37.609,0.846,6.80
2023-08-24 21:00:00,23.900,37.609,0.777,6.80
2023-08-24 22:00:00,22.700,37.609,0.757,6.80
2023-08-24 23:00:00,21.570,37.609,0.735,6.80
2023-08-25 00:00:00,21.290,36.867,0.715,6.80
2023-08-25 01:00:00,21.280,36.867,0.723,6.80
2023-08-25 02:00:00,21.420,36.867,0.724,6.80
2023-08-25 03:00:00,21.370,36.867,0.728,6.80
2023-08-25 04:00:00,21.530,36.867,0.737,6.80
2023-08-25 05:00:00,21.350,36.867,0.868,6.80
2023-08-25 06:00:00,21.420,36.867,39.570,6.80
2023-08-25 07:00:00,24.260,36.867,224.600,6.80
2023-08-25 08:00:00,28.720,36.867,492.900,6.80
2023-08-25 09:00:00,30.450,36.867,770.300,6.80
2023-08-25 10:00:00,31.460,36.867,1015.000,6.80
2023-08-25 11:00:00,32.380,36.867,1188.000,6.80
2023-08-25 12:00:00,32.500,36.867,1280.000,6.80
2023-08-25 13:00:00,32.020,36.867,1272.000,6.80
2023-08-25 14:00:00,31.610,36.867,1176.000,6.80
2023-08-25 15:00:00,32.240,36.867,995.000,6.80
2023-08-25 16:00:00,32.420,36.867,761.300,6.80
2023-08-25 17:00:00,31.580,36.867,479.800,6.80
2023-08-25 18:00:00,30.670,36.867,197.200,6.80
2023-08-25 19:00:00,28.990,36.867,22.620,6.80
2023-08-25 20:00:00,25.850,36.867,0.813,6.80
2023-08-25 21:00:00,23.040,36.867,0.754,6.80
2023-08-25 22:00:00,22.000,36.867,0.742,6.80
2023-08-25 23:00:00,21.390,36.867,0.735,6.80
2023-08-26 00:00:00,21.760,37.573,0.735,6.80
2023-08-26 01:00:00,20.430,37.573,0.724,6.80
2023-08-26 02:00:00,20.210,37.573,0.721,6.80
2023-08-26 03:00:00,20.110,37.573,0.725,6.80
2023-08-26 04:00:00,19.600,37.573,0.723,6.80
2023-08-26 05:00:00,19.580,37.573,0.842,6.80
2023-08-26 06:00:00,19.980,37.573,40.530,6.80
2023-08-26 07:00:00,23.300,37.573,240.900,6.80
2023-08-26 08:00:00,28.130,37.573,526.100,6.80
2023-08-26 09:00:00,32.030,37.573,811.000,6.80
2023-08-26 10:00:00,32.270,37.573,1043.000,6.80
2023-08-26 11:00:00,32.920,37.573,1204.000,6.80
2023-08-26 12:00:00,32.890,37.573,1291.000,6.80
2023-08-26 13:00:00,33.120,37.573,1293.000,6.80
2023-08-26 14:00:00,33.490,37.573,1205.000,6.80
2023-08-26 15:00:00,33.660,37.573,1021.000,6.80
2023-08-26 16:00:00,34.100,37.573,772.300,6.80
2023-08-26 17:00:00,33.460,37.573,476.900,6.80
2023-08-26 18:00:00,32.040,37.573,197.700,6.80
2023-08-26 19:00:00,28.610,37.573,21.160,6.80
2023-08-26 20:00:00,26.760,37.573,0.814,6.80
2023-08-26 21:00:00,25.160,37.573,0.783,6.80
2023-08-26 22:00:00,24.200,37.573,0.766,6.80
2023-08-26 23:00:00,24.250,37.573,0.762,6.80
2023-08-27 00:00:00,24.390,37.191,0.772,6.80
2023-08-27 01:00:00,24.620,37.191,0.780,6.80
2023-08-27 02:00:00,23.970,37.191,0.774,6.80
2023-08-27 03:00:00,23.490,37.191,0.770,6.80
2023-08-27 04:00:00,23.570,37.191,0.764,6.80
2023-08-27 05:00:00,22.390,37.191,0.846,6.80
2023-08-27 06:00:00,22.280,37.191,36.420,6.80
2023-08-27 07:00:00,25.520,37.191,224.200,6.80
2023-08-27 08:00:00,29.760,37.191,504.300,6.80
2023-08-27 09:00:00,32.730,37.191,787.300,6.80
2023-08-27 10:00:00,34.330,37.191,1034.000,6.80
2023-08-27 11:00:00,35.210,37.191,1196.000,6.80
2023-08-27 12:00:00,36.300,37.191,1281.000,6.80
2023-08-27 13:00:00,36.930,37.191,1282.000,6.80
2023-08-27 14:00:00,37.120,37.191,1194.000,6.80
2023-08-27 15:00:00,37.100,37.191,1018.000,6.80
2023-08-27 16:00:00,36.880,37.191,770.500,6.80
2023-08-27 17:00:00,35.900,37.191,487.100,6.80
2023-08-27 18:00:00,33.720,37.191,158.500,6.80
2023-08-27 19:00:00,30.530,37.191,13.310,6.80
2023-08-27 20:00:00,28.270,37.191,0.825,6.80
2023-08-27 21:00:00,26.900,37.191,0.812,6.80
2023-08-27 22:00:00,27.080,37.191,0.809,6.80
2023-08-27 23:00:00,26.660,37.191,0.809,6.80
2023-08-28 00:00:00,26.320,36.420,0.802,6.80
2023-08-28 01:00:00,26.020,36.420,0.793,6.80
2023-08-28 02:00:00,25.660,36.420,0.798,6.80
2023-08-28 03:00:00,25.020,36.420,0.761,6.80
2023-08-28 04:00:00,24.410,36.420,0.724,6.80
2023-08-28 05:00:00,24.310,36.420,0.813,6.80
2023-08-28 06:00:00,24.410,36.420,35.260,6.80
2023-08-28 07:00:00,26.400,36.420,226.200,6.80
2023-08-28 08:00:00,29.620,36.420,496.900,6.80
2023-08-28 09:00:00,31.710,36.420,761.000,6.80
2023-08-28 10:00:00,32.470,36.420,971.000,6.80
2023-08-28 11:00:00,31.720,36.420,1133.000,6.80
2023-08-28 12:00:00,33.060,36.420,1240.000,6.80
2023-08-28 13:00:00,34.240,36.420,1129.000,6.80
2023-08-28 14:00:00,35.420,36.420,1090.000,6.80
2023-08-28 15:00:00,33.670,36.420,450.100,6.80
2023-08-28 16:00:00,32.810,36.420,287.900,6.80
2023-08-28 17:00:00,32.030,36.420,153.200,6.80
2023-08-28 18:00:00,30.420,36.420,47.640,6.80
2023-08-28 19:00:00,28.940,36.420,5.344,6.80
2023-08-28 20:00:00,27.850,36.420,0.828,6.80
2023-08-28 21:00:00,27.180,36.420,0.829,6.80
2023-08-28 22:00:00,25.850,36.420,0.816,6.80
2023-08-28 23:00:00,24.840,36.420,0.796,6.80
2023-08-29 00:00:00,23.880,35.678,0.784,6.80
2023-08-29 01:00:00,22.690,35.678,0.766,6.80
2023-08-29 02:00:00,22.080,35.678,0.763,6.80
2023-08-29 03:00:00,20.380,35.678,0.761,6.80
2023-08-29 04:00:00,18.910,35.678,0.735,6.80
2023-08-29 05:00:00,18.180,35.678,0.766,6.80
2023-08-29 06:00:00,18.330,35.678,38.630,6.80
2023-08-29 07:00:00,21.290,35.678,249.800,6.80
2023-08-29 08:00:00,24.240,35.678,549.600,6.80
2023-08-29 09:00:00,25.620,35.678,828.000,6.80
2023-08-29 10:00:00,26.860,35.678,1057.000,6.80
2023-08-29 11:00:00,28.350,35.678,1235.000,6.80
2023-08-29 12:00:00,29.350,35.678,1316.000,6.80
2023-08-29 13:00:00,29.360,35.678,1099.000,6.80
2023-08-29 14:00:00,27.380,35.678,529.400,6.80
2023-08-29 15:00:00,26.150,35.678,595.400,6.80
2023-08-29 16:00:00,26.160,35.678,418.100,6.80
2023-08-29 17:00:00,25.680,35.678,215.800,6.80
2023-08-29 18:00:00,25.300,35.678,95.800,6.80
2023-08-29 19:00:00,24.630,35.678,12.050,6.80
2023-08-29 20:00:00,23.370,35.678,0.781,6.80
2023-08-29 21:00:00,22.280,35.678,0.771,6.80
2023-08-29 22:00:00,21.550,35.678,0.757,6.80
2023-08-29 23:00:00,20.300,35.678,0.743,6.80
2023-08-30 00:00:00,20.010,35.086,0.734,6.80
2023-08-30 01:00:00,20.140,35.086,0.736,6.80
2023-08-30 02:00:00,19.990,35.086,0.739,6.80
2023-08-30 03:00:00,19.330,35.086,0.729,6.80
2023-08-30 04:00:00,18.280,35.086,0.714,6.80
2023-08-30 05:00:00,17.710,35.086,0.745,6.80
2023-08-30 06:00:00,18.020,35.086,20.680,6.80
2023-08-30 07:00:00,20.100,35.086,205.300,6.80
2023-08-30 08:00:00,22.510,35.086,342.700,6.80
2023-08-30 09:00:00,24.720,35.086,815.000,6.80
2023-08-30 10:00:00,25.460,35.086,891.000,6.80
2023-08-30 11:00:00,26.550,35.086,986.000,6.80
2023-08-30 12:00:00,27.080,35.086,873.000,6.80
2023-08-30 13:00:00,27.550,35.086,720.100,6.80
2023-08-30 14:00:00,25.860,35.086,485.500,6.80
2023-08-30 15:00:00,25.220,35.086,362.500,6.80
2023-08-30 16:00:00,25.610,35.086,425.600,6.80
2023-08-30 17:00:00,25.530,35.086,257.300,6.80
2023-08-30 18:00:00,24.670,35.086,104.400,6.80
2023-08-30 19:00:00,23.620,35.086,6.864,6.80
2023-08-30 20:00:00,22.800,35.086,0.780,6.80
2023-08-30 21:00:00,22.140,35.086,0.756,6.80
2023-08-30 22:00:00,20.440,35.086,0.741,6.80
2023-08-30 23:00:00,18.560,35.086,0.723,6.80
2023-08-31 00:00:00,19.650,34.575,0.725,6.80
2023-08-31 01:00:00,18.810,34.575,0.723,6.80
2023-08-31 02:00:00,17.670,34.575,0.702,6.80
2023-08-31 03:00:00,17.300,34.575,0.709,6.80
2023-08-31 04:00:00,17.630,34.575,0.702,6.80
2023-08-31 05:00:00,17.150,34.575,0.731,6.80
2023-08-31 06:00:00,16.770,34.575,32.080,6.80
2023-08-31 07:00:00,18.940,34.575,191.100,6.80
2023-08-31 08:00:00,21.750,34.575,406.900,6.80
2023-08-31 09:00:00,23.850,34.575,702.900,6.80
2023-08-31 10:00:00,25.230,34.575,976.000,6.80
2023-08-31 11:00:00,26.430,34.575,1186.000,6.80
2023-08-31 12:00:00,26.270,34.575,1246.000,6.80
2023-08-31 13:00:00,26.040,34.575,1227.000,6.80
2023-08-31 14:00:00,25.880,34.575,1149.000,6.80
2023-08-31 15:00:00,25.260,34.575,954.000,6.80
2023-08-31 16:00:00,24.920,34.575,704.700,6.80
2023-08-31 17:00:00,24.510,34.575,410.000,6.80
2023-08-31 18:00:00,23.770,34.575,149.300,6.80
2023-08-31 19:00:00,22.290,34.575,10.500,6.80
2023-08-31 20:00:00,20.750,34.575,0.737,6.80
2023-08-31 21:00:00,19.240,34.575,0.714,6.80
2023-08-31 22:00:00,18.030,34.575,0.701,6.80
2023-08-31 23:00:00,17.270,34.575,0.688,6.80
2023-09-01 00:00:00,16.800,34.256,0.685,6.80
2023-09-01 01:00:00,16.390,34.256,0.684,6.80
2023-09-01 02:00:00,15.810,34.256,0.673,6.80
2023-09-01 03:00:00,16.000,34.256,0.679,6.80
2023-09-01 04:00:00,15.380,34.256,0.672,6.80
2023-09-01 05:00:00,14.860,34.256,0.753,6.80
2023-09-01 06:00:00,15.270,34.256,27.140,6.80
2023-09-01 07:00:00,18.320,34.256,206.900,6.80
2023-09-01 08:00:00,22.410,34.256,487.200,6.80
2023-09-01 09:00:00,24.260,34.256,765.200,6.80
2023-09-01 10:00:00,24.860,34.256,939.000,6.80
2023-09-01 11:00:00,25.420,34.256,1070.000,6.80
2023-09-01 12:00:00,25.950,34.256,1281.000,6.80
2023-09-01 13:00:00,26.210,34.256,1275.000,6.80
2023-09-01 14:00:00,26.160,34.256,1184.000,6.80
2023-09-01 15:00:00,25.960,34.256,1001.000,6.80
2023-09-01 16:00:00,25.760,34.256,749.400,6.80
2023-09-01 17:00:00,25.410,34.256,464.100,6.80
2023-09-01 18:00:00,24.480,34.256,176.400,6.80
2023-09-01 19:00:00,22.360,34.256,10.300,6.80
2023-09-01 20:00:00,19.540,34.256,0.731,6.80
2023-09-01 21:00:00,18.000,34.256,0.710,6.80
2023-09-01 22:00:00,16.480,34.256,0.711,6.80
2023-09-01 23:00:00,15.930,34.256,0.705,6.80
2023-09-02 00:00:00,15.580,34.019,0.703,6.80
2023-09-02 01:00:00,15.330,34.019,0.700,6.80
2023-09-02 02:00:00,15.210,34.019,0.701,6.80
2023-09-02 03:00:00,14.500,34.019,0.700,6.80
2023-09-02 04:00:00,14.350,34.019,0.732,6.80
2023-09-02 05:00:00,14.680,34.019,0.767,6.80
2023-09-02 06:00:00,14.910,34.019,32.070,6.80
2023-09-02 07:00:00,18.350,34.019,230.300,6.80
2023-09-02 08:00:00,22.740,34.019,511.700,6.80
2023-09-02 09:00:00,24.580,34.019,788.900,6.80
2023-09-02 10:00:00,25.520,34.019,1007.000,6.80
2023-09-02 11:00:00,25.990,34.019,1159.000,6.80
2023-09-02 12:00:00,26.330,34.019,1272.000,6.80
2023-09-02 13:00:00,26.300,34.019,1277.000,6.80
2023-09-02 14:00:00,26.560,34.019,1163.000,6.80
2023-09-02 15:00:00,26.290,34.019,888.000,6.80
2023-09-02 16:00:00,25.870,34.019,610.400,6.80
2023-09-02 17:00:00,25.360,34.019,392.100,6.80
2023-09-02 18:00:00,24.160,34.019,128.800,6.80
2023-09-02 19:00:00,22.680,34.019,8.520,6.80
2023-09-02 20:00:00,21.170,34.019,0.757,6.80
2023-09-02 21:00:00,19.520,34.019,0.712,6.80
2023-09-02 22:00:00,17.910,34.019,0.530,6.80
2023-09-02 23:00:00,17.320,34.019,0.425,6.80
2023-09-03 00:00:00,17.580,33.789,0.524,6.80
2023-09-03 01:00:00,17.130,33.789,0.468,6.80
2023-09-03 02:00:00,17.250,33.789,0.401,6.80
2023-09-03 03:00:00,16.970,33.789,0.355,6.80
2023-09-03 04:00:00,16.580,33.789,0.267,6.80
2023-09-03 05:00:00,16.040,33.789,0.058,6.80
2023-09-03 06:00:00,15.850,33.789,25.450,6.80
2023-09-03 07:00:00,18.110,33.789,197.400,6.80
2023-09-03 08:00:00,22.500,33.789,477.500,6.80
2023-09-03 09:00:00,24.650,33.789,755.000,6.80
2023-09-03 10:00:00,25.560,33.789,992.000,6.80
2023-09-03 11:00:00,26.690,33.789,1102.000,6.80
2023-09-03 12:00:00,27.440,33.789,1149.000,6.80
2023-09-03 13:00:00,27.960,33.789,1129.000,6.80
2023-09-03 14:00:00,27.180,33.789,837.000,6.80
2023-09-03 15:00:00,27.010,33.789,924.000,6.80
2023-09-03 16:00:00,26.930,33.789,677.800,6.80
2023-09-03 17:00:00,25.820,33.789,363.300,6.80
2023-09-03 18:00:00,24.880,33.789,146.300,6.80
2023-09-03 19:00:00,23.720,33.789,7.560,6.80
2023-09-03 20:00:00,23.480,33.789,0.766,6.80
2023-09-03 21:00:00,22.700,33.789,0.732,6.80
2023-09-03 22:00:00,22.690,33.789,0.703,6.80
2023-09-03 23:00:00,21.030,33.789,0.691,6.80
2023-09-04 00:00:00,20.700,33.582,0.701,6.80
2023-09-04 01:00:00,21.130,33.582,0.697,6.80
2023-09-04 02:00:00,21.980,33.582,0.753,6.80
2023-09-04 03:00:00,22.090,33.582,0.751,6.80
2023-09-04 04:00:00,22.430,33.582,0.738,6.80
2023-09-04 05:00:00,23.500,33.582,0.787,6.80
2023-09-04 06:00:00,23.650,33.582,14.040,6.80
2023-09-04 07:00:00,23.820,33.582,107.300,6.80
2023-09-04 08:00:00,24.220,33.582,341.900,6.80
2023-09-04 09:00:00,24.700,33.582,706.600,6.80
2023-09-04 10:00:00,25.280,33.582,1003.000,6.80
2023-09-04 11:00:00,25.620,33.582,1162.000,6.80
2023-09-04 12:00:00,25.760,33.582,1251.000,6.80
2023-09-04 13:00:00,25.830,33.582,1247.000,6.80
2023-09-04 14:00:00,25.770,33.582,1121.000,6.80
2023-09-04 15:00:00,25.710,33.582,963.000,6.80
2023-09-04 16:00:00,25.210,33.582,643.700,6.80
2023-09-04 17:00:00,24.980,33.582,433.100,6.80
2023-09-04 18:00:00,23.880,33.582,87.200,6.80
2023-09-04 19:00:00,23.070,33.582,6.623,6.80
2023-09-04 20:00:00,22.990,33.582,0.766,6.80
2023-09-04 21:00:00,23.160,33.582,0.763,6.80
2023-09-04 22:00:00,22.730,33.582,0.759,6.80
2023-09-04 23:00:00,22.610,33.582,0.763,6.80
2023-09-05 00:00:00,22.670,33.337,0.758,6.80
2023-09-05 01:00:00,22.460,33.337,0.754,6.80
2023-09-05 02:00:00,22.400,33.337,0.749,6.80
2023-09-05 03:00:00,22.210,33.337,0.754,6.80
2023-09-05 04:00:00,21.030,33.337,0.742,6.80
2023-09-05 05:00:00,20.080,33.337,0.736,6.80
2023-09-05 06:00:00,19.760,33.337,25.540,6.80
2023-09-05 07:00:00,22.180,33.337,215.700,6.80
2023-09-05 08:00:00,24.090,33.337,500.200,6.80
2023-09-05 09:00:00,24.880,33.337,774.700,6.80
2023-09-05 10:00:00,25.500,33.337,977.000,6.80
2023-09-05 11:00:00,25.830,33.337,1114.000,6.80
2023-09-05 12:00:00,26.250,33.337,1228.000,6.80
2023-09-05 13:00:00,26.300,33.337,1178.000,6.80
2023-09-05 14:00:00,26.470,33.337,1129.000,6.80
2023-09-05 15:00:00,26.570,33.337,968.000,6.80
2023-09-05 16:00:00,25.850,33.337,515.200,6.80
2023-09-05 17:00:00,26.080,33.337,409.000,6.80
2023-09-05 18:00:00,25.000,33.337,131.900,6.80
2023-09-05 19:00:00,23.510,33.337,7.182,6.80
2023-09-05 20:00:00,22.350,33.337,0.782,6.80
2023-09-05 21:00:00,21.670,33.337,0.796,6.80
2023-09-05 22:00:00,20.540,33.337,0.821,6.80
2023-09-05 23:00:00,21.960,33.337,0.837,6.80
2023-09-06 00:00:00,23.450,33.148,0.768,6.80
2023-09-06 01:00:00,23.550,33.148,0.765,6.80
2023-09-06 02:00:00,23.440,33.148,0.755,6.80
2023-09-06 03:00:00,22.660,33.148,0.762,6.80
2023-09-06 04:00:00,22.770,33.148,0.763,6.80
2023-09-06 05:00:00,22.410,33.148,0.772,6.80
2023-09-06 06:00:00,21.900,33.148,21.740,6.80
2023-09-06 07:00:00,23.170,33.148,198.200,6.80
2023-09-06 08:00:00,25.130,33.148,497.500,6.80
2023-09-06 09:00:00,25.220,33.148,541.700,6.80
2023-09-06 10:00:00,25.450,33.148,697.900,6.80
2023-09-06 11:00:00,25.730,33.148,896.000,6.80
2023-09-06 12:00:00,26.670,33.148,1280.000,6.80
2023-09-06 13:00:00,27.330,33.148,1318.000,6.80
2023-09-06 14:00:00,27.040,33.148,1027.000,6.80
2023-09-06 15:00:00,27.130,33.148,861.000,6.80
2023-09-06 16:00:00,26.770,33.148,703.000,6.80
2023-09-06 17:00:00,25.810,33.148,419.700,6.80
2023-09-06 18:00:00,24.410,33.148,89.800,6.80
2023-09-06 19:00:00,23.230,33.148,5.827,6.80
2023-09-06 20:00:00,22.220,33.148,0.811,6.80
2023-09-06 21:00:00,22.210,33.148,0.917,6.80
2023-09-06 22:00:00,22.960,33.148,1.200,6.80
2023-09-06 23:00:00,23.230,33.148,1.170,6.80
2023-09-07 00:00:00,23.140,32.960,1.492,6.80
2023-09-07 01:00:00,23.050,32.960,1.519,6.80
2023-09-07 02:00:00,23.100,32.960,1.485,6.80
2023-09-07 03:00:00,23.060,32.960,1.639,6.80
2023-09-07 04:00:00,22.970,32.960,1.646,6.80
2023-09-07 05:00:00,22.770,32.960,1.657,6.80
2023-09-07 06:00:00,23.020,32.960,8.270,6.80
2023-09-07 07:00:00,23.750,32.960,66.260,6.80
2023-09-07 08:00:00,24.780,32.960,349.500,6.80
2023-09-07 09:00:00,25.030,32.960,321.100,6.80
2023-09-07 10:00:00,25.410,32.960,520.300,6.80
2023-09-07 11:00:00,26.650,32.960,1048.000,6.80
2023-09-07 12:00:00,25.920,32.960,756.200,6.80
2023-09-07 13:00:00,26.380,32.960,977.000,6.80
2023-09-07 14:00:00,26.600,32.960,1037.000,6.80
2023-09-07 15:00:00,26.510,32.960,882.000,6.80
2023-09-07 16:00:00,26.540,32.960,678.700,6.80
2023-09-07 17:00:00,25.670,32.960,288.900,6.80
2023-09-07 18:00:00,24.460,32.960,61.100,6.80
2023-09-07 19:00:00,23.570,32.960,2.996,6.80
2023-09-07 20:00:00,23.210,32.960,1.521,6.80
2023-09-07 21:00:00,22.630,32.960,1.751,6.80
2023-09-07 22:00:00,22.340,32.960,1.531,6.80
2023-09-07 23:00:00,22.000,32.960,1.922,6.80
2023-09-08 00:00:00,21.430,32.800,1.730,6.80
2023-09-08 01:00:00,21.230,32.800,1.191,6.80
2023-09-08 02:00:00,21.230,32.800,0.995,6.80
2023-09-08 03:00:00,19.960,32.800,0.633,6.80
2023-09-08 04:00:00,20.930,32.800,0.000,6.80
2023-09-08 05:00:00,19.980,32.800,0.000,6.80
2023-09-08 06:00:00,18.380,32.800,15.990,6.80
2023-09-08 07:00:00,19.790,32.800,158.500,6.80
2023-09-08 08:00:00,23.000,32.800,375.800,6.80
2023-09-08 09:00:00,24.270,32.800,507.300,6.80
2023-09-08 10:00:00,25.400,32.800,903.000,6.80
2023-09-08 11:00:00,26.390,32.800,1099.000,6.80
2023-09-08 12:00:00,26.770,32.800,1179.000,6.80
2023-09-08 13:00:00,27.490,32.800,1194.000,6.80
2023-09-08 14:00:00,27.130,32.800,1096.000,6.80
2023-09-08 15:00:00,27.180,32.800,911.000,6.80
2023-09-08 16:00:00,27.130,32.800,658.600,6.80
2023-09-08 17:00:00,26.020,32.800,373.000,6.80
2023-09-08 18:00:00,24.250,32.800,112.900,6.80
2023-09-08 19:00:00,22.970,32.800,3.608,6.80
2023-09-08 20:00:00,22.180,32.800,0.000,6.80
2023-09-08 21:00:00,21.630,32.800,0.000,6.80
2023-09-08 22:00:00,21.760,32.800,0.000,6.80
2023-09-08 23:00:00,21.540,32.800,0.000,6.80
2023-09-09 00:00:00,20.480,32.667,0.000,6.80
2023-09-09 01:00:00,19.550,32.667,0.000,6.80
2023-09-09 02:00:00,18.730,32.667,0.000,6.80
2023-09-09 03:00:00,18.310,32.667,0.000,6.80
2023-09-09 04:00:00,17.350,32.667,0.000,6.80
2023-09-09 05:00:00,17.920,32.667,0.000,6.80
2023-09-09 06:00:00,18.540,32.667,17.790,6.80
2023-09-09 07:00:00,20.490,32.667,177.300,6.80
2023-09-09 08:00:00,22.910,32.667,424.900,6.80
2023-09-09 09:00:00,24.430,32.667,680.600,6.80
2023-09-09 10:00:00,25.300,32.667,939.000,6.80
2023-09-09 11:00:00,25.700,32.667,1094.000,6.80
2023-09-09 12:00:00,25.800,32.667,1010.000,6.80
2023-09-09 13:00:00,26.300,32.667,1174.000,6.80
2023-09-09 14:00:00,26.800,32.667,1077.000,6.80
2023-09-09 15:00:00,26.920,32.667,866.000,6.80
2023-09-09 16:00:00,26.910,32.667,662.000,6.80
2023-09-09 17:00:00,25.940,32.667,358.400,6.80
2023-09-09 18:00:00,24.660,32.667,102.300,6.80
2023-09-09 19:00:00,22.810,32.667,3.209,6.80
2023-09-09 20:00:00,21.690,32.667,0.000,6.80
2023-09-09 21:00:00,20.520,32.667,0.000,6.80
2023-09-09 22:00:00,19.710,32.667,0.000,6.80
2023-09-09 23:00:00,18.320,32.667,0.000,6.80
2023-09-10 00:00:00,17.650,32.510,0.000,6.80
2023-09-10 01:00:00,17.910,32.510,0.000,6.80
2023-09-10 02:00:00,17.820,32.510,0.000,6.80
2023-09-10 03:00:00,17.060,32.510,0.000,6.80
2023-09-10 04:00:00,15.510,32.510,0.000,6.80
2023-09-10 05:00:00,14.860,32.510,0.000,6.80
2023-09-10 06:00:00,14.720,32.510,11.620,6.80
2023-09-10 07:00:00,17.970,32.510,164.900,6.80
2023-09-10 08:00:00,22.510,32.510,436.000,6.80
2023-09-10 09:00:00,24.250,32.510,705.400,6.80
2023-09-10 10:00:00,25.130,32.510,938.000,6.80
2023-09-10 11:00:00,25.730,32.510,1104.000,6.80
2023-09-10 12:00:00,25.860,32.510,1093.000,6.80
2023-09-10 13:00:00,26.180,32.510,1127.000,6.80
2023-09-10 14:00:00,26.590,32.510,1079.000,6.80
2023-09-10 15:00:00,26.760,32.510,908.000,6.80
2023-09-10 16:00:00,26.460,32.510,659.500,6.80
2023-09-10 17:00:00,25.670,32.510,377.600,6.80
2023-09-10 18:00:00,24.150,32.510,109.900,6.80
2023-09-10 19:00:00,22.210,32.510,0.000,6.80
2023-09-10 20:00:00,21.180,32.510,0.000,6.80
2023-09-10 21:00:00,19.440,32.510,0.000,6.80
2023-09-10 22:00:00,17.980,32.510,0.000,6.80
2023-09-10 23:00:00,18.200,32.510,0.000,6.80
2023-09-11 00:00:00,17.750,32.412,0.000,6.80
2023-09-11 01:00:00,17.030,32.412,0.000,6.80
2023-09-11 02:00:00,16.850,32.412,0.000,6.80
2023-09-11 03:00:00,16.280,32.412,0.000,6.80
2023-09-11 04:00:00,15.760,32.412,0.000,6.80
2023-09-11 05:00:00,14.750,32.412,0.000,6.80
2023-09-11 06:00:00,14.110,32.412,11.100,6.80
2023-09-11 07:00:00,17.280,32.412,168.900,6.80
2023-09-11 08:00:00,22.900,32.412,435.800,6.80
2023-09-11 09:00:00,24.930,32.412,710.900,6.80
2023-09-11 10:00:00,25.890,32.412,941.000,6.80
2023-09-11 11:00:00,26.410,32.412,1102.000,6.80
2023-09-11 12:00:00,27.090,32.412,1188.000,6.80
2023-09-11 13:00:00,27.590,32.412,1177.000,6.80
2023-09-11 14:00:00,27.130,32.412,1075.000,6.80
2023-09-11 15:00:00,27.400,32.412,897.000,6.80
2023-09-11 16:00:00,27.250,32.412,645.400,6.80
2023-09-11 17:00:00,26.230,32.412,361.500,6.80
2023-09-11 18:00:00,25.140,32.412,104.100,6.80
2023-09-11 19:00:00,22.460,32.412,0.224,6.80
2023-09-11 20:00:00,19.820,32.412,0.000,6.80
2023-09-11 21:00:00,18.340,32.412,0.000,6.80
2023-09-11 22:00:00,17.870,32.412,0.000,6.80
2023-09-11 23:00:00,16.770,32.412,0.000,6.80
2023-09-12 00:00:00,16.430,32.339,0.000,6.80
2023-09-12 01:00:00,16.230,32.339,0.000,6.80
2023-09-12 02:00:00,15.650,32.339,0.000,6.80
2023-09-12 03:00:00,15.260,32.339,0.000,6.80
2023-09-12 04:00:00,15.110,32.339,0.000,6.80
2023-09-12 05:00:00,14.290,32.339,0.000,6.80
2023-09-12 06:00:00,14.520,32.339,12.440,6.80
2023-09-12 07:00:00,17.280,32.339,173.800,6.80
2023-09-12 08:00:00,22.140,32.339,446.500,6.80
2023-09-12 09:00:00,26.420,32.339,723.300,6.80
2023-09-12 10:00:00,29.650,32.339,965.000,6.80
2023-09-12 11:00:00,29.680,32.339,1123.000,6.80
2023-09-12 12:00:00,28.610,32.339,1197.000,6.80
2023-09-12 13:00:00,29.490,32.339,1187.000,6.80
2023-09-12 14:00:00,30.530,32.339,1088.000,6.80
2023-09-12 15:00:00,30.890,32.339,899.000,6.80
2023-09-12 16:00:00,30.550,32.339,637.100,6.80
2023-09-12 17:00:00,30.130,32.339,361.200,6.80
2023-09-12 18:00:00,28.670,32.339,99.000,6.80
2023-09-12 19:00:00,25.710,32.339,3.180,6.80
2023-09-12 20:00:00,23.830,32.339,0.776,6.80
2023-09-12 21:00:00,22.960,32.339,0.766,6.80
2023-09-12 22:00:00,22.190,32.339,0.763,6.80
2023-09-12 23:00:00,21.630,32.339,0.751,6.80
2023-09-13 00:00:00,20.870,32.237,0.745,6.80
2023-09-13 01:00:00,20.140,32.237,0.603,6.80
2023-09-13 02:00:00,19.510,32.237,0.611,6.80
2023-09-13 03:00:00,18.610,32.237,0.332,6.80
2023-09-13 04:00:00,18.000,32.237,0.228,6.80
2023-09-13 05:00:00,17.080,32.237,0.000,6.80
2023-09-13 06:00:00,16.630,32.237,14.240,6.80
2023-09-13 07:00:00,18.360,32.237,166.000,6.80
2023-09-13 08:00:00,23.570,32.237,438.400,6.80
2023-09-13 09:00:00,27.480,32.237,718.600,6.80
2023-09-13 10:00:00,28.680,32.237,949.000,6.80
2023-09-13 11:00:00,29.280,32.237,1107.000,6.80
2023-09-13 12:00:00,28.530,32.237,1081.000,6.80
2023-09-13 13:00:00,28.810,32.237,1136.000,6.80
2023-09-13 14:00:00,28.860,32.237,938.000,6.80
2023-09-13 15:00:00,27.980,32.237,675.600,6.80
2023-09-13 16:00:00,27.310,32.237,439.400,6.80
2023-09-13 17:00:00,27.190,32.237,335.700,6.80
2023-09-13 18:00:00,25.550,32.237,52.020,6.80
2023-09-13 19:00:00,23.220,32.237,1.994,6.80
2023-09-13 20:00:00,23.340,32.237,0.754,6.80
2023-09-13 21:00:00,22.770,32.237,0.688,6.80
2023-09-13 22:00:00,21.620,32.237,0.333,6.80
2023-09-13 23:00:00,21.040,32.237,0.000,6.80
2023-09-14 00:00:00,20.610,31.995,0.000,6.80
2023-09-14 01:00:00,19.390,31.995,0.000,6.80
2023-09-14 02:00:00,18.180,31.995,0.000,6.80
2023-09-14 03:00:00,17.310,31.995,0.000,6.80
2023-09-14 04:00:00,17.110,31.995,0.000,6.80
2023-09-14 05:00:00,16.860,31.995,0.000,6.80
2023-09-14 06:00:00,16.520,31.995,6.358,6.80
2023-09-14 07:00:00,18.740,31.995,125.400,6.80
2023-09-14 08:00:00,23.130,31.995,295.800,6.80
2023-09-14 09:00:00,24.450,31.995,428.200,6.80
2023-09-14 10:00:00,25.070,31.995,371.700,6.80
2023-09-14 11:00:00,24.450,31.995,304.300,6.80
2023-09-14 12:00:00,25.210,31.995,575.000,6.80
2023-09-14 13:00:00,26.230,31.995,1003.000,6.80
2023-09-14 14:00:00,26.700,31.995,980.000,6.80
2023-09-14 15:00:00,26.910,31.995,848.000,6.80
2023-09-14 16:00:00,26.640,31.995,479.000,6.80
2023-09-14 17:00:00,25.660,31.995,251.200,6.80
2023-09-14 18:00:00,24.090,31.995,51.910,6.80
2023-09-14 19:00:00,22.400,31.995,0.000,6.80
2023-09-14 20:00:00,21.350,31.995,0.000,6.80
2023-09-14 21:00:00,20.970,31.995,0.000,6.80
2023-09-14 22:00:00,20.530,31.995,0.000,6.80
2023-09-14 23:00:00,19.940,31.995,0.000,6.80
2023-09-15 00:00:00,19.640,31.910,0.000,6.80
2023-09-15 01:00:00,19.140,31.910,0.000,6.80
2023-09-15 02:00:00,19.260,31.910,0.000,6.80
2023-09-15 03:00:00,19.680,31.910,0.000,6.80
2023-09-15 04:00:00,20.080,31.910,0.000,6.80
2023-09-15 05:00:00,19.540,31.910,0.000,6.80
2023-09-15 06:00:00,18.440,31.910,3.008,6.80
2023-09-15 07:00:00,19.220,31.910,136.200,6.80
2023-09-15 08:00:00,22.270,31.910,357.500,6.80
2023-09-15 09:00:00,24.270,31.910,657.200,6.80
2023-09-15 10:00:00,25.870,31.910,910.000,6.80
2023-09-15 11:00:00,26.790,31.910,1053.000,6.80
2023-09-15 12:00:00,26.840,31.910,1128.000,6.80
2023-09-15 13:00:00,26.830,31.910,1128.000,6.80
2023-09-15 14:00:00,26.530,31.910,972.000,6.80
2023-09-15 15:00:00,25.980,31.910,686.400,6.80
2023-09-15 16:00:00,24.730,31.910,258.900,6.80
2023-09-15 17:00:00,24.710,31.910,251.300,6.80
2023-09-15 18:00:00,23.820,31.910,55.040,6.80
2023-09-15 19:00:00,22.420,31.910,1.527,6.80
2023-09-15 20:00:00,21.310,31.910,0.451,6.80
2023-09-15 21:00:00,20.000,31.910,0.217,6.80
2023-09-15 22:00:00,18.650,31.910,0.017,6.80
2023-09-15 23:00:00,18.080,31.910,0.000,6.80
2023-09-16 00:00:00,17.470,31.903,0.000,6.80
2023-09-16 01:00:00,17.170,31.903,0.000,6.80
2023-09-16 02:00:00,17.400,31.903,0.000,6.80
2023-09-16 03:00:00,17.360,31.903,0.000,6.80
2023-09-16 04:00:00,17.250,31.903,0.000,6.80
2023-09-16 05:00:00,17.090,31.903,0.000,6.80
2023-09-16 06:00:00,16.840,31.903,7.287,6.80
2023-09-16 07:00:00,18.440,31.903,134.300,6.80
2023-09-16 08:00:00,22.340,31.903,391.800,6.80
2023-09-16 09:00:00,24.500,31.903,599.500,6.80
2023-09-16 10:00:00,24.350,31.903,453.500,6.80
2023-09-16 11:00:00,24.760,31.903,677.800,6.80
2023-09-16 12:00:00,25.660,31.903,1035.000,6.80
2023-09-16 13:00:00,26.020,31.903,1006.000,6.80
2023-09-16 14:00:00,25.640,31.903,949.000,6.80
2023-09-16 15:00:00,25.130,31.903,613.900,6.80
2023-09-16 16:00:00,24.390,31.903,243.400,6.80
2023-09-16 17:00:00,24.080,31.903,141.100,6.80
2023-09-16 18:00:00,23.540,31.903,33.910,6.80
2023-09-16 19:00:00,22.930,31.903,0.707,6.80
2023-09-16 20:00:00,22.300,31.903,0.000,6.80
2023-09-16 21:00:00,21.860,31.903,0.000,6.80
2023-09-16 22:00:00,21.490,31.903,0.000,6.80
2023-09-16 23:00:00,20.520,31.903,0.000,6.80
2023-09-17 00:00:00,19.620,31.882,0.000,6.80
2023-09-17 01:00:00,18.900,31.882,0.000,6.80
2023-09-17 02:00:00,18.390,31.882,0.000,6.80
2023-09-17 03:00:00,18.430,31.882,0.000,6.80
2023-09-17 04:00:00,17.640,31.882,0.000,6.80
2023-09-17 05:00:00,17.480,31.882,0.000,6.80
2023-09-17 06:00:00,17.090,31.882,5.297,6.80
2023-09-17 07:00:00,18.600,31.882,126.100,6.80
2023-09-17 08:00:00,22.230,31.882,377.700,6.80
2023-09-17 09:00:00,24.790,31.882,648.600,6.80
2023-09-17 10:00:00,26.010,31.882,888.000,6.80
2023-09-17 11:00:00,26.650,31.882,1043.000,6.80
2023-09-17 12:00:00,27.180,31.882,1104.000,6.80
2023-09-17 13:00:00,27.320,31.882,1109.000,6.80
2023-09-17 14:00:00,27.610,31.882,1015.000,6.80
2023-09-17 15:00:00,27.980,31.882,820.000,6.80
2023-09-17 16:00:00,27.800,31.882,582.300,6.80
2023-09-17 17:00:00,27.400,31.882,359.800,6.80
2023-09-17 18:00:00,25.560,31.882,72.930,6.80
2023-09-17 19:00:00,22.960,31.882,1.300,6.80
2023-09-17 20:00:00,20.960,31.882,0.664,6.80
2023-09-17 21:00:00,19.220,31.882,0.569,6.80
2023-09-17 22:00:00,18.400,31.882,0.507,6.80
2023-09-17 23:00:00,18.880,31.882,0.578,6.80
2023-09-18 00:00:00,18.870,32.064,0.592,6.80
2023-09-18 01:00:00,17.950,32.064,0.466,6.80
2023-09-18 02:00:00,17.470,32.064,0.415,6.80
2023-09-18 03:00:00,17.060,32.064,0.381,6.80
2023-09-18 04:00:00,16.820,32.064,0.383,6.80
2023-09-18 05:00:00,17.030,32.064,0.429,6.80
2023-09-18 06:00:00,17.730,32.064,11.610,6.80
2023-09-18 07:00:00,19.510,32.064,138.600,6.80
2023-09-18 08:00:00,23.810,32.064,379.700,6.80
2023-09-18 09:00:00,27.810,32.064,641.400,6.80
2023-09-18 10:00:00,29.490,32.064,876.000,6.80
2023-09-18 11:00:00,30.560,32.064,1036.000,6.80
2023-09-18 12:00:00,30.000,32.064,1097.000,6.80
2023-09-18 13:00:00,29.950,32.064,1085.000,6.80
2023-09-18 14:00:00,29.770,32.064,973.000,6.80
2023-09-18 15:00:00,29.790,32.064,747.500,6.80
2023-09-18 16:00:00,29.050,32.064,477.800,6.80
2023-09-18 17:00:00,27.720,32.064,180.100,6.80
2023-09-18 18:00:00,26.270,32.064,47.170,6.80
2023-09-18 19:00:00,24.260,32.064,1.013,6.80
2023-09-18 20:00:00,23.120,32.064,0.705,6.80
2023-09-18 21:00:00,22.490,32.064,0.715,6.80
2023-09-18 22:00:00,22.500,32.064,0.731,6.80
2023-09-18 23:00:00,23.320,32.064,0.760,6.80
2023-09-19 00:00:00,23.450,32.036,0.761,6.80
2023-09-19 01:00:00,23.070,32.036,0.749,6.80
2023-09-19 02:00:00,24.740,32.036,0.792,6.80
2023-09-19 03:00:00,24.170,32.036,0.798,6.80
2023-09-19 04:00:00,22.190,32.036,0.775,6.80
2023-09-19 05:00:00,21.470,32.036,0.758,6.80
2023-09-19 06:00:00,20.280,32.036,9.710,6.80
2023-09-19 07:00:00,22.480,32.036,142.900,6.80
2023-09-19 08:00:00,26.500,32.036,354.500,6.80
2023-09-19 09:00:00,30.050,32.036,649.500,6.80
2023-09-19 10:00:00,32.880,32.036,873.000,6.80
2023-09-19 11:00:00,33.530,32.036,1024.000,6.80
2023-09-19 12:00:00,33.380,32.036,1117.000,6.80
2023-09-19 13:00:00,33.760,32.036,1066.000,6.80
2023-09-19 14:00:00,32.710,32.036,866.000,6.80
2023-09-19 15:00:00,32.660,32.036,710.100,6.80
2023-09-19 16:00:00,33.080,32.036,542.200,6.80
2023-09-19 17:00:00,32.010,32.036,228.600,6.80
2023-09-19 18:00:00,29.780,32.036,51.360,6.80
2023-09-19 19:00:00,26.830,32.036,1.026,6.80
2023-09-19 20:00:00,24.220,32.036,0.787,6.80
2023-09-19 21:00:00,23.290,32.036,0.776,6.80
2023-09-19 22:00:00,23.080,32.036,0.751,6.80
2023-09-19 23:00:00,21.680,32.036,0.731,6.80
2023-09-20 00:00:00,20.670,31.994,0.720,6.80
2023-09-20 01:00:00,21.280,31.994,0.723,6.80
2023-09-20 02:00:00,20.820,31.994,0.711,6.80
2023-09-20 03:00:00,20.520,31.994,0.629,6.80
2023-09-20 04:00:00,19.690,31.994,0.394,6.80
2023-09-20 05:00:00,20.120,31.994,0.000,6.80
2023-09-20 06:00:00,21.140,31.994,4.217,6.80
2023-09-20 07:00:00,22.380,31.994,122.200,6.80
2023-09-20 08:00:00,23.540,31.994,212.700,6.80
2023-09-20 09:00:00,24.660,31.994,431.200,6.80
2023-09-20 10:00:00,26.150,31.994,611.900,6.80
2023-09-20 11:00:00,27.900,31.994,1006.000,6.80
2023-09-20 12:00:00,28.950,31.994,970.000,6.80
2023-09-20 13:00:00,28.060,31.994,700.700,6.80
2023-09-20 14:00:00,26.420,31.994,440.800,6.80
2023-09-20 15:00:00,26.280,31.994,408.200,6.80
2023-09-20 16:00:00,25.630,31.994,174.900,6.80
2023-09-20 17:00:00,25.620,31.994,62.790,6.80
2023-09-20 18:00:00,25.310,31.994,16.230,6.80
2023-09-20 19:00:00,24.170,31.994,0.778,6.80
2023-09-20 20:00:00,23.370,31.994,0.468,6.80
2023-09-20 21:00:00,23.830,31.994,0.687,6.80
2023-09-20 22:00:00,24.740,31.994,0.799,6.80
2023-09-20 23:00:00,24.480,31.994,0.798,6.80
2023-09-21 00:00:00,23.590,31.744,0.760,6.80
2023-09-21 01:00:00,22.990,31.744,0.759,6.80
2023-09-21 02:00:00,21.950,31.744,0.735,6.80
2023-09-21 03:00:00,22.820,31.744,0.761,6.80
2023-09-21 04:00:00,22.010,31.744,0.732,6.80
2023-09-21 05:00:00,21.970,31.744,0.722,6.80
2023-09-21 06:00:00,22.090,31.744,6.009,6.80
2023-09-21 07:00:00,23.150,31.744,99.200,6.80
2023-09-21 08:00:00,24.980,31.744,173.300,6.80
2023-09-21 09:00:00,23.140,31.744,346.900,6.80
2023-09-21 10:00:00,24.560,31.744,314.200,6.80
2023-09-21 11:00:00,25.720,31.744,327.500,6.80
2023-09-21 12:00:00,27.980,31.744,965.000,6.80
2023-09-21 13:00:00,29.070,31.744,971.000,6.80
2023-09-21 14:00:00,28.010,31.744,706.800,6.80
2023-09-21 15:00:00,28.160,31.744,416.800,6.80
2023-09-21 16:00:00,29.080,31.744,268.700,6.80
2023-09-21 17:00:00,28.240,31.744,188.400,6.80
2023-09-21 18:00:00,26.940,31.744,52.790,6.80
2023-09-21 19:00:00,25.460,31.744,0.969,6.80
2023-09-21 20:00:00,24.570,31.744,0.746,6.80
2023-09-21 21:00:00,24.160,31.744,0.692,6.80
2023-09-21 22:00:00,23.970,31.744,0.399,6.80
2023-09-21 23:00:00,24.110,31.744,0.066,6.80
2023-09-22 00:00:00,23.950,31.488,0.000,6.80
2023-09-22 01:00:00,23.780,31.488,0.000,6.80
2023-09-22 02:00:00,23.920,31.488,0.031,6.80
2023-09-22 03:00:00,23.640,31.488,0.033,6.80
2023-09-22 04:00:00,23.130,31.488,0.000,6.80
2023-09-22 05:00:00,23.400,31.488,0.000,6.80
2023-09-22 06:00:00,23.070,31.488,6.585,6.80
2023-09-22 07:00:00,24.710,31.488,137.900,6.80
2023-09-22 08:00:00,26.850,31.488,282.100,6.80
2023-09-22 09:00:00,29.330,31.488,605.000,6.80
2023-09-22 10:00:00,31.050,31.488,814.000,6.80
2023-09-22 11:00:00,32.160,31.488,772.300,6.80
2023-09-22 12:00:00,32.500,31.488,564.200,6.80
2023-09-22 13:00:00,33.730,31.488,931.000,6.80
2023-09-22 14:00:00,34.870,31.488,951.000,6.80
2023-09-22 15:00:00,34.910,31.488,726.400,6.80
2023-09-22 16:00:00,33.740,31.488,423.800,6.80
2023-09-22 17:00:00,32.600,31.488,234.900,6.80
2023-09-22 18:00:00,29.730,31.488,38.020,6.80
2023-09-22 19:00:00,27.030,31.488,0.917,6.80
2023-09-22 20:00:00,25.660,31.488,0.793,6.80
2023-09-22 21:00:00,25.200,31.488,0.776,6.80
2023-09-22 22:00:00,25.380,31.488,0.779,6.80
2023-09-22 23:00:00,24.680,31.488,0.745,6.80
2023-09-23 00:00:00,25.070,31.570,0.764,6.80
2023-09-23 01:00:00,25.130,31.570,0.775,6.80
2023-09-23 02:00:00,24.270,31.570,0.679,6.80
2023-09-23 03:00:00,23.990,31.570,0.496,6.80
2023-09-23 04:00:00,23.890,31.570,0.388,6.80
2023-09-23 05:00:00,23.410,31.570,0.290,6.80
2023-09-23 06:00:00,23.220,31.570,6.851,6.80
2023-09-23 07:00:00,23.910,31.570,117.500,6.80
2023-09-23 08:00:00,25.590,31.570,351.900,6.80
2023-09-23 09:00:00,27.710,31.570,661.000,6.80
2023-09-23 10:00:00,29.990,31.570,777.000,6.80
2023-09-23 11:00:00,31.480,31.570,943.000,6.80
2023-09-23 12:00:00,31.100,31.570,467.600,6.80
2023-09-23 13:00:00,29.570,31.570,230.800,6.80
2023-09-23 14:00:00,28.350,31.570,389.500,6.80
2023-09-23 15:00:00,27.660,31.570,183.900,6.80
2023-09-23 16:00:00,21.230,31.570,91.400,6.80
2023-09-23 17:00:00,20.830,31.570,85.600,6.80
2023-09-23 18:00:00,21.260,31.570,37.430,6.80
2023-09-23 19:00:00,21.170,31.570,0.622,6.80
2023-09-23 20:00:00,21.250,31.570,0.603,6.80
2023-09-23 21:00:00,19.110,31.570,0.446,6.80
2023-09-23 22:00:00,17.050,31.570,0.618,6.80
2023-09-23 23:00:00,17.090,31.570,0.609,6.80
2023-09-24 00:00:00,16.880,33.651,0.688,6.80
2023-09-24 01:00:00,16.550,33.651,0.666,6.80
2023-09-24 02:00:00,16.200,33.651,0.690,6.80
2023-09-24 03:00:00,15.690,33.651,0.706,6.80
2023-09-24 04:00:00,15.360,33.651,0.702,6.80
2023-09-24 05:00:00,15.040,33.651,0.724,6.80
2023-09-24 06:00:00,14.980,33.651,6.335,6.80
2023-09-24 07:00:00,16.630,33.651,120.700,6.80
2023-09-24 08:00:00,18.120,33.651,299.800,6.80
2023-09-24 09:00:00,20.270,33.651,663.100,6.80
2023-09-24 10:00:00,21.540,33.651,805.000,6.80
2023-09-24 11:00:00,21.570,33.651,882.000,6.80
2023-09-24 12:00:00,21.940,33.651,919.000,6.80
2023-09-24 13:00:00,21.860,33.651,573.100,6.80
2023-09-24 14:00:00,21.560,33.651,734.200,6.80
2023-09-24 15:00:00,21.660,33.651,634.600,6.80
2023-09-24 16:00:00,21.040,33.651,313.500,6.80
2023-09-24 17:00:00,20.320,33.651,141.900,6.80
2023-09-24 18:00:00,19.900,33.651,41.150,6.80
2023-09-24 19:00:00,18.510,33.651,0.850,6.80
2023-09-24 20:00:00,17.900,33.651,0.786,6.80
2023-09-24 21:00:00,17.320,33.651,0.793,6.80
2023-09-24 22:00:00,16.390,33.651,0.816,6.80
2023-09-24 23:00:00,15.990,33.651,0.827,6.80
2023-09-25 00:00:00,15.780,33.381,0.836,6.80
2023-09-25 01:00:00,15.600,33.381,0.839,6.80
2023-09-25 02:00:00,15.370,33.381,0.845,6.80
2023-09-25 03:00:00,14.880,33.381,0.850,6.80
2023-09-25 04:00:00,14.460,33.381,0.855,6.80
2023-09-25 05:00:00,14.190,33.381,0.863,6.80
2023-09-25 06:00:00,13.840,33.381,6.197,6.80
2023-09-25 07:00:00,14.820,33.381,128.300,6.80
2023-09-25 08:00:00,16.890,33.381,383.100,6.80
2023-09-25 09:00:00,18.820,33.381,646.200,6.80
2023-09-25 10:00:00,20.520,33.381,860.000,6.80
2023-09-25 11:00:00,21.210,33.381,693.300,6.80
2023-09-25 12:00:00,21.690,33.381,744.100,6.80
2023-09-25 13:00:00,21.990,33.381,954.000,6.80
2023-09-25 14:00:00,22.110,33.381,759.800,6.80
2023-09-25 15:00:00,22.370,33.381,629.900,6.80
2023-09-25 16:00:00,21.830,33.381,401.900,6.80
2023-09-25 17:00:00,20.250,33.381,100.000,6.80
2023-09-25 18:00:00,19.410,33.381,14.680,6.80
2023-09-25 19:00:00,18.520,33.381,0.730,6.80
2023-09-25 20:00:00,17.830,33.381,0.680,6.80
2023-09-25 21:00:00,18.850,33.381,0.774,6.80
2023-09-25 22:00:00,18.840,33.381,0.855,6.80
2023-09-25 23:00:00,18.980,33.381,0.965,6.80
2023-09-26 00:00:00,19.040,33.569,1.085,6.80
2023-09-26 01:00:00,19.650,33.569,1.158,6.80
2023-09-26 02:00:00,19.590,33.569,1.372,6.80
2023-09-26 03:00:00,20.060,33.569,1.063,6.80
2023-09-26 04:00:00,20.310,33.569,1.161,6.80
2023-09-26 05:00:00,20.430,33.569,1.146,6.80
2023-09-26 06:00:00,20.790,33.569,4.370,6.80
2023-09-26 07:00:00,21.160,33.569,73.030,6.80
2023-09-26 08:00:00,21.750,33.569,148.400,6.80
2023-09-26 09:00:00,22.840,33.569,560.100,6.80
2023-09-26 10:00:00,23.730,33.569,855.000,6.80
2023-09-26 11:00:00,24.310,33.569,1004.000,6.80
2023-09-26 12:00:00,24.480,33.569,1006.000,6.80
2023-09-26 13:00:00,24.730,33.569,1053.000,6.80
2023-09-26 14:00:00,24.920,33.569,872.000,6.80
2023-09-26 15:00:00,24.840,33.569,687.800,6.80
2023-09-26 16:00:00,24.080,33.569,446.500,6.80
2023-09-26 17:00:00,23.310,33.569,218.000,6.80
2023-09-26 18:00:00,22.170,33.569,33.210,6.80
2023-09-26 19:00:00,21.330,33.569,1.063,6.80
2023-09-26 20:00:00,20.850,33.569,1.150,6.80
2023-09-26 21:00:00,20.870,33.569,1.156,6.80
2023-09-26 22:00:00,21.030,33.569,1.230,6.80
2023-09-26 23:00:00,20.820,33.569,1.206,6.80
2023-09-27 00:00:00,19.230,33.238,1.218,6.80
2023-09-27 01:00:00,18.710,33.238,1.226,6.80
2023-09-27 02:00:00,17.700,33.238,1.336,6.80
2023-09-27 03:00:00,17.720,33.238,1.198,6.80
2023-09-27 04:00:00,17.970,33.238,1.181,6.80
2023-09-27 05:00:00,18.170,33.238,1.216,6.80
2023-09-27 06:00:00,18.110,33.238,4.991,6.80
2023-09-27 07:00:00,18.640,33.238,110.400,6.80
2023-09-27 08:00:00,20.450,33.238,320.400,6.80
2023-09-27 09:00:00,21.960,33.238,575.200,6.80
2023-09-27 10:00:00,23.410,33.238,832.000,6.80
2023-09-27 11:00:00,24.220,33.238,983.000,6.80
2023-09-27 12:00:00,24.310,33.238,1026.000,6.80
2023-09-27 13:00:00,24.780,33.238,1052.000,6.80
2023-09-27 14:00:00,24.650,33.238,906.000,6.80
2023-09-27 15:00:00,24.100,33.238,555.900,6.80
2023-09-27 16:00:00,24.050,33.238,465.600,6.80
2023-09-27 17:00:00,22.770,33.238,178.500,6.80
2023-09-27 18:00:00,21.620,33.238,33.380,6.80
2023-09-27 19:00:00,20.210,33.238,0.923,6.80
2023-09-27 20:00:00,19.300,33.238,0.945,6.80
2023-09-27 21:00:00,18.360,33.238,1.178,6.80
2023-09-27 22:00:00,17.610,33.238,1.268,6.80
2023-09-27 23:00:00,17.150,33.238,1.438,6.80
2023-09-28 00:00:00,16.560,32.982,1.554,6.80
2023-09-28 01:00:00,16.500,32.982,1.618,6.80
2023-09-28 02:00:00,16.620,32.982,1.671,6.80
2023-09-28 03:00:00,16.380,32.982,1.600,6.80
2023-09-28 04:00:00,15.750,32.982,1.427,6.80
2023-09-28 05:00:00,14.880,32.982,0.893,6.80
2023-09-28 06:00:00,14.240,32.982,2.984,6.80
2023-09-28 07:00:00,15.140,32.982,95.600,6.80
2023-09-28 08:00:00,19.170,32.982,320.900,6.80
2023-09-28 09:00:00,21.720,32.982,590.100,6.80
2023-09-28 10:00:00,23.090,32.982,806.000,6.80
2023-09-28 11:00:00,23.680,32.982,968.000,6.80
2023-09-28 12:00:00,23.830,32.982,979.000,6.80
2023-09-28 13:00:00,23.820,32.982,831.000,6.80
2023-09-28 14:00:00,23.730,32.982,714.700,6.80
2023-09-28 15:00:00,23.900,32.982,743.200,6.80
2023-09-28 16:00:00,23.680,32.982,470.400,6.80
2023-09-28 17:00:00,23.040,32.982,210.100,6.80
2023-09-28 18:00:00,21.540,32.982,27.490,6.80
2023-09-28 19:00:00,19.880,32.982,0.276,6.80
2023-09-28 20:00:00,18.650,32.982,0.000,6.80
2023-09-28 21:00:00,18.170,32.982,0.000,6.80
2023-09-28 22:00:00,17.450,32.982,0.000,6.80
2023-09-28 23:00:00,17.210,32.982,0.000,6.80
2023-09-29 00:00:00,17.360,32.810,0.000,6.80
2023-09-29 01:00:00,17.440,32.810,0.000,6.80
2023-09-29 02:00:00,16.760,32.810,0.000,6.80
2023-09-29 03:00:00,16.230,32.810,0.000,6.80
2023-09-29 04:00:00,15.920,32.810,0.000,6.80
2023-09-29 05:00:00,15.990,32.810,0.000,6.80
2023-09-29 06:00:00,15.430,32.810,3.192,6.80
2023-09-29 07:00:00,15.870,32.810,94.600,6.80
2023-09-29 08:00:00,18.070,32.810,303.600,6.80
2023-09-29 09:00:00,21.050,32.810,570.000,6.80
2023-09-29 10:00:00,22.940,32.810,795.700,6.80
2023-09-29 11:00:00,23.550,32.810,950.000,6.80
2023-09-29 12:00:00,24.130,32.810,1026.000,6.80
2023-09-29 13:00:00,24.050,32.810,1009.000,6.80
2023-09-29 14:00:00,23.990,32.810,907.000,6.80
2023-09-29 15:00:00,23.970,32.810,727.500,6.80
2023-09-29 16:00:00,23.100,32.810,475.100,6.80
2023-09-29 17:00:00,22.230,32.810,205.700,6.80
2023-09-29 18:00:00,20.830,32.810,26.470,6.80
2023-09-29 19:00:00,19.110,32.810,0.845,6.80
2023-09-29 20:00:00,17.470,32.810,0.524,6.80
2023-09-29 21:00:00,17.010,32.810,0.454,6.80
2023-09-29 22:00:00,16.180,32.810,0.000,6.80
2023-09-29 23:00:00,15.970,32.810,0.134,6.80
2023-09-30 00:00:00,16.670,32.622,0.496,6.80
2023-09-30 01:00:00,17.300,32.622,0.599,6.80
2023-09-30 02:00:00,16.300,32.622,0.568,6.80
2023-09-30 03:00:00,16.120,32.622,0.514,6.80
2023-09-30 04:00:00,16.130,32.622,0.532,6.80
2023-09-30 05:00:00,15.760,32.622,0.549,6.80
2023-09-30 06:00:00,14.970,32.622,3.465,6.80
2023-09-30 07:00:00,15.440,32.622,90.100,6.80
2023-09-30 08:00:00,19.140,32.622,311.100,6.80
2023-09-30 09:00:00,21.820,32.622,580.500,6.80
2023-09-30 10:00:00,22.670,32.622,795.700,6.80
2023-09-30 11:00:00,23.360,32.622,954.000,6.80
2023-09-30 12:00:00,23.460,32.622,1027.000,6.80
2023-09-30 13:00:00,24.160,32.622,1008.000,6.80
2023-09-30 14:00:00,24.140,32.622,915.000,6.80
2023-09-30 15:00:00,23.690,32.622,713.800,6.80
2023-09-30 16:00:00,23.080,32.622,425.200,6.80
2023-09-30 17:00:00,21.920,32.622,130.000,6.80
2023-09-30 18:00:00,21.000,32.622,20.130,6.80
2023-09-30 19:00:00,19.900,32.622,0.834,6.80
2023-09-30 20:00:00,18.480,32.622,0.148,6.80
2023-09-30 21:00:00,16.620,32.622,0.000,6.80
2023-09-30 22:00:00,16.080,32.622,0.000,6.80
2023-09-30 23:00:00,15.700,32.622,0.000,6.80
2023-10-01 00:00:00,15.620,32.429,0.490,6.80
2023-10-01 01:00:00,16.060,32.429,0.673,6.80
2023-10-01 02:00:00,15.950,32.429,0.724,6.80
2023-10-01 03:00:00,15.990,32.429,0.743,6.80
2023-10-01 04:00:00,16.170,32.429,0.778,6.80
2023-10-01 05:00:00,15.870,32.429,0.821,6.80
2023-10-01 06:00:00,16.270,32.429,3.683,6.80
2023-10-01 07:00:00,17.070,32.429,90.100,6.80
2023-10-01 08:00:00,19.260,32.429,313.500,6.80
2023-10-01 09:00:00,21.250,32.429,557.500,6.80
2023-10-01 10:00:00,22.830,32.429,776.100,6.80
2023-10-01 11:00:00,23.450,32.429,922.000,6.80
2023-10-01 12:00:00,23.960,32.429,980.000,6.80
2023-10-01 13:00:00,24.280,32.429,962.000,6.80
2023-10-01 14:00:00,23.990,32.429,857.000,6.80
2023-10-01 15:00:00,23.940,32.429,664.700,6.80
2023-10-01 16:00:00,23.820,32.429,417.800,6.80
2023-10-01 17:00:00,22.320,32.429,169.700,6.80
2023-10-01 18:00:00,20.970,32.429,20.850,6.80
2023-10-01 19:00:00,20.360,32.429,0.820,6.80
2023-10-01 20:00:00,20.440,32.429,0.822,6.80
2023-10-01 21:00:00,20.470,32.429,0.813,6.80
2023-10-01 22:00:00,18.540,32.429,0.832,6.80
2023-10-01 23:00:00,17.790,32.429,0.851,6.80
2023-10-02 00:00:00,17.520,32.267,0.847,6.80
2023-10-02 01:00:00,17.510,32.267,0.851,6.80
2023-10-02 02:00:00,17.330,32.267,0.858,6.80
2023-10-02 03:00:00,17.350,32.267,0.847,6.80
2023-10-02 04:00:00,16.630,32.267,0.834,6.80
2023-10-02 05:00:00,16.590,32.267,0.820,6.80
2023-10-02 06:00:00,15.870,32.267,3.535,6.80
2023-10-02 07:00:00,17.130,32.267,97.300,6.80
2023-10-02 08:00:00,19.370,32.267,337.500,6.80
2023-10-02 09:00:00,21.710,32.267,587.700,6.80
2023-10-02 10:00:00,22.460,32.267,684.100,6.80
2023-10-02 11:00:00,23.150,32.267,964.000,6.80
2023-10-02 12:00:00,23.650,32.267,1041.000,6.80
2023-10-02 13:00:00,23.740,32.267,1020.000,6.80
2023-10-02 14:00:00,23.350,32.267,917.000,6.80
2023-10-02 15:00:00,23.130,32.267,724.500,6.80
2023-10-02 16:00:00,22.830,32.267,471.100,6.80
2023-10-02 17:00:00,22.090,32.267,209.300,6.80
2023-10-02 18:00:00,20.710,32.267,23.400,6.80
2023-10-02 19:00:00,19.360,32.267,0.866,6.80
2023-10-02 20:00:00,18.180,32.267,0.825,6.80
2023-10-02 21:00:00,15.890,32.267,0.871,6.80
2023-10-02 22:00:00,15.690,32.267,0.765,6.80
2023-10-02 23:00:00,17.430,32.267,0.799,6.80
2023-10-03 00:00:00,17.820,32.075,0.717,6.80
2023-10-03 01:00:00,15.500,32.075,0.742,6.80
2023-10-03 02:00:00,15.620,32.075,0.722,6.80
2023-10-03 03:00:00,14.770,32.075,0.689,6.80
2023-10-03 04:00:00,14.760,32.075,0.688,6.80
2023-10-03 05:00:00,14.290,32.075,0.715,6.80
2023-10-03 06:00:00,13.230,32.075,3.229,6.80
2023-10-03 07:00:00,14.970,32.075,96.200,6.80
2023-10-03 08:00:00,19.050,32.075,312.000,6.80
2023-10-03 09:00:00,21.970,32.075,588.900,6.80
2023-10-03 10:00:00,23.320,32.075,811.000,6.80
2023-10-03 11:00:00,24.550,32.075,964.000,6.80
2023-10-03 12:00:00,24.730,32.075,1037.000,6.80
2023-10-03 13:00:00,24.380,32.075,1024.000,6.80
2023-10-03 14:00:00,24.290,32.075,912.000,6.80
2023-10-03 15:00:00,24.420,32.075,724.300,6.80
2023-10-03 16:00:00,24.190,32.075,473.900,6.80
2023-10-03 17:00:00,23.550,32.075,207.400,6.80
2023-10-03 18:00:00,20.860,32.075,20.950,6.80
2023-10-03 19:00:00,17.590,32.075,0.823,6.80
2023-10-03 20:00:00,16.030,32.075,0.852,6.80
2023-10-03 21:00:00,15.070,32.075,0.839,6.80
2023-10-03 22:00:00,14.640,32.075,0.761,6.80
2023-10-03 23:00:00,14.750,32.075,0.720,6.80
2023-10-04 00:00:00,14.910,31.902,0.921,6.80
2023-10-04 01:00:00,14.560,31.902,0.697,6.80
2023-10-04 02:00:00,14.220,31.902,0.220,6.80
2023-10-04 03:00:00,14.250,31.902,0.197,6.80
2023-10-04 04:00:00,14.480,31.902,0.345,6.80
2023-10-04 05:00:00,14.970,31.902,0.382,6.80
2023-10-04 06:00:00,15.010,31.902,2.713,6.80
2023-10-04 07:00:00,16.160,31.902,92.500,6.80
2023-10-04 08:00:00,19.790,31.902,328.700,6.80
2023-10-04 09:00:00,23.610,31.902,601.100,6.80
2023-10-04 10:00:00,26.290,31.902,825.000,6.80
2023-10-04 11:00:00,26.040,31.902,973.000,6.80
2023-10-04 12:00:00,26.800,31.902,1045.000,6.80
2023-10-04 13:00:00,27.840,31.902,1027.000,6.80
2023-10-04 14:00:00,27.010,31.902,919.000,6.80
2023-10-04 15:00:00,25.900,31.902,723.900,6.80
2023-10-04 16:00:00,25.180,31.902,466.000,6.80
2023-10-04 17:00:00,23.800,31.902,183.900,6.80
2023-10-04 18:00:00,21.500,31.902,15.310,6.80
2023-10-04 19:00:00,19.370,31.902,0.649,6.80
2023-10-04 20:00:00,16.480,31.902,0.910,6.80
2023-10-04 21:00:00,15.170,31.902,0.889,6.80
2023-10-04 22:00:00,14.860,31.902,0.993,6.80
2023-10-04 23:00:00,14.700,31.902,1.018,6.80
2023-10-05 00:00:00,14.920,31.734,0.901,6.80
2023-10-05 01:00:00,14.620,31.734,0.955,6.80
2023-10-05 02:00:00,14.190,31.734,0.856,6.80
2023-10-05 03:00:00,14.010,31.734,1.202,6.80
2023-10-05 04:00:00,13.640,31.734,1.375,6.80
2023-10-05 05:00:00,15.170,31.734,0.472,6.80
2023-10-05 06:00:00,15.590,31.734,2.103,6.80
2023-10-05 07:00:00,16.110,31.734,58.500,6.80
2023-10-05 08:00:00,17.300,31.734,138.300,6.80
2023-10-05 09:00:00,19.730,31.734,508.400,6.80
2023-10-05 10:00:00,21.990,31.734,559.800,6.80
2023-10-05 11:00:00,23.290,31.734,789.500,6.80
2023-10-05 12:00:00,23.920,31.734,960.000,6.80
2023-10-05 13:00:00,24.170,31.734,970.000,6.80
2023-10-05 14:00:00,23.780,31.734,873.000,6.80
2023-10-05 15:00:00,23.180,31.734,671.900,6.80
2023-10-05 16:00:00,22.860,31.734,420.300,6.80
2023-10-05 17:00:00,21.960,31.734,158.800,6.80
2023-10-05 18:00:00,20.320,31.734,10.350,6.80
2023-10-05 19:00:00,18.470,31.734,1.105,6.80
2023-10-05 20:00:00,16.930,31.734,0.905,6.80
2023-10-05 21:00:00,16.920,31.734,1.326,6.80
2023-10-05 22:00:00,16.140,31.734,1.091,6.80
2023-10-05 23:00:00,16.650,31.734,1.203,6.80
2023-10-06 00:00:00,16.580,31.625,1.217,6.80
2023-10-06 01:00:00,16.680,31.625,0.988,6.80
2023-10-06 02:00:00,16.370,31.625,0.358,6.80
2023-10-06 03:00:00,16.430,31.625,0.643,6.80
2023-10-06 04:00:00,16.550,31.625,0.740,6.80
2023-10-06 05:00:00,16.940,31.625,1.033,6.80
2023-10-06 06:00:00,17.370,31.625,2.147,6.80
2023-10-06 07:00:00,17.250,31.625,52.630,6.80
2023-10-06 08:00:00,18.790,31.625,205.500,6.80
2023-10-06 09:00:00,20.870,31.625,396.000,6.80
2023-10-06 10:00:00,22.060,31.625,589.100,6.80
2023-10-06 11:00:00,22.830,31.625,700.100,6.80
2023-10-06 12:00:00,22.830,31.625,641.900,6.80
2023-10-06 13:00:00,23.140,31.625,719.000,6.80
2023-10-06 14:00:00,23.040,31.625,738.500,6.80
2023-10-06 15:00:00,23.080,31.625,666.700,6.80
2023-10-06 16:00:00,22.640,31.625,393.100,6.80
2023-10-06 17:00:00,21.800,31.625,157.100,6.80
2023-10-06 18:00:00,20.410,31.625,12.980,6.80
2023-10-06 19:00:00,19.250,31.625,1.261,6.80
2023-10-06 20:00:00,18.040,31.625,1.729,6.80
2023-10-06 21:00:00,17.040,31.625,1.166,6.80
2023-10-06 22:00:00,16.720,31.625,1.110,6.80
2023-10-06 23:00:00,16.050,31.625,0.144,6.80
2023-10-07 00:00:00,15.860,31.472,0.000,6.80
2023-10-07 01:00:00,16.290,31.472,0.000,6.80
2023-10-07 02:00:00,16.340,31.472,0.805,6.80
2023-10-07 03:00:00,15.920,31.472,1.122,6.80
2023-10-07 04:00:00,15.600,31.472,0.878,6.80
2023-10-07 05:00:00,14.850,31.472,0.097,6.80
2023-10-07 06:00:00,13.820,31.472,1.573,6.80
2023-10-07 07:00:00,14.420,31.472,57.920,6.80
2023-10-07 08:00:00,17.190,31.472,219.000,6.80
2023-10-07 09:00:00,20.780,31.472,515.600,6.80
2023-10-07 10:00:00,22.090,31.472,718.600,6.80
2023-10-07 11:00:00,22.560,31.472,761.400,6.80
2023-10-07 12:00:00,22.840,31.472,885.000,6.80
2023-10-07 13:00:00,23.110,31.472,920.000,6.80
2023-10-07 14:00:00,23.170,31.472,839.000,6.80
2023-10-07 15:00:00,23.020,31.472,639.200,6.80
2023-10-07 16:00:00,22.410,31.472,404.900,6.80
2023-10-07 17:00:00,21.440,31.472,149.900,6.80
2023-10-07 18:00:00,19.940,31.472,10.180,6.80
2023-10-07 19:00:00,18.160,31.472,1.575,6.80
2023-10-07 20:00:00,15.680,31.472,0.787,6.80
2023-10-07 21:00:00,15.360,31.472,0.040,6.80
2023-10-07 22:00:00,15.490,31.472,0.441,6.80
2023-10-07 23:00:00,15.550,31.472,0.000,6.80
2023-10-08 00:00:00,15.550,31.328,0.000,6.80
2023-10-08 01:00:00,15.440,31.328,0.400,6.80
2023-10-08 02:00:00,15.730,31.328,1.001,6.80
2023-10-08 03:00:00,15.150,31.328,1.594,6.80
2023-10-08 04:00:00,14.590,31.328,1.180,6.80
2023-10-08 05:00:00,14.920,31.328,0.977,6.80
2023-10-08 06:00:00,13.720,31.328,4.276,6.80
2023-10-08 07:00:00,13.510,31.328,81.000,6.80
2023-10-08 08:00:00,17.980,31.328,293.100,6.80
2023-10-08 09:00:00,20.840,31.328,554.300,6.80
2023-10-08 10:00:00,22.300,31.328,761.700,6.80
2023-10-08 11:00:00,23.240,31.328,913.000,6.80
2023-10-08 12:00:00,23.440,31.328,973.000,6.80
2023-10-08 13:00:00,23.580,31.328,939.000,6.80
2023-10-08 14:00:00,24.100,31.328,844.000,6.80
2023-10-08 15:00:00,23.590,31.328,646.300,6.80
2023-10-08 16:00:00,23.100,31.328,397.500,6.80
2023-10-08 17:00:00,22.080,31.328,142.000,6.80
2023-10-08 18:00:00,20.580,31.328,8.180,6.80
2023-10-08 19:00:00,19.770,31.328,1.391,6.80
2023-10-08 20:00:00,17.600,31.328,3.801,6.80
2023-10-08 21:00:00,16.270,31.328,2.391,6.80
2023-10-08 22:00:00,15.750,31.328,1.616,6.80
2023-10-08 23:00:00,14.910,31.328,2.032,6.80
2023-10-09 00:00:00,16.470,31.201,0.633,6.80
2023-10-09 01:00:00,15.780,31.201,0.608,6.80
2023-10-09 02:00:00,15.300,31.201,0.577,6.80
2023-10-09 03:00:00,16.110,31.201,0.624,6.80
2023-10-09 04:00:00,16.130,31.201,0.629,6.80
2023-10-09 05:00:00,15.490,31.201,0.630,6.80
2023-10-09 06:00:00,15.520,31.201,1.938,6.80
2023-10-09 07:00:00,14.780,31.201,69.750,6.80
2023-10-09 08:00:00,19.210,31.201,248.900,6.80
2023-10-09 09:00:00,22.330,31.201,493.500,6.80
2023-10-09 10:00:00,23.940,31.201,724.500,6.80
2023-10-09 11:00:00,25.720,31.201,883.000,6.80
2023-10-09 12:00:00,25.660,31.201,943.000,6.80
2023-10-09 13:00:00,25.860,31.201,921.000,6.80
2023-10-09 14:00:00,25.990,31.201,818.000,6.80
2023-10-09 15:00:00,27.380,31.201,637.200,6.80
2023-10-09 16:00:00,26.750,31.201,392.900,6.80
2023-10-09 17:00:00,25.750,31.201,141.000,6.80
2023-10-09 18:00:00,22.210,31.201,9.210,6.80
2023-10-09 19:00:00,19.460,31.201,0.729,6.80
2023-10-09 20:00:00,17.750,31.201,0.652,6.80
2023-10-09 21:00:00,17.900,31.201,0.674,6.80
2023-10-09 22:00:00,18.530,31.201,0.680,6.80
2023-10-09 23:00:00,19.480,31.201,0.708,6.80
2023-10-10 00:00:00,19.450,31.047,0.716,6.80
2023-10-10 01:00:00,18.630,31.047,0.719,6.80
2023-10-10 02:00:00,18.250,31.047,0.710,6.80
2023-10-10 03:00:00,17.870,31.047,0.709,6.80
2023-10-10 04:00:00,16.860,31.047,0.699,6.80
2023-10-10 05:00:00,15.650,31.047,0.671,6.80
2023-10-10 06:00:00,14.600,31.047,1.761,6.80
2023-10-10 07:00:00,14.950,31.047,70.330,6.80
2023-10-10 08:00:00,19.690,31.047,285.800,6.80
2023-10-10 09:00:00,23.810,31.047,524.400,6.80
2023-10-10 10:00:00,25.940,31.047,744.500,6.80
2023-10-10 11:00:00,27.100,31.047,889.000,6.80
2023-10-10 12:00:00,26.350,31.047,967.000,6.80
2023-10-10 13:00:00,27.310,31.047,929.000,6.80
2023-10-10 14:00:00,26.450,31.047,815.000,6.80
2023-10-10 15:00:00,26.090,31.047,610.500,6.80
2023-10-10 16:00:00,26.470,31.047,378.700,6.80
2023-10-10 17:00:00,24.990,31.047,129.700,6.80
2023-10-10 18:00:00,21.300,31.047,7.772,6.80
2023-10-10 19:00:00,18.450,31.047,0.823,6.80
2023-10-10 20:00:00,16.820,31.047,1.104,6.80
2023-10-10 21:00:00,16.960,31.047,0.656,6.80
2023-10-10 22:00:00,17.550,31.047,0.605,6.80
2023-10-10 23:00:00,16.710,31.047,0.600,6.80
2023-10-11 00:00:00,15.990,30.914,0.589,6.80
2023-10-11 01:00:00,15.130,30.914,0.598,6.80
2023-10-11 02:00:00,14.020,30.914,0.576,6.80
2023-10-11 03:00:00,13.370,30.914,0.600,6.80
2023-10-11 04:00:00,13.850,30.914,0.586,6.80
2023-10-11 05:00:00,14.380,30.914,0.605,6.80
2023-10-11 06:00:00,13.460,30.914,1.380,6.80
2023-10-11 07:00:00,14.640,30.914,68.040,6.80
2023-10-11 08:00:00,18.950,30.914,284.100,6.80
2023-10-11 09:00:00,22.130,30.914,528.100,6.80
2023-10-11 10:00:00,23.830,30.914,736.700,6.80
2023-10-11 11:00:00,24.340,30.914,879.000,6.80
2023-10-11 12:00:00,24.750,30.914,939.000,6.80
2023-10-11 13:00:00,25.330,30.914,913.000,6.80
2023-10-11 14:00:00,24.760,30.914,801.000,6.80
2023-10-11 15:00:00,24.730,30.914,610.600,6.80
2023-10-11 16:00:00,24.360,30.914,368.200,6.80
2023-10-11 17:00:00,23.090,30.914,126.200,6.80
2023-10-11 18:00:00,20.860,30.914,6.715,6.80
2023-10-11 19:00:00,19.040,30.914,1.016,6.80
2023-10-11 20:00:00,16.620,30.914,0.608,6.80
2023-10-11 21:00:00,15.980,30.914,0.846,6.80
2023-10-11 22:00:00,15.130,30.914,1.396,6.80
2023-10-11 23:00:00,14.660,30.914,1.728,6.80
2023-10-12 00:00:00,14.070,30.762,1.022,6.80
2023-10-12 01:00:00,13.270,30.762,2.402,6.80
2023-10-12 02:00:00,13.230,30.762,2.015,6.80
2023-10-12 03:00:00,13.210,30.762,1.947,6.80
2023-10-12 04:00:00,12.230,30.762,3.001,6.80
2023-10-12 05:00:00,11.490,30.762,2.843,6.80
2023-10-12 06:00:00,11.470,30.762,3.034,6.80
2023-10-12 07:00:00,12.950,30.762,68.540,6.80
2023-10-12 08:00:00,18.390,30.762,282.100,6.80
2023-10-12 09:00:00,23.280,30.762,537.200,6.80
2023-10-12 10:00:00,25.260,30.762,748.400,6.80
2023-10-12 11:00:00,27.000,30.762,901.000,6.80
2023-10-12 12:00:00,27.220,30.762,962.000,6.80
2023-10-12 13:00:00,26.210,30.762,937.000,6.80
2023-10-12 14:00:00,25.670,30.762,827.000,6.80
2023-10-12 15:00:00,25.400,30.762,635.800,6.80
2023-10-12 16:00:00,24.900,30.762,388.900,6.80
2023-10-12 17:00:00,23.780,30.762,136.600,6.80
2023-10-12 18:00:00,20.770,30.762,6.845,6.80
2023-10-12 19:00:00,17.670,30.762,0.762,6.80
2023-10-12 20:00:00,16.240,30.762,0.662,6.80
2023-10-12 21:00:00,15.260,30.762,0.633,6.80
2023-10-12 22:00:00,14.350,30.762,0.606,6.80
2023-10-12 23:00:00,14.540,30.762,0.649,6.80
2023-10-13 00:00:00,14.350,30.613,0.652,6.80
2023-10-13 01:00:00,14.160,30.613,0.617,6.80
2023-10-13 02:00:00,13.920,30.613,0.608,6.80
2023-10-13 03:00:00,13.880,30.613,0.584,6.80
2023-10-13 04:00:00,13.520,30.613,0.589,6.80
2023-10-13 05:00:00,12.560,30.613,0.579,6.80
2023-10-13 06:00:00,12.690,30.613,1.392,6.80
2023-10-13 07:00:00,13.540,30.613,69.820,6.80
2023-10-13 08:00:00,17.810,30.613,291.000,6.80
2023-10-13 09:00:00,21.630,30.613,535.300,6.80
2023-10-13 10:00:00,23.420,30.613,743.600,6.80
2023-10-13 11:00:00,24.590,30.613,892.000,6.80
2023-10-13 12:00:00,24.960,30.613,955.000,6.80
2023-10-13 13:00:00,25.120,30.613,931.000,6.80
2023-10-13 14:00:00,25.290,30.613,821.000,6.80
2023-10-13 15:00:00,25.300,30.613,629.900,6.80
2023-10-13 16:00:00,24.470,30.613,381.700,6.80
2023-10-13 17:00:00,23.090,30.613,121.700,6.80
2023-10-13 18:00:00,20.230,30.613,5.563,6.80
2023-10-13 19:00:00,17.330,30.613,0.701,6.80
2023-10-13 20:00:00,15.150,30.613,0.919,6.80
2023-10-13 21:00:00,14.530,30.613,0.805,6.80
2023-10-13 22:00:00,15.730,30.613,0.600,6.80
2023-10-13 23:00:00,14.090,30.613,0.602,6.80
2023-10-14 00:00:00,14.160,30.483,0.572,6.80
2023-10-14 01:00:00,13.540,30.483,0.572,6.80
2023-10-14 02:00:00,13.250,30.483,0.566,6.80
2023-10-14 03:00:00,13.460,30.483,0.558,6.80
2023-10-14 04:00:00,12.990,30.483,0.525,6.80
2023-10-14 05:00:00,12.240,30.483,0.616,6.80
2023-10-14 06:00:00,13.310,30.483,1.011,6.80
2023-10-14 07:00:00,14.160,30.483,41.030,6.80
2023-10-14 08:00:00,16.360,30.483,193.300,6.80
2023-10-14 09:00:00,20.260,30.483,493.000,6.80
2023-10-14 10:00:00,23.570,30.483,670.600,6.80
2023-10-14 11:00:00,25.440,30.483,841.000,6.80
2023-10-14 12:00:00,26.670,30.483,894.000,6.80
2023-10-14 13:00:00,25.960,30.483,837.000,6.80
2023-10-14 14:00:00,25.700,30.483,759.600,6.80
2023-10-14 15:00:00,26.360,30.483,569.700,6.80
2023-10-14 16:00:00,25.980,30.483,329.900,6.80
2023-10-14 17:00:00,25.100,30.483,105.500,6.80
2023-10-14 18:00:00,22.170,30.483,5.871,6.80
2023-10-14 19:00:00,21.740,30.483,0.747,6.80
2023-10-14 20:00:00,20.940,30.483,0.758,6.80
2023-10-14 21:00:00,20.430,30.483,0.745,6.80
2023-10-14 22:00:00,19.670,30.483,0.753,6.80
2023-10-14 23:00:00,18.380,30.483,0.739,6.80
2023-10-15 00:00:00,17.370,30.361,0.662,6.80
2023-10-15 01:00:00,16.780,30.361,0.634,6.80
2023-10-15 02:00:00,16.120,30.361,0.609,6.80
2023-10-15 03:00:00,14.490,30.361,0.522,6.80
2023-10-15 04:00:00,14.080,30.361,0.465,6.80
2023-10-15 05:00:00,13.520,30.361,0.407,6.80
2023-10-15 06:00:00,13.340,30.361,1.143,6.80
2023-10-15 07:00:00,14.420,30.361,60.390,6.80
2023-10-15 08:00:00,19.130,30.361,269.800,6.80
2023-10-15 09:00:00,23.010,30.361,514.000,6.80
2023-10-15 10:00:00,24.860,30.361,720.000,6.80
2023-10-15 11:00:00,26.050,30.361,863.000,6.80
2023-10-15 12:00:00,26.930,30.361,922.000,6.80
2023-10-15 13:00:00,26.430,30.361,889.000,6.80
2023-10-15 14:00:00,26.770,30.361,775.600,6.80
2023-10-15 15:00:00,26.960,30.361,575.600,6.80
2023-10-15 16:00:00,26.610,30.361,271.500,6.80
2023-10-15 17:00:00,25.320,30.361,87.800,6.80
2023-10-15 18:00:00,22.840,30.361,2.974,6.80
2023-10-15 19:00:00,21.290,30.361,0.795,6.80
2023-10-15 20:00:00,20.560,30.361,0.779,6.80
2023-10-15 21:00:00,19.650,30.361,0.775,6.80
2023-10-15 22:00:00,19.340,30.361,0.765,6.80
2023-10-15 23:00:00,18.740,30.361,0.739,6.80
2023-10-16 00:00:00,19.920,30.279,0.700,6.80
2023-10-16 01:00:00,20.460,30.279,0.730,6.80
2023-10-16 02:00:00,20.470,30.279,1.247,6.80
2023-10-16 03:00:00,18.430,30.279,3.401,6.80
2023-10-16 04:00:00,17.930,30.279,3.183,6.80
2023-10-16 05:00:00,18.330,30.279,3.947,6.80
2023-10-16 06:00:00,17.450,30.279,3.757,6.80
2023-10-16 07:00:00,17.010,30.279,64.830,6.80
2023-10-16 08:00:00,19.070,30.279,264.900,6.80
2023-10-16 09:00:00,19.240,30.279,256.500,6.80
2023-10-16 10:00:00,19.320,30.279,292.300,6.80
2023-10-16 11:00:00,19.500,30.279,318.900,6.80
2023-10-16 12:00:00,19.580,30.279,333.500,6.80
2023-10-16 13:00:00,19.310,30.279,254.100,6.80
2023-10-16 14:00:00,19.130,30.279,221.800,6.80
2023-10-16 15:00:00,18.540,30.279,128.000,6.80
2023-10-16 16:00:00,17.790,30.279,56.930,6.80
2023-10-16 17:00:00,17.150,30.279,20.590,6.80
2023-10-16 18:00:00,16.020,30.279,4.842,6.80
2023-10-16 19:00:00,14.860,30.279,4.000,6.80
2023-10-16 20:00:00,14.350,30.279,2.961,6.80
2023-10-16 21:00:00,14.240,30.279,2.401,6.80
2023-10-16 22:00:00,14.610,30.279,2.616,6.80
2023-10-16 23:00:00,14.750,30.279,2.551,6.80
2023-10-17 00:00:00,14.960,31.598,2.500,6.80
2023-10-17 01:00:00,15.320,31.598,3.337,6.80
2023-10-17 02:00:00,15.120,31.598,4.347,6.80
2023-10-17 03:00:00,14.900,31.598,4.482,6.80
2023-10-17 04:00:00,14.660,31.598,4.082,6.80
2023-10-17 05:00:00,14.260,31.598,2.933,6.80
2023-10-17 06:00:00,14.280,31.598,4.935,6.80
2023-10-17 07:00:00,13.780,31.598,5.976,6.80
2023-10-17 08:00:00,13.850,31.598,20.710,6.80
2023-10-17 09:00:00,14.080,31.598,31.380,6.80
2023-10-17 10:00:00,14.300,31.598,56.760,6.80
2023-10-17 11:00:00,14.480,31.598,49.740,6.80
2023-10-17 12:00:00,14.700,31.598,84.400,6.80
2023-10-17 13:00:00,14.610,31.598,80.900,6.80
2023-10-17 14:00:00,14.720,31.598,125.900,6.80
2023-10-17 15:00:00,14.820,31.598,88.500,6.80
2023-10-17 16:00:00,14.960,31.598,55.250,6.80
2023-10-17 17:00:00,14.940,31.598,16.290,6.80
2023-10-17 18:00:00,14.920,31.598,1.440,6.80
2023-10-17 19:00:00,14.910,31.598,1.093,6.80
2023-10-17 20:00:00,14.490,31.598,1.249,6.80
2023-10-17 21:00:00,13.970,31.598,1.262,6.80
2023-10-17 22:00:00,13.100,31.598,1.242,6.80
2023-10-17 23:00:00,12.530,31.598,1.228,6.80
2023-10-18 00:00:00,11.340,31.378,1.262,6.80
2023-10-18 01:00:00,11.240,31.378,1.161,6.80
2023-10-18 02:00:00,11.780,31.378,1.218,6.80
2023-10-18 03:00:00,11.160,31.378,1.191,6.80
2023-10-18 04:00:00,10.700,31.378,1.131,6.80
2023-10-18 05:00:00,10.690,31.378,1.113,6.80
2023-10-18 06:00:00,10.490,31.378,1.386,6.80
2023-10-18 07:00:00,10.770,31.378,32.720,6.80
2023-10-18 08:00:00,13.210,31.378,167.400,6.80
2023-10-18 09:00:00,16.780,31.378,360.300,6.80
2023-10-18 10:00:00,18.550,31.378,415.900,6.80
2023-10-18 11:00:00,19.480,31.378,535.000,6.80
2023-10-18 12:00:00,20.650,31.378,716.800,6.80
2023-10-18 13:00:00,21.540,31.378,680.000,6.80
2023-10-18 14:00:00,21.440,31.378,593.600,6.80
2023-10-18 15:00:00,20.660,31.378,440.600,6.80
2023-10-18 16:00:00,19.890,31.378,219.000,6.80
2023-10-18 17:00:00,18.650,31.378,57.100,6.80
2023-10-18 18:00:00,17.800,31.378,2.240,6.80
2023-10-18 19:00:00,17.190,31.378,0.727,6.80
2023-10-18 20:00:00,16.630,31.378,0.726,6.80
2023-10-18 21:00:00,15.630,31.378,1.070,6.80
2023-10-18 22:00:00,15.920,31.378,0.866,6.80
2023-10-18 23:00:00,16.880,31.378,0.827,6.80
2023-10-19 00:00:00,17.770,31.218,0.809,6.80
2023-10-19 01:00:00,18.110,31.218,0.817,6.80
2023-10-19 02:00:00,18.420,31.218,0.822,6.80
2023-10-19 03:00:00,18.870,31.218,0.837,6.80
2023-10-19 04:00:00,18.970,31.218,1.015,6.80
2023-10-19 05:00:00,19.250,31.218,0.901,6.80
2023-10-19 06:00:00,19.360,31.218,1.135,6.80
2023-10-19 07:00:00,19.710,31.218,47.580,6.80
2023-10-19 08:00:00,21.060,31.218,209.800,6.80
2023-10-19 09:00:00,22.360,31.218,421.300,6.80
2023-10-19 10:00:00,23.580,31.218,620.000,6.80
2023-10-19 11:00:00,24.540,31.218,760.800,6.80
2023-10-19 12:00:00,25.130,31.218,810.000,6.80
2023-10-19 13:00:00,25.380,31.218,784.300,6.80
2023-10-19 14:00:00,25.000,31.218,583.600,6.80
2023-10-19 15:00:00,24.910,31.218,526.600,6.80
2023-10-19 16:00:00,24.070,31.218,306.000,6.80
2023-10-19 17:00:00,23.050,31.218,78.470,6.80
2023-10-19 18:00:00,22.210,31.218,1.998,6.80
2023-10-19 19:00:00,22.020,31.218,0.815,6.80
2023-10-19 20:00:00,21.850,31.218,0.805,6.80
2023-10-19 21:00:00,21.790,31.218,0.792,6.80
2023-10-19 22:00:00,21.720,31.218,0.794,6.80
2023-10-19 23:00:00,21.770,31.218,0.790,6.80
2023-10-20 00:00:00,21.740,31.062,0.796,6.80
2023-10-20 01:00:00,21.730,31.062,0.806,6.80
2023-10-20 02:00:00,21.490,31.062,0.808,6.80
2023-10-20 03:00:00,21.610,31.062,0.790,6.80
2023-10-20 04:00:00,21.720,31.062,0.777,6.80
2023-10-20 05:00:00,21.730,31.062,0.805,6.80
2023-10-20 06:00:00,21.740,31.062,0.972,6.80
2023-10-20 07:00:00,21.730,31.062,37.930,6.80
2023-10-20 08:00:00,22.690,31.062,225.800,6.80
2023-10-20 09:00:00,23.880,31.062,461.100,6.80
2023-10-20 10:00:00,24.950,31.062,650.700,6.80
2023-10-20 11:00:00,25.650,31.062,783.400,6.80
2023-10-20 12:00:00,26.340,31.062,841.000,6.80
2023-10-20 13:00:00,26.880,31.062,821.000,6.80
2023-10-20 14:00:00,27.110,31.062,711.400,6.80
2023-10-20 15:00:00,26.630,31.062,517.200,6.80
2023-10-20 16:00:00,25.760,31.062,233.400,6.80
2023-10-20 17:00:00,24.310,31.062,55.720,6.80
2023-10-20 18:00:00,23.380,31.062,1.904,6.80
2023-10-20 19:00:00,23.170,31.062,0.805,6.80
2023-10-20 20:00:00,23.200,31.062,0.786,6.80
2023-10-20 21:00:00,23.230,31.062,0.820,6.80
2023-10-20 22:00:00,23.020,31.062,0.800,6.80
2023-10-20 23:00:00,22.970,31.062,0.796,6.80
2023-10-21 00:00:00,23.130,30.875,0.803,6.80
2023-10-21 01:00:00,22.800,30.875,0.800,6.80
2023-10-21 02:00:00,22.690,30.875,0.743,6.80
2023-10-21 03:00:00,22.810,30.875,0.751,6.80
2023-10-21 04:00:00,23.040,30.875,0.767,6.80
2023-10-21 05:00:00,22.860,30.875,0.733,6.80
2023-10-21 06:00:00,22.770,30.875,0.775,6.80
2023-10-21 07:00:00,22.920,30.875,11.720,6.80
2023-10-21 08:00:00,23.170,30.875,62.330,6.80
2023-10-21 09:00:00,23.570,30.875,160.000,6.80
2023-10-21 10:00:00,24.390,30.875,257.300,6.80
2023-10-21 11:00:00,24.930,30.875,432.100,6.80
2023-10-21 12:00:00,25.390,30.875,578.700,6.80
2023-10-21 13:00:00,24.670,30.875,232.800,6.80
2023-10-21 14:00:00,19.250,30.875,96.800,6.80
2023-10-21 15:00:00,18.360,30.875,74.230,6.80
2023-10-21 16:00:00,19.190,30.875,111.300,6.80
2023-10-21 17:00:00,20.050,30.875,14.350,6.80
2023-10-21 18:00:00,19.700,30.875,1.290,6.80
2023-10-21 19:00:00,18.110,30.875,0.807,6.80
2023-10-21 20:00:00,16.840,30.875,2.535,6.80
2023-10-21 21:00:00,16.410,30.875,4.011,6.80
2023-10-21 22:00:00,16.100,30.875,4.141,6.80
2023-10-21 23:00:00,15.600,30.875,4.212,6.80
2023-10-22 00:00:00,14.640,30.735,5.152,6.80
2023-10-22 01:00:00,14.100,30.735,4.028,6.80
2023-10-22 02:00:00,14.160,30.735,4.105,6.80
2023-10-22 03:00:00,13.890,30.735,3.876,6.80
2023-10-22 04:00:00,13.590,30.735,3.819,6.80
2023-10-22 05:00:00,14.200,30.735,2.844,6.80
2023-10-22 06:00:00,14.190,30.735,2.805,6.80
2023-10-22 07:00:00,15.630,30.735,43.590,6.80
2023-10-22 08:00:00,18.190,30.735,237.000,6.80
2023-10-22 09:00:00,20.530,30.735,380.800,6.80
2023-10-22 10:00:00,21.640,30.735,534.900,6.80
2023-10-22 11:00:00,24.110,30.735,780.600,6.80
2023-10-22 12:00:00,24.900,30.735,867.000,6.80
2023-10-22 13:00:00,25.330,30.735,808.000,6.80
2023-10-22 14:00:00,25.620,30.735,754.400,6.80
2023-10-22 15:00:00,25.480,30.735,472.000,6.80
2023-10-22 16:00:00,22.550,30.735,83.100,6.80
2023-10-22 17:00:00,20.940,30.735,35.120,6.80
2023-10-22 18:00:00,20.280,30.735,1.596,6.80
2023-10-22 19:00:00,18.740,30.735,0.780,6.80
2023-10-22 20:00:00,18.290,30.735,0.782,6.80
2023-10-22 21:00:00,18.070,30.735,0.783,6.80
2023-10-22 22:00:00,16.470,30.735,0.973,6.80
2023-10-22 23:00:00,15.630,30.735,0.905,6.80
2023-10-23 00:00:00,15.050,30.598,0.843,6.80
2023-10-23 01:00:00,14.810,30.598,0.862,6.80
2023-10-23 02:00:00,14.200,30.598,1.036,6.80
2023-10-23 03:00:00,13.900,30.598,1.483,6.80
2023-10-23 04:00:00,14.280,30.598,0.865,6.80
2023-10-23 05:00:00,13.410,30.598,0.956,6.80
2023-10-23 06:00:00,12.760,30.598,1.269,6.80
2023-10-23 07:00:00,13.170,30.598,37.300,6.80
2023-10-23 08:00:00,16.060,30.598,210.400,6.80
2023-10-23 09:00:00,19.830,30.598,426.300,6.80
2023-10-23 10:00:00,21.830,30.598,632.100,6.80
2023-10-23 11:00:00,22.450,30.598,769.300,6.80
2023-10-23 12:00:00,22.680,30.598,820.000,6.80
2023-10-23 13:00:00,23.330,30.598,781.600,6.80
2023-10-23 14:00:00,22.810,30.598,649.500,6.80
2023-10-23 15:00:00,22.010,30.598,485.800,6.80
2023-10-23 16:00:00,21.190,30.598,263.400,6.80
2023-10-23 17:00:00,19.760,30.598,59.650,6.80
2023-10-23 18:00:00,17.840,30.598,1.877,6.80
2023-10-23 19:00:00,16.030,30.598,2.037,6.80
2023-10-23 20:00:00,15.160,30.598,1.916,6.80
2023-10-23 21:00:00,14.740,30.598,1.791,6.80
2023-10-23 22:00:00,14.510,30.598,1.832,6.80
2023-10-23 23:00:00,14.310,30.598,2.186,6.80
2023-10-24 00:00:00,14.110,30.500,2.116,6.80
2023-10-24 01:00:00,14.130,30.500,1.289,6.80
2023-10-24 02:00:00,15.360,30.500,0.479,6.80
2023-10-24 03:00:00,15.770,30.500,1.028,6.80
2023-10-24 04:00:00,15.900,30.500,1.000,6.80
2023-10-24 05:00:00,15.910,30.500,1.259,6.80
2023-10-24 06:00:00,15.390,30.500,0.802,6.80
2023-10-24 07:00:00,15.820,30.500,34.300,6.80
2023-10-24 08:00:00,17.330,30.500,139.400,6.80
2023-10-24 09:00:00,19.860,30.500,300.800,6.80
2023-10-24 10:00:00,21.730,30.500,598.900,6.80
2023-10-24 11:00:00,23.330,30.500,727.000,6.80
2023-10-24 12:00:00,24.580,30.500,772.500,6.80
2023-10-24 13:00:00,25.010,30.500,766.700,6.80
2023-10-24 14:00:00,24.630,30.500,581.600,6.80
2023-10-24 15:00:00,23.670,30.500,304.300,6.80
2023-10-24 16:00:00,22.580,30.500,185.100,6.80
2023-10-24 17:00:00,21.510,30.500,43.130,6.80
2023-10-24 18:00:00,21.010,30.500,1.262,6.80
2023-10-24 19:00:00,21.240,30.500,0.857,6.80
2023-10-24 20:00:00,20.840,30.500,0.865,6.80
2023-10-24 21:00:00,20.850,30.500,0.882,6.80
2023-10-24 22:00:00,20.680,30.500,0.864,6.80
2023-10-24 23:00:00,20.950,30.500,0.826,6.80
2023-10-25 00:00:00,20.910,30.346,0.818,6.80
2023-10-25 01:00:00,20.550,30.346,0.786,6.80
2023-10-25 02:00:00,20.450,30.346,0.784,6.80
2023-10-25 03:00:00,20.390,30.346,0.785,6.80
2023-10-25 04:00:00,20.550,30.346,0.787,6.80
2023-10-25 05:00:00,20.220,30.346,0.779,6.80
2023-10-25 06:00:00,20.370,30.346,0.791,6.80
2023-10-25 07:00:00,19.950,30.346,3.711,6.80
2023-10-25 08:00:00,20.140,30.346,40.250,6.80
2023-10-25 09:00:00,20.570,30.346,153.000,6.80
2023-10-25 10:00:00,22.200,30.346,157.400,6.80
2023-10-25 11:00:00,22.300,30.346,131.200,6.80
2023-10-25 12:00:00,22.030,30.346,114.200,6.80
2023-10-25 13:00:00,20.160,30.346,79.440,6.80
2023-10-25 14:00:00,19.860,30.346,294.400,6.80
2023-10-25 15:00:00,21.050,30.346,385.200,6.80
2023-10-25 16:00:00,20.760,30.346,199.000,6.80
2023-10-25 17:00:00,20.150,30.346,54.040,6.80
2023-10-25 18:00:00,18.690,30.346,1.300,6.80
2023-10-25 19:00:00,17.830,30.346,0.849,6.80
2023-10-25 20:00:00,17.360,30.346,0.777,6.80
2023-10-25 21:00:00,16.880,30.346,0.742,6.80
2023-10-25 22:00:00,15.360,30.346,0.742,6.80
2023-10-25 23:00:00,14.960,30.346,0.730,6.80
2023-10-26 00:00:00,14.850,30.200,0.733,6.80
2023-10-26 01:00:00,14.940,30.200,0.735,6.80
2023-10-26 02:00:00,14.840,30.200,0.734,6.80
2023-10-26 03:00:00,14.980,30.200,0.742,6.80
2023-10-26 04:00:00,14.570,30.200,0.783,6.80
2023-10-26 05:00:00,15.650,30.200,0.736,6.80
2023-10-26 06:00:00,15.550,30.200,0.758,6.80
2023-10-26 07:00:00,15.570,30.200,16.170,6.80
2023-10-26 08:00:00,17.440,30.200,174.700,6.80
2023-10-26 09:00:00,20.490,30.200,399.500,6.80
2023-10-26 10:00:00,22.610,30.200,695.400,6.80
2023-10-26 11:00:00,23.450,30.200,743.000,6.80
2023-10-26 12:00:00,24.650,30.200,834.000,6.80
2023-10-26 13:00:00,25.040,30.200,648.800,6.80
2023-10-26 14:00:00,25.640,30.200,690.200,6.80
2023-10-26 15:00:00,24.940,30.200,356.400,6.80
2023-10-26 16:00:00,22.600,30.200,103.400,6.80
2023-10-26 17:00:00,21.590,30.200,50.620,6.80
2023-10-26 18:00:00,19.360,30.200,1.145,6.80
2023-10-26 19:00:00,17.680,30.200,0.858,6.80
2023-10-26 20:00:00,17.240,30.200,0.843,6.80
2023-10-26 21:00:00,17.270,30.200,0.739,6.80
2023-10-26 22:00:00,16.420,30.200,0.725,6.80
2023-10-26 23:00:00,16.510,30.200,0.718,6.80
2023-10-27 00:00:00,16.440,30.052,0.714,6.80
2023-10-27 01:00:00,16.500,30.052,0.719,6.80
2023-10-27 02:00:00,16.820,30.052,0.719,6.80
2023-10-27 03:00:00,16.810,30.052,0.716,6.80
2023-10-27 04:00:00,17.450,30.052,0.721,6.80
2023-10-27 05:00:00,18.350,30.052,0.731,6.80
2023-10-27 06:00:00,19.570,30.052,0.775,6.80
2023-10-27 07:00:00,19.520,30.052,14.580,6.80
2023-10-27 08:00:00,20.140,30.052,48.570,6.80
2023-10-27 09:00:00,20.740,30.052,96.100,6.80
2023-10-27 10:00:00,21.320,30.052,135.600,6.80
2023-10-27 11:00:00,21.900,30.052,159.900,6.80
2023-10-27 12:00:00,22.200,30.052,233.300,6.80
2023-10-27 13:00:00,22.770,30.052,286.700,6.80
2023-10-27 14:00:00,23.110,30.052,221.400,6.80
2023-10-27 15:00:00,23.450,30.052,198.800,6.80
2023-10-27 16:00:00,23.420,30.052,97.600,6.80
2023-10-27 17:00:00,22.520,30.052,27.100,6.80
2023-10-27 18:00:00,21.060,30.052,0.930,6.80
2023-10-27 19:00:00,20.660,30.052,0.788,6.80
2023-10-27 20:00:00,20.700,30.052,0.765,6.80
2023-10-27 21:00:00,20.120,30.052,0.759,6.80
2023-10-27 22:00:00,19.980,30.052,0.758,6.80
2023-10-27 23:00:00,18.710,30.052,0.748,6.80
2023-10-28 00:00:00,17.490,29.925,0.731,6.80
2023-10-28 01:00:00,17.410,29.925,0.724,6.80
2023-10-28 02:00:00,15.480,29.925,0.704,6.80
2023-10-28 03:00:00,16.140,29.925,0.710,6.80
2023-10-28 04:00:00,14.810,29.925,0.699,6.80
2023-10-28 05:00:00,13.650,29.925,0.664,6.80
2023-10-28 06:00:00,13.860,29.925,0.687,6.80
2023-10-28 07:00:00,13.720,29.925,24.180,6.80
2023-10-28 08:00:00,15.840,29.925,138.800,6.80
2023-10-28 09:00:00,20.350,29.925,365.700,6.80
2023-10-28 10:00:00,22.060,29.925,445.300,6.80
2023-10-28 11:00:00,23.240,29.925,623.600,6.80
2023-10-28 12:00:00,23.490,29.925,691.400,6.80
2023-10-28 13:00:00,23.960,29.925,700.700,6.80
2023-10-28 14:00:00,24.240,29.925,686.300,6.80
2023-10-28 15:00:00,24.230,29.925,315.000,6.80
2023-10-28 16:00:00,24.130,29.925,212.200,6.80
2023-10-28 17:00:00,20.710,29.925,39.810,6.80
2023-10-28 18:00:00,18.150,29.925,1.055,6.80
2023-10-28 19:00:00,18.330,29.925,0.731,6.80
2023-10-28 20:00:00,17.420,29.925,0.720,6.80
2023-10-28 21:00:00,16.740,29.925,0.710,6.80
2023-10-28 22:00:00,15.760,29.925,0.672,6.80
2023-10-28 23:00:00,14.620,29.925,0.667,6.80
2023-10-29 00:00:00,13.190,29.825,0.718,6.80
2023-10-29 01:00:00,12.500,29.825,0.681,6.80
2023-10-29 02:00:00,12.620,29.825,0.661,6.80
2023-10-29 03:00:00,13.700,29.825,0.784,6.80
2023-10-29 04:00:00,13.040,29.825,0.728,6.80
2023-10-29 05:00:00,12.590,29.825,0.750,6.80
2023-10-29 06:00:00,12.870,29.825,0.741,6.80
2023-10-29 07:00:00,12.440,29.825,29.540,6.80
2023-10-29 08:00:00,15.540,29.825,206.900,6.80
2023-10-29 09:00:00,19.100,29.825,433.300,6.80
2023-10-29 10:00:00,21.060,29.825,628.200,6.80
2023-10-29 11:00:00,22.460,29.825,765.900,6.80
2023-10-29 12:00:00,23.320,29.825,824.000,6.80
2023-10-29 13:00:00,22.760,29.825,794.100,6.80
2023-10-29 14:00:00,21.730,29.825,682.100,6.80
2023-10-29 15:00:00,21.800,29.825,497.800,6.80
2023-10-29 16:00:00,21.540,29.825,266.800,6.80
2023-10-29 17:00:00,19.950,29.825,57.090,6.80
2023-10-29 18:00:00,17.260,29.825,1.059,6.80
2023-10-29 19:00:00,14.740,29.825,0.714,6.80
2023-10-29 20:00:00,13.660,29.825,0.701,6.80
2023-10-29 21:00:00,14.050,29.825,0.675,6.80
2023-10-29 22:00:00,14.920,29.825,1.122,6.80
2023-10-29 23:00:00,15.890,29.825,1.461,6.80
2023-10-30 00:00:00,16.130,29.721,1.584,6.80
2023-10-30 01:00:00,16.200,29.721,1.539,6.80
2023-10-30 02:00:00,16.150,29.721,1.119,6.80
2023-10-30 03:00:00,15.790,29.721,1.190,6.80
2023-10-30 04:00:00,15.750,29.721,0.870,6.80
2023-10-30 05:00:00,15.250,29.721,0.731,6.80
2023-10-30 06:00:00,14.130,29.721,0.000,6.80
2023-10-30 07:00:00,14.450,29.721,29.060,6.80
2023-10-30 08:00:00,17.340,29.721,189.000,6.80
2023-10-30 09:00:00,19.730,29.721,409.600,6.80
2023-10-30 10:00:00,21.520,29.721,611.800,6.80
2023-10-30 11:00:00,22.980,29.721,746.300,6.80
2023-10-30 12:00:00,24.190,29.721,804.000,6.80
2023-10-30 13:00:00,24.430,29.721,778.000,6.80
2023-10-30 14:00:00,23.790,29.721,676.300,6.80
2023-10-30 15:00:00,23.200,29.721,447.800,6.80
2023-10-30 16:00:00,22.100,29.721,223.500,6.80
2023-10-30 17:00:00,20.510,29.721,49.630,6.80
2023-10-30 18:00:00,19.660,29.721,0.857,6.80
2023-10-30 19:00:00,19.570,29.721,0.719,6.80
2023-10-30 20:00:00,19.540,29.721,0.719,6.80
2023-10-30 21:00:00,19.610,29.721,0.723,6.80
2023-10-30 22:00:00,19.900,29.721,0.723,6.80
2023-10-30 23:00:00,20.430,29.721,0.757,6.80
2023-10-31 00:00:00,20.590,29.575,0.775,6.80
2023-10-31 01:00:00,20.680,29.575,0.761,6.80
2023-10-31 02:00:00,20.750,29.575,0.756,6.80
2023-10-31 03:00:00,20.970,29.575,0.745,6.80
2023-10-31 04:00:00,21.020,29.575,0.736,6.80
2023-10-31 05:00:00,20.720,29.575,0.705,6.80
2023-10-31 06:00:00,20.580,29.575,0.686,6.80
2023-10-31 07:00:00,20.620,29.575,8.400,6.80
2023-10-31 08:00:00,20.860,29.575,59.030,6.80
2023-10-31 09:00:00,21.630,29.575,187.200,6.80
2023-10-31 10:00:00,23.010,29.575,324.600,6.80
2023-10-31 11:00:00,23.580,29.575,360.600,6.80
2023-10-31 12:00:00,23.990,29.575,384.600,6.80
2023-10-31 13:00:00,23.680,29.575,228.200,6.80
2023-10-31 14:00:00,23.600,29.575,245.300,6.80
2023-10-31 15:00:00,23.810,29.575,209.500,6.80
2023-10-31 16:00:00,24.190,29.575,109.600,6.80
2023-10-31 17:00:00,23.390,29.575,30.350,6.80
2023-10-31 18:00:00,21.270,29.575,0.875,6.80
2023-10-31 19:00:00,19.790,29.575,0.000,6.80
2023-10-31 20:00:00,17.000,29.575,0.000,6.80
2023-10-31 21:00:00,16.340,29.575,0.000,6.80
2023-10-31 22:00:00,16.170,29.575,0.959,6.80
2023-10-31 23:00:00,16.210,29.575,1.237,6.80
2023-11-01 00:00:00,15.550,29.425,2.092,6.80
2023-11-01 01:00:00,15.140,29.425,1.581,6.80
2023-11-01 02:00:00,14.030,29.425,2.392,6.80
2023-11-01 03:00:00,12.890,29.425,2.382,6.80
2023-11-01 04:00:00,12.270,29.425,2.198,6.80
2023-11-01 05:00:00,12.680,29.425,2.212,6.80
2023-11-01 06:00:00,11.490,29.425,2.710,6.80
2023-11-01 07:00:00,12.080,29.425,17.370,6.80
2023-11-01 08:00:00,13.370,29.425,113.900,6.80
2023-11-01 09:00:00,16.890,29.425,316.000,6.80
2023-11-01 10:00:00,19.620,29.425,519.400,6.80
2023-11-01 11:00:00,21.130,29.425,734.200,6.80
2023-11-01 12:00:00,22.250,29.425,795.600,6.80
2023-11-01 13:00:00,21.910,29.425,648.800,6.80
2023-11-01 14:00:00,20.610,29.425,384.600,6.80
2023-11-01 15:00:00,19.350,29.425,151.800,6.80
2023-11-01 16:00:00,18.600,29.425,52.730,6.80
2023-11-01 17:00:00,18.000,29.425,6.838,6.80
2023-11-01 18:00:00,17.420,29.425,0.777,6.80
2023-11-01 19:00:00,16.430,29.425,0.722,6.80
2023-11-01 20:00:00,15.860,29.425,0.726,6.80
2023-11-01 21:00:00,15.500,29.425,0.710,6.80
2023-11-01 22:00:00,15.010,29.425,0.736,6.80
2023-11-01 23:00:00,13.940,29.425,0.952,6.80
2023-11-02 00:00:00,13.910,29.292,0.987,6.80
2023-11-02 01:00:00,13.630,29.292,0.959,6.80
2023-11-02 02:00:00,13.790,29.292,0.881,6.80
2023-11-02 03:00:00,14.200,29.292,0.849,6.80
2023-11-02 04:00:00,13.870,29.292,0.848,6.80
2023-11-02 05:00:00,13.430,29.292,0.951,6.80
2023-11-02 06:00:00,13.530,29.292,0.945,6.80
2023-11-02 07:00:00,12.990,29.292,23.730,6.80
2023-11-02 08:00:00,15.510,29.292,190.600,6.80
2023-11-02 09:00:00,18.060,29.292,413.600,6.80
2023-11-02 10:00:00,19.410,29.292,603.100,6.80
2023-11-02 11:00:00,20.570,29.292,726.000,6.80
2023-11-02 12:00:00,21.850,29.292,741.700,6.80
2023-11-02 13:00:00,22.180,29.292,667.700,6.80
2023-11-02 14:00:00,21.340,29.292,567.000,6.80
2023-11-02 15:00:00,21.550,29.292,302.500,6.80
2023-11-02 16:00:00,21.980,29.292,237.100,6.80
2023-11-02 17:00:00,20.430,29.292,18.190,6.80
2023-11-02 18:00:00,19.760,29.292,0.836,6.80
2023-11-02 19:00:00,19.310,29.292,0.771,6.80
2023-11-02 20:00:00,19.320,29.292,0.803,6.80
2023-11-02 21:00:00,19.140,29.292,0.809,6.80
2023-11-02 22:00:00,19.230,29.292,0.798,6.80
2023-11-02 23:00:00,19.150,29.292,0.769,6.80
2023-11-03 00:00:00,19.300,29.053,0.761,6.80
2023-11-03 01:00:00,19.210,29.053,0.760,6.80
2023-11-03 02:00:00,19.470,29.053,0.747,6.80
2023-11-03 03:00:00,18.970,29.053,0.741,6.80
2023-11-03 04:00:00,19.350,29.053,0.738,6.80
2023-11-03 05:00:00,19.780,29.053,0.719,6.80
2023-11-03 06:00:00,19.540,29.053,0.709,6.80
2023-11-03 07:00:00,19.680,29.053,12.010,6.80
2023-11-03 08:00:00,20.290,29.053,78.420,6.80
2023-11-03 09:00:00,21.840,29.053,213.500,6.80
2023-11-03 10:00:00,23.150,29.053,167.400,6.80
2023-11-03 11:00:00,23.510,29.053,296.000,6.80
2023-11-03 12:00:00,24.520,29.053,493.700,6.80
2023-11-03 13:00:00,23.960,29.053,399.600,6.80
2023-11-03 14:00:00,22.150,29.053,629.100,6.80
2023-11-03 15:00:00,21.570,29.053,475.500,6.80
2023-11-03 16:00:00,20.560,29.053,108.500,6.80
2023-11-03 17:00:00,18.640,29.053,44.100,6.80
2023-11-03 18:00:00,16.710,29.053,0.813,6.80
2023-11-03 19:00:00,13.960,29.053,0.714,6.80
2023-11-03 20:00:00,14.260,29.053,0.692,6.80
2023-11-03 21:00:00,15.760,29.053,0.682,6.80
2023-11-03 22:00:00,16.200,29.053,0.693,6.80
2023-11-03 23:00:00,15.650,29.053,0.702,6.80
2023-11-04 00:00:00,14.470,28.900,0.675,6.80
2023-11-04 01:00:00,13.910,28.900,0.643,6.80
2023-11-04 02:00:00,13.700,28.900,0.611,6.80
2023-11-04 03:00:00,12.920,28.900,0.556,6.80
2023-11-04 04:00:00,12.430,28.900,0.536,6.80
2023-11-04 05:00:00,11.950,28.900,0.491,6.80
2023-11-04 06:00:00,12.150,28.900,0.527,6.80
2023-11-04 07:00:00,13.810,28.900,9.000,6.80
2023-11-04 08:00:00,13.990,28.900,128.900,6.80
2023-11-04 09:00:00,15.260,28.900,190.800,6.80
2023-11-04 10:00:00,15.970,28.900,364.700,6.80
2023-11-04 11:00:00,18.110,28.900,712.800,6.80
2023-11-04 12:00:00,19.220,28.900,751.100,6.80
2023-11-04 13:00:00,19.930,28.900,760.300,6.80
2023-11-04 14:00:00,20.170,28.900,632.700,6.80
2023-11-04 15:00:00,20.290,28.900,416.800,6.80
2023-11-04 16:00:00,19.790,28.900,232.200,6.80
2023-11-04 17:00:00,17.770,28.900,30.330,6.80
2023-11-04 18:00:00,15.460,28.900,0.888,6.80
2023-11-04 19:00:00,12.920,28.900,0.728,6.80
2023-11-04 20:00:00,13.110,28.900,0.691,6.80
2023-11-04 21:00:00,12.830,28.900,0.655,6.80
2023-11-04 22:00:00,13.200,28.900,0.669,6.80
2023-11-04 23:00:00,14.260,28.900,0.673,6.80
2023-11-05 00:00:00,15.300,28.900,0.682,6.80
2023-11-05 01:00:00,16.050,28.900,0.689,6.80
2023-11-05 02:00:00,16.100,28.900,0.698,6.80
2023-11-05 03:00:00,16.600,28.900,0.698,6.80
2023-11-05 04:00:00,17.070,28.900,0.707,6.80
2023-11-05 05:00:00,16.700,28.900,0.703,6.80
2023-11-05 06:00:00,16.760,28.900,0.707,6.80
2023-11-05 07:00:00,17.260,28.900,9.170,6.80
2023-11-05 08:00:00,17.680,28.900,45.250,6.80
2023-11-05 09:00:00,18.740,28.900,144.900,6.80
2023-11-05 10:00:00,21.280,28.900,465.200,6.80
2023-11-05 11:00:00,22.490,28.900,634.400,6.80
2023-11-05 12:00:00,23.970,28.900,829.000,6.80
2023-11-05 13:00:00,24.870,28.900,672.400,6.80
2023-11-05 14:00:00,25.450,28.900,508.400,6.80
2023-11-05 15:00:00,26.340,28.900,470.900,6.80
2023-11-05 16:00:00,24.560,28.900,223.100,6.80
2023-11-05 17:00:00,20.930,28.900,33.340,6.80
2023-11-05 18:00:00,19.550,28.900,0.847,6.80
2023-11-05 19:00:00,19.140,28.900,0.753,6.80
2023-11-05 20:00:00,19.690,28.900,0.754,6.80
2023-11-05 21:00:00,18.410,28.900,0.744,6.80
2023-11-05 22:00:00,16.370,28.900,0.728,6.80
2023-11-05 23:00:00,15.450,28.900,0.725,6.80
2023-11-06 00:00:00,15.830,28.900,0.700,6.80
2023-11-06 01:00:00,15.240,28.900,0.717,6.80
2023-11-06 02:00:00,13.680,28.900,0.710,6.80
2023-11-06 03:00:00,13.400,28.900,0.675,6.80
2023-11-06 04:00:00,14.330,28.900,0.657,6.80
2023-11-06 05:00:00,13.460,28.900,0.606,6.80
2023-11-06 06:00:00,13.200,28.900,0.635,6.80
2023-11-06 07:00:00,13.380,28.900,23.610,6.80
2023-11-06 08:00:00,16.030,28.900,199.800,6.80
2023-11-06 09:00:00,19.010,28.900,404.900,6.80
2023-11-06 10:00:00,20.390,28.900,596.400,6.80
2023-11-06 11:00:00,21.190,28.900,717.900,6.80
2023-11-06 12:00:00,22.000,28.900,774.100,6.80
2023-11-06 13:00:00,22.840,28.900,748.300,6.80
2023-11-06 14:00:00,23.500,28.900,646.200,6.80
2023-11-06 15:00:00,22.970,28.900,416.800,6.80
2023-11-06 16:00:00,20.270,28.900,181.300,6.80
2023-11-06 17:00:00,18.300,28.900,29.440,6.80
2023-11-06 18:00:00,16.680,28.900,0.789,6.80
2023-11-06 19:00:00,14.620,28.900,0.618,6.80
2023-11-06 20:00:00,12.240,28.900,0.508,6.80
2023-11-06 21:00:00,11.350,28.900,0.482,6.80
2023-11-06 22:00:00,11.550,28.900,0.472,6.80
2023-11-06 23:00:00,12.450,28.900,0.544,6.80
2023-11-07 00:00:00,11.220,28.900,0.459,6.80
2023-11-07 01:00:00,10.960,28.900,0.440,6.80
2023-11-07 02:00:00,12.010,28.900,0.497,6.80
2023-11-07 03:00:00,11.840,28.900,0.472,6.80
2023-11-07 04:00:00,11.670,28.900,0.452,6.80
2023-11-07 05:00:00,10.780,28.900,0.412,6.80
2023-11-07 06:00:00,10.640,28.900,0.413,6.80
2023-11-07 07:00:00,11.700,28.900,20.790,6.80
2023-11-07 08:00:00,14.660,28.900,144.300,6.80
2023-11-07 09:00:00,18.550,28.900,334.600,6.80
2023-11-07 10:00:00,21.680,28.900,514.300,6.80
2023-11-07 11:00:00,21.350,28.900,447.900,6.80
2023-11-07 12:00:00,21.070,28.900,391.300,6.80
2023-11-07 13:00:00,20.820,28.900,320.100,6.80
2023-11-07 14:00:00,20.650,28.900,209.100,6.80
2023-11-07 15:00:00,20.700,28.900,123.900,6.80
2023-11-07 16:00:00,20.190,28.900,42.430,6.80
2023-11-07 17:00:00,19.570,28.900,4.903,6.80
2023-11-07 18:00:00,19.290,28.900,0.761,6.80
2023-11-07 19:00:00,19.200,28.900,0.789,6.80
2023-11-07 20:00:00,19.070,28.900,0.761,6.80
2023-11-07 21:00:00,18.880,28.900,0.679,6.80
2023-11-07 22:00:00,18.790,28.900,0.591,6.80
2023-11-07 23:00:00,18.790,28.900,0.519,6.80
2023-11-08 00:00:00,18.820,31.000,0.491,6.80
2023-11-08 01:00:00,17.870,31.000,0.000,6.80
2023-11-08 02:00:00,16.710,31.000,0.000,6.80
2023-11-08 03:00:00,15.600,31.000,0.468,6.80
2023-11-08 04:00:00,14.560,31.000,0.231,6.80
2023-11-08 05:00:00,13.770,31.000,0.756,6.80
2023-11-08 06:00:00,13.840,31.000,0.784,6.80
2023-11-08 07:00:00,14.060,31.000,2.292,6.80
2023-11-08 08:00:00,13.490,31.000,16.630,6.80
2023-11-08 09:00:00,13.540,31.000,42.630,6.80
2023-11-08 10:00:00,13.850,31.000,116.700,6.80
2023-11-08 11:00:00,14.900,31.000,178.200,6.80
2023-11-08 12:00:00,15.800,31.000,282.200,6.80
2023-11-08 13:00:00,16.600,31.000,321.900,6.80
2023-11-08 14:00:00,17.010,31.000,273.400,6.80
2023-11-08 15:00:00,16.970,31.000,324.900,6.80
2023-11-08 16:00:00,16.430,31.000,165.000,6.80
2023-11-08 17:00:00,14.940,31.000,27.650,6.80
2023-11-08 18:00:00,13.170,31.000,1.026,6.80
2023-11-08 19:00:00,12.540,31.000,1.059,6.80
2023-11-08 20:00:00,11.090,31.000,1.582,6.80
2023-11-08 21:00:00,9.360,31.000,1.109,6.80
2023-11-08 22:00:00,9.100,31.000,1.036,6.80
2023-11-08 23:00:00,9.410,31.000,0.807,6.80
2023-11-09 00:00:00,9.620,31.500,1.034,6.80
2023-11-09 01:00:00,8.170,31.500,1.039,6.80
2023-11-09 02:00:00,8.310,31.500,0.933,6.80
2023-11-09 03:00:00,7.310,31.500,0.770,6.80
2023-11-09 04:00:00,6.806,31.500,0.680,6.80
2023-11-09 05:00:00,6.399,31.500,0.611,6.80
2023-11-09 06:00:00,6.354,31.500,0.585,6.80
2023-11-09 07:00:00,6.790,31.500,12.770,6.80
2023-11-09 08:00:00,8.910,31.500,140.200,6.80
2023-11-09 09:00:00,13.100,31.500,339.000,6.80
2023-11-09 10:00:00,15.730,31.500,534.700,6.80
2023-11-09 11:00:00,17.250,31.500,668.300,6.80
2023-11-09 12:00:00,18.120,31.500,732.600,6.80
2023-11-09 13:00:00,18.230,31.500,632.900,6.80
2023-11-09 14:00:00,17.200,31.500,502.200,6.80
2023-11-09 15:00:00,16.840,31.500,342.700,6.80
2023-11-09 16:00:00,16.250,31.500,182.800,6.80
2023-11-09 17:00:00,14.250,31.500,17.320,6.80
2023-11-09 18:00:00,12.750,31.500,0.719,6.80
2023-11-09 19:00:00,12.590,31.500,0.687,6.80
2023-11-09 20:00:00,12.500,31.500,0.667,6.80
2023-11-09 21:00:00,12.180,31.500,0.661,6.80
2023-11-09 22:00:00,12.810,31.500,0.662,6.80
2023-11-09 23:00:00,12.430,31.500,0.673,6.80
2023-11-10 00:00:00,12.540,36.000,0.675,6.80
2023-11-10 01:00:00,12.940,36.000,0.671,6.80
2023-11-10 02:00:00,12.540,36.000,0.668,6.80
2023-11-10 03:00:00,13.660,36.000,0.683,6.80
2023-11-10 04:00:00,13.540,36.000,0.683,6.80
2023-11-10 05:00:00,14.030,36.000,0.689,6.80
2023-11-10 06:00:00,14.550,36.000,0.700,6.80
2023-11-10 07:00:00,14.040,36.000,5.169,6.80
2023-11-10 08:00:00,13.990,36.000,61.110,6.80
2023-11-10 09:00:00,15.240,36.000,84.900,6.80
2023-11-10 10:00:00,16.740,36.000,341.700,6.80
2023-11-10 11:00:00,17.000,36.000,280.300,6.80
2023-11-10 12:00:00,17.530,36.000,586.500,6.80
2023-11-10 13:00:00,19.600,36.000,694.800,6.80
2023-11-10 14:00:00,20.090,36.000,432.700,6.80
2023-11-10 15:00:00,18.760,36.000,126.900,6.80
2023-11-10 16:00:00,17.940,36.000,73.110,6.80
2023-11-10 17:00:00,16.870,36.000,11.610,6.80
2023-11-10 18:00:00,17.120,36.000,0.715,6.80
2023-11-10 19:00:00,16.380,36.000,0.702,6.80
2023-11-10 20:00:00,14.880,36.000,0.690,6.80
2023-11-10 21:00:00,14.780,36.000,0.684,6.80
2023-11-10 22:00:00,13.470,36.000,0.673,6.80
2023-11-10 23:00:00,14.770,36.000,0.678,6.80
2023-11-11 00:00:00,14.690,36.000,0.676,6.80
2023-11-11 01:00:00,14.010,36.000,0.685,6.80
2023-11-11 02:00:00,14.060,36.000,0.676,6.80
2023-11-11 03:00:00,13.210,36.000,0.678,6.80
2023-11-11 04:00:00,12.440,36.000,0.667,6.80
2023-11-11 05:00:00,12.820,36.000,0.658,6.80
2023-11-11 06:00:00,13.000,36.000,0.660,6.80
2023-11-11 07:00:00,12.010,36.000,10.570,6.80
2023-11-11 08:00:00,13.200,36.000,144.100,6.80
2023-11-11 09:00:00,15.010,36.000,308.200,6.80
2023-11-11 10:00:00,16.420,36.000,505.700,6.80
2023-11-11 11:00:00,16.700,36.000,364.300,6.80
2023-11-11 12:00:00,16.960,36.000,525.600,6.80
2023-11-11 13:00:00,17.410,36.000,396.500,6.80
2023-11-11 14:00:00,17.360,36.000,310.100,6.80
2023-11-11 15:00:00,17.480,36.000,276.000,6.80
2023-11-11 16:00:00,17.430,36.000,165.700,6.80
2023-11-11 17:00:00,15.090,36.000,20.270,6.80
2023-11-11 18:00:00,12.090,36.000,0.696,6.80
2023-11-11 19:00:00,11.160,36.000,0.663,6.80
2023-11-11 20:00:00,10.620,36.000,0.661,6.80
2023-11-11 21:00:00,10.200,36.000,0.658,6.80
2023-11-11 22:00:00,10.110,36.000,0.652,6.80
2023-11-11 23:00:00,9.780,36.000,0.651,6.80
2023-11-12 00:00:00,10.020,36.000,0.637,6.80
2023-11-12 01:00:00,10.130,36.000,0.639,6.80
2023-11-12 02:00:00,9.780,36.000,0.626,6.80
2023-11-12 03:00:00,10.110,36.000,0.633,6.80
2023-11-12 04:00:00,12.410,36.000,0.648,6.80
2023-11-12 05:00:00,12.460,36.000,0.660,6.80
2023-11-12 06:00:00,12.940,36.000,0.664,6.80
2023-11-12 07:00:00,13.160,36.000,5.152,6.80
2023-11-12 08:00:00,13.630,36.000,64.090,6.80
2023-11-12 09:00:00,14.510,36.000,133.600,6.80
2023-11-12 10:00:00,15.490,36.000,172.000,6.80
2023-11-12 11:00:00,15.860,36.000,159.700,6.80
2023-11-12 12:00:00,15.730,36.000,260.600,6.80
2023-11-12 13:00:00,16.300,36.000,316.500,6.80
2023-11-12 14:00:00,16.970,36.000,271.700,6.80
2023-11-12 15:00:00,16.500,36.000,85.200,6.80
2023-11-12 16:00:00,16.030,36.000,51.660,6.80
2023-11-12 17:00:00,15.290,36.000,6.515,6.80
2023-11-12 18:00:00,14.450,36.000,0.000,6.80
2023-11-12 19:00:00,13.160,36.000,0.000,6.80
2023-11-12 20:00:00,12.420,36.000,0.715,6.80
2023-11-12 21:00:00,12.100,36.000,0.766,6.80
2023-11-12 22:00:00,11.300,36.000,0.550,6.80
2023-11-12 23:00:00,11.440,36.000,0.074,6.80
2023-11-13 00:00:00,11.670,36.000,0.326,6.80
2023-11-13 01:00:00,10.780,36.000,0.335,6.80
2023-11-13 02:00:00,10.180,36.000,0.391,6.80
2023-11-13 03:00:00,9.590,36.000,0.367,6.80
2023-11-13 04:00:00,9.660,36.000,0.602,6.80
2023-11-13 05:00:00,9.530,36.000,0.664,6.80
2023-11-13 06:00:00,9.560,36.000,0.681,6.80
2023-11-13 07:00:00,8.370,36.000,10.440,6.80
2023-11-13 08:00:00,10.200,36.000,133.000,6.80
2023-11-13 09:00:00,13.760,36.000,315.100,6.80
2023-11-13 10:00:00,16.600,36.000,502.600,6.80
2023-11-13 11:00:00,18.130,36.000,644.500,6.80
2023-11-13 12:00:00,18.680,36.000,700.100,6.80
2023-11-13 13:00:00,19.570,36.000,677.300,6.80
2023-11-13 14:00:00,20.610,36.000,579.200,6.80
2023-11-13 15:00:00,19.030,36.000,405.100,6.80
2023-11-13 16:00:00,17.850,36.000,191.800,6.80
2023-11-13 17:00:00,15.620,36.000,24.330,6.80
2023-11-13 18:00:00,13.620,36.000,0.701,6.80
2023-11-13 19:00:00,12.390,36.000,0.693,6.80
2023-11-13 20:00:00,12.570,36.000,0.675,6.80
2023-11-13 21:00:00,13.020,36.000,0.675,6.80
2023-11-13 22:00:00,12.460,36.000,0.675,6.80
2023-11-13 23:00:00,11.650,36.000,0.696,6.80
2023-11-14 00:00:00,11.970,36.000,0.677,6.80
2023-11-14 01:00:00,11.670,36.000,0.686,6.80
2023-11-14 02:00:00,11.070,36.000,0.944,6.80
2023-11-14 03:00:00,11.530,36.000,0.953,6.80
2023-11-14 04:00:00,11.390,36.000,0.899,6.80
2023-11-14 05:00:00,11.110,36.000,1.054,6.80
2023-11-14 06:00:00,10.700,36.000,1.560,6.80
2023-11-14 07:00:00,11.270,36.000,7.576,6.80
2023-11-14 08:00:00,12.840,36.000,110.900,6.80
2023-11-14 09:00:00,15.950,36.000,257.600,6.80
2023-11-14 10:00:00,18.350,36.000,419.200,6.80
2023-11-14 11:00:00,19.810,36.000,447.900,6.80
2023-11-14 12:00:00,20.730,36.000,444.300,6.80
2023-11-14 13:00:00,22.180,36.000,477.300,6.80
2023-11-14 14:00:00,23.500,36.000,547.000,6.80
2023-11-14 15:00:00,22.350,36.000,183.200,6.80
2023-11-14 16:00:00,20.980,36.000,128.200,6.80
2023-11-14 17:00:00,19.210,36.000,20.350,6.80
2023-11-14 18:00:00,17.450,36.000,0.768,6.80
2023-11-14 19:00:00,16.530,36.000,0.761,6.80
2023-11-14 20:00:00,15.830,36.000,0.808,6.80
2023-11-14 21:00:00,15.550,36.000,0.843,6.80
2023-11-14 22:00:00,16.250,36.000,0.781,6.80
2023-11-14 23:00:00,16.070,36.000,0.777,6.80
2023-11-15 00:00:00,15.900,36.000,0.759,6.80
2023-11-15 01:00:00,15.680,36.000,0.753,6.80
2023-11-15 02:00:00,15.900,36.000,0.727,6.80
2023-11-15 03:00:00,15.050,36.000,0.740,6.80
2023-11-15 04:00:00,15.820,36.000,0.725,6.80
2023-11-15 05:00:00,14.980,36.000,0.723,6.80
2023-11-15 06:00:00,14.040,36.000,0.733,6.80
2023-11-15 07:00:00,14.430,36.000,9.310,6.80
2023-11-15 08:00:00,14.980,36.000,98.400,6.80
2023-11-15 09:00:00,17.550,36.000,231.300,6.80
2023-11-15 10:00:00,20.850,36.000,482.700,6.80
2023-11-15 11:00:00,22.460,36.000,552.100,6.80
2023-11-15 12:00:00,23.120,36.000,703.700,6.80
2023-11-15 13:00:00,23.290,36.000,672.800,6.80
2023-11-15 14:00:00,23.560,36.000,552.300,6.80
2023-11-15 15:00:00,22.540,36.000,356.000,6.80
2023-11-15 16:00:00,21.920,36.000,171.900,6.80
2023-11-15 17:00:00,19.960,36.000,22.230,6.80
2023-11-15 18:00:00,16.050,36.000,0.846,6.80
2023-11-15 19:00:00,15.440,36.000,0.782,6.80
2023-11-15 20:00:00,16.060,36.000,0.750,6.80
2023-11-15 21:00:00,17.470,36.000,0.780,6.80
2023-11-15 22:00:00,17.390,36.000,1.481,6.80
2023-11-15 23:00:00,16.080,36.000,2.061,6.80
2023-11-16 00:00:00,15.100,36.000,1.981,6.80
2023-11-16 01:00:00,14.300,36.000,1.646,6.80
2023-11-16 02:00:00,13.310,36.000,0.944,6.80
2023-11-16 03:00:00,13.680,36.000,1.112,6.80
2023-11-16 04:00:00,12.560,36.000,1.633,6.80
2023-11-16 05:00:00,11.970,36.000,1.572,6.80
2023-11-16 06:00:00,11.310,36.000,1.888,6.80
2023-11-16 07:00:00,11.280,36.000,7.494,6.80
2023-11-16 08:00:00,11.760,36.000,101.000,6.80
2023-11-16 09:00:00,14.500,36.000,302.900,6.80
2023-11-16 10:00:00,16.190,36.000,468.600,6.80
2023-11-16 11:00:00,17.460,36.000,610.100,6.80
2023-11-16 12:00:00,17.930,36.000,686.700,6.80
2023-11-16 13:00:00,18.370,36.000,662.000,6.80
2023-11-16 14:00:00,18.540,36.000,561.100,6.80
2023-11-16 15:00:00,18.540,36.000,388.000,6.80
2023-11-16 16:00:00,17.770,36.000,176.000,6.80
2023-11-16 17:00:00,15.080,36.000,17.850,6.80
2023-11-16 18:00:00,13.180,36.000,0.737,6.80
2023-11-16 19:00:00,12.560,36.000,0.765,6.80
2023-11-16 20:00:00,13.810,36.000,0.755,6.80
2023-11-16 21:00:00,14.660,36.000,0.739,6.80
2023-11-16 22:00:00,14.800,36.000,0.746,6.80
2023-11-16 23:00:00,14.980,36.000,0.728,6.80
2023-11-17 00:00:00,15.130,36.000,0.731,6.80
2023-11-17 01:00:00,15.130,36.000,0.792,6.80
2023-11-17 02:00:00,14.800,36.000,0.777,6.80
2023-11-17 03:00:00,14.190,36.000,0.730,6.80
2023-11-17 04:00:00,12.540,36.000,0.755,6.80
2023-11-17 05:00:00,12.740,36.000,0.729,6.80
2023-11-17 06:00:00,12.770,36.000,0.735,6.80
2023-11-17 07:00:00,12.650,36.000,7.814,6.80
2023-11-17 08:00:00,14.540,36.000,112.300,6.80
2023-11-17 09:00:00,16.850,36.000,291.900,6.80
2023-11-17 10:00:00,19.380,36.000,506.500,6.80
2023-11-17 11:00:00,21.380,36.000,633.400,6.80
2023-11-17 12:00:00,22.420,36.000,690.900,6.80
2023-11-17 13:00:00,23.170,36.000,676.900,6.80
2023-11-17 14:00:00,23.190,36.000,562.500,6.80
2023-11-17 15:00:00,22.520,36.000,381.900,6.80
2023-11-17 16:00:00,20.800,36.000,174.900,6.80
2023-11-17 17:00:00,18.280,36.000,18.460,6.80
2023-11-17 18:00:00,16.880,36.000,0.812,6.80
2023-11-17 19:00:00,16.220,36.000,0.752,6.80
2023-11-17 20:00:00,12.530,36.000,1.223,6.80
2023-11-17 21:00:00,11.950,36.000,0.310,6.80
2023-11-17 22:00:00,11.550,36.000,0.632,6.80
2023-11-17 23:00:00,11.950,36.000,0.864,6.80
2023-11-18 00:00:00,12.430,36.000,0.661,6.80
2023-11-18 01:00:00,12.860,36.000,0.669,6.80
2023-11-18 02:00:00,11.660,36.000,0.659,6.80
2023-11-18 03:00:00,12.040,36.000,0.656,6.80
2023-11-18 04:00:00,11.720,36.000,0.639,6.80
2023-11-18 05:00:00,11.350,36.000,0.634,6.80
2023-11-18 06:00:00,10.690,36.000,0.635,6.80
2023-11-18 07:00:00,10.730,36.000,5.924,6.80
2023-11-18 08:00:00,11.180,36.000,73.900,6.80
2023-11-18 09:00:00,11.920,36.000,306.900,6.80
2023-11-18 10:00:00,11.960,36.000,434.200,6.80
2023-11-18 11:00:00,12.600,36.000,628.600,6.80
2023-11-18 12:00:00,12.840,36.000,682.700,6.80
2023-11-18 13:00:00,13.140,36.000,655.200,6.80
2023-11-18 14:00:00,13.350,36.000,552.300,6.80
2023-11-18 15:00:00,13.380,36.000,372.000,6.80
2023-11-18 16:00:00,12.880,36.000,107.100,6.80
2023-11-18 17:00:00,12.820,36.000,19.000,6.80
2023-11-18 18:00:00,12.830,36.000,0.674,6.80
2023-11-18 19:00:00,12.790,36.000,0.666,6.80
2023-11-18 20:00:00,12.850,36.000,0.666,6.80
2023-11-18 21:00:00,12.450,36.000,0.657,6.80
2023-11-18 22:00:00,12.060,36.000,0.653,6.80
2023-11-18 23:00:00,11.580,36.000,0.648,6.80
2023-11-19 00:00:00,11.600,36.000,0.645,6.80
2023-11-19 01:00:00,11.550,36.000,0.659,6.80
2023-11-19 02:00:00,10.770,36.000,0.654,6.80
2023-11-19 03:00:00,8.730,36.000,0.631,6.80
2023-11-19 04:00:00,6.216,36.000,0.414,6.80
2023-11-19 05:00:00,5.469,36.000,0.493,6.80
2023-11-19 06:00:00,5.148,36.000,0.601,6.80
2023-11-19 07:00:00,4.086,36.000,5.023,6.80
2023-11-19 08:00:00,6.780,36.000,105.700,6.80
2023-11-19 09:00:00,11.250,36.000,303.300,6.80
2023-11-19 10:00:00,13.580,36.000,491.100,6.80
2023-11-19 11:00:00,14.470,36.000,596.600,6.80
2023-11-19 12:00:00,15.540,36.000,675.800,6.80
2023-11-19 13:00:00,16.150,36.000,652.300,6.80
2023-11-19 14:00:00,16.660,36.000,540.300,6.80
2023-11-19 15:00:00,16.160,36.000,372.000,6.80
2023-11-19 16:00:00,15.380,36.000,171.700,6.80
2023-11-19 17:00:00,12.370,36.000,14.450,6.80
2023-11-19 18:00:00,9.360,36.000,0.660,6.80
2023-11-19 19:00:00,10.050,36.000,0.612,6.80
2023-11-19 20:00:00,10.070,36.000,0.607,6.80
2023-11-19 21:00:00,8.660,36.000,0.545,6.80
2023-11-19 22:00:00,7.962,36.000,0.617,6.80
2023-11-19 23:00:00,7.345,36.000,0.699,6.80
2023-11-20 00:00:00,7.363,36.000,0.935,6.80
2023-11-20 01:00:00,8.490,36.000,1.124,6.80
2023-11-20 02:00:00,8.680,36.000,1.162,6.80
2023-11-20 03:00:00,8.710,36.000,1.146,6.80
2023-11-20 04:00:00,8.330,36.000,1.211,6.80
2023-11-20 05:00:00,8.190,36.000,1.216,6.80
2023-11-20 06:00:00,8.100,36.000,1.140,6.80
2023-11-20 07:00:00,7.546,36.000,5.518,6.80
2023-11-20 08:00:00,8.960,36.000,101.300,6.80
2023-11-20 09:00:00,13.170,36.000,295.700,6.80
2023-11-20 10:00:00,16.430,36.000,481.500,6.80
2023-11-20 11:00:00,17.630,36.000,610.900,6.80
2023-11-20 12:00:00,18.500,36.000,663.200,6.80
2023-11-20 13:00:00,19.160,36.000,640.700,6.80
2023-11-20 14:00:00,19.160,36.000,512.100,6.80
2023-11-20 15:00:00,17.970,36.000,253.900,6.80
2023-11-20 16:00:00,16.310,36.000,46.620,6.80
2023-11-20 17:00:00,15.160,36.000,8.100,6.80
2023-11-20 18:00:00,14.940,36.000,0.657,6.80
2023-11-20 19:00:00,14.900,36.000,0.667,6.80
2023-11-20 20:00:00,14.100,36.000,0.682,6.80
2023-11-20 21:00:00,14.470,36.000,0.692,6.80
2023-11-20 22:00:00,14.120,36.000,0.731,6.80
2023-11-20 23:00:00,15.220,36.000,0.697,6.80
2023-11-21 00:00:00,15.530,36.000,0.678,6.80
2023-11-21 01:00:00,15.510,36.000,0.672,6.80
2023-11-21 02:00:00,14.470,36.000,0.794,6.80
2023-11-21 03:00:00,13.440,36.000,0.912,6.80
2023-11-21 04:00:00,13.470,36.000,0.753,6.80
2023-11-21 05:00:00,13.260,36.000,0.798,6.80
2023-11-21 06:00:00,13.430,36.000,0.895,6.80
2023-11-21 07:00:00,13.380,36.000,4.907,6.80
2023-11-21 08:00:00,14.170,36.000,101.400,6.80
2023-11-21 09:00:00,16.540,36.000,369.800,6.80
2023-11-21 10:00:00,18.150,36.000,355.000,6.80
2023-11-21 11:00:00,18.120,36.000,392.900,6.80
2023-11-21 12:00:00,18.470,36.000,330.200,6.80
2023-11-21 13:00:00,20.000,36.000,589.300,6.80
2023-11-21 14:00:00,19.300,36.000,270.600,6.80
2023-11-21 15:00:00,18.540,36.000,158.900,6.80
2023-11-21 16:00:00,17.500,36.000,56.900,6.80
2023-11-21 17:00:00,16.210,36.000,5.584,6.80
2023-11-21 18:00:00,15.570,36.000,0.696,6.80
2023-11-21 19:00:00,15.560,36.000,0.618,6.80
2023-11-21 20:00:00,15.570,36.000,0.610,6.80
2023-11-21 21:00:00,15.850,36.000,0.644,6.80
2023-11-21 22:00:00,15.770,36.000,0.665,6.80
2023-11-21 23:00:00,15.520,36.000,0.640,6.80
2023-11-22 00:00:00,15.570,36.000,0.648,6.80
2023-11-22 01:00:00,15.450,36.000,0.670,6.80
2023-11-22 02:00:00,15.240,36.000,0.682,6.80
2023-11-22 03:00:00,14.890,36.000,0.674,6.80
2023-11-22 04:00:00,14.240,36.000,0.662,6.80
2023-11-22 05:00:00,14.390,36.000,0.586,6.80
2023-11-22 06:00:00,14.670,36.000,0.654,6.80
2023-11-22 07:00:00,14.990,36.000,1.621,6.80
2023-11-22 08:00:00,14.540,36.000,30.470,6.80
2023-11-22 09:00:00,14.770,36.000,122.400,6.80
2023-11-22 10:00:00,14.760,36.000,158.100,6.80
2023-11-22 11:00:00,14.580,36.000,201.400,6.80
2023-11-22 12:00:00,15.230,36.000,267.500,6.80
2023-11-22 13:00:00,15.680,36.000,259.900,6.80
2023-11-22 14:00:00,15.910,36.000,178.200,6.80
2023-11-22 15:00:00,15.230,36.000,110.800,6.80
2023-11-22 16:00:00,14.850,36.000,42.890,6.80
2023-11-22 17:00:00,14.620,36.000,3.059,6.80
2023-11-22 18:00:00,14.320,36.000,0.650,6.80
2023-11-22 19:00:00,14.400,36.000,0.639,6.80
2023-11-22 20:00:00,14.860,36.000,0.640,6.80
2023-11-22 21:00:00,14.710,36.000,0.617,6.80
2023-11-22 22:00:00,14.460,36.000,0.000,6.80
2023-11-22 23:00:00,14.760,36.000,0.000,6.80
2023-11-23 00:00:00,14.260,36.000,0.000,6.80
2023-11-23 01:00:00,13.840,36.000,0.383,6.80
2023-11-23 02:00:00,13.540,36.000,0.025,6.80
2023-11-23 03:00:00,13.350,36.000,0.000,6.80
2023-11-23 04:00:00,13.760,36.000,0.307,6.80
2023-11-23 05:00:00,14.640,36.000,0.622,6.80
2023-11-23 06:00:00,14.220,36.000,0.749,6.80
2023-11-23 07:00:00,14.540,36.000,1.312,6.80
2023-11-23 08:00:00,14.780,36.000,42.010,6.80
2023-11-23 09:00:00,15.410,36.000,99.700,6.80
2023-11-23 10:00:00,16.700,36.000,382.100,6.80
2023-11-23 11:00:00,16.540,36.000,294.700,6.80
2023-11-23 12:00:00,16.910,36.000,320.400,6.80
2023-11-23 13:00:00,16.440,36.000,178.200,6.80
2023-11-23 14:00:00,16.170,36.000,127.500,6.80
2023-11-23 15:00:00,16.240,36.000,115.300,6.80
2023-11-23 16:00:00,15.930,36.000,85.100,6.80
2023-11-23 17:00:00,15.370,36.000,11.100,6.80
2023-11-23 18:00:00,14.580,36.000,2.329,6.80
2023-11-23 19:00:00,13.560,36.000,1.655,6.80
2023-11-23 20:00:00,12.320,36.000,0.216,6.80
2023-11-23 21:00:00,12.240,36.000,0.000,6.80
2023-11-23 22:00:00,11.830,36.000,0.548,6.80
2023-11-23 23:00:00,12.450,36.000,0.000,6.80
2023-11-24 00:00:00,12.690,36.000,0.000,6.80
2023-11-24 01:00:00,12.300,36.000,1.022,6.80
2023-11-24 02:00:00,12.200,36.000,0.994,6.80
2023-11-24 03:00:00,12.250,36.000,1.218,6.80
2023-11-24 04:00:00,12.210,36.000,1.608,6.80
2023-11-24 05:00:00,11.990,36.000,1.528,6.80
2023-11-24 06:00:00,11.960,36.000,1.002,6.80
2023-11-24 07:00:00,12.290,36.000,2.668,6.80
2023-11-24 08:00:00,12.550,36.000,24.180,6.80
2023-11-24 09:00:00,13.070,36.000,168.900,6.80
2023-11-24 10:00:00,14.280,36.000,456.300,6.80
2023-11-24 11:00:00,16.100,36.000,502.300,6.80
2023-11-24 12:00:00,17.690,36.000,589.100,6.80
2023-11-24 13:00:00,18.720,36.000,562.800,6.80
2023-11-24 14:00:00,18.910,36.000,430.000,6.80
2023-11-24 15:00:00,18.340,36.000,236.700,6.80
2023-11-24 16:00:00,15.980,36.000,65.460,6.80
2023-11-24 17:00:00,14.650,36.000,7.619,6.80
2023-11-24 18:00:00,13.870,36.000,0.841,6.80
2023-11-24 19:00:00,13.620,36.000,0.907,6.80
2023-11-24 20:00:00,13.740,36.000,1.001,6.80
2023-11-24 21:00:00,13.320,36.000,1.181,6.80
2023-11-24 22:00:00,13.470,36.000,0.818,6.80
2023-11-24 23:00:00,13.570,36.000,0.718,6.80
2023-11-25 00:00:00,12.830,36.000,0.712,6.80
2023-11-25 01:00:00,12.170,36.000,0.701,6.80
2023-11-25 02:00:00,11.610,36.000,0.708,6.80
2023-11-25 03:00:00,11.040,36.000,0.726,6.80
2023-11-25 04:00:00,9.840,36.000,0.772,6.80
2023-11-25 05:00:00,9.440,36.000,0.917,6.80
2023-11-25 06:00:00,9.790,36.000,0.887,6.80
2023-11-25 07:00:00,11.010,36.000,2.395,6.80
2023-11-25 08:00:00,11.450,36.000,14.220,6.80
2023-11-25 09:00:00,9.960,36.000,12.980,6.80
2023-11-25 10:00:00,8.680,36.000,22.700,6.80
2023-11-25 11:00:00,7.851,36.000,39.580,6.80
2023-11-25 12:00:00,7.511,36.000,52.290,6.80
2023-11-25 13:00:00,7.690,36.000,105.600,6.80
2023-11-25 14:00:00,9.910,36.000,131.200,6.80
2023-11-25 15:00:00,8.400,36.000,45.450,6.80
2023-11-25 16:00:00,7.899,36.000,13.310,6.80
2023-11-25 17:00:00,8.280,36.000,1.977,6.80
2023-11-25 18:00:00,8.440,36.000,0.691,6.80
2023-11-25 19:00:00,6.713,36.000,0.652,6.80
2023-11-25 20:00:00,5.001,36.000,0.890,6.80
2023-11-25 21:00:00,3.794,36.000,0.603,6.80
2023-11-25 22:00:00,6.742,36.000,0.692,6.80
2023-11-25 23:00:00,5.846,36.000,0.190,6.80
2023-11-26 00:00:00,5.587,36.000,0.438,6.80
2023-11-26 01:00:00,4.963,36.000,0.703,6.80
2023-11-26 02:00:00,4.414,36.000,0.319,6.80
2023-11-26 03:00:00,6.319,36.000,0.638,6.80
2023-11-26 04:00:00,6.684,36.000,0.624,6.80
2023-11-26 05:00:00,7.119,36.000,0.634,6.80
2023-11-26 06:00:00,7.030,36.000,0.624,6.80
2023-11-26 07:00:00,7.077,36.000,2.308,6.80
2023-11-26 08:00:00,7.469,36.000,57.120,6.80
2023-11-26 09:00:00,5.830,36.000,152.000,6.80
2023-11-26 10:00:00,4.279,36.000,96.200,6.80
2023-11-26 11:00:00,5.192,36.000,230.200,6.80
2023-11-26 12:00:00,6.823,36.000,356.300,6.80
2023-11-26 13:00:00,9.270,36.000,533.800,6.80
2023-11-26 14:00:00,9.890,36.000,572.500,6.80
2023-11-26 15:00:00,6.954,36.000,301.400,6.80
2023-11-26 16:00:00,6.759,36.000,163.000,6.80
2023-11-26 17:00:00,5.258,36.000,17.160,6.80
2023-11-26 18:00:00,3.572,36.000,0.554,6.80
2023-11-26 19:00:00,3.083,36.000,0.494,6.80
2023-11-26 20:00:00,2.505,36.000,0.000,6.80
2023-11-26 21:00:00,2.050,36.000,2.045,6.80
2023-11-26 22:00:00,2.029,36.000,0.000,6.80
2023-11-26 23:00:00,2.399,36.000,0.000,6.80
2023-11-27 00:00:00,1.181,36.000,0.000,6.80
2023-11-27 01:00:00,0.147,36.000,0.000,6.80
2023-11-27 02:00:00,0.330,36.000,0.000,6.80
2023-11-27 03:00:00,0.641,36.000,0.000,6.80
2023-11-27 04:00:00,0.437,36.000,0.000,6.80
2023-11-27 05:00:00,1.268,36.000,0.000,6.80
2023-11-27 06:00:00,1.680,36.000,0.000,6.80
2023-11-27 07:00:00,1.483,36.000,0.000,6.80
2023-11-27 08:00:00,3.056,36.000,71.700,6.80
2023-11-27 09:00:00,6.397,36.000,255.100,6.80
2023-11-27 10:00:00,9.750,36.000,429.300,6.80
2023-11-27 11:00:00,11.760,36.000,555.300,6.80
2023-11-27 12:00:00,12.390,36.000,536.200,6.80
2023-11-27 13:00:00,12.560,36.000,431.500,6.80
2023-11-27 14:00:00,12.050,36.000,253.400,6.80
2023-11-27 15:00:00,11.590,36.000,143.100,6.80
2023-11-27 16:00:00,11.120,36.000,73.370,6.80
2023-11-27 17:00:00,10.680,36.000,1.783,6.80
2023-11-27 18:00:00,10.890,36.000,0.000,6.80
2023-11-27 19:00:00,10.670,36.000,0.100,6.80
2023-11-27 20:00:00,10.200,36.000,0.000,6.80
2023-11-27 21:00:00,10.240,36.000,0.000,6.80
2023-11-27 22:00:00,10.410,36.000,0.000,6.80
2023-11-27 23:00:00,10.950,36.000,0.000,6.80
2023-11-28 00:00:00,10.810,36.000,0.000,6.80
2023-11-28 01:00:00,10.370,36.000,0.000,6.80
2023-11-28 02:00:00,11.050,36.000,0.104,6.80
2023-11-28 03:00:00,11.790,36.000,2.135,6.80
2023-11-28 04:00:00,12.230,36.000,0.000,6.80
2023-11-28 05:00:00,12.770,36.000,0.000,6.80
2023-11-28 06:00:00,12.500,36.000,0.464,6.80
2023-11-28 07:00:00,12.470,36.000,1.378,6.80
2023-11-28 08:00:00,12.770,36.000,20.560,6.80
2023-11-28 09:00:00,12.990,36.000,65.440,6.80
2023-11-28 10:00:00,14.560,36.000,331.200,6.80
2023-11-28 11:00:00,16.250,36.000,530.300,6.80
2023-11-28 12:00:00,17.220,36.000,595.800,6.80
2023-11-28 13:00:00,17.270,36.000,480.300,6.80
2023-11-28 14:00:00,17.190,36.000,423.400,6.80
2023-11-28 15:00:00,16.020,36.000,170.900,6.80
2023-11-28 16:00:00,15.490,36.000,134.300,6.80
2023-11-28 17:00:00,13.220,36.000,8.400,6.80
2023-11-28 18:00:00,12.300,36.000,1.271,6.80
2023-11-28 19:00:00,11.710,36.000,1.911,6.80
2023-11-28 20:00:00,11.360,36.000,1.242,6.80
2023-11-28 21:00:00,10.600,36.000,1.972,6.80
2023-11-28 22:00:00,9.250,36.000,2.116,6.80
2023-11-28 23:00:00,9.310,36.000,2.147,6.80
2023-11-29 00:00:00,10.150,36.000,1.903,6.80
2023-11-29 01:00:00,11.030,36.000,1.754,6.80
2023-11-29 02:00:00,10.880,36.000,1.678,6.80
2023-11-29 03:00:00,11.890,36.000,1.444,6.80
2023-11-29 04:00:00,11.090,36.000,1.495,6.80
2023-11-29 05:00:00,9.620,36.000,1.972,6.80
2023-11-29 06:00:00,8.680,36.000,1.928,6.80
2023-11-29 07:00:00,7.619,36.000,3.998,6.80
2023-11-29 08:00:00,8.410,36.000,69.160,6.80
2023-11-29 09:00:00,10.960,36.000,252.200,6.80
