image_id,image_path,capture_time,growth_stage,health_level,maturity_level,abnormal_alert
IMG_000001,images/IMG_000001.png,2023-10-21 02:00:00,5,0,2,0
IMG_000002,images/IMG_000002.png,2023-10-21 03:00:00,5,3,3,1
IMG_000003,images/IMG_000003.jpg,2023-09-18 22:00:00,4,0,0,0
IMG_000004,images/IMG_000004.jpg,2023-09-18 23:00:00,4,0,0,0
IMG_000005,images/IMG_000005.jpg,2023-10-21 04:00:00,5,0,2,0
IMG_000006,images/IMG_000006.jpg,2023-10-21 05:00:00,5,0,2,0
IMG_000007,images/IMG_000007.jpg,2023-09-19 00:00:00,4,0,0,0
IMG_000008,images/IMG_000008.png,2023-07-22 01:00:00,2,2,0,1
IMG_000009,images/IMG_000009.png,2023-10-21 06:00:00,5,0,2,0
IMG_000010,images/IMG_000010.jpg,2023-10-21 07:00:00,5,0,2,0
IMG_000011,images/IMG_000011.png,2023-06-23 10:00:00,1,1,0,1
IMG_000012,images/IMG_000012.jpg,2023-09-19 01:00:00,4,0,0,0
IMG_000013,images/IMG_000013.jpg,2023-06-02 00:00:00,0,0,0,0
IMG_000014,images/IMG_000014.png,2023-06-23 11:00:00,1,1,0,1
IMG_000015,images/IMG_000015.jpg,2023-09-19 02:00:00,4,0,0,0
IMG_000016,images/IMG_000016.png,2023-10-21 08:00:00,5,0,2,0
IMG_000017,images/IMG_000017.png,2023-08-21 07:00:00,3,0,0,0
IMG_000018,images/IMG_000018.jpg,2023-09-19 03:00:00,4,0,0,0
IMG_000019,images/IMG_000019.png,2023-10-21 09:00:00,5,0,2,0
IMG_000020,images/IMG_000020.png,2023-07-22 02:00:00,2,0,0,0
IMG_000021,images/IMG_000021.png,2023-10-21 10:00:00,5,1,1,1
IMG_000022,images/IMG_000022.jpg,2023-10-21 11:00:00,5,0,2,0
IMG_000023,images/IMG_000023.jpg,2023-07-22 03:00:00,2,2,0,1
IMG_000024,images/IMG_000024.jpg,2023-10-21 12:00:00,5,0,2,0
IMG_000025,images/IMG_000025.jpg,2023-08-21 08:00:00,3,2,0,1
IMG_000026,images/IMG_000026.png,2023-10-21 13:00:00,5,0,2,0
IMG_000027,images/IMG_000027.jpg,2023-09-19 04:00:00,4,0,0,0
IMG_000028,images/IMG_000028.jpg,2023-07-22 04:00:00,2,2,0,1
IMG_000029,images/IMG_000029.png,2023-07-22 05:00:00,2,2,0,1
IMG_000030,images/IMG_000030.png,2023-10-21 14:00:00,5,0,2,0
IMG_000031,images/IMG_000031.jpg,2023-10-21 15:00:00,5,0,2,0
IMG_000032,images/IMG_000032.png,2023-10-21 16:00:00,5,3,3,1
IMG_000033,images/IMG_000033.png,2023-10-21 17:00:00,5,0,2,0
IMG_000034,images/IMG_000034.png,2023-08-21 09:00:00,3,0,0,0
IMG_000035,images/IMG_000035.png,2023-07-22 06:00:00,2,2,0,1
IMG_000036,images/IMG_000036.png,2023-07-22 07:00:00,2,2,0,1
IMG_000037,images/IMG_000037.png,2023-10-21 18:00:00,5,3,3,1
IMG_000038,images/IMG_000038.jpg,2023-09-19 05:00:00,4,0,0,0
IMG_000039,images/IMG_000039.jpg,2023-06-02 01:00:00,0,0,0,0
IMG_000040,images/IMG_000040.png,2023-07-22 08:00:00,2,1,0,1
IMG_000041,images/IMG_000041.jpg,2023-09-19 06:00:00,4,0,0,0
IMG_000042,images/IMG_000042.png,2023-08-21 10:00:00,3,2,0,1
IMG_000043,images/IMG_000043.png,2023-08-21 11:00:00,3,1,0,1
IMG_000044,images/IMG_000044.jpg,2023-10-21 19:00:00,5,0,2,0
IMG_000045,images/IMG_000045.png,2023-07-22 09:00:00,2,2,0,1
IMG_000046,images/IMG_000046.jpg,2023-10-21 20:00:00,5,0,2,0
IMG_000047,images/IMG_000047.png,2023-08-21 12:00:00,3,2,0,1
IMG_000048,images/IMG_000048.png,2023-10-21 21:00:00,5,0,2,0
IMG_000049,images/IMG_000049.png,2023-10-21 22:00:00,5,0,2,0
IMG_000050,images/IMG_000050.jpg,2023-10-21 23:00:00,5,0,2,0
IMG_000051,images/IMG_000051.png,2023-06-23 12:00:00,1,1,0,1
IMG_000052,images/IMG_000052.jpg,2023-07-22 10:00:00,2,0,0,0
IMG_000053,images/IMG_000053.png,2023-07-22 11:00:00,2,2,0,1
IMG_000054,images/IMG_000054.jpg,2023-10-22 00:00:00,5,0,2,0
IMG_000055,images/IMG_000055.jpg,2023-10-22 01:00:00,5,0,2,0
IMG_000056,images/IMG_000056.png,2023-07-22 12:00:00,2,2,0,1
IMG_000057,images/IMG_000057.jpg,2023-09-19 07:00:00,4,0,0,0
IMG_000058,images/IMG_000058.jpg,2023-09-19 08:00:00,4,0,0,0
IMG_000059,images/IMG_000059.png,2023-06-23 13:00:00,1,0,0,0
IMG_000060,images/IMG_000060.jpg,2023-08-21 13:00:00,3,0,0,0
IMG_000061,images/IMG_000061.jpg,2023-09-19 09:00:00,4,0,0,0
IMG_000062,images/IMG_000062.jpg,2023-07-22 13:00:00,2,0,0,0
IMG_000063,images/IMG_000063.png,2023-10-22 02:00:00,5,0,2,0
IMG_000064,images/IMG_000064.jpg,2023-09-19 10:00:00,4,0,0,0
IMG_000065,images/IMG_000065.png,2023-10-22 03:00:00,5,3,3,1
IMG_000066,images/IMG_000066.jpg,2023-06-23 14:00:00,1,0,0,0
IMG_000067,images/IMG_000067.jpg,2023-08-21 14:00:00,3,2,0,1
IMG_000068,images/IMG_000068.png,2023-10-22 04:00:00,5,0,2,0
IMG_000069,images/IMG_000069.jpg,2023-10-22 05:00:00,5,0,2,0
IMG_000070,images/IMG_000070.png,2023-10-22 06:00:00,5,0,2,0
IMG_000071,images/IMG_000071.jpg,2023-08-21 15:00:00,3,0,0,0
IMG_000072,images/IMG_000072.jpg,2023-09-19 11:00:00,4,0,0,0
IMG_000073,images/IMG_000073.jpg,2023-10-22 07:00:00,5,0,2,0
IMG_000074,images/IMG_000074.png,2023-10-22 08:00:00,5,3,3,1
IMG_000075,images/IMG_000075.jpg,2023-09-19 12:00:00,4,0,0,0
IMG_000076,images/IMG_000076.png,2023-10-22 09:00:00,5,1,1,1
IMG_000077,images/IMG_000077.jpg,2023-08-21 16:00:00,3,2,0,1
IMG_000078,images/IMG_000078.jpg,2023-08-21 17:00:00,3,2,0,1
IMG_000079,images/IMG_000079.png,2023-10-22 10:00:00,5,0,2,0
IMG_000080,images/IMG_000080.jpg,2023-08-21 18:00:00,3,2,0,1
IMG_000081,images/IMG_000081.jpg,2023-08-21 19:00:00,3,2,0,1
IMG_000082,images/IMG_000082.jpg,2023-10-22 11:00:00,5,0,2,0
IMG_000083,images/IMG_000083.png,2023-10-22 12:00:00,5,1,1,1
IMG_000084,images/IMG_000084.jpg,2023-10-22 13:00:00,5,0,2,0
IMG_000085,images/IMG_000085.png,2023-10-22 14:00:00,5,1,1,1
IMG_000086,images/IMG_000086.jpg,2023-10-22 15:00:00,5,0,2,0
IMG_000087,images/IMG_000087.jpg,2023-10-22 16:00:00,5,0,2,0
IMG_000088,images/IMG_000088.png,2023-06-02 02:00:00,0,0,0,0
IMG_000089,images/IMG_000089.jpg,2023-10-22 17:00:00,5,0,2,0
IMG_000090,images/IMG_000090.jpg,2023-09-19 13:00:00,4,0,0,0
IMG_000091,images/IMG_000091.jpg,2023-07-22 14:00:00,2,0,0,0
IMG_000092,images/IMG_000092.png,2023-10-22 18:00:00,5,0,2,0
IMG_000093,images/IMG_000093.jpg,2023-08-21 20:00:00,3,2,0,1
IMG_000094,images/IMG_000094.jpg,2023-07-22 15:00:00,2,2,0,1
IMG_000095,images/IMG_000095.jpg,2023-07-22 16:00:00,2,2,0,1
IMG_000096,images/IMG_000096.jpg,2023-06-23 15:00:00,1,0,0,0
IMG_000097,images/IMG_000097.jpg,2023-09-19 14:00:00,4,0,0,0
IMG_000098,images/IMG_000098.png,2023-07-22 17:00:00,2,2,0,1
IMG_000099,images/IMG_000099.png,2023-10-22 19:00:00,5,3,3,1
IMG_000100,images/IMG_000100.jpg,2023-09-19 15:00:00,4,0,0,0
IMG_000101,images/IMG_000101.jpg,2023-10-22 20:00:00,5,0,2,0
IMG_000102,images/IMG_000102.png,2023-08-21 21:00:00,3,2,0,1
IMG_000103,images/IMG_000103.png,2023-07-22 18:00:00,2,1,0,1
IMG_000104,images/IMG_000104.jpg,2023-10-22 21:00:00,5,0,2,0
IMG_000105,images/IMG_000105.png,2023-10-22 22:00:00,5,0,2,0
IMG_000106,images/IMG_000106.jpg,2023-09-19 16:00:00,4,0,0,0
IMG_000107,images/IMG_000107.png,2023-08-21 22:00:00,3,0,0,0
IMG_000108,images/IMG_000108.png,2023-08-21 23:00:00,3,2,0,1
IMG_000109,images/IMG_000109.jpg,2023-10-22 23:00:00,5,0,2,0
IMG_000110,images/IMG_000110.jpg,2023-09-19 17:00:00,4,0,0,0
IMG_000111,images/IMG_000111.jpg,2023-10-23 00:00:00,5,0,2,0
IMG_000112,images/IMG_000112.png,2023-10-23 01:00:00,5,1,1,1
IMG_000113,images/IMG_000113.png,2023-08-22 00:00:00,3,0,0,0
IMG_000114,images/IMG_000114.png,2023-10-23 02:00:00,5,1,1,1
IMG_000115,images/IMG_000115.png,2023-10-23 03:00:00,5,3,3,1
IMG_000116,images/IMG_000116.jpg,2023-07-22 19:00:00,2,2,0,1
IMG_000117,images/IMG_000117.jpg,2023-10-23 04:00:00,5,0,2,0
IMG_000118,images/IMG_000118.png,2023-07-22 20:00:00,2,2,0,1
IMG_000119,images/IMG_000119.jpg,2023-09-19 18:00:00,4,0,0,0
IMG_000120,images/IMG_000120.jpg,2023-10-23 05:00:00,5,0,2,0
IMG_000121,images/IMG_000121.png,2023-07-22 21:00:00,2,2,0,1
IMG_000122,images/IMG_000122.png,2023-06-02 03:00:00,0,0,0,0
IMG_000123,images/IMG_000123.png,2023-08-22 01:00:00,3,0,0,0
IMG_000124,images/IMG_000124.jpg,2023-07-22 22:00:00,2,2,0,1
IMG_000125,images/IMG_000125.png,2023-10-23 06:00:00,5,1,1,1
IMG_000126,images/IMG_000126.jpg,2023-09-19 19:00:00,4,0,0,0
IMG_000127,images/IMG_000127.png,2023-10-23 07:00:00,5,1,1,1
IMG_000128,images/IMG_000128.jpg,2023-09-19 20:00:00,4,0,0,0
IMG_000129,images/IMG_000129.png,2023-07-22 23:00:00,2,2,0,1
IMG_000130,images/IMG_000130.jpg,2023-09-19 21:00:00,4,0,0,0
IMG_000131,images/IMG_000131.png,2023-10-23 08:00:00,5,1,1,1
IMG_000132,images/IMG_000132.jpg,2023-07-23 00:00:00,2,2,0,1
IMG_000133,images/IMG_000133.jpg,2023-09-19 22:00:00,4,0,0,0
IMG_000134,images/IMG_000134.png,2023-10-23 09:00:00,5,0,2,0
IMG_000135,images/IMG_000135.jpg,2023-10-23 10:00:00,5,0,2,0
IMG_000136,images/IMG_000136.jpg,2023-10-23 11:00:00,5,0,2,0
IMG_000137,images/IMG_000137.jpg,2023-08-22 02:00:00,3,2,0,1
IMG_000138,images/IMG_000138.png,2023-10-23 12:00:00,5,3,3,1
IMG_000139,images/IMG_000139.jpg,2023-09-19 23:00:00,4,0,0,0
IMG_000140,images/IMG_000140.png,2023-10-23 13:00:00,5,3,3,1
IMG_000141,images/IMG_000141.png,2023-10-23 14:00:00,5,3,3,1
IMG_000142,images/IMG_000142.jpg,2023-10-23 15:00:00,5,0,2,0
IMG_000143,images/IMG_000143.png,2023-07-23 01:00:00,2,1,0,1
IMG_000144,images/IMG_000144.png,2023-06-23 16:00:00,1,1,0,1
IMG_000145,images/IMG_000145.png,2023-07-23 02:00:00,2,2,0,1
IMG_000146,images/IMG_000146.png,2023-10-23 16:00:00,5,3,3,1
IMG_000147,images/IMG_000147.png,2023-10-23 17:00:00,5,1,1,1
IMG_000148,images/IMG_000148.jpg,2023-09-20 00:00:00,4,0,0,0
IMG_000149,images/IMG_000149.png,2023-10-23 18:00:00,5,0,2,0
IMG_000150,images/IMG_000150.jpg,2023-10-23 19:00:00,5,0,2,0
IMG_000151,images/IMG_000151.jpg,2023-08-22 03:00:00,3,0,0,0
IMG_000152,images/IMG_000152.jpg,2023-10-23 20:00:00,5,0,2,0
IMG_000153,images/IMG_000153.png,2023-08-22 04:00:00,3,0,0,0
IMG_000154,images/IMG_000154.jpg,2023-07-23 03:00:00,2,2,0,1
IMG_000155,images/IMG_000155.jpg,2023-09-20 01:00:00,4,0,0,0
IMG_000156,images/IMG_000156.jpg,2023-07-23 04:00:00,2,2,0,1
IMG_000157,images/IMG_000157.jpg,2023-07-23 05:00:00,2,2,0,1
IMG_000158,images/IMG_000158.png,2023-10-23 21:00:00,5,3,3,1
IMG_000159,images/IMG_000159.jpg,2023-10-23 22:00:00,5,0,2,0
IMG_000160,images/IMG_000160.png,2023-08-22 05:00:00,3,1,0,1
IMG_000161,images/IMG_000161.png,2023-10-23 23:00:00,5,1,1,1
IMG_000162,images/IMG_000162.jpg,2023-09-20 02:00:00,4,0,0,0
IMG_000163,images/IMG_000163.png,2023-08-22 06:00:00,3,1,0,1
IMG_000164,images/IMG_000164.png,2023-10-24 00:00:00,5,1,1,1
IMG_000165,images/IMG_000165.png,2023-06-23 17:00:00,1,0,0,0
IMG_000166,images/IMG_000166.png,2023-10-24 01:00:00,5,0,2,0
IMG_000167,images/IMG_000167.jpg,2023-07-23 06:00:00,2,0,0,0
IMG_000168,images/IMG_000168.png,2023-08-22 07:00:00,3,0,0,0
IMG_000169,images/IMG_000169.jpg,2023-10-24 02:00:00,5,0,2,0
IMG_000170,images/IMG_000170.jpg,2023-08-22 08:00:00,3,2,0,1
IMG_000171,images/IMG_000171.png,2023-06-23 18:00:00,1,1,0,1
IMG_000172,images/IMG_000172.png,2023-08-22 09:00:00,3,2,0,1
IMG_000173,images/IMG_000173.png,2023-06-23 19:00:00,1,0,0,0
IMG_000174,images/IMG_000174.png,2023-07-23 07:00:00,2,2,0,1
IMG_000175,images/IMG_000175.png,2023-10-24 03:00:00,5,1,1,1
IMG_000176,images/IMG_000176.png,2023-08-22 10:00:00,3,2,0,1
IMG_000177,images/IMG_000177.jpg,2023-10-24 04:00:00,5,0,2,0
IMG_000178,images/IMG_000178.jpg,2023-06-02 04:00:00,0,0,0,0
IMG_000179,images/IMG_000179.jpg,2023-06-23 20:00:00,1,0,0,0
IMG_000180,images/IMG_000180.jpg,2023-09-20 03:00:00,4,0,0,0
IMG_000181,images/IMG_000181.jpg,2023-09-20 04:00:00,4,0,0,0
IMG_000182,images/IMG_000182.jpg,2023-09-20 05:00:00,4,0,0,0
IMG_000183,images/IMG_000183.png,2023-10-24 05:00:00,5,0,2,0
IMG_000184,images/IMG_000184.png,2023-08-22 11:00:00,3,0,0,0
IMG_000185,images/IMG_000185.jpg,2023-10-24 06:00:00,5,0,2,0
IMG_000186,images/IMG_000186.jpg,2023-08-22 12:00:00,3,2,0,1
IMG_000187,images/IMG_000187.jpg,2023-10-24 07:00:00,5,0,2,0
IMG_000188,images/IMG_000188.jpg,2023-07-23 08:00:00,2,2,0,1
IMG_000189,images/IMG_000189.png,2023-07-23 09:00:00,2,1,0,1
IMG_000190,images/IMG_000190.jpg,2023-09-20 06:00:00,4,0,0,0
IMG_000191,images/IMG_000191.jpg,2023-09-20 07:00:00,4,0,0,0
IMG_000192,images/IMG_000192.png,2023-10-24 08:00:00,5,0,2,0
IMG_000193,images/IMG_000193.jpg,2023-10-24 09:00:00,5,0,2,0
IMG_000194,images/IMG_000194.jpg,2023-09-20 08:00:00,4,0,0,0
IMG_000195,images/IMG_000195.jpg,2023-09-20 09:00:00,4,0,0,0
IMG_000196,images/IMG_000196.jpg,2023-08-22 13:00:00,3,2,0,1
IMG_000197,images/IMG_000197.jpg,2023-10-24 10:00:00,5,0,2,0
IMG_000198,images/IMG_000198.jpg,2023-09-20 10:00:00,4,0,0,0
IMG_000199,images/IMG_000199.png,2023-10-24 11:00:00,5,1,1,1
IMG_000200,images/IMG_000200.jpg,2023-09-20 11:00:00,4,0,0,0
IMG_000201,images/IMG_000201.jpg,2023-08-22 14:00:00,3,2,0,1
IMG_000202,images/IMG_000202.jpg,2023-09-20 12:00:00,4,0,0,0
IMG_000203,images/IMG_000203.png,2023-10-24 12:00:00,5,1,1,1
IMG_000204,images/IMG_000204.jpg,2023-08-22 15:00:00,3,2,0,1
IMG_000205,images/IMG_000205.jpg,2023-07-23 10:00:00,2,2,0,1
IMG_000206,images/IMG_000206.jpg,2023-08-22 16:00:00,3,2,0,1
IMG_000207,images/IMG_000207.png,2023-06-23 21:00:00,1,1,0,1
IMG_000208,images/IMG_000208.jpg,2023-10-24 13:00:00,5,0,2,0
IMG_000209,images/IMG_000209.jpg,2023-07-23 11:00:00,2,2,0,1
IMG_000210,images/IMG_000210.png,2023-07-23 12:00:00,2,2,0,1
IMG_000211,images/IMG_000211.png,2023-07-23 13:00:00,2,2,0,1
IMG_000212,images/IMG_000212.png,2023-08-22 17:00:00,3,2,0,1
IMG_000213,images/IMG_000213.png,2023-07-23 14:00:00,2,0,0,0
IMG_000214,images/IMG_000214.png,2023-06-02 05:00:00,0,0,0,0
IMG_000215,images/IMG_000215.jpg,2023-09-20 13:00:00,4,0,0,0
IMG_000216,images/IMG_000216.png,2023-07-23 15:00:00,2,2,0,1
IMG_000217,images/IMG_000217.png,2023-07-23 16:00:00,2,0,0,0
IMG_000218,images/IMG_000218.jpg,2023-06-23 22:00:00,1,0,0,0
IMG_000219,images/IMG_000219.jpg,2023-10-24 14:00:00,5,0,2,0
IMG_000220,images/IMG_000220.jpg,2023-10-24 15:00:00,5,0,2,0
IMG_000221,images/IMG_000221.png,2023-08-22 18:00:00,3,2,0,1
IMG_000222,images/IMG_000222.jpg,2023-10-24 16:00:00,5,0,2,0
IMG_000223,images/IMG_000223.jpg,2023-10-24 17:00:00,5,0,2,0
IMG_000224,images/IMG_000224.jpg,2023-10-24 18:00:00,5,0,2,0
IMG_000225,images/IMG_000225.png,2023-07-23 17:00:00,2,0,0,0
IMG_000226,images/IMG_000226.png,2023-10-24 19:00:00,5,3,3,1
IMG_000227,images/IMG_000227.png,2023-10-24 20:00:00,5,0,2,0
IMG_000228,images/IMG_000228.png,2023-08-22 19:00:00,3,2,0,1
IMG_000229,images/IMG_000229.jpg,2023-09-20 14:00:00,4,0,0,0
IMG_000230,images/IMG_000230.png,2023-10-24 21:00:00,5,0,2,0
IMG_000231,images/IMG_000231.png,2023-07-23 18:00:00,2,1,0,1
IMG_000232,images/IMG_000232.jpg,2023-07-23 19:00:00,2,2,0,1
IMG_000233,images/IMG_000233.png,2023-10-24 22:00:00,5,0,2,0
IMG_000234,images/IMG_000234.jpg,2023-07-23 20:00:00,2,2,0,1
IMG_000235,images/IMG_000235.png,2023-10-24 23:00:00,5,0,2,0
IMG_000236,images/IMG_000236.png,2023-10-25 00:00:00,5,3,3,1
IMG_000237,images/IMG_000237.jpg,2023-10-25 01:00:00,5,0,2,0
IMG_000238,images/IMG_000238.png,2023-10-25 02:00:00,5,0,2,0
IMG_000239,images/IMG_000239.jpg,2023-10-25 03:00:00,5,0,2,0
IMG_000240,images/IMG_000240.jpg,2023-10-25 04:00:00,5,0,2,0
IMG_000241,images/IMG_000241.jpg,2023-10-25 05:00:00,5,0,2,0
IMG_000242,images/IMG_000242.jpg,2023-09-20 15:00:00,4,0,0,0
IMG_000243,images/IMG_000243.png,2023-10-25 06:00:00,5,3,3,1
IMG_000244,images/IMG_000244.jpg,2023-09-20 16:00:00,4,0,0,0
IMG_000245,images/IMG_000245.jpg,2023-10-25 07:00:00,5,0,2,0
IMG_000246,images/IMG_000246.jpg,2023-08-22 20:00:00,3,2,0,1
IMG_000247,images/IMG_000247.png,2023-10-25 08:00:00,5,0,2,0
IMG_000248,images/IMG_000248.png,2023-10-25 09:00:00,5,0,2,0
IMG_000249,images/IMG_000249.jpg,2023-09-20 17:00:00,4,0,0,0
IMG_000250,images/IMG_000250.jpg,2023-10-25 10:00:00,5,0,2,0
IMG_000251,images/IMG_000251.jpg,2023-09-20 18:00:00,4,0,0,0
IMG_000252,images/IMG_000252.png,2023-08-22 21:00:00,3,0,0,0
IMG_000253,images/IMG_000253.jpg,2023-10-25 11:00:00,5,0,2,0
IMG_000254,images/IMG_000254.png,2023-07-23 21:00:00,2,2,0,1
IMG_000255,images/IMG_000255.png,2023-07-23 22:00:00,2,1,0,1
IMG_000256,images/IMG_000256.jpg,2023-09-20 19:00:00,4,0,0,0
IMG_000257,images/IMG_000257.jpg,2023-07-23 23:00:00,2,2,0,1
IMG_000258,images/IMG_000258.jpg,2023-09-20 20:00:00,4,0,0,0
IMG_000259,images/IMG_000259.png,2023-10-25 12:00:00,5,3,3,1
IMG_000260,images/IMG_000260.jpg,2023-09-20 21:00:00,4,0,0,0
IMG_000261,images/IMG_000261.jpg,2023-09-20 22:00:00,4,0,0,0
IMG_000262,images/IMG_000262.png,2023-07-24 00:00:00,2,1,0,1
IMG_000263,images/IMG_000263.jpg,2023-08-22 22:00:00,3,0,0,0
IMG_000264,images/IMG_000264.png,2023-06-23 23:00:00,1,1,0,1
IMG_000265,images/IMG_000265.jpg,2023-08-22 23:00:00,3,2,0,1
IMG_000266,images/IMG_000266.jpg,2023-07-24 01:00:00,2,2,0,1
IMG_000267,images/IMG_000267.png,2023-07-24 02:00:00,2,0,0,0
IMG_000268,images/IMG_000268.png,2023-10-25 13:00:00,5,3,3,1
IMG_000269,images/IMG_000269.png,2023-06-24 00:00:00,1,0,0,0
IMG_000270,images/IMG_000270.png,2023-06-02 06:00:00,0,0,0,0
IMG_000271,images/IMG_000271.png,2023-10-25 14:00:00,5,0,2,0
IMG_000272,images/IMG_000272.png,2023-10-25 15:00:00,5,3,3,1
IMG_000273,images/IMG_000273.jpg,2023-09-20 23:00:00,4,0,0,0
IMG_000274,images/IMG_000274.png,2023-10-25 16:00:00,5,0,2,0
IMG_000275,images/IMG_000275.png,2023-08-23 00:00:00,3,2,0,1
IMG_000276,images/IMG_000276.jpg,2023-10-25 17:00:00,5,0,2,0
IMG_000277,images/IMG_000277.png,2023-10-25 18:00:00,5,0,2,0
IMG_000278,images/IMG_000278.jpg,2023-09-21 00:00:00,4,0,0,0
IMG_000279,images/IMG_000279.jpg,2023-10-25 19:00:00,5,0,2,0
IMG_000280,images/IMG_000280.png,2023-10-25 20:00:00,5,0,2,0
IMG_000281,images/IMG_000281.png,2023-06-24 01:00:00,1,1,0,1
IMG_000282,images/IMG_000282.jpg,2023-08-23 01:00:00,3,2,0,1
IMG_000283,images/IMG_000283.jpg,2023-07-24 03:00:00,2,0,0,0
IMG_000284,images/IMG_000284.jpg,2023-09-21 01:00:00,4,0,0,0
IMG_000285,images/IMG_000285.jpg,2023-10-25 21:00:00,5,0,2,0
IMG_000286,images/IMG_000286.png,2023-10-25 22:00:00,5,0,2,0
IMG_000287,images/IMG_000287.png,2023-07-24 04:00:00,2,2,0,1
IMG_000288,images/IMG_000288.jpg,2023-08-23 02:00:00,3,2,0,1
IMG_000289,images/IMG_000289.png,2023-07-24 05:00:00,2,2,0,1
IMG_000290,images/IMG_000290.png,2023-06-24 02:00:00,1,0,0,0
IMG_000291,images/IMG_000291.jpg,2023-10-25 23:00:00,5,0,2,0
IMG_000292,images/IMG_000292.png,2023-06-24 03:00:00,1,0,0,0
IMG_000293,images/IMG_000293.jpg,2023-09-21 02:00:00,4,0,0,0
IMG_000294,images/IMG_000294.png,2023-08-23 03:00:00,3,1,0,1
IMG_000295,images/IMG_000295.jpg,2023-09-21 03:00:00,4,0,0,0
IMG_000296,images/IMG_000296.png,2023-08-23 04:00:00,3,2,0,1
IMG_000297,images/IMG_000297.png,2023-07-24 06:00:00,2,2,0,1
IMG_000298,images/IMG_000298.png,2023-08-23 05:00:00,3,2,0,1
IMG_000299,images/IMG_000299.png,2023-07-24 07:00:00,2,0,0,0
IMG_000300,images/IMG_000300.jpg,2023-09-21 04:00:00,4,0,0,0
IMG_000301,images/IMG_000301.jpg,2023-07-24 08:00:00,2,2,0,1
IMG_000302,images/IMG_000302.jpg,2023-10-26 00:00:00,5,0,2,0
IMG_000303,images/IMG_000303.png,2023-07-24 09:00:00,2,0,0,0
IMG_000304,images/IMG_000304.jpg,2023-09-21 05:00:00,4,0,0,0
IMG_000305,images/IMG_000305.png,2023-10-26 01:00:00,5,0,2,0
IMG_000306,images/IMG_000306.jpg,2023-09-21 06:00:00,4,0,0,0
IMG_000307,images/IMG_000307.png,2023-08-23 06:00:00,3,1,0,1
IMG_000308,images/IMG_000308.jpg,2023-09-21 07:00:00,4,0,0,0
IMG_000309,images/IMG_000309.jpg,2023-09-21 08:00:00,4,0,0,0
IMG_000310,images/IMG_000310.jpg,2023-10-26 02:00:00,5,0,2,0
IMG_000311,images/IMG_000311.png,2023-10-26 03:00:00,5,3,3,1
IMG_000312,images/IMG_000312.png,2023-10-26 04:00:00,5,3,3,1
IMG_000313,images/IMG_000313.jpg,2023-10-26 05:00:00,5,0,2,0
IMG_000314,images/IMG_000314.png,2023-06-02 07:00:00,0,0,0,0
IMG_000315,images/IMG_000315.png,2023-07-24 10:00:00,2,1,0,1
IMG_000316,images/IMG_000316.png,2023-06-02 08:00:00,0,0,0,0
IMG_000317,images/IMG_000317.jpg,2023-09-21 09:00:00,4,0,0,0
IMG_000318,images/IMG_000318.png,2023-08-23 07:00:00,3,2,0,1
IMG_000319,images/IMG_000319.png,2023-07-24 11:00:00,2,1,0,1
IMG_000320,images/IMG_000320.jpg,2023-10-26 06:00:00,5,0,2,0
IMG_000321,images/IMG_000321.png,2023-10-26 07:00:00,5,1,1,1
IMG_000322,images/IMG_000322.png,2023-07-24 12:00:00,2,2,0,1
IMG_000323,images/IMG_000323.png,2023-10-26 08:00:00,5,1,1,1
IMG_000324,images/IMG_000324.png,2023-10-26 09:00:00,5,0,2,0
IMG_000325,images/IMG_000325.jpg,2023-10-26 10:00:00,5,0,2,0
IMG_000326,images/IMG_000326.jpg,2023-10-26 11:00:00,5,0,2,0
IMG_000327,images/IMG_000327.jpg,2023-09-21 10:00:00,4,0,0,0
IMG_000328,images/IMG_000328.jpg,2023-08-23 08:00:00,3,2,0,1
IMG_000329,images/IMG_000329.jpg,2023-07-24 13:00:00,2,0,0,0
IMG_000330,images/IMG_000330.png,2023-10-26 12:00:00,5,0,2,0
IMG_000331,images/IMG_000331.png,2023-06-24 04:00:00,1,1,0,1
IMG_000332,images/IMG_000332.jpg,2023-09-21 11:00:00,4,0,0,0
IMG_000333,images/IMG_000333.png,2023-08-23 09:00:00,3,2,0,1
IMG_000334,images/IMG_000334.png,2023-10-26 13:00:00,5,0,2,0
IMG_000335,images/IMG_000335.jpg,2023-07-24 14:00:00,2,0,0,0
IMG_000336,images/IMG_000336.png,2023-06-02 09:00:00,0,0,0,0
IMG_000337,images/IMG_000337.png,2023-06-02 10:00:00,0,0,0,0
IMG_000338,images/IMG_000338.png,2023-10-26 14:00:00,5,1,1,1
IMG_000339,images/IMG_000339.png,2023-06-24 05:00:00,1,0,0,0
IMG_000340,images/IMG_000340.jpg,2023-08-23 10:00:00,3,2,0,1
IMG_000341,images/IMG_000341.jpg,2023-10-26 15:00:00,5,0,2,0
IMG_000342,images/IMG_000342.jpg,2023-06-24 06:00:00,1,0,0,0
IMG_000343,images/IMG_000343.png,2023-08-23 11:00:00,3,0,0,0
IMG_000344,images/IMG_000344.jpg,2023-09-21 12:00:00,4,0,0,0
IMG_000345,images/IMG_000345.jpg,2023-09-21 13:00:00,4,0,0,0
IMG_000346,images/IMG_000346.jpg,2023-10-26 16:00:00,5,0,2,0
IMG_000347,images/IMG_000347.png,2023-06-24 07:00:00,1,0,0,0
IMG_000348,images/IMG_000348.png,2023-10-26 17:00:00,5,3,3,1
IMG_000349,images/IMG_000349.jpg,2023-10-26 18:00:00,5,0,2,0
IMG_000350,images/IMG_000350.jpg,2023-09-21 14:00:00,4,0,0,0
IMG_000351,images/IMG_000351.png,2023-10-26 19:00:00,5,3,3,1
IMG_000352,images/IMG_000352.png,2023-07-24 15:00:00,2,1,0,1
IMG_000353,images/IMG_000353.png,2023-10-26 20:00:00,5,3,3,1
IMG_000354,images/IMG_000354.jpg,2023-09-21 15:00:00,4,0,0,0
IMG_000355,images/IMG_000355.png,2023-10-26 21:00:00,5,0,2,0
IMG_000356,images/IMG_000356.png,2023-06-02 11:00:00,0,0,0,0
IMG_000357,images/IMG_000357.png,2023-07-24 16:00:00,2,0,0,0
IMG_000358,images/IMG_000358.jpg,2023-10-26 22:00:00,5,0,2,0
IMG_000359,images/IMG_000359.jpg,2023-08-23 12:00:00,3,2,0,1
IMG_000360,images/IMG_000360.png,2023-07-24 17:00:00,2,1,0,1
IMG_000361,images/IMG_000361.png,2023-10-26 23:00:00,5,3,3,1
IMG_000362,images/IMG_000362.jpg,2023-08-23 13:00:00,3,2,0,1
IMG_000363,images/IMG_000363.png,2023-10-27 00:00:00,5,1,1,1
IMG_000364,images/IMG_000364.jpg,2023-09-21 16:00:00,4,0,0,0
IMG_000365,images/IMG_000365.png,2023-10-27 01:00:00,5,0,2,0
IMG_000366,images/IMG_000366.png,2023-08-23 14:00:00,3,1,0,1
IMG_000367,images/IMG_000367.jpg,2023-10-27 02:00:00,5,0,2,0
IMG_000368,images/IMG_000368.png,2023-10-27 03:00:00,5,3,3,1
IMG_000369,images/IMG_000369.jpg,2023-09-21 17:00:00,4,0,0,0
IMG_000370,images/IMG_000370.png,2023-10-27 04:00:00,5,0,2,0
IMG_000371,images/IMG_000371.jpg,2023-10-27 05:00:00,5,0,2,0
IMG_000372,images/IMG_000372.png,2023-10-27 06:00:00,5,0,2,0
IMG_000373,images/IMG_000373.jpg,2023-10-27 07:00:00,5,0,2,0
IMG_000374,images/IMG_000374.png,2023-06-02 12:00:00,0,0,0,0
IMG_000375,images/IMG_000375.jpg,2023-08-23 15:00:00,3,2,0,1
IMG_000376,images/IMG_000376.png,2023-07-24 18:00:00,2,1,0,1
IMG_000377,images/IMG_000377.png,2023-06-24 08:00:00,1,1,0,1
IMG_000378,images/IMG_000378.png,2023-10-27 08:00:00,5,0,2,0
IMG_000379,images/IMG_000379.png,2023-10-27 09:00:00,5,3,3,1
IMG_000380,images/IMG_000380.png,2023-10-27 10:00:00,5,3,3,1
IMG_000381,images/IMG_000381.jpg,2023-10-27 11:00:00,5,0,2,0
IMG_000382,images/IMG_000382.png,2023-06-24 09:00:00,1,1,0,1
IMG_000383,images/IMG_000383.jpg,2023-09-21 18:00:00,4,0,0,0
IMG_000384,images/IMG_000384.jpg,2023-10-27 12:00:00,5,0,2,0
IMG_000385,images/IMG_000385.png,2023-10-27 13:00:00,5,0,2,0
IMG_000386,images/IMG_000386.jpg,2023-10-27 14:00:00,5,0,2,0
IMG_000387,images/IMG_000387.png,2023-10-27 15:00:00,5,0,2,0
IMG_000388,images/IMG_000388.jpg,2023-09-21 19:00:00,4,0,0,0
IMG_000389,images/IMG_000389.jpg,2023-09-21 20:00:00,4,0,0,0
IMG_000390,images/IMG_000390.jpg,2023-09-21 21:00:00,4,0,0,0
IMG_000391,images/IMG_000391.jpg,2023-09-21 22:00:00,4,0,0,0
IMG_000392,images/IMG_000392.jpg,2023-10-27 16:00:00,5,0,2,0
IMG_000393,images/IMG_000393.jpg,2023-09-21 23:00:00,4,0,0,0
IMG_000394,images/IMG_000394.jpg,2023-07-24 19:00:00,2,2,0,1
IMG_000395,images/IMG_000395.jpg,2023-07-24 20:00:00,2,2,0,1
IMG_000396,images/IMG_000396.png,2023-10-27 17:00:00,5,3,3,1
IMG_000397,images/IMG_000397.png,2023-06-02 13:00:00,0,0,0,0
IMG_000398,images/IMG_000398.png,2023-10-27 18:00:00,5,0,2,0
IMG_000399,images/IMG_000399.png,2023-07-24 21:00:00,2,1,0,1
IMG_000400,images/IMG_000400.png,2023-10-27 19:00:00,5,0,2,0
IMG_000401,images/IMG_000401.jpg,2023-10-27 20:00:00,5,0,2,0
IMG_000402,images/IMG_000402.jpg,2023-09-22 00:00:00,4,0,0,0
IMG_000403,images/IMG_000403.jpg,2023-09-22 01:00:00,4,0,0,0
IMG_000404,images/IMG_000404.png,2023-06-02 14:00:00,0,0,0,0
IMG_000405,images/IMG_000405.jpg,2023-09-22 02:00:00,4,0,0,0
IMG_000406,images/IMG_000406.jpg,2023-09-22 03:00:00,4,0,0,0
IMG_000407,images/IMG_000407.jpg,2023-10-27 21:00:00,5,0,2,0
IMG_000408,images/IMG_000408.png,2023-10-27 22:00:00,5,1,1,1
IMG_000409,images/IMG_000409.jpg,2023-07-24 22:00:00,2,2,0,1
IMG_000410,images/IMG_000410.jpg,2023-09-22 04:00:00,4,0,0,0
IMG_000411,images/IMG_000411.jpg,2023-10-27 23:00:00,5,0,2,0
IMG_000412,images/IMG_000412.png,2023-07-24 23:00:00,2,0,0,0
IMG_000413,images/IMG_000413.png,2023-07-25 00:00:00,2,0,0,0
IMG_000414,images/IMG_000414.png,2023-10-28 00:00:00,5,3,3,1
IMG_000415,images/IMG_000415.png,2023-08-23 16:00:00,3,0,0,0
IMG_000416,images/IMG_000416.png,2023-10-28 01:00:00,5,1,1,1
IMG_000417,images/IMG_000417.jpg,2023-09-22 05:00:00,4,0,0,0
IMG_000418,images/IMG_000418.jpg,2023-09-22 06:00:00,4,0,0,0
IMG_000419,images/IMG_000419.jpg,2023-06-02 15:00:00,0,0,0,0
IMG_000420,images/IMG_000420.jpg,2023-10-28 02:00:00,5,0,2,0
IMG_000421,images/IMG_000421.jpg,2023-10-28 03:00:00,5,0,2,0
IMG_000422,images/IMG_000422.png,2023-08-23 17:00:00,3,0,0,0
IMG_000423,images/IMG_000423.jpg,2023-09-22 07:00:00,4,0,0,0
IMG_000424,images/IMG_000424.png,2023-06-24 10:00:00,1,0,0,0
IMG_000425,images/IMG_000425.jpg,2023-10-28 04:00:00,5,0,2,0
IMG_000426,images/IMG_000426.jpg,2023-10-28 05:00:00,5,0,2,0
IMG_000427,images/IMG_000427.jpg,2023-07-25 01:00:00,2,2,0,1
IMG_000428,images/IMG_000428.jpg,2023-09-22 08:00:00,4,0,0,0
IMG_000429,images/IMG_000429.png,2023-07-25 02:00:00,2,2,0,1
IMG_000430,images/IMG_000430.jpg,2023-07-25 03:00:00,2,2,0,1
IMG_000431,images/IMG_000431.png,2023-07-25 04:00:00,2,1,0,1
IMG_000432,images/IMG_000432.png,2023-06-24 11:00:00,1,0,0,0
IMG_000433,images/IMG_000433.png,2023-10-28 06:00:00,5,1,1,1
IMG_000434,images/IMG_000434.png,2023-08-23 18:00:00,3,2,0,1
IMG_000435,images/IMG_000435.jpg,2023-10-28 07:00:00,5,0,2,0
IMG_000436,images/IMG_000436.jpg,2023-10-28 08:00:00,5,0,2,0
IMG_000437,images/IMG_000437.png,2023-08-23 19:00:00,3,2,0,1
IMG_000438,images/IMG_000438.jpg,2023-09-22 09:00:00,4,0,0,0
IMG_000439,images/IMG_000439.png,2023-10-28 09:00:00,5,0,2,0
IMG_000440,images/IMG_000440.png,2023-07-25 05:00:00,2,2,0,1
IMG_000441,images/IMG_000441.jpg,2023-09-22 10:00:00,4,0,0,0
IMG_000442,images/IMG_000442.png,2023-10-28 10:00:00,5,3,3,1
IMG_000443,images/IMG_000443.png,2023-10-28 11:00:00,5,0,2,0
IMG_000444,images/IMG_000444.jpg,2023-09-22 11:00:00,4,0,0,0
IMG_000445,images/IMG_000445.jpg,2023-09-22 12:00:00,4,0,0,0
IMG_000446,images/IMG_000446.jpg,2023-10-28 12:00:00,5,0,2,0
IMG_000447,images/IMG_000447.jpg,2023-10-28 13:00:00,5,0,2,0
IMG_000448,images/IMG_000448.png,2023-10-28 14:00:00,5,1,1,1
IMG_000449,images/IMG_000449.png,2023-10-28 15:00:00,5,0,2,0
IMG_000450,images/IMG_000450.png,2023-08-23 20:00:00,3,2,0,1
IMG_000451,images/IMG_000451.jpg,2023-10-28 16:00:00,5,0,2,0
IMG_000452,images/IMG_000452.png,2023-07-25 06:00:00,2,1,0,1
IMG_000453,images/IMG_000453.png,2023-07-25 07:00:00,2,2,0,1
IMG_000454,images/IMG_000454.jpg,2023-06-02 16:00:00,0,0,0,0
IMG_000455,images/IMG_000455.png,2023-10-28 17:00:00,5,1,1,1
IMG_000456,images/IMG_000456.png,2023-10-28 18:00:00,5,0,2,0
IMG_000457,images/IMG_000457.png,2023-07-25 08:00:00,2,0,0,0
IMG_000458,images/IMG_000458.jpg,2023-09-22 13:00:00,4,0,0,0
IMG_000459,images/IMG_000459.jpg,2023-09-22 14:00:00,4,0,0,0
IMG_000460,images/IMG_000460.png,2023-06-24 12:00:00,1,0,0,0
IMG_000461,images/IMG_000461.png,2023-08-23 21:00:00,3,2,0,1
IMG_000462,images/IMG_000462.jpg,2023-09-22 15:00:00,4,0,0,0
IMG_000463,images/IMG_000463.png,2023-10-28 19:00:00,5,3,3,1
IMG_000464,images/IMG_000464.jpg,2023-07-25 09:00:00,2,2,0,1
IMG_000465,images/IMG_000465.png,2023-10-28 20:00:00,5,3,3,1
IMG_000466,images/IMG_000466.jpg,2023-10-28 21:00:00,5,0,2,0
IMG_000467,images/IMG_000467.jpg,2023-07-25 10:00:00,2,2,0,1
IMG_000468,images/IMG_000468.png,2023-07-25 11:00:00,2,1,0,1
IMG_000469,images/IMG_000469.png,2023-10-28 22:00:00,5,3,3,1
IMG_000470,images/IMG_000470.png,2023-08-23 22:00:00,3,1,0,1
IMG_000471,images/IMG_000471.png,2023-08-23 23:00:00,3,1,0,1
IMG_000472,images/IMG_000472.png,2023-10-28 23:00:00,5,0,2,0
IMG_000473,images/IMG_000473.jpg,2023-09-22 16:00:00,4,0,0,0
IMG_000474,images/IMG_000474.jpg,2023-09-22 17:00:00,4,0,0,0
IMG_000475,images/IMG_000475.jpg,2023-09-22 18:00:00,4,0,0,0
IMG_000476,images/IMG_000476.jpg,2023-10-29 00:00:00,5,0,2,0
IMG_000477,images/IMG_000477.png,2023-08-24 00:00:00,3,2,0,1
IMG_000478,images/IMG_000478.jpg,2023-08-24 01:00:00,3,2,0,1
IMG_000479,images/IMG_000479.jpg,2023-10-29 01:00:00,5,0,2,0
IMG_000480,images/IMG_000480.png,2023-10-29 02:00:00,5,0,2,0
IMG_000481,images/IMG_000481.jpg,2023-09-22 19:00:00,4,0,0,0
IMG_000482,images/IMG_000482.jpg,2023-08-24 02:00:00,3,2,0,1
IMG_000483,images/IMG_000483.jpg,2023-07-25 12:00:00,2,0,0,0
IMG_000484,images/IMG_000484.png,2023-10-29 03:00:00,5,0,2,0
IMG_000485,images/IMG_000485.jpg,2023-10-29 04:00:00,5,0,2,0
IMG_000486,images/IMG_000486.png,2023-10-29 05:00:00,5,1,1,1
IMG_000487,images/IMG_000487.jpg,2023-08-24 03:00:00,3,2,0,1
IMG_000488,images/IMG_000488.jpg,2023-09-22 20:00:00,4,0,0,0
IMG_000489,images/IMG_000489.png,2023-10-29 06:00:00,5,3,3,1
IMG_000490,images/IMG_000490.jpg,2023-10-29 07:00:00,5,0,2,0
IMG_000491,images/IMG_000491.png,2023-10-29 08:00:00,5,1,1,1
IMG_000492,images/IMG_000492.jpg,2023-07-25 13:00:00,2,2,0,1
IMG_000493,images/IMG_000493.jpg,2023-07-25 14:00:00,2,2,0,1
IMG_000494,images/IMG_000494.png,2023-10-29 09:00:00,5,3,3,1
IMG_000495,images/IMG_000495.png,2023-10-29 10:00:00,5,1,1,1
IMG_000496,images/IMG_000496.png,2023-07-25 15:00:00,2,2,0,1
IMG_000497,images/IMG_000497.jpg,2023-09-22 21:00:00,4,0,0,0
IMG_000498,images/IMG_000498.png,2023-10-29 11:00:00,5,1,1,1
IMG_000499,images/IMG_000499.png,2023-07-25 16:00:00,2,0,0,0
IMG_000500,images/IMG_000500.png,2023-10-29 12:00:00,5,0,2,0
IMG_000501,images/IMG_000501.png,2023-07-25 17:00:00,2,2,0,1
IMG_000502,images/IMG_000502.png,2023-07-25 18:00:00,2,2,0,1
IMG_000503,images/IMG_000503.jpg,2023-09-22 22:00:00,4,0,0,0
IMG_000504,images/IMG_000504.png,2023-08-24 04:00:00,3,1,0,1
IMG_000505,images/IMG_000505.jpg,2023-09-22 23:00:00,4,0,0,0
IMG_000506,images/IMG_000506.jpg,2023-06-02 17:00:00,0,0,0,0
IMG_000507,images/IMG_000507.png,2023-10-29 13:00:00,5,1,1,1
IMG_000508,images/IMG_000508.png,2023-10-29 14:00:00,5,1,1,1
IMG_000509,images/IMG_000509.jpg,2023-10-29 15:00:00,5,0,2,0
IMG_000510,images/IMG_000510.png,2023-08-24 05:00:00,3,2,0,1
IMG_000511,images/IMG_000511.jpg,2023-08-24 06:00:00,3,2,0,1
IMG_000512,images/IMG_000512.png,2023-07-25 19:00:00,2,2,0,1
IMG_000513,images/IMG_000513.jpg,2023-06-24 13:00:00,1,0,0,0
IMG_000514,images/IMG_000514.jpg,2023-10-29 16:00:00,5,0,2,0
IMG_000515,images/IMG_000515.png,2023-06-24 14:00:00,1,0,0,0
IMG_000516,images/IMG_000516.jpg,2023-10-29 17:00:00,5,0,2,0
IMG_000517,images/IMG_000517.png,2023-10-29 18:00:00,5,3,3,1
IMG_000518,images/IMG_000518.png,2023-07-25 20:00:00,2,2,0,1
IMG_000519,images/IMG_000519.jpg,2023-09-23 00:00:00,4,0,0,0
IMG_000520,images/IMG_000520.png,2023-07-25 21:00:00,2,1,0,1
IMG_000521,images/IMG_000521.png,2023-10-29 19:00:00,5,1,1,1
IMG_000522,images/IMG_000522.png,2023-10-29 20:00:00,5,0,2,0
IMG_000523,images/IMG_000523.png,2023-07-25 22:00:00,2,2,0,1
IMG_000524,images/IMG_000524.jpg,2023-07-25 23:00:00,2,2,0,1
IMG_000525,images/IMG_000525.jpg,2023-09-23 01:00:00,4,0,0,0
IMG_000526,images/IMG_000526.jpg,2023-09-23 02:00:00,4,0,0,0
IMG_000527,images/IMG_000527.jpg,2023-08-24 07:00:00,3,2,0,1
IMG_000528,images/IMG_000528.jpg,2023-10-29 21:00:00,5,0,2,0
IMG_000529,images/IMG_000529.png,2023-10-29 22:00:00,5,3,3,1
IMG_000530,images/IMG_000530.png,2023-10-29 23:00:00,5,3,3,1
IMG_000531,images/IMG_000531.jpg,2023-10-30 00:00:00,5,0,2,0
IMG_000532,images/IMG_000532.png,2023-10-30 01:00:00,5,3,3,1
IMG_000533,images/IMG_000533.jpg,2023-07-26 00:00:00,2,2,0,1
IMG_000534,images/IMG_000534.png,2023-08-24 08:00:00,3,1,0,1
IMG_000535,images/IMG_000535.jpg,2023-06-02 18:00:00,0,0,0,0
IMG_000536,images/IMG_000536.png,2023-10-30 02:00:00,5,3,3,1
IMG_000537,images/IMG_000537.png,2023-10-30 03:00:00,5,3,3,1
IMG_000538,images/IMG_000538.png,2023-10-30 04:00:00,5,3,3,1
IMG_000539,images/IMG_000539.png,2023-10-30 05:00:00,5,1,1,1
IMG_000540,images/IMG_000540.jpg,2023-10-30 06:00:00,5,0,2,0
IMG_000541,images/IMG_000541.jpg,2023-10-30 07:00:00,5,0,2,0
IMG_000542,images/IMG_000542.png,2023-08-24 09:00:00,3,2,0,1
IMG_000543,images/IMG_000543.png,2023-07-26 01:00:00,2,0,0,0
IMG_000544,images/IMG_000544.jpg,2023-08-24 10:00:00,3,2,0,1
IMG_000545,images/IMG_000545.jpg,2023-10-30 08:00:00,5,0,2,0
IMG_000546,images/IMG_000546.jpg,2023-08-24 11:00:00,3,2,0,1
IMG_000547,images/IMG_000547.png,2023-06-02 19:00:00,0,0,0,0
IMG_000548,images/IMG_000548.png,2023-10-30 09:00:00,5,3,3,1
IMG_000549,images/IMG_000549.png,2023-10-30 10:00:00,5,1,1,1
IMG_000550,images/IMG_000550.png,2023-06-24 15:00:00,1,0,0,0
IMG_000551,images/IMG_000551.jpg,2023-10-30 11:00:00,5,0,2,0
IMG_000552,images/IMG_000552.jpg,2023-10-30 12:00:00,5,0,2,0
IMG_000553,images/IMG_000553.png,2023-06-24 16:00:00,1,0,0,0
IMG_000554,images/IMG_000554.jpg,2023-09-23 03:00:00,4,0,0,0
IMG_000555,images/IMG_000555.png,2023-06-24 17:00:00,1,0,0,0
IMG_000556,images/IMG_000556.png,2023-10-30 13:00:00,5,1,1,1
IMG_000557,images/IMG_000557.png,2023-08-24 12:00:00,3,1,0,1
IMG_000558,images/IMG_000558.jpg,2023-09-23 04:00:00,4,0,0,0
IMG_000559,images/IMG_000559.jpg,2023-10-30 14:00:00,5,0,2,0
IMG_000560,images/IMG_000560.jpg,2023-07-26 02:00:00,2,2,0,1
IMG_000561,images/IMG_000561.png,2023-10-30 15:00:00,5,1,1,1
IMG_000562,images/IMG_000562.jpg,2023-07-26 03:00:00,2,2,0,1
IMG_000563,images/IMG_000563.png,2023-06-24 18:00:00,1,0,0,0
IMG_000564,images/IMG_000564.jpg,2023-10-30 16:00:00,5,0,2,0
IMG_000565,images/IMG_000565.jpg,2023-10-30 17:00:00,5,0,2,0
IMG_000566,images/IMG_000566.png,2023-06-02 20:00:00,0,0,0,0
IMG_000567,images/IMG_000567.jpg,2023-10-30 18:00:00,5,0,2,0
IMG_000568,images/IMG_000568.png,2023-08-24 13:00:00,3,0,0,0
IMG_000569,images/IMG_000569.png,2023-07-26 04:00:00,2,2,0,1
IMG_000570,images/IMG_000570.png,2023-10-30 19:00:00,5,3,3,1
IMG_000571,images/IMG_000571.jpg,2023-08-24 14:00:00,3,2,0,1
IMG_000572,images/IMG_000572.png,2023-08-24 15:00:00,3,2,0,1
IMG_000573,images/IMG_000573.png,2023-06-02 21:00:00,0,0,0,0
IMG_000574,images/IMG_000574.jpg,2023-09-23 05:00:00,4,0,0,0
IMG_000575,images/IMG_000575.jpg,2023-10-30 20:00:00,5,0,2,0
IMG_000576,images/IMG_000576.png,2023-07-26 05:00:00,2,0,0,0
IMG_000577,images/IMG_000577.png,2023-08-24 16:00:00,3,0,0,0
IMG_000578,images/IMG_000578.jpg,2023-09-23 06:00:00,4,0,0,0
IMG_000579,images/IMG_000579.jpg,2023-10-30 21:00:00,5,0,2,0
IMG_000580,images/IMG_000580.png,2023-10-30 22:00:00,5,1,1,1
IMG_000581,images/IMG_000581.png,2023-10-30 23:00:00,5,3,3,1
IMG_000582,images/IMG_000582.jpg,2023-10-31 00:00:00,5,0,2,0
IMG_000583,images/IMG_000583.jpg,2023-09-23 07:00:00,4,0,0,0
IMG_000584,images/IMG_000584.png,2023-10-31 01:00:00,5,1,1,1
IMG_000585,images/IMG_000585.jpg,2023-09-23 08:00:00,4,0,0,0
IMG_000586,images/IMG_000586.png,2023-10-31 02:00:00,5,3,3,1
IMG_000587,images/IMG_000587.jpg,2023-08-24 17:00:00,3,2,0,1
IMG_000588,images/IMG_000588.png,2023-06-24 19:00:00,1,1,0,1
IMG_000589,images/IMG_000589.png,2023-10-31 03:00:00,5,1,1,1
IMG_000590,images/IMG_000590.png,2023-06-24 20:00:00,1,1,0,1
IMG_000591,images/IMG_000591.jpg,2023-09-23 09:00:00,4,0,0,0
IMG_000592,images/IMG_000592.jpg,2023-09-23 10:00:00,4,0,0,0
IMG_000593,images/IMG_000593.png,2023-06-02 22:00:00,0,0,0,0
IMG_000594,images/IMG_000594.png,2023-10-31 04:00:00,5,0,2,0
IMG_000595,images/IMG_000595.jpg,2023-10-31 05:00:00,5,0,2,0
IMG_000596,images/IMG_000596.jpg,2023-10-31 06:00:00,5,0,2,0
IMG_000597,images/IMG_000597.jpg,2023-10-31 07:00:00,5,0,2,0
IMG_000598,images/IMG_000598.jpg,2023-07-26 06:00:00,2,2,0,1
IMG_000599,images/IMG_000599.png,2023-10-31 08:00:00,5,3,3,1
IMG_000600,images/IMG_000600.jpg,2023-10-31 09:00:00,5,0,2,0
IMG_000601,images/IMG_000601.png,2023-10-31 10:00:00,5,1,1,1
IMG_000602,images/IMG_000602.jpg,2023-10-31 11:00:00,5,0,2,0
IMG_000603,images/IMG_000603.png,2023-10-31 12:00:00,5,1,1,1
IMG_000604,images/IMG_000604.png,2023-06-02 23:00:00,0,0,0,0
IMG_000605,images/IMG_000605.jpg,2023-09-23 11:00:00,4,0,0,0
IMG_000606,images/IMG_000606.png,2023-10-31 13:00:00,5,1,1,1
IMG_000607,images/IMG_000607.png,2023-10-31 14:00:00,5,1,1,1
IMG_000608,images/IMG_000608.jpg,2023-06-03 00:00:00,0,0,0,0
IMG_000609,images/IMG_000609.jpg,2023-10-31 15:00:00,5,0,2,0
IMG_000610,images/IMG_000610.jpg,2023-09-23 12:00:00,4,0,0,0
IMG_000611,images/IMG_000611.jpg,2023-09-23 13:00:00,4,0,0,0
IMG_000612,images/IMG_000612.jpg,2023-07-26 07:00:00,2,2,0,1
IMG_000613,images/IMG_000613.png,2023-10-31 16:00:00,5,1,1,1
IMG_000614,images/IMG_000614.png,2023-10-31 17:00:00,5,1,1,1
IMG_000615,images/IMG_000615.png,2023-10-31 18:00:00,5,1,1,1
IMG_000616,images/IMG_000616.jpg,2023-06-03 01:00:00,0,0,0,0
IMG_000617,images/IMG_000617.jpg,2023-09-23 14:00:00,4,0,0,0
IMG_000618,images/IMG_000618.png,2023-10-31 19:00:00,5,3,3,1
IMG_000619,images/IMG_000619.jpg,2023-08-24 18:00:00,3,2,0,1
IMG_000620,images/IMG_000620.png,2023-10-31 20:00:00,5,3,3,1
IMG_000621,images/IMG_000621.jpg,2023-09-23 15:00:00,4,0,0,0
IMG_000622,images/IMG_000622.jpg,2023-09-23 16:00:00,4,0,0,0
IMG_000623,images/IMG_000623.jpg,2023-09-23 17:00:00,4,0,0,0
IMG_000624,images/IMG_000624.png,2023-06-24 21:00:00,1,1,0,1
IMG_000625,images/IMG_000625.jpg,2023-06-03 02:00:00,0,0,0,0
IMG_000626,images/IMG_000626.png,2023-10-31 21:00:00,5,3,3,1
IMG_000627,images/IMG_000627.jpg,2023-10-31 22:00:00,5,0,2,0
IMG_000628,images/IMG_000628.jpg,2023-10-31 23:00:00,5,0,2,0
IMG_000629,images/IMG_000629.jpg,2023-11-01 00:00:00,5,0,2,0
IMG_000630,images/IMG_000630.jpg,2023-11-01 01:00:00,5,0,2,0
IMG_000631,images/IMG_000631.jpg,2023-11-01 02:00:00,5,0,2,0
IMG_000632,images/IMG_000632.jpg,2023-08-24 19:00:00,3,0,0,0
IMG_000633,images/IMG_000633.png,2023-11-01 03:00:00,5,3,3,1
IMG_000634,images/IMG_000634.png,2023-11-01 04:00:00,5,1,1,1
IMG_000635,images/IMG_000635.jpg,2023-11-01 05:00:00,5,0,2,0
IMG_000636,images/IMG_000636.png,2023-08-24 20:00:00,3,1,0,1
IMG_000637,images/IMG_000637.png,2023-11-01 06:00:00,5,3,3,1
IMG_000638,images/IMG_000638.png,2023-08-24 21:00:00,3,2,0,1
IMG_000639,images/IMG_000639.jpg,2023-11-01 07:00:00,5,0,2,0
IMG_000640,images/IMG_000640.jpg,2023-11-01 08:00:00,5,0,2,0
IMG_000641,images/IMG_000641.jpg,2023-09-23 18:00:00,4,0,0,0
IMG_000642,images/IMG_000642.png,2023-11-01 09:00:00,5,3,3,1
IMG_000643,images/IMG_000643.png,2023-11-01 10:00:00,5,1,1,1
IMG_000644,images/IMG_000644.jpg,2023-08-24 22:00:00,3,2,0,1
IMG_000645,images/IMG_000645.png,2023-11-01 11:00:00,5,3,3,1
IMG_000646,images/IMG_000646.jpg,2023-07-26 08:00:00,2,2,0,1
IMG_000647,images/IMG_000647.jpg,2023-07-26 09:00:00,2,2,0,1
IMG_000648,images/IMG_000648.png,2023-07-26 10:00:00,2,0,0,0
IMG_000649,images/IMG_000649.png,2023-07-26 11:00:00,2,2,0,1
IMG_000650,images/IMG_000650.png,2023-07-26 12:00:00,2,1,0,1
IMG_000651,images/IMG_000651.jpg,2023-09-23 19:00:00,4,0,0,0
IMG_000652,images/IMG_000652.png,2023-11-01 12:00:00,5,0,2,0
IMG_000653,images/IMG_000653.png,2023-11-01 13:00:00,5,3,3,1
IMG_000654,images/IMG_000654.png,2023-11-01 14:00:00,5,0,2,0
IMG_000655,images/IMG_000655.jpg,2023-07-26 13:00:00,2,2,0,1
IMG_000656,images/IMG_000656.png,2023-11-01 15:00:00,5,3,3,1
IMG_000657,images/IMG_000657.jpg,2023-11-01 16:00:00,5,0,2,0
IMG_000658,images/IMG_000658.jpg,2023-11-01 17:00:00,5,0,2,0
IMG_000659,images/IMG_000659.png,2023-11-01 18:00:00,5,1,1,1
IMG_000660,images/IMG_000660.png,2023-11-01 19:00:00,5,1,1,1
IMG_000661,images/IMG_000661.jpg,2023-08-24 23:00:00,3,2,0,1
IMG_000662,images/IMG_000662.png,2023-08-25 00:00:00,3,2,0,1
IMG_000663,images/IMG_000663.jpg,2023-06-03 03:00:00,0,0,0,0
IMG_000664,images/IMG_000664.png,2023-07-26 14:00:00,2,1,0,1
IMG_000665,images/IMG_000665.jpg,2023-11-01 20:00:00,5,0,2,0
IMG_000666,images/IMG_000666.png,2023-08-25 01:00:00,3,2,0,1
IMG_000667,images/IMG_000667.png,2023-07-26 15:00:00,2,1,0,1
IMG_000668,images/IMG_000668.jpg,2023-11-01 21:00:00,5,0,2,0
IMG_000669,images/IMG_000669.png,2023-06-24 22:00:00,1,0,0,0
IMG_000670,images/IMG_000670.jpg,2023-09-23 20:00:00,4,0,0,0
IMG_000671,images/IMG_000671.jpg,2023-11-01 22:00:00,5,0,2,0
IMG_000672,images/IMG_000672.png,2023-08-25 02:00:00,3,1,0,1
IMG_000673,images/IMG_000673.png,2023-08-25 03:00:00,3,0,0,0
IMG_000674,images/IMG_000674.jpg,2023-09-23 21:00:00,4,0,0,0
IMG_000675,images/IMG_000675.png,2023-11-01 23:00:00,5,3,3,1
IMG_000676,images/IMG_000676.jpg,2023-11-02 00:00:00,5,0,2,0
IMG_000677,images/IMG_000677.jpg,2023-11-02 01:00:00,5,0,2,0
IMG_000678,images/IMG_000678.jpg,2023-09-23 22:00:00,4,0,0,0
IMG_000679,images/IMG_000679.jpg,2023-11-02 02:00:00,5,0,2,0
IMG_000680,images/IMG_000680.png,2023-06-24 23:00:00,1,1,0,1
IMG_000681,images/IMG_000681.jpg,2023-09-23 23:00:00,4,0,0,0
IMG_000682,images/IMG_000682.jpg,2023-06-03 04:00:00,0,0,0,0
IMG_000683,images/IMG_000683.png,2023-07-26 16:00:00,2,2,0,1
IMG_000684,images/IMG_000684.jpg,2023-11-02 03:00:00,5,0,2,0
IMG_000685,images/IMG_000685.png,2023-11-02 04:00:00,5,3,3,1
IMG_000686,images/IMG_000686.jpg,2023-11-02 05:00:00,5,0,2,0
IMG_000687,images/IMG_000687.jpg,2023-09-24 00:00:00,4,0,0,0
IMG_000688,images/IMG_000688.jpg,2023-09-24 01:00:00,4,0,0,0
IMG_000689,images/IMG_000689.png,2023-11-02 06:00:00,5,0,2,0
IMG_000690,images/IMG_000690.png,2023-11-02 07:00:00,5,3,3,1
IMG_000691,images/IMG_000691.png,2023-08-25 04:00:00,3,2,0,1
IMG_000692,images/IMG_000692.jpg,2023-07-26 17:00:00,2,0,0,0
IMG_000693,images/IMG_000693.jpg,2023-11-02 08:00:00,5,0,2,0
IMG_000694,images/IMG_000694.jpg,2023-09-24 02:00:00,4,0,0,0
IMG_000695,images/IMG_000695.jpg,2023-07-26 18:00:00,2,0,0,0
IMG_000696,images/IMG_000696.png,2023-11-02 09:00:00,5,3,3,1
IMG_000697,images/IMG_000697.jpg,2023-09-24 03:00:00,4,0,0,0
IMG_000698,images/IMG_000698.png,2023-07-26 19:00:00,2,2,0,1
IMG_000699,images/IMG_000699.png,2023-11-02 10:00:00,5,0,2,0
IMG_000700,images/IMG_000700.png,2023-08-25 05:00:00,3,0,0,0
IMG_000701,images/IMG_000701.png,2023-08-25 06:00:00,3,2,0,1
IMG_000702,images/IMG_000702.jpg,2023-09-24 04:00:00,4,0,0,0
IMG_000703,images/IMG_000703.jpg,2023-11-02 11:00:00,5,0,2,0
IMG_000704,images/IMG_000704.jpg,2023-09-24 05:00:00,4,0,0,0
IMG_000705,images/IMG_000705.png,2023-07-26 20:00:00,2,2,0,1
IMG_000706,images/IMG_000706.jpg,2023-06-25 00:00:00,1,0,0,0
IMG_000707,images/IMG_000707.png,2023-08-25 07:00:00,3,1,0,1
IMG_000708,images/IMG_000708.jpg,2023-09-24 06:00:00,4,0,0,0
IMG_000709,images/IMG_000709.jpg,2023-09-24 07:00:00,4,0,0,0
IMG_000710,images/IMG_000710.png,2023-11-02 12:00:00,5,3,3,1
IMG_000711,images/IMG_000711.jpg,2023-08-25 08:00:00,3,2,0,1
IMG_000712,images/IMG_000712.jpg,2023-11-02 13:00:00,5,0,2,0
IMG_000713,images/IMG_000713.jpg,2023-11-02 14:00:00,5,0,2,0
IMG_000714,images/IMG_000714.png,2023-06-03 05:00:00,0,0,0,0
IMG_000715,images/IMG_000715.png,2023-07-26 21:00:00,2,2,0,1
IMG_000716,images/IMG_000716.png,2023-11-02 15:00:00,5,3,3,1
IMG_000717,images/IMG_000717.jpg,2023-07-26 22:00:00,2,2,0,1
IMG_000718,images/IMG_000718.png,2023-11-02 16:00:00,5,3,3,1
IMG_000719,images/IMG_000719.jpg,2023-11-02 17:00:00,5,0,2,0
IMG_000720,images/IMG_000720.jpg,2023-09-24 08:00:00,4,0,0,0
IMG_000721,images/IMG_000721.png,2023-11-02 18:00:00,5,1,1,1
IMG_000722,images/IMG_000722.jpg,2023-11-02 19:00:00,5,0,2,0
IMG_000723,images/IMG_000723.png,2023-11-02 20:00:00,5,1,1,1
IMG_000724,images/IMG_000724.png,2023-11-02 21:00:00,5,0,2,0
IMG_000725,images/IMG_000725.png,2023-08-25 09:00:00,3,1,0,1
IMG_000726,images/IMG_000726.png,2023-11-02 22:00:00,5,1,1,1
IMG_000727,images/IMG_000727.jpg,2023-09-24 09:00:00,4,0,0,0
IMG_000728,images/IMG_000728.jpg,2023-07-26 23:00:00,2,2,0,1
IMG_000729,images/IMG_000729.png,2023-11-02 23:00:00,5,3,3,1
IMG_000730,images/IMG_000730.jpg,2023-11-03 00:00:00,5,0,2,0
IMG_000731,images/IMG_000731.png,2023-08-25 10:00:00,3,2,0,1
IMG_000732,images/IMG_000732.png,2023-11-03 01:00:00,5,3,3,1
IMG_000733,images/IMG_000733.png,2023-11-03 02:00:00,5,3,3,1
IMG_000734,images/IMG_000734.png,2023-11-03 03:00:00,5,3,3,1
IMG_000735,images/IMG_000735.jpg,2023-09-24 10:00:00,4,0,0,0
IMG_000736,images/IMG_000736.png,2023-11-03 04:00:00,5,0,2,0
IMG_000737,images/IMG_000737.jpg,2023-09-24 11:00:00,4,0,0,0
IMG_000738,images/IMG_000738.jpg,2023-09-24 12:00:00,4,0,0,0
IMG_000739,images/IMG_000739.png,2023-08-25 11:00:00,3,0,0,0
IMG_000740,images/IMG_000740.jpg,2023-11-03 05:00:00,5,0,2,0
IMG_000741,images/IMG_000741.jpg,2023-11-03 06:00:00,5,0,2,0
IMG_000742,images/IMG_000742.jpg,2023-09-24 13:00:00,4,0,0,0
IMG_000743,images/IMG_000743.jpg,2023-09-24 14:00:00,4,0,0,0
IMG_000744,images/IMG_000744.jpg,2023-11-03 07:00:00,5,0,2,0
IMG_000745,images/IMG_000745.png,2023-08-25 12:00:00,3,2,0,1
IMG_000746,images/IMG_000746.jpg,2023-11-03 08:00:00,5,0,2,0
IMG_000747,images/IMG_000747.jpg,2023-07-27 00:00:00,2,2,0,1
IMG_000748,images/IMG_000748.png,2023-11-03 09:00:00,5,3,3,1
IMG_000749,images/IMG_000749.jpg,2023-09-24 15:00:00,4,0,0,0
IMG_000750,images/IMG_000750.png,2023-11-03 10:00:00,5,3,3,1
IMG_000751,images/IMG_000751.png,2023-08-25 13:00:00,3,2,0,1
IMG_000752,images/IMG_000752.png,2023-07-27 01:00:00,2,2,0,1
IMG_000753,images/IMG_000753.png,2023-07-27 02:00:00,2,2,0,1
IMG_000754,images/IMG_000754.png,2023-11-03 11:00:00,5,1,1,1
IMG_000755,images/IMG_000755.png,2023-11-03 12:00:00,5,0,2,0
IMG_000756,images/IMG_000756.png,2023-07-27 03:00:00,2,2,0,1
IMG_000757,images/IMG_000757.jpg,2023-09-24 16:00:00,4,0,0,0
IMG_000758,images/IMG_000758.jpg,2023-11-03 13:00:00,5,0,2,0
IMG_000759,images/IMG_000759.png,2023-11-03 14:00:00,5,0,2,0
IMG_000760,images/IMG_000760.jpg,2023-07-27 04:00:00,2,2,0,1
IMG_000761,images/IMG_000761.png,2023-11-03 15:00:00,5,0,2,0
IMG_000762,images/IMG_000762.png,2023-06-03 06:00:00,0,0,0,0
IMG_000763,images/IMG_000763.jpg,2023-07-27 05:00:00,2,2,0,1
IMG_000764,images/IMG_000764.png,2023-08-25 14:00:00,3,0,0,0
IMG_000765,images/IMG_000765.jpg,2023-09-24 17:00:00,4,0,0,0
IMG_000766,images/IMG_000766.png,2023-11-03 16:00:00,5,1,1,1
IMG_000767,images/IMG_000767.jpg,2023-09-24 18:00:00,4,0,0,0
IMG_000768,images/IMG_000768.jpg,2023-08-25 15:00:00,3,2,0,1
IMG_000769,images/IMG_000769.jpg,2023-11-03 17:00:00,5,0,2,0
IMG_000770,images/IMG_000770.png,2023-11-03 18:00:00,5,3,3,1
IMG_000771,images/IMG_000771.jpg,2023-09-24 19:00:00,4,0,0,0
IMG_000772,images/IMG_000772.jpg,2023-11-03 19:00:00,5,0,2,0
IMG_000773,images/IMG_000773.jpg,2023-11-03 20:00:00,5,0,2,0
IMG_000774,images/IMG_000774.jpg,2023-11-03 21:00:00,5,0,2,0
IMG_000775,images/IMG_000775.jpg,2023-11-03 22:00:00,5,0,2,0
IMG_000776,images/IMG_000776.png,2023-08-25 16:00:00,3,0,0,0
IMG_000777,images/IMG_000777.jpg,2023-09-24 20:00:00,4,0,0,0
IMG_000778,images/IMG_000778.png,2023-11-03 23:00:00,5,0,2,0
IMG_000779,images/IMG_000779.png,2023-08-25 17:00:00,3,2,0,1
IMG_000780,images/IMG_000780.png,2023-08-25 18:00:00,3,2,0,1
IMG_000781,images/IMG_000781.jpg,2023-07-27 06:00:00,2,0,0,0
IMG_000782,images/IMG_000782.jpg,2023-08-25 19:00:00,3,2,0,1
IMG_000783,images/IMG_000783.jpg,2023-09-24 21:00:00,4,0,0,0
IMG_000784,images/IMG_000784.jpg,2023-08-25 20:00:00,3,2,0,1
IMG_000785,images/IMG_000785.png,2023-11-04 00:00:00,5,0,2,0
IMG_000786,images/IMG_000786.jpg,2023-09-24 22:00:00,4,0,0,0
IMG_000787,images/IMG_000787.jpg,2023-08-25 21:00:00,3,2,0,1
IMG_000788,images/IMG_000788.jpg,2023-11-04 01:00:00,5,0,2,0
IMG_000789,images/IMG_000789.png,2023-11-04 02:00:00,5,0,2,0
IMG_000790,images/IMG_000790.jpg,2023-08-25 22:00:00,3,0,0,0
IMG_000791,images/IMG_000791.jpg,2023-07-27 07:00:00,2,2,0,1
IMG_000792,images/IMG_000792.png,2023-07-27 08:00:00,2,2,0,1
IMG_000793,images/IMG_000793.jpg,2023-09-24 23:00:00,4,0,0,0
IMG_000794,images/IMG_000794.jpg,2023-09-25 00:00:00,4,0,0,0
IMG_000795,images/IMG_000795.jpg,2023-11-04 03:00:00,5,0,2,0
IMG_000796,images/IMG_000796.png,2023-06-25 01:00:00,1,0,0,0
IMG_000797,images/IMG_000797.png,2023-11-04 04:00:00,5,0,2,0
IMG_000798,images/IMG_000798.png,2023-07-27 09:00:00,2,2,0,1
IMG_000799,images/IMG_000799.jpg,2023-11-04 05:00:00,5,0,2,0
IMG_000800,images/IMG_000800.jpg,2023-07-27 10:00:00,2,2,0,1
IMG_000801,images/IMG_000801.png,2023-07-27 11:00:00,2,2,0,1
IMG_000802,images/IMG_000802.jpg,2023-09-25 01:00:00,4,0,0,0
IMG_000803,images/IMG_000803.jpg,2023-07-27 12:00:00,2,2,0,1
IMG_000804,images/IMG_000804.png,2023-07-27 13:00:00,2,1,0,1
IMG_000805,images/IMG_000805.jpg,2023-09-25 02:00:00,4,0,0,0
IMG_000806,images/IMG_000806.png,2023-11-04 06:00:00,5,3,3,1
IMG_000807,images/IMG_000807.jpg,2023-09-25 03:00:00,4,0,0,0
IMG_000808,images/IMG_000808.jpg,2023-11-04 07:00:00,5,0,2,0
IMG_000809,images/IMG_000809.jpg,2023-09-25 04:00:00,4,0,0,0
IMG_000810,images/IMG_000810.png,2023-06-25 02:00:00,1,1,0,1
IMG_000811,images/IMG_000811.jpg,2023-08-25 23:00:00,3,2,0,1
IMG_000812,images/IMG_000812.jpg,2023-11-04 08:00:00,5,0,2,0
IMG_000813,images/IMG_000813.jpg,2023-09-25 05:00:00,4,0,0,0
IMG_000814,images/IMG_000814.jpg,2023-09-25 06:00:00,4,0,0,0
IMG_000815,images/IMG_000815.png,2023-07-27 14:00:00,2,2,0,1
IMG_000816,images/IMG_000816.png,2023-11-04 09:00:00,5,0,2,0
IMG_000817,images/IMG_000817.png,2023-08-26 00:00:00,3,2,0,1
IMG_000818,images/IMG_000818.jpg,2023-07-27 15:00:00,2,0,0,0
IMG_000819,images/IMG_000819.jpg,2023-09-25 07:00:00,4,0,0,0
IMG_000820,images/IMG_000820.png,2023-11-04 10:00:00,5,0,2,0
IMG_000821,images/IMG_000821.png,2023-11-04 11:00:00,5,3,3,1
IMG_000822,images/IMG_000822.jpg,2023-07-27 16:00:00,2,2,0,1
IMG_000823,images/IMG_000823.jpg,2023-07-27 17:00:00,2,2,0,1
IMG_000824,images/IMG_000824.png,2023-07-27 18:00:00,2,2,0,1
IMG_000825,images/IMG_000825.jpg,2023-11-04 12:00:00,5,0,2,0
IMG_000826,images/IMG_000826.jpg,2023-11-04 13:00:00,5,0,2,0
IMG_000827,images/IMG_000827.jpg,2023-11-04 14:00:00,5,0,2,0
IMG_000828,images/IMG_000828.png,2023-11-04 15:00:00,5,0,2,0
IMG_000829,images/IMG_000829.png,2023-07-27 19:00:00,2,2,0,1
IMG_000830,images/IMG_000830.jpg,2023-11-04 16:00:00,5,0,2,0
IMG_000831,images/IMG_000831.png,2023-08-26 01:00:00,3,1,0,1
IMG_000832,images/IMG_000832.png,2023-11-04 17:00:00,5,1,1,1
IMG_000833,images/IMG_000833.png,2023-06-25 03:00:00,1,0,0,0
IMG_000834,images/IMG_000834.jpg,2023-11-04 18:00:00,5,0,2,0
IMG_000835,images/IMG_000835.png,2023-11-04 19:00:00,5,3,3,1
IMG_000836,images/IMG_000836.png,2023-08-26 02:00:00,3,2,0,1
IMG_000837,images/IMG_000837.png,2023-11-04 20:00:00,5,0,2,0
IMG_000838,images/IMG_000838.png,2023-11-04 21:00:00,5,3,3,1
IMG_000839,images/IMG_000839.jpg,2023-07-27 20:00:00,2,2,0,1
IMG_000840,images/IMG_000840.png,2023-11-04 22:00:00,5,3,3,1
IMG_000841,images/IMG_000841.png,2023-11-04 23:00:00,5,3,3,1
IMG_000842,images/IMG_000842.jpg,2023-07-27 21:00:00,2,2,0,1
IMG_000843,images/IMG_000843.png,2023-07-27 22:00:00,2,2,0,1
IMG_000844,images/IMG_000844.jpg,2023-08-26 03:00:00,3,2,0,1
IMG_000845,images/IMG_000845.jpg,2023-06-03 07:00:00,0,0,0,0
IMG_000846,images/IMG_000846.png,2023-11-05 00:00:00,5,1,1,1
IMG_000847,images/IMG_000847.jpg,2023-11-05 01:00:00,5,0,2,0
IMG_000848,images/IMG_000848.png,2023-11-05 02:00:00,5,1,1,1
IMG_000849,images/IMG_000849.png,2023-11-05 03:00:00,5,1,1,1
IMG_000850,images/IMG_000850.png,2023-11-05 04:00:00,5,0,2,0
IMG_000851,images/IMG_000851.png,2023-11-05 05:00:00,5,3,3,1
IMG_000852,images/IMG_000852.jpg,2023-11-05 06:00:00,5,0,2,0
IMG_000853,images/IMG_000853.png,2023-11-05 07:00:00,5,1,1,1
IMG_000854,images/IMG_000854.png,2023-08-26 04:00:00,3,0,0,0
IMG_000855,images/IMG_000855.png,2023-11-05 08:00:00,5,1,1,1
IMG_000856,images/IMG_000856.png,2023-08-26 05:00:00,3,2,0,1
IMG_000857,images/IMG_000857.png,2023-11-05 09:00:00,5,0,2,0
IMG_000858,images/IMG_000858.jpg,2023-11-05 10:00:00,5,0,2,0
IMG_000859,images/IMG_000859.jpg,2023-07-27 23:00:00,2,2,0,1
IMG_000860,images/IMG_000860.png,2023-06-25 04:00:00,1,1,0,1
IMG_000861,images/IMG_000861.png,2023-08-26 06:00:00,3,0,0,0
IMG_000862,images/IMG_000862.png,2023-11-05 11:00:00,5,0,2,0
IMG_000863,images/IMG_000863.jpg,2023-09-25 08:00:00,4,0,0,0
IMG_000864,images/IMG_000864.png,2023-11-05 12:00:00,5,3,3,1
IMG_000865,images/IMG_000865.png,2023-06-25 05:00:00,1,0,0,0
IMG_000866,images/IMG_000866.jpg,2023-08-26 07:00:00,3,2,0,1
IMG_000867,images/IMG_000867.jpg,2023-11-05 13:00:00,5,0,2,0
IMG_000868,images/IMG_000868.jpg,2023-11-05 14:00:00,5,0,2,0
IMG_000869,images/IMG_000869.jpg,2023-08-26 08:00:00,3,2,0,1
IMG_000870,images/IMG_000870.jpg,2023-09-25 09:00:00,4,0,0,0
IMG_000871,images/IMG_000871.png,2023-11-05 15:00:00,5,0,2,0
IMG_000872,images/IMG_000872.png,2023-11-05 16:00:00,5,1,1,1
IMG_000873,images/IMG_000873.png,2023-11-05 17:00:00,5,0,2,0
IMG_000874,images/IMG_000874.png,2023-11-05 18:00:00,5,1,1,1
IMG_000875,images/IMG_000875.jpg,2023-11-05 19:00:00,5,0,2,0
IMG_000876,images/IMG_000876.jpg,2023-09-25 10:00:00,4,0,0,0
IMG_000877,images/IMG_000877.jpg,2023-07-28 00:00:00,2,2,0,1
IMG_000878,images/IMG_000878.png,2023-11-05 20:00:00,5,3,3,1
IMG_000879,images/IMG_000879.png,2023-11-05 21:00:00,5,1,1,1
IMG_000880,images/IMG_000880.jpg,2023-08-26 09:00:00,3,2,0,1
IMG_000881,images/IMG_000881.png,2023-06-25 06:00:00,1,1,0,1
IMG_000882,images/IMG_000882.png,2023-11-05 22:00:00,5,1,1,1
IMG_000883,images/IMG_000883.png,2023-11-05 23:00:00,5,0,2,0
IMG_000884,images/IMG_000884.jpg,2023-11-06 00:00:00,5,0,2,0
IMG_000885,images/IMG_000885.png,2023-11-06 01:00:00,5,1,1,1
IMG_000886,images/IMG_000886.jpg,2023-07-28 01:00:00,2,2,0,1
IMG_000887,images/IMG_000887.png,2023-11-06 02:00:00,5,3,3,1
IMG_000888,images/IMG_000888.png,2023-11-06 03:00:00,5,0,2,0
IMG_000889,images/IMG_000889.png,2023-08-26 10:00:00,3,0,0,0
IMG_000890,images/IMG_000890.jpg,2023-07-28 02:00:00,2,0,0,0
IMG_000891,images/IMG_000891.jpg,2023-09-25 11:00:00,4,0,0,0
IMG_000892,images/IMG_000892.png,2023-06-03 08:00:00,0,0,0,0
IMG_000893,images/IMG_000893.jpg,2023-09-25 12:00:00,4,0,0,0
IMG_000894,images/IMG_000894.jpg,2023-09-25 13:00:00,4,0,0,0
IMG_000895,images/IMG_000895.png,2023-07-28 03:00:00,2,0,0,0
IMG_000896,images/IMG_000896.jpg,2023-11-06 04:00:00,5,0,2,0
IMG_000897,images/IMG_000897.jpg,2023-11-06 05:00:00,5,0,2,0
IMG_000898,images/IMG_000898.jpg,2023-11-06 06:00:00,5,0,2,0
IMG_000899,images/IMG_000899.png,2023-11-06 07:00:00,5,3,3,1
IMG_000900,images/IMG_000900.png,2023-06-03 09:00:00,0,0,0,0
IMG_000901,images/IMG_000901.jpg,2023-09-25 14:00:00,4,0,0,0
IMG_000902,images/IMG_000902.png,2023-11-06 08:00:00,5,0,2,0
IMG_000903,images/IMG_000903.png,2023-06-25 07:00:00,1,0,0,0
IMG_000904,images/IMG_000904.jpg,2023-09-25 15:00:00,4,0,0,0
IMG_000905,images/IMG_000905.png,2023-08-26 11:00:00,3,1,0,1
IMG_000906,images/IMG_000906.jpg,2023-11-06 09:00:00,5,0,2,0
IMG_000907,images/IMG_000907.png,2023-08-26 12:00:00,3,1,0,1
IMG_000908,images/IMG_000908.jpg,2023-09-25 16:00:00,4,0,0,0
IMG_000909,images/IMG_000909.jpg,2023-11-06 10:00:00,5,0,2,0
IMG_000910,images/IMG_000910.png,2023-07-28 04:00:00,2,0,0,0
IMG_000911,images/IMG_000911.jpg,2023-08-26 13:00:00,3,2,0,1
IMG_000912,images/IMG_000912.jpg,2023-09-25 17:00:00,4,0,0,0
IMG_000913,images/IMG_000913.jpg,2023-09-25 18:00:00,4,0,0,0
IMG_000914,images/IMG_000914.png,2023-11-06 11:00:00,5,3,3,1
IMG_000915,images/IMG_000915.png,2023-08-26 14:00:00,3,2,0,1
IMG_000916,images/IMG_000916.png,2023-11-06 12:00:00,5,0,2,0
IMG_000917,images/IMG_000917.jpg,2023-09-25 19:00:00,4,0,0,0
IMG_000918,images/IMG_000918.png,2023-11-06 13:00:00,5,0,2,0
IMG_000919,images/IMG_000919.jpg,2023-07-28 05:00:00,2,2,0,1
IMG_000920,images/IMG_000920.png,2023-11-06 14:00:00,5,1,1,1
IMG_000921,images/IMG_000921.png,2023-08-26 15:00:00,3,1,0,1
IMG_000922,images/IMG_000922.jpg,2023-09-25 20:00:00,4,0,0,0
IMG_000923,images/IMG_000923.png,2023-11-06 15:00:00,5,0,2,0
IMG_000924,images/IMG_000924.png,2023-08-26 16:00:00,3,0,0,0
IMG_000925,images/IMG_000925.jpg,2023-09-25 21:00:00,4,0,0,0
IMG_000926,images/IMG_000926.png,2023-11-06 16:00:00,5,0,2,0
IMG_000927,images/IMG_000927.png,2023-11-06 17:00:00,5,1,1,1
IMG_000928,images/IMG_000928.png,2023-11-06 18:00:00,5,1,1,1
IMG_000929,images/IMG_000929.png,2023-06-25 08:00:00,1,0,0,0
IMG_000930,images/IMG_000930.png,2023-07-28 06:00:00,2,0,0,0
IMG_000931,images/IMG_000931.png,2023-08-26 17:00:00,3,1,0,1
IMG_000932,images/IMG_000932.jpg,2023-09-25 22:00:00,4,0,0,0
IMG_000933,images/IMG_000933.png,2023-11-06 19:00:00,5,1,1,1
IMG_000934,images/IMG_000934.jpg,2023-08-26 18:00:00,3,0,0,0
IMG_000935,images/IMG_000935.jpg,2023-09-25 23:00:00,4,0,0,0
IMG_000936,images/IMG_000936.jpg,2023-09-26 00:00:00,4,0,0,0
IMG_000937,images/IMG_000937.png,2023-11-06 20:00:00,5,3,3,1
IMG_000938,images/IMG_000938.jpg,2023-08-26 19:00:00,3,2,0,1
IMG_000939,images/IMG_000939.png,2023-08-26 20:00:00,3,2,0,1
IMG_000940,images/IMG_000940.png,2023-11-06 21:00:00,5,0,2,0
IMG_000941,images/IMG_000941.jpg,2023-11-06 22:00:00,5,0,2,0
IMG_000942,images/IMG_000942.jpg,2023-11-06 23:00:00,5,0,2,0
IMG_000943,images/IMG_000943.png,2023-11-07 00:00:00,5,3,3,1
IMG_000944,images/IMG_000944.png,2023-11-07 01:00:00,5,0,2,0
IMG_000945,images/IMG_000945.png,2023-08-26 21:00:00,3,2,0,1
IMG_000946,images/IMG_000946.png,2023-08-26 22:00:00,3,2,0,1
IMG_000947,images/IMG_000947.png,2023-11-07 02:00:00,5,0,2,0
IMG_000948,images/IMG_000948.png,2023-06-25 09:00:00,1,1,0,1
IMG_000949,images/IMG_000949.png,2023-11-07 03:00:00,5,0,2,0
IMG_000950,images/IMG_000950.png,2023-11-07 04:00:00,5,3,3,1
IMG_000951,images/IMG_000951.png,2023-11-07 05:00:00,5,3,3,1
IMG_000952,images/IMG_000952.jpg,2023-11-07 06:00:00,5,0,2,0
IMG_000953,images/IMG_000953.jpg,2023-09-26 01:00:00,4,0,0,0
IMG_000954,images/IMG_000954.jpg,2023-11-07 07:00:00,5,0,2,0
IMG_000955,images/IMG_000955.png,2023-07-28 07:00:00,2,0,0,0
IMG_000956,images/IMG_000956.png,2023-11-07 08:00:00,5,0,2,0
IMG_000957,images/IMG_000957.png,2023-11-07 09:00:00,5,3,3,1
IMG_000958,images/IMG_000958.jpg,2023-09-26 02:00:00,4,0,0,0
IMG_000959,images/IMG_000959.png,2023-06-25 10:00:00,1,1,0,1
IMG_000960,images/IMG_000960.png,2023-08-26 23:00:00,3,0,0,0
IMG_000961,images/IMG_000961.jpg,2023-08-27 00:00:00,3,2,0,1
IMG_000962,images/IMG_000962.png,2023-11-07 10:00:00,5,0,2,0
IMG_000963,images/IMG_000963.jpg,2023-07-28 08:00:00,2,2,0,1
IMG_000964,images/IMG_000964.png,2023-11-07 11:00:00,5,3,3,1
IMG_000965,images/IMG_000965.png,2023-08-27 01:00:00,3,2,0,1
IMG_000966,images/IMG_000966.jpg,2023-11-07 12:00:00,5,0,2,0
IMG_000967,images/IMG_000967.png,2023-06-25 11:00:00,1,0,0,0
IMG_000968,images/IMG_000968.png,2023-11-07 13:00:00,5,3,3,1
IMG_000969,images/IMG_000969.jpg,2023-08-27 02:00:00,3,2,0,1
IMG_000970,images/IMG_000970.jpg,2023-11-07 14:00:00,5,0,2,0
IMG_000971,images/IMG_000971.jpg,2023-09-26 03:00:00,4,0,0,0
IMG_000972,images/IMG_000972.png,2023-07-28 09:00:00,2,1,0,1
IMG_000973,images/IMG_000973.jpg,2023-11-07 15:00:00,5,0,2,0
IMG_000974,images/IMG_000974.png,2023-11-07 16:00:00,5,1,1,1
IMG_000975,images/IMG_000975.png,2023-11-07 17:00:00,5,3,3,1
IMG_000976,images/IMG_000976.png,2023-06-25 12:00:00,1,1,0,1
IMG_000977,images/IMG_000977.jpg,2023-06-25 13:00:00,1,0,0,0
IMG_000978,images/IMG_000978.jpg,2023-08-27 03:00:00,3,2,0,1
IMG_000979,images/IMG_000979.png,2023-11-07 18:00:00,5,1,1,1
IMG_000980,images/IMG_000980.jpg,2023-11-07 19:00:00,5,0,2,0
IMG_000981,images/IMG_000981.png,2023-07-28 10:00:00,2,1,0,1
IMG_000982,images/IMG_000982.jpg,2023-11-07 20:00:00,5,0,2,0
IMG_000983,images/IMG_000983.jpg,2023-11-07 21:00:00,5,0,2,0
IMG_000984,images/IMG_000984.png,2023-08-27 04:00:00,3,2,0,1
IMG_000985,images/IMG_000985.png,2023-11-07 22:00:00,5,1,1,1
IMG_000986,images/IMG_000986.jpg,2023-11-07 23:00:00,5,0,2,0
IMG_000987,images/IMG_000987.jpg,2023-11-08 00:00:00,5,0,2,0
IMG_000988,images/IMG_000988.jpg,2023-11-08 01:00:00,5,0,2,0
IMG_000989,images/IMG_000989.png,2023-08-27 05:00:00,3,1,0,1
IMG_000990,images/IMG_000990.png,2023-11-08 02:00:00,5,1,1,1
IMG_000991,images/IMG_000991.png,2023-08-27 06:00:00,3,0,0,0
IMG_000992,images/IMG_000992.png,2023-06-25 14:00:00,1,1,0,1
IMG_000993,images/IMG_000993.png,2023-11-08 03:00:00,5,1,1,1
IMG_000994,images/IMG_000994.png,2023-07-28 11:00:00,2,1,0,1
IMG_000995,images/IMG_000995.png,2023-07-28 12:00:00,2,2,0,1
IMG_000996,images/IMG_000996.jpg,2023-09-26 04:00:00,4,0,0,0
IMG_000997,images/IMG_000997.jpg,2023-11-08 04:00:00,5,0,2,0
IMG_000998,images/IMG_000998.png,2023-07-28 13:00:00,2,0,0,0
IMG_000999,images/IMG_000999.jpg,2023-09-26 05:00:00,4,0,0,0
IMG_001000,images/IMG_001000.png,2023-06-25 15:00:00,1,1,0,1
IMG_001001,images/IMG_001001.jpg,2023-11-08 05:00:00,5,0,2,0
IMG_001002,images/IMG_001002.png,2023-11-08 06:00:00,5,1,1,1
IMG_001003,images/IMG_001003.jpg,2023-08-27 07:00:00,3,2,0,1
IMG_001004,images/IMG_001004.jpg,2023-09-26 06:00:00,4,0,0,0
IMG_001005,images/IMG_001005.png,2023-11-08 07:00:00,5,1,1,1
IMG_001006,images/IMG_001006.jpg,2023-06-25 16:00:00,1,0,0,0
IMG_001007,images/IMG_001007.jpg,2023-09-26 07:00:00,4,0,0,0
IMG_001008,images/IMG_001008.jpg,2023-09-26 08:00:00,4,0,0,0
IMG_001009,images/IMG_001009.png,2023-06-03 10:00:00,0,0,0,0
IMG_001010,images/IMG_001010.jpg,2023-09-26 09:00:00,4,0,0,0
IMG_001011,images/IMG_001011.png,2023-11-08 08:00:00,5,1,1,1
IMG_001012,images/IMG_001012.jpg,2023-11-08 09:00:00,5,0,2,0
IMG_001013,images/IMG_001013.jpg,2023-07-28 14:00:00,2,2,0,1
IMG_001014,images/IMG_001014.jpg,2023-09-26 10:00:00,4,0,0,0
IMG_001015,images/IMG_001015.jpg,2023-09-26 11:00:00,4,0,0,0
IMG_001016,images/IMG_001016.jpg,2023-06-03 11:00:00,0,0,0,0
IMG_001017,images/IMG_001017.png,2023-11-08 10:00:00,5,3,3,1
IMG_001018,images/IMG_001018.png,2023-07-28 15:00:00,2,1,0,1
IMG_001019,images/IMG_001019.png,2023-06-03 12:00:00,0,0,0,0
IMG_001020,images/IMG_001020.jpg,2023-09-26 12:00:00,4,0,0,0
IMG_001021,images/IMG_001021.jpg,2023-06-25 17:00:00,1,0,0,0
IMG_001022,images/IMG_001022.jpg,2023-11-08 11:00:00,5,0,2,0
IMG_001023,images/IMG_001023.png,2023-11-08 12:00:00,5,3,3,1
IMG_001024,images/IMG_001024.jpg,2023-08-27 08:00:00,3,2,0,1
IMG_001025,images/IMG_001025.png,2023-08-27 09:00:00,3,2,0,1
IMG_001026,images/IMG_001026.jpg,2023-11-08 13:00:00,5,0,2,0
IMG_001027,images/IMG_001027.jpg,2023-09-26 13:00:00,4,0,0,0
IMG_001028,images/IMG_001028.png,2023-11-08 14:00:00,5,3,3,1
IMG_001029,images/IMG_001029.jpg,2023-11-08 15:00:00,5,0,2,0
IMG_001030,images/IMG_001030.jpg,2023-06-25 18:00:00,1,0,0,0
IMG_001031,images/IMG_001031.png,2023-11-08 16:00:00,5,1,1,1
IMG_001032,images/IMG_001032.jpg,2023-09-26 14:00:00,4,0,0,0
IMG_001033,images/IMG_001033.png,2023-11-08 17:00:00,5,1,1,1
IMG_001034,images/IMG_001034.jpg,2023-08-27 10:00:00,3,0,0,0
IMG_001035,images/IMG_001035.png,2023-11-08 18:00:00,5,1,1,1
IMG_001036,images/IMG_001036.png,2023-11-08 19:00:00,5,0,2,0
IMG_001037,images/IMG_001037.png,2023-11-08 20:00:00,5,3,3,1
IMG_001038,images/IMG_001038.jpg,2023-11-08 21:00:00,5,0,2,0
IMG_001039,images/IMG_001039.jpg,2023-09-26 15:00:00,4,0,0,0
IMG_001040,images/IMG_001040.png,2023-08-27 11:00:00,3,1,0,1
IMG_001041,images/IMG_001041.jpg,2023-11-08 22:00:00,5,0,2,0
IMG_001042,images/IMG_001042.jpg,2023-09-26 16:00:00,4,0,0,0
IMG_001043,images/IMG_001043.jpg,2023-11-08 23:00:00,5,0,2,0
IMG_001044,images/IMG_001044.jpg,2023-07-28 16:00:00,2,2,0,1
IMG_001045,images/IMG_001045.jpg,2023-09-26 17:00:00,4,0,0,0
IMG_001046,images/IMG_001046.jpg,2023-07-28 17:00:00,2,2,0,1
IMG_001047,images/IMG_001047.png,2023-06-03 13:00:00,0,0,0,0
IMG_001048,images/IMG_001048.png,2023-06-25 19:00:00,1,0,0,0
IMG_001049,images/IMG_001049.jpg,2023-11-09 00:00:00,5,0,2,0
IMG_001050,images/IMG_001050.jpg,2023-07-28 18:00:00,2,2,0,1
IMG_001051,images/IMG_001051.png,2023-08-27 12:00:00,3,1,0,1
IMG_001052,images/IMG_001052.jpg,2023-11-09 01:00:00,5,0,2,0
IMG_001053,images/IMG_001053.jpg,2023-11-09 02:00:00,5,0,2,0
IMG_001054,images/IMG_001054.jpg,2023-07-28 19:00:00,2,2,0,1
IMG_001055,images/IMG_001055.png,2023-08-27 13:00:00,3,2,0,1
IMG_001056,images/IMG_001056.png,2023-07-28 20:00:00,2,0,0,0
IMG_001057,images/IMG_001057.png,2023-06-25 20:00:00,1,1,0,1
IMG_001058,images/IMG_001058.png,2023-11-09 03:00:00,5,0,2,0
IMG_001059,images/IMG_001059.png,2023-06-25 21:00:00,1,1,0,1
IMG_001060,images/IMG_001060.jpg,2023-11-09 04:00:00,5,0,2,0
IMG_001061,images/IMG_001061.jpg,2023-07-28 21:00:00,2,2,0,1
IMG_001062,images/IMG_001062.jpg,2023-07-28 22:00:00,2,2,0,1
IMG_001063,images/IMG_001063.jpg,2023-08-27 14:00:00,3,2,0,1
IMG_001064,images/IMG_001064.jpg,2023-11-09 05:00:00,5,0,2,0
IMG_001065,images/IMG_001065.png,2023-11-09 06:00:00,5,1,1,1
IMG_001066,images/IMG_001066.png,2023-07-28 23:00:00,2,2,0,1
IMG_001067,images/IMG_001067.jpg,2023-09-26 18:00:00,4,0,0,0
IMG_001068,images/IMG_001068.jpg,2023-08-27 15:00:00,3,2,0,1
IMG_001069,images/IMG_001069.jpg,2023-11-09 07:00:00,5,0,2,0
IMG_001070,images/IMG_001070.jpg,2023-09-26 19:00:00,4,0,0,0
IMG_001071,images/IMG_001071.png,2023-08-27 16:00:00,3,2,0,1
IMG_001072,images/IMG_001072.png,2023-11-09 08:00:00,5,1,1,1
IMG_001073,images/IMG_001073.png,2023-11-09 09:00:00,5,1,1,1
IMG_001074,images/IMG_001074.png,2023-11-09 10:00:00,5,0,2,0
IMG_001075,images/IMG_001075.png,2023-07-29 00:00:00,2,2,0,1
IMG_001076,images/IMG_001076.png,2023-06-03 14:00:00,0,0,0,0
IMG_001077,images/IMG_001077.jpg,2023-11-09 11:00:00,5,0,2,0
IMG_001078,images/IMG_001078.png,2023-07-29 01:00:00,2,2,0,1
IMG_001079,images/IMG_001079.jpg,2023-09-26 20:00:00,4,0,0,0
IMG_001080,images/IMG_001080.jpg,2023-09-26 21:00:00,4,0,0,0
IMG_001081,images/IMG_001081.png,2023-08-27 17:00:00,3,1,0,1
IMG_001082,images/IMG_001082.png,2023-11-09 12:00:00,5,3,3,1
IMG_001083,images/IMG_001083.png,2023-11-09 13:00:00,5,1,1,1
IMG_001084,images/IMG_001084.jpg,2023-11-09 14:00:00,5,0,2,0
IMG_001085,images/IMG_001085.jpg,2023-09-26 22:00:00,4,0,0,0
IMG_001086,images/IMG_001086.jpg,2023-11-09 15:00:00,5,0,2,0
IMG_001087,images/IMG_001087.png,2023-07-29 02:00:00,2,0,0,0
IMG_001088,images/IMG_001088.jpg,2023-11-09 16:00:00,5,0,2,0
IMG_001089,images/IMG_001089.jpg,2023-11-09 17:00:00,5,0,2,0
IMG_001090,images/IMG_001090.jpg,2023-11-09 18:00:00,5,0,2,0
IMG_001091,images/IMG_001091.jpg,2023-09-26 23:00:00,4,0,0,0
IMG_001092,images/IMG_001092.jpg,2023-09-27 00:00:00,4,0,0,0
IMG_001093,images/IMG_001093.jpg,2023-09-27 01:00:00,4,0,0,0
IMG_001094,images/IMG_001094.png,2023-08-27 18:00:00,3,0,0,0
IMG_001095,images/IMG_001095.png,2023-11-09 19:00:00,5,3,3,1
IMG_001096,images/IMG_001096.png,2023-11-09 20:00:00,5,0,2,0
IMG_001097,images/IMG_001097.png,2023-08-27 19:00:00,3,1,0,1
IMG_001098,images/IMG_001098.jpg,2023-09-27 02:00:00,4,0,0,0
IMG_001099,images/IMG_001099.jpg,2023-07-29 03:00:00,2,2,0,1
IMG_001100,images/IMG_001100.jpg,2023-09-27 03:00:00,4,0,0,0
IMG_001101,images/IMG_001101.jpg,2023-11-09 21:00:00,5,0,2,0
IMG_001102,images/IMG_001102.png,2023-11-09 22:00:00,5,0,2,0
IMG_001103,images/IMG_001103.png,2023-08-27 20:00:00,3,0,0,0
IMG_001104,images/IMG_001104.png,2023-08-27 21:00:00,3,2,0,1
IMG_001105,images/IMG_001105.jpg,2023-09-27 04:00:00,4,0,0,0
IMG_001106,images/IMG_001106.jpg,2023-11-09 23:00:00,5,0,2,0
IMG_001107,images/IMG_001107.png,2023-11-10 00:00:00,5,3,3,1
IMG_001108,images/IMG_001108.png,2023-06-25 22:00:00,1,1,0,1
IMG_001109,images/IMG_001109.jpg,2023-09-27 05:00:00,4,0,0,0
IMG_001110,images/IMG_001110.png,2023-08-27 22:00:00,3,2,0,1
IMG_001111,images/IMG_001111.png,2023-08-27 23:00:00,3,2,0,1
IMG_001112,images/IMG_001112.jpg,2023-09-27 06:00:00,4,0,0,0
IMG_001113,images/IMG_001113.png,2023-11-10 01:00:00,5,3,3,1
IMG_001114,images/IMG_001114.png,2023-11-10 02:00:00,5,1,1,1
IMG_001115,images/IMG_001115.jpg,2023-11-10 03:00:00,5,0,2,0
IMG_001116,images/IMG_001116.jpg,2023-11-10 04:00:00,5,0,2,0
IMG_001117,images/IMG_001117.png,2023-06-25 23:00:00,1,1,0,1
IMG_001118,images/IMG_001118.png,2023-11-10 05:00:00,5,1,1,1
IMG_001119,images/IMG_001119.png,2023-07-29 04:00:00,2,0,0,0
IMG_001120,images/IMG_001120.png,2023-11-10 06:00:00,5,1,1,1
IMG_001121,images/IMG_001121.jpg,2023-11-10 07:00:00,5,0,2,0
IMG_001122,images/IMG_001122.jpg,2023-11-10 08:00:00,5,0,2,0
IMG_001123,images/IMG_001123.png,2023-11-10 09:00:00,5,1,1,1
IMG_001124,images/IMG_001124.jpg,2023-11-10 10:00:00,5,0,2,0
IMG_001125,images/IMG_001125.png,2023-07-29 05:00:00,2,0,0,0
IMG_001126,images/IMG_001126.png,2023-11-10 11:00:00,5,0,2,0
IMG_001127,images/IMG_001127.jpg,2023-11-10 12:00:00,5,0,2,0
IMG_001128,images/IMG_001128.jpg,2023-09-27 07:00:00,4,0,0,0
IMG_001129,images/IMG_001129.jpg,2023-11-10 13:00:00,5,0,2,0
IMG_001130,images/IMG_001130.jpg,2023-11-10 14:00:00,5,0,2,0
IMG_001131,images/IMG_001131.png,2023-08-28 00:00:00,3,2,0,1
IMG_001132,images/IMG_001132.png,2023-06-03 15:00:00,0,0,0,0
IMG_001133,images/IMG_001133.png,2023-11-10 15:00:00,5,3,3,1
IMG_001134,images/IMG_001134.jpg,2023-09-27 08:00:00,4,0,0,0
IMG_001135,images/IMG_001135.jpg,2023-11-10 16:00:00,5,0,2,0
IMG_001136,images/IMG_001136.png,2023-08-28 01:00:00,3,2,0,1
IMG_001137,images/IMG_001137.jpg,2023-11-10 17:00:00,5,0,2,0
IMG_001138,images/IMG_001138.jpg,2023-11-10 18:00:00,5,0,2,0
IMG_001139,images/IMG_001139.png,2023-07-29 06:00:00,2,1,0,1
IMG_001140,images/IMG_001140.jpg,2023-09-27 09:00:00,4,0,0,0
IMG_001141,images/IMG_001141.png,2023-11-10 19:00:00,5,3,3,1
IMG_001142,images/IMG_001142.png,2023-11-10 20:00:00,5,3,3,1
IMG_001143,images/IMG_001143.jpg,2023-11-10 21:00:00,5,0,2,0
IMG_001144,images/IMG_001144.png,2023-11-10 22:00:00,5,1,1,1
IMG_001145,images/IMG_001145.png,2023-06-26 00:00:00,1,0,0,0
IMG_001146,images/IMG_001146.png,2023-07-29 07:00:00,2,1,0,1
IMG_001147,images/IMG_001147.png,2023-11-10 23:00:00,5,1,1,1
IMG_001148,images/IMG_001148.png,2023-11-11 00:00:00,5,1,1,1
IMG_001149,images/IMG_001149.jpg,2023-09-27 10:00:00,4,0,0,0
IMG_001150,images/IMG_001150.png,2023-11-11 01:00:00,5,0,2,0
IMG_001151,images/IMG_001151.jpg,2023-08-28 02:00:00,3,2,0,1
IMG_001152,images/IMG_001152.png,2023-07-29 08:00:00,2,2,0,1
IMG_001153,images/IMG_001153.png,2023-11-11 02:00:00,5,3,3,1
IMG_001154,images/IMG_001154.png,2023-08-28 03:00:00,3,2,0,1
IMG_001155,images/IMG_001155.png,2023-11-11 03:00:00,5,0,2,0
IMG_001156,images/IMG_001156.png,2023-08-28 04:00:00,3,1,0,1
IMG_001157,images/IMG_001157.jpg,2023-06-03 16:00:00,0,0,0,0
IMG_001158,images/IMG_001158.png,2023-07-29 09:00:00,2,2,0,1
IMG_001159,images/IMG_001159.png,2023-11-11 04:00:00,5,1,1,1
IMG_001160,images/IMG_001160.jpg,2023-09-27 11:00:00,4,0,0,0
IMG_001161,images/IMG_001161.jpg,2023-09-27 12:00:00,4,0,0,0
IMG_001162,images/IMG_001162.png,2023-11-11 05:00:00,5,3,3,1
IMG_001163,images/IMG_001163.png,2023-06-03 17:00:00,0,0,0,0
IMG_001164,images/IMG_001164.jpg,2023-11-11 06:00:00,5,0,2,0
IMG_001165,images/IMG_001165.png,2023-11-11 07:00:00,5,0,2,0
IMG_001166,images/IMG_001166.png,2023-06-26 01:00:00,1,1,0,1
IMG_001167,images/IMG_001167.jpg,2023-09-27 13:00:00,4,0,0,0
IMG_001168,images/IMG_001168.png,2023-11-11 08:00:00,5,0,2,0
IMG_001169,images/IMG_001169.jpg,2023-08-28 05:00:00,3,0,0,0
IMG_001170,images/IMG_001170.jpg,2023-11-11 09:00:00,5,0,2,0
IMG_001171,images/IMG_001171.png,2023-11-11 10:00:00,5,3,3,1
IMG_001172,images/IMG_001172.jpg,2023-09-27 14:00:00,4,0,0,0
IMG_001173,images/IMG_001173.jpg,2023-09-27 15:00:00,4,0,0,0
IMG_001174,images/IMG_001174.jpg,2023-07-29 10:00:00,2,0,0,0
IMG_001175,images/IMG_001175.png,2023-08-28 06:00:00,3,2,0,1
IMG_001176,images/IMG_001176.png,2023-07-29 11:00:00,2,0,0,0
IMG_001177,images/IMG_001177.png,2023-08-28 07:00:00,3,0,0,0
IMG_001178,images/IMG_001178.png,2023-11-11 11:00:00,5,3,3,1
IMG_001179,images/IMG_001179.jpg,2023-11-11 12:00:00,5,0,2,0
IMG_001180,images/IMG_001180.png,2023-11-11 13:00:00,5,0,2,0
IMG_001181,images/IMG_001181.jpg,2023-09-27 16:00:00,4,0,0,0
IMG_001182,images/IMG_001182.jpg,2023-11-11 14:00:00,5,0,2,0
IMG_001183,images/IMG_001183.jpg,2023-09-27 17:00:00,4,0,0,0
IMG_001184,images/IMG_001184.png,2023-11-11 15:00:00,5,0,2,0
IMG_001185,images/IMG_001185.png,2023-11-11 16:00:00,5,0,2,0
IMG_001186,images/IMG_001186.jpg,2023-11-11 17:00:00,5,0,2,0
IMG_001187,images/IMG_001187.png,2023-08-28 08:00:00,3,2,0,1
IMG_001188,images/IMG_001188.jpg,2023-09-27 18:00:00,4,0,0,0
IMG_001189,images/IMG_001189.jpg,2023-11-11 18:00:00,5,0,2,0
IMG_001190,images/IMG_001190.png,2023-11-11 19:00:00,5,1,1,1
IMG_001191,images/IMG_001191.jpg,2023-09-27 19:00:00,4,0,0,0
IMG_001192,images/IMG_001192.jpg,2023-11-11 20:00:00,5,0,2,0
IMG_001193,images/IMG_001193.jpg,2023-11-11 21:00:00,5,0,2,0
IMG_001194,images/IMG_001194.png,2023-11-11 22:00:00,5,3,3,1
IMG_001195,images/IMG_001195.png,2023-06-03 18:00:00,0,0,0,0
IMG_001196,images/IMG_001196.png,2023-08-28 09:00:00,3,1,0,1
IMG_001197,images/IMG_001197.jpg,2023-11-11 23:00:00,5,0,2,0
IMG_001198,images/IMG_001198.png,2023-06-26 02:00:00,1,1,0,1
IMG_001199,images/IMG_001199.jpg,2023-09-27 20:00:00,4,0,0,0
IMG_001200,images/IMG_001200.png,2023-08-28 10:00:00,3,1,0,1
IMG_001201,images/IMG_001201.png,2023-08-28 11:00:00,3,1,0,1
IMG_001202,images/IMG_001202.png,2023-11-12 00:00:00,5,0,2,0
IMG_001203,images/IMG_001203.jpg,2023-09-27 21:00:00,4,0,0,0
IMG_001204,images/IMG_001204.png,2023-11-12 01:00:00,5,3,3,1
IMG_001205,images/IMG_001205.jpg,2023-11-12 02:00:00,5,0,2,0
IMG_001206,images/IMG_001206.jpg,2023-11-12 03:00:00,5,0,2,0
IMG_001207,images/IMG_001207.jpg,2023-11-12 04:00:00,5,0,2,0
IMG_001208,images/IMG_001208.jpg,2023-09-27 22:00:00,4,0,0,0
IMG_001209,images/IMG_001209.png,2023-11-12 05:00:00,5,1,1,1
IMG_001210,images/IMG_001210.jpg,2023-11-12 06:00:00,5,0,2,0
IMG_001211,images/IMG_001211.png,2023-08-28 12:00:00,3,2,0,1
IMG_001212,images/IMG_001212.jpg,2023-11-12 07:00:00,5,0,2,0
IMG_001213,images/IMG_001213.png,2023-11-12 08:00:00,5,0,2,0
IMG_001214,images/IMG_001214.png,2023-11-12 09:00:00,5,3,3,1
IMG_001215,images/IMG_001215.png,2023-07-29 12:00:00,2,0,0,0
IMG_001216,images/IMG_001216.png,2023-07-29 13:00:00,2,2,0,1
IMG_001217,images/IMG_001217.jpg,2023-09-27 23:00:00,4,0,0,0
IMG_001218,images/IMG_001218.png,2023-11-12 10:00:00,5,1,1,1
IMG_001219,images/IMG_001219.png,2023-08-28 13:00:00,3,2,0,1
IMG_001220,images/IMG_001220.jpg,2023-09-28 00:00:00,4,0,0,0
IMG_001221,images/IMG_001221.jpg,2023-11-12 11:00:00,5,0,2,0
IMG_001222,images/IMG_001222.png,2023-06-26 03:00:00,1,0,0,0
IMG_001223,images/IMG_001223.png,2023-07-29 14:00:00,2,2,0,1
IMG_001224,images/IMG_001224.png,2023-08-28 14:00:00,3,2,0,1
IMG_001225,images/IMG_001225.jpg,2023-08-28 15:00:00,3,0,0,0
IMG_001226,images/IMG_001226.png,2023-11-12 12:00:00,5,0,2,0
IMG_001227,images/IMG_001227.jpg,2023-11-12 13:00:00,5,0,2,0
IMG_001228,images/IMG_001228.png,2023-11-12 14:00:00,5,0,2,0
IMG_001229,images/IMG_001229.jpg,2023-11-12 15:00:00,5,0,2,0
IMG_001230,images/IMG_001230.png,2023-08-28 16:00:00,3,2,0,1
IMG_001231,images/IMG_001231.png,2023-11-12 16:00:00,5,1,1,1
IMG_001232,images/IMG_001232.png,2023-11-12 17:00:00,5,3,3,1
IMG_001233,images/IMG_001233.png,2023-11-12 18:00:00,5,1,1,1
IMG_001234,images/IMG_001234.png,2023-11-12 19:00:00,5,3,3,1
IMG_001235,images/IMG_001235.jpg,2023-07-29 15:00:00,2,2,0,1
IMG_001236,images/IMG_001236.jpg,2023-09-28 01:00:00,4,0,0,0
IMG_001237,images/IMG_001237.png,2023-08-28 17:00:00,3,2,0,1
IMG_001238,images/IMG_001238.png,2023-08-28 18:00:00,3,1,0,1
IMG_001239,images/IMG_001239.png,2023-11-12 20:00:00,5,0,2,0
IMG_001240,images/IMG_001240.jpg,2023-09-28 02:00:00,4,0,0,0
IMG_001241,images/IMG_001241.png,2023-11-12 21:00:00,5,3,3,1
IMG_001242,images/IMG_001242.png,2023-07-29 16:00:00,2,0,0,0
IMG_001243,images/IMG_001243.jpg,2023-09-28 03:00:00,4,0,0,0
IMG_001244,images/IMG_001244.jpg,2023-06-26 04:00:00,1,0,0,0
IMG_001245,images/IMG_001245.png,2023-11-12 22:00:00,5,1,1,1
IMG_001246,images/IMG_001246.png,2023-11-12 23:00:00,5,0,2,0
IMG_001247,images/IMG_001247.jpg,2023-09-28 04:00:00,4,0,0,0
IMG_001248,images/IMG_001248.jpg,2023-09-28 05:00:00,4,0,0,0
IMG_001249,images/IMG_001249.jpg,2023-06-26 05:00:00,1,0,0,0
IMG_001250,images/IMG_001250.jpg,2023-06-26 06:00:00,1,0,0,0
IMG_001251,images/IMG_001251.png,2023-08-28 19:00:00,3,2,0,1
IMG_001252,images/IMG_001252.jpg,2023-11-13 00:00:00,5,0,2,0
IMG_001253,images/IMG_001253.jpg,2023-09-28 06:00:00,4,0,0,0
IMG_001254,images/IMG_001254.png,2023-11-13 01:00:00,5,3,3,1
IMG_001255,images/IMG_001255.jpg,2023-11-13 02:00:00,5,0,2,0
IMG_001256,images/IMG_001256.jpg,2023-11-13 03:00:00,5,0,2,0
IMG_001257,images/IMG_001257.png,2023-07-29 17:00:00,2,1,0,1
IMG_001258,images/IMG_001258.jpg,2023-08-28 20:00:00,3,2,0,1
IMG_001259,images/IMG_001259.png,2023-11-13 04:00:00,5,3,3,1
IMG_001260,images/IMG_001260.jpg,2023-09-28 07:00:00,4,0,0,0
IMG_001261,images/IMG_001261.png,2023-11-13 05:00:00,5,3,3,1
IMG_001262,images/IMG_001262.png,2023-06-03 19:00:00,0,0,0,0
IMG_001263,images/IMG_001263.png,2023-11-13 06:00:00,5,3,3,1
IMG_001264,images/IMG_001264.jpg,2023-09-28 08:00:00,4,0,0,0
IMG_001265,images/IMG_001265.png,2023-11-13 07:00:00,5,1,1,1
IMG_001266,images/IMG_001266.png,2023-07-29 18:00:00,2,0,0,0
IMG_001267,images/IMG_001267.png,2023-07-29 19:00:00,2,1,0,1
IMG_001268,images/IMG_001268.png,2023-11-13 08:00:00,5,3,3,1
IMG_001269,images/IMG_001269.png,2023-08-28 21:00:00,3,2,0,1
IMG_001270,images/IMG_001270.jpg,2023-06-03 20:00:00,0,0,0,0
IMG_001271,images/IMG_001271.png,2023-11-13 09:00:00,5,3,3,1
IMG_001272,images/IMG_001272.jpg,2023-11-13 10:00:00,5,0,2,0
IMG_001273,images/IMG_001273.jpg,2023-11-13 11:00:00,5,0,2,0
IMG_001274,images/IMG_001274.png,2023-08-28 22:00:00,3,2,0,1
IMG_001275,images/IMG_001275.png,2023-11-13 12:00:00,5,1,1,1
IMG_001276,images/IMG_001276.png,2023-06-26 07:00:00,1,1,0,1
IMG_001277,images/IMG_001277.png,2023-07-29 20:00:00,2,0,0,0
IMG_001278,images/IMG_001278.png,2023-11-13 13:00:00,5,1,1,1
IMG_001279,images/IMG_001279.png,2023-11-13 14:00:00,5,0,2,0
IMG_001280,images/IMG_001280.png,2023-11-13 15:00:00,5,0,2,0
IMG_001281,images/IMG_001281.jpg,2023-11-13 16:00:00,5,0,2,0
IMG_001282,images/IMG_001282.png,2023-11-13 17:00:00,5,3,3,1
IMG_001283,images/IMG_001283.png,2023-11-13 18:00:00,5,1,1,1
IMG_001284,images/IMG_001284.png,2023-08-28 23:00:00,3,2,0,1
IMG_001285,images/IMG_001285.png,2023-07-29 21:00:00,2,2,0,1
IMG_001286,images/IMG_001286.jpg,2023-08-29 00:00:00,3,2,0,1
IMG_001287,images/IMG_001287.jpg,2023-11-13 19:00:00,5,0,2,0
IMG_001288,images/IMG_001288.jpg,2023-09-28 09:00:00,4,0,0,0
IMG_001289,images/IMG_001289.png,2023-08-29 01:00:00,3,0,0,0
IMG_001290,images/IMG_001290.png,2023-11-13 20:00:00,5,1,1,1
IMG_001291,images/IMG_001291.jpg,2023-11-13 21:00:00,5,0,2,0
IMG_001292,images/IMG_001292.png,2023-07-29 22:00:00,2,0,0,0
IMG_001293,images/IMG_001293.jpg,2023-08-29 02:00:00,3,2,0,1
IMG_001294,images/IMG_001294.png,2023-08-29 03:00:00,3,2,0,1
IMG_001295,images/IMG_001295.png,2023-11-13 22:00:00,5,3,3,1
IMG_001296,images/IMG_001296.png,2023-11-13 23:00:00,5,3,3,1
IMG_001297,images/IMG_001297.jpg,2023-09-28 10:00:00,4,0,0,0
IMG_001298,images/IMG_001298.png,2023-11-14 00:00:00,5,0,2,0
IMG_001299,images/IMG_001299.jpg,2023-07-29 23:00:00,2,2,0,1
IMG_001300,images/IMG_001300.png,2023-06-26 08:00:00,1,0,0,0
IMG_001301,images/IMG_001301.jpg,2023-11-14 01:00:00,5,0,2,0
IMG_001302,images/IMG_001302.jpg,2023-11-14 02:00:00,5,0,2,0
IMG_001303,images/IMG_001303.jpg,2023-08-29 04:00:00,3,2,0,1
IMG_001304,images/IMG_001304.png,2023-06-03 21:00:00,0,0,0,0
IMG_001305,images/IMG_001305.png,2023-06-26 09:00:00,1,0,0,0
IMG_001306,images/IMG_001306.jpg,2023-09-28 11:00:00,4,0,0,0
IMG_001307,images/IMG_001307.jpg,2023-09-28 12:00:00,4,0,0,0
IMG_001308,images/IMG_001308.png,2023-08-29 05:00:00,3,2,0,1
IMG_001309,images/IMG_001309.png,2023-11-14 03:00:00,5,1,1,1
IMG_001310,images/IMG_001310.jpg,2023-07-30 00:00:00,2,2,0,1
IMG_001311,images/IMG_001311.png,2023-07-30 01:00:00,2,1,0,1
IMG_001312,images/IMG_001312.png,2023-08-29 06:00:00,3,2,0,1
IMG_001313,images/IMG_001313.jpg,2023-11-14 04:00:00,5,0,2,0
IMG_001314,images/IMG_001314.jpg,2023-11-14 05:00:00,5,0,2,0
IMG_001315,images/IMG_001315.jpg,2023-11-14 06:00:00,5,0,2,0
IMG_001316,images/IMG_001316.jpg,2023-07-30 02:00:00,2,2,0,1
IMG_001317,images/IMG_001317.png,2023-07-30 03:00:00,2,0,0,0
IMG_001318,images/IMG_001318.jpg,2023-09-28 13:00:00,4,0,0,0
IMG_001319,images/IMG_001319.jpg,2023-11-14 07:00:00,5,0,2,0
IMG_001320,images/IMG_001320.jpg,2023-08-29 07:00:00,3,2,0,1
IMG_001321,images/IMG_001321.jpg,2023-11-14 08:00:00,5,0,2,0
IMG_001322,images/IMG_001322.png,2023-08-29 08:00:00,3,2,0,1
IMG_001323,images/IMG_001323.jpg,2023-11-14 09:00:00,5,0,2,0
IMG_001324,images/IMG_001324.jpg,2023-11-14 10:00:00,5,0,2,0
IMG_001325,images/IMG_001325.png,2023-11-14 11:00:00,5,0,2,0
IMG_001326,images/IMG_001326.jpg,2023-09-28 14:00:00,4,0,0,0
IMG_001327,images/IMG_001327.png,2023-07-30 04:00:00,2,2,0,1
IMG_001328,images/IMG_001328.jpg,2023-08-29 09:00:00,3,2,0,1
IMG_001329,images/IMG_001329.jpg,2023-11-14 12:00:00,5,0,2,0
IMG_001330,images/IMG_001330.png,2023-11-14 13:00:00,5,3,3,1
IMG_001331,images/IMG_001331.jpg,2023-11-14 14:00:00,5,0,2,0
IMG_001332,images/IMG_001332.jpg,2023-11-14 15:00:00,5,0,2,0
IMG_001333,images/IMG_001333.jpg,2023-11-14 16:00:00,5,0,2,0
IMG_001334,images/IMG_001334.jpg,2023-11-14 17:00:00,5,0,2,0
IMG_001335,images/IMG_001335.jpg,2023-11-14 18:00:00,5,0,2,0
IMG_001336,images/IMG_001336.jpg,2023-09-28 15:00:00,4,0,0,0
IMG_001337,images/IMG_001337.png,2023-06-26 10:00:00,1,0,0,0
IMG_001338,images/IMG_001338.jpg,2023-09-28 16:00:00,4,0,0,0
IMG_001339,images/IMG_001339.jpg,2023-07-30 05:00:00,2,0,0,0
IMG_001340,images/IMG_001340.png,2023-11-14 19:00:00,5,0,2,0
IMG_001341,images/IMG_001341.png,2023-06-26 11:00:00,1,0,0,0
IMG_001342,images/IMG_001342.png,2023-07-30 06:00:00,2,1,0,1
IMG_001343,images/IMG_001343.jpg,2023-11-14 20:00:00,5,0,2,0
IMG_001344,images/IMG_001344.png,2023-11-14 21:00:00,5,0,2,0
IMG_001345,images/IMG_001345.jpg,2023-11-14 22:00:00,5,0,2,0
IMG_001346,images/IMG_001346.png,2023-06-26 12:00:00,1,0,0,0
IMG_001347,images/IMG_001347.jpg,2023-08-29 10:00:00,3,2,0,1
IMG_001348,images/IMG_001348.png,2023-06-03 22:00:00,0,0,0,0
IMG_001349,images/IMG_001349.png,2023-07-30 07:00:00,2,2,0,1
IMG_001350,images/IMG_001350.jpg,2023-11-14 23:00:00,5,0,2,0
IMG_001351,images/IMG_001351.png,2023-11-15 00:00:00,5,0,2,0
IMG_001352,images/IMG_001352.png,2023-06-03 23:00:00,0,0,0,0
IMG_001353,images/IMG_001353.jpg,2023-11-15 01:00:00,5,0,2,0
IMG_001354,images/IMG_001354.png,2023-08-29 11:00:00,3,0,0,0
IMG_001355,images/IMG_001355.png,2023-11-15 02:00:00,5,3,3,1
IMG_001356,images/IMG_001356.jpg,2023-11-15 03:00:00,5,0,2,0
IMG_001357,images/IMG_001357.png,2023-11-15 04:00:00,5,3,3,1
IMG_001358,images/IMG_001358.jpg,2023-11-15 05:00:00,5,0,2,0
IMG_001359,images/IMG_001359.png,2023-08-29 12:00:00,3,2,0,1
IMG_001360,images/IMG_001360.jpg,2023-07-30 08:00:00,2,2,0,1
IMG_001361,images/IMG_001361.jpg,2023-09-28 17:00:00,4,0,0,0
IMG_001362,images/IMG_001362.png,2023-11-15 06:00:00,5,3,3,1
IMG_001363,images/IMG_001363.png,2023-08-29 13:00:00,3,2,0,1
IMG_001364,images/IMG_001364.png,2023-08-29 14:00:00,3,2,0,1
IMG_001365,images/IMG_001365.jpg,2023-09-28 18:00:00,4,0,0,0
IMG_001366,images/IMG_001366.png,2023-11-15 07:00:00,5,3,3,1
IMG_001367,images/IMG_001367.jpg,2023-09-28 19:00:00,4,0,0,0
IMG_001368,images/IMG_001368.png,2023-06-26 13:00:00,1,0,0,0
IMG_001369,images/IMG_001369.jpg,2023-08-29 15:00:00,3,2,0,1
IMG_001370,images/IMG_001370.jpg,2023-07-30 09:00:00,2,2,0,1
IMG_001371,images/IMG_001371.jpg,2023-09-28 20:00:00,4,0,0,0
IMG_001372,images/IMG_001372.png,2023-11-15 08:00:00,5,3,3,1
IMG_001373,images/IMG_001373.jpg,2023-11-15 09:00:00,5,0,2,0
IMG_001374,images/IMG_001374.jpg,2023-09-28 21:00:00,4,0,0,0
IMG_001375,images/IMG_001375.jpg,2023-11-15 10:00:00,5,0,2,0
IMG_001376,images/IMG_001376.jpg,2023-08-29 16:00:00,3,2,0,1
IMG_001377,images/IMG_001377.jpg,2023-11-15 11:00:00,5,0,2,0
IMG_001378,images/IMG_001378.png,2023-11-15 12:00:00,5,3,3,1
IMG_001379,images/IMG_001379.jpg,2023-09-28 22:00:00,4,0,0,0
IMG_001380,images/IMG_001380.jpg,2023-08-29 17:00:00,3,2,0,1
IMG_001381,images/IMG_001381.png,2023-11-15 13:00:00,5,1,1,1
IMG_001382,images/IMG_001382.jpg,2023-11-15 14:00:00,5,0,2,0
IMG_001383,images/IMG_001383.png,2023-11-15 15:00:00,5,0,2,0
IMG_001384,images/IMG_001384.jpg,2023-09-28 23:00:00,4,0,0,0
IMG_001385,images/IMG_001385.jpg,2023-07-30 10:00:00,2,2,0,1
IMG_001386,images/IMG_001386.jpg,2023-09-29 00:00:00,4,0,0,0
IMG_001387,images/IMG_001387.jpg,2023-11-15 16:00:00,5,0,2,0
IMG_001388,images/IMG_001388.png,2023-11-15 17:00:00,5,3,3,1
IMG_001389,images/IMG_001389.png,2023-07-30 11:00:00,2,1,0,1
IMG_001390,images/IMG_001390.jpg,2023-07-30 12:00:00,2,2,0,1
IMG_001391,images/IMG_001391.jpg,2023-09-29 01:00:00,4,0,0,0
IMG_001392,images/IMG_001392.jpg,2023-09-29 02:00:00,4,0,0,0
IMG_001393,images/IMG_001393.png,2023-11-15 18:00:00,5,3,3,1
IMG_001394,images/IMG_001394.jpg,2023-09-29 03:00:00,4,0,0,0
IMG_001395,images/IMG_001395.png,2023-06-26 14:00:00,1,1,0,1
IMG_001396,images/IMG_001396.jpg,2023-09-29 04:00:00,4,0,0,0
IMG_001397,images/IMG_001397.jpg,2023-11-15 19:00:00,5,0,2,0
IMG_001398,images/IMG_001398.png,2023-08-29 18:00:00,3,1,0,1
IMG_001399,images/IMG_001399.jpg,2023-11-15 20:00:00,5,0,2,0
IMG_001400,images/IMG_001400.png,2023-11-15 21:00:00,5,0,2,0
IMG_001401,images/IMG_001401.jpg,2023-09-29 05:00:00,4,0,0,0
IMG_001402,images/IMG_001402.jpg,2023-09-29 06:00:00,4,0,0,0
IMG_001403,images/IMG_001403.png,2023-08-29 19:00:00,3,1,0,1
IMG_001404,images/IMG_001404.png,2023-11-15 22:00:00,5,1,1,1
IMG_001405,images/IMG_001405.png,2023-11-15 23:00:00,5,1,1,1
IMG_001406,images/IMG_001406.jpg,2023-09-29 07:00:00,4,0,0,0
IMG_001407,images/IMG_001407.jpg,2023-09-29 08:00:00,4,0,0,0
IMG_001408,images/IMG_001408.png,2023-07-30 13:00:00,2,1,0,1
IMG_001409,images/IMG_001409.jpg,2023-08-29 20:00:00,3,2,0,1
IMG_001410,images/IMG_001410.png,2023-11-16 00:00:00,5,3,3,1
IMG_001411,images/IMG_001411.png,2023-08-29 21:00:00,3,2,0,1
IMG_001412,images/IMG_001412.png,2023-08-29 22:00:00,3,2,0,1
IMG_001413,images/IMG_001413.jpg,2023-07-30 14:00:00,2,0,0,0
IMG_001414,images/IMG_001414.png,2023-11-16 01:00:00,5,0,2,0
IMG_001415,images/IMG_001415.jpg,2023-09-29 09:00:00,4,0,0,0
IMG_001416,images/IMG_001416.jpg,2023-09-29 10:00:00,4,0,0,0
IMG_001417,images/IMG_001417.png,2023-07-30 15:00:00,2,2,0,1
IMG_001418,images/IMG_001418.png,2023-08-29 23:00:00,3,0,0,0
IMG_001419,images/IMG_001419.jpg,2023-11-16 02:00:00,5,0,2,0
IMG_001420,images/IMG_001420.png,2023-07-30 16:00:00,2,2,0,1
IMG_001421,images/IMG_001421.png,2023-08-30 00:00:00,3,2,0,1
IMG_001422,images/IMG_001422.jpg,2023-09-29 11:00:00,4,0,0,0
IMG_001423,images/IMG_001423.jpg,2023-06-04 00:00:00,0,0,0,0
IMG_001424,images/IMG_001424.jpg,2023-11-16 03:00:00,5,0,2,0
IMG_001425,images/IMG_001425.jpg,2023-09-29 12:00:00,4,0,0,0
IMG_001426,images/IMG_001426.png,2023-11-16 04:00:00,5,0,2,0
IMG_001427,images/IMG_001427.png,2023-11-16 05:00:00,5,0,2,0
IMG_001428,images/IMG_001428.jpg,2023-09-29 13:00:00,4,0,0,0
IMG_001429,images/IMG_001429.jpg,2023-09-29 14:00:00,4,0,0,0
IMG_001430,images/IMG_001430.jpg,2023-09-29 15:00:00,4,0,0,0
IMG_001431,images/IMG_001431.png,2023-07-30 17:00:00,2,0,0,0
IMG_001432,images/IMG_001432.png,2023-11-16 06:00:00,5,3,3,1
IMG_001433,images/IMG_001433.png,2023-06-04 01:00:00,0,0,0,0
IMG_001434,images/IMG_001434.jpg,2023-11-16 07:00:00,5,0,2,0
IMG_001435,images/IMG_001435.jpg,2023-09-29 16:00:00,4,0,0,0
IMG_001436,images/IMG_001436.jpg,2023-11-16 08:00:00,5,0,2,0
IMG_001437,images/IMG_001437.jpg,2023-07-30 18:00:00,2,2,0,1
IMG_001438,images/IMG_001438.png,2023-06-04 02:00:00,0,0,0,0
IMG_001439,images/IMG_001439.jpg,2023-09-29 17:00:00,4,0,0,0
IMG_001440,images/IMG_001440.jpg,2023-11-16 09:00:00,5,0,2,0
IMG_001441,images/IMG_001441.jpg,2023-11-16 10:00:00,5,0,2,0
IMG_001442,images/IMG_001442.png,2023-07-30 19:00:00,2,2,0,1
IMG_001443,images/IMG_001443.png,2023-08-30 01:00:00,3,2,0,1
IMG_001444,images/IMG_001444.jpg,2023-11-16 11:00:00,5,0,2,0
IMG_001445,images/IMG_001445.png,2023-11-16 12:00:00,5,1,1,1
IMG_001446,images/IMG_001446.jpg,2023-09-29 18:00:00,4,0,0,0
IMG_001447,images/IMG_001447.png,2023-11-16 13:00:00,5,3,3,1
IMG_001448,images/IMG_001448.png,2023-07-30 20:00:00,2,0,0,0
IMG_001449,images/IMG_001449.png,2023-08-30 02:00:00,3,2,0,1
IMG_001450,images/IMG_001450.jpg,2023-09-29 19:00:00,4,0,0,0
IMG_001451,images/IMG_001451.jpg,2023-07-30 21:00:00,2,0,0,0
IMG_001452,images/IMG_001452.png,2023-07-30 22:00:00,2,1,0,1
IMG_001453,images/IMG_001453.png,2023-11-16 14:00:00,5,0,2,0
IMG_001454,images/IMG_001454.png,2023-06-26 15:00:00,1,1,0,1
IMG_001455,images/IMG_001455.png,2023-11-16 15:00:00,5,0,2,0
IMG_001456,images/IMG_001456.jpg,2023-11-16 16:00:00,5,0,2,0
IMG_001457,images/IMG_001457.png,2023-11-16 17:00:00,5,3,3,1
IMG_001458,images/IMG_001458.jpg,2023-11-16 18:00:00,5,0,2,0
IMG_001459,images/IMG_001459.jpg,2023-07-30 23:00:00,2,2,0,1
IMG_001460,images/IMG_001460.png,2023-08-30 03:00:00,3,1,0,1
IMG_001461,images/IMG_001461.jpg,2023-09-29 20:00:00,4,0,0,0
IMG_001462,images/IMG_001462.jpg,2023-11-16 19:00:00,5,0,2,0
IMG_001463,images/IMG_001463.png,2023-11-16 20:00:00,5,0,2,0
IMG_001464,images/IMG_001464.png,2023-11-16 21:00:00,5,1,1,1
IMG_001465,images/IMG_001465.jpg,2023-08-30 04:00:00,3,2,0,1
IMG_001466,images/IMG_001466.png,2023-07-31 00:00:00,2,1,0,1
IMG_001467,images/IMG_001467.jpg,2023-11-16 22:00:00,5,0,2,0
IMG_001468,images/IMG_001468.png,2023-11-16 23:00:00,5,0,2,0
IMG_001469,images/IMG_001469.jpg,2023-09-29 21:00:00,4,0,0,0
IMG_001470,images/IMG_001470.jpg,2023-07-31 01:00:00,2,2,0,1
IMG_001471,images/IMG_001471.jpg,2023-11-17 00:00:00,5,0,2,0
IMG_001472,images/IMG_001472.jpg,2023-09-29 22:00:00,4,0,0,0
IMG_001473,images/IMG_001473.jpg,2023-09-29 23:00:00,4,0,0,0
IMG_001474,images/IMG_001474.jpg,2023-09-30 00:00:00,4,0,0,0
IMG_001475,images/IMG_001475.png,2023-11-17 01:00:00,5,0,2,0
IMG_001476,images/IMG_001476.jpg,2023-07-31 02:00:00,2,2,0,1
IMG_001477,images/IMG_001477.jpg,2023-09-30 01:00:00,4,0,0,0
IMG_001478,images/IMG_001478.png,2023-11-17 02:00:00,5,0,2,0
IMG_001479,images/IMG_001479.png,2023-06-26 16:00:00,1,1,0,1
IMG_001480,images/IMG_001480.jpg,2023-09-30 02:00:00,4,0,0,0
IMG_001481,images/IMG_001481.jpg,2023-11-17 03:00:00,5,0,2,0
IMG_001482,images/IMG_001482.jpg,2023-08-30 05:00:00,3,2,0,1
IMG_001483,images/IMG_001483.jpg,2023-11-17 04:00:00,5,0,2,0
IMG_001484,images/IMG_001484.png,2023-08-30 06:00:00,3,0,0,0
IMG_001485,images/IMG_001485.png,2023-07-31 03:00:00,2,2,0,1
IMG_001486,images/IMG_001486.png,2023-06-26 17:00:00,1,0,0,0
IMG_001487,images/IMG_001487.png,2023-08-30 07:00:00,3,0,0,0
IMG_001488,images/IMG_001488.jpg,2023-09-30 03:00:00,4,0,0,0
IMG_001489,images/IMG_001489.png,2023-08-30 08:00:00,3,0,0,0
IMG_001490,images/IMG_001490.jpg,2023-11-17 05:00:00,5,0,2,0
IMG_001491,images/IMG_001491.png,2023-11-17 06:00:00,5,1,1,1
IMG_001492,images/IMG_001492.png,2023-08-30 09:00:00,3,0,0,0
IMG_001493,images/IMG_001493.png,2023-11-17 07:00:00,5,1,1,1
IMG_001494,images/IMG_001494.png,2023-08-30 10:00:00,3,0,0,0
IMG_001495,images/IMG_001495.png,2023-07-31 04:00:00,2,2,0,1
IMG_001496,images/IMG_001496.jpg,2023-07-31 05:00:00,2,0,0,0
IMG_001497,images/IMG_001497.jpg,2023-06-04 03:00:00,0,0,0,0
IMG_001498,images/IMG_001498.png,2023-11-17 08:00:00,5,1,1,1
IMG_001499,images/IMG_001499.png,2023-08-30 11:00:00,3,2,0,1
IMG_001500,images/IMG_001500.png,2023-11-17 09:00:00,5,3,3,1
IMG_001501,images/IMG_001501.jpg,2023-09-30 04:00:00,4,0,0,0
IMG_001502,images/IMG_001502.jpg,2023-11-17 10:00:00,5,0,2,0
IMG_001503,images/IMG_001503.jpg,2023-11-17 11:00:00,5,0,2,0
IMG_001504,images/IMG_001504.png,2023-07-31 06:00:00,2,1,0,1
IMG_001505,images/IMG_001505.jpg,2023-09-30 05:00:00,4,0,0,0
IMG_001506,images/IMG_001506.jpg,2023-09-30 06:00:00,4,0,0,0
IMG_001507,images/IMG_001507.jpg,2023-09-30 07:00:00,4,0,0,0
IMG_001508,images/IMG_001508.jpg,2023-11-17 12:00:00,5,0,2,0
IMG_001509,images/IMG_001509.png,2023-08-30 12:00:00,3,2,0,1
IMG_001510,images/IMG_001510.png,2023-08-30 13:00:00,3,0,0,0
IMG_001511,images/IMG_001511.jpg,2023-07-31 07:00:00,2,2,0,1
IMG_001512,images/IMG_001512.jpg,2023-11-17 13:00:00,5,0,2,0
IMG_001513,images/IMG_001513.jpg,2023-11-17 14:00:00,5,0,2,0
IMG_001514,images/IMG_001514.png,2023-08-30 14:00:00,3,1,0,1
IMG_001515,images/IMG_001515.jpg,2023-08-30 15:00:00,3,2,0,1
IMG_001516,images/IMG_001516.png,2023-08-30 16:00:00,3,2,0,1
IMG_001517,images/IMG_001517.jpg,2023-08-30 17:00:00,3,0,0,0
IMG_001518,images/IMG_001518.jpg,2023-11-17 15:00:00,5,0,2,0
IMG_001519,images/IMG_001519.png,2023-11-17 16:00:00,5,0,2,0
IMG_001520,images/IMG_001520.jpg,2023-09-30 08:00:00,4,0,0,0
IMG_001521,images/IMG_001521.png,2023-11-17 17:00:00,5,3,3,1
IMG_001522,images/IMG_001522.jpg,2023-07-31 08:00:00,2,2,0,1
IMG_001523,images/IMG_001523.png,2023-06-26 18:00:00,1,1,0,1
IMG_001524,images/IMG_001524.jpg,2023-11-17 18:00:00,5,0,2,0
IMG_001525,images/IMG_001525.jpg,2023-09-30 09:00:00,4,0,0,0
IMG_001526,images/IMG_001526.jpg,2023-09-30 10:00:00,4,0,0,0
IMG_001527,images/IMG_001527.jpg,2023-09-30 11:00:00,4,0,0,0
IMG_001528,images/IMG_001528.jpg,2023-07-31 09:00:00,2,2,0,1
IMG_001529,images/IMG_001529.png,2023-08-30 18:00:00,3,0,0,0
IMG_001530,images/IMG_001530.jpg,2023-09-30 12:00:00,4,0,0,0
IMG_001531,images/IMG_001531.jpg,2023-09-30 13:00:00,4,0,0,0
IMG_001532,images/IMG_001532.png,2023-08-30 19:00:00,3,2,0,1
IMG_001533,images/IMG_001533.jpg,2023-11-17 19:00:00,5,0,2,0
IMG_001534,images/IMG_001534.jpg,2023-07-31 10:00:00,2,2,0,1
IMG_001535,images/IMG_001535.jpg,2023-08-30 20:00:00,3,2,0,1
IMG_001536,images/IMG_001536.png,2023-11-17 20:00:00,5,3,3,1
IMG_001537,images/IMG_001537.png,2023-07-31 11:00:00,2,2,0,1
IMG_001538,images/IMG_001538.jpg,2023-07-31 12:00:00,2,2,0,1
IMG_001539,images/IMG_001539.png,2023-11-17 21:00:00,5,0,2,0
IMG_001540,images/IMG_001540.jpg,2023-08-30 21:00:00,3,2,0,1
IMG_001541,images/IMG_001541.jpg,2023-09-30 14:00:00,4,0,0,0
IMG_001542,images/IMG_001542.jpg,2023-09-30 15:00:00,4,0,0,0
IMG_001543,images/IMG_001543.jpg,2023-08-30 22:00:00,3,2,0,1
IMG_001544,images/IMG_001544.png,2023-08-30 23:00:00,3,1,0,1
IMG_001545,images/IMG_001545.png,2023-06-26 19:00:00,1,1,0,1
IMG_001546,images/IMG_001546.jpg,2023-08-31 00:00:00,3,2,0,1
IMG_001547,images/IMG_001547.jpg,2023-11-17 22:00:00,5,0,2,0
IMG_001548,images/IMG_001548.png,2023-07-31 13:00:00,2,0,0,0
IMG_001549,images/IMG_001549.jpg,2023-09-30 16:00:00,4,0,0,0
IMG_001550,images/IMG_001550.jpg,2023-09-30 17:00:00,4,0,0,0
IMG_001551,images/IMG_001551.png,2023-11-17 23:00:00,5,3,3,1
IMG_001552,images/IMG_001552.png,2023-08-31 01:00:00,3,0,0,0
IMG_001553,images/IMG_001553.png,2023-11-18 00:00:00,5,1,1,1
IMG_001554,images/IMG_001554.jpg,2023-09-30 18:00:00,4,0,0,0
IMG_001555,images/IMG_001555.png,2023-06-26 20:00:00,1,0,0,0
IMG_001556,images/IMG_001556.png,2023-07-31 14:00:00,2,2,0,1
IMG_001557,images/IMG_001557.jpg,2023-11-18 01:00:00,5,0,2,0
IMG_001558,images/IMG_001558.jpg,2023-09-30 19:00:00,4,0,0,0
IMG_001559,images/IMG_001559.jpg,2023-07-31 15:00:00,2,2,0,1
IMG_001560,images/IMG_001560.jpg,2023-09-30 20:00:00,4,0,0,0
IMG_001561,images/IMG_001561.png,2023-06-26 21:00:00,1,1,0,1
IMG_001562,images/IMG_001562.jpg,2023-09-30 21:00:00,4,0,0,0
IMG_001563,images/IMG_001563.jpg,2023-09-30 22:00:00,4,0,0,0
IMG_001564,images/IMG_001564.jpg,2023-11-18 02:00:00,5,0,2,0
IMG_001565,images/IMG_001565.png,2023-08-31 02:00:00,3,2,0,1
IMG_001566,images/IMG_001566.jpg,2023-08-31 03:00:00,3,2,0,1
IMG_001567,images/IMG_001567.jpg,2023-11-18 03:00:00,5,0,2,0
IMG_001568,images/IMG_001568.png,2023-11-18 04:00:00,5,3,3,1
IMG_001569,images/IMG_001569.jpg,2023-11-18 05:00:00,5,0,2,0
IMG_001570,images/IMG_001570.jpg,2023-08-31 04:00:00,3,2,0,1
IMG_001571,images/IMG_001571.jpg,2023-09-30 23:00:00,4,0,0,0
IMG_001572,images/IMG_001572.png,2023-07-31 16:00:00,2,0,0,0
IMG_001573,images/IMG_001573.jpg,2023-11-18 06:00:00,5,0,2,0
IMG_001574,images/IMG_001574.jpg,2023-10-01 00:00:00,4,0,0,0
IMG_001575,images/IMG_001575.jpg,2023-11-18 07:00:00,5,0,2,0
IMG_001576,images/IMG_001576.png,2023-08-31 05:00:00,3,0,0,0
IMG_001577,images/IMG_001577.png,2023-11-18 08:00:00,5,0,2,0
IMG_001578,images/IMG_001578.png,2023-07-31 17:00:00,2,2,0,1
IMG_001579,images/IMG_001579.png,2023-08-31 06:00:00,3,2,0,1
IMG_001580,images/IMG_001580.png,2023-11-18 09:00:00,5,0,2,0
IMG_001581,images/IMG_001581.jpg,2023-07-31 18:00:00,2,2,0,1
IMG_001582,images/IMG_001582.png,2023-07-31 19:00:00,2,1,0,1
IMG_001583,images/IMG_001583.png,2023-11-18 10:00:00,5,0,2,0
IMG_001584,images/IMG_001584.png,2023-07-31 20:00:00,2,2,0,1
IMG_001585,images/IMG_001585.png,2023-07-31 21:00:00,2,2,0,1
IMG_001586,images/IMG_001586.png,2023-08-31 07:00:00,3,1,0,1
IMG_001587,images/IMG_001587.png,2023-11-18 11:00:00,5,0,2,0
IMG_001588,images/IMG_001588.png,2023-07-31 22:00:00,2,0,0,0
IMG_001589,images/IMG_001589.png,2023-11-18 12:00:00,5,1,1,1
IMG_001590,images/IMG_001590.jpg,2023-11-18 13:00:00,5,0,2,0
IMG_001591,images/IMG_001591.jpg,2023-08-31 08:00:00,3,2,0,1
IMG_001592,images/IMG_001592.jpg,2023-08-31 09:00:00,3,2,0,1
IMG_001593,images/IMG_001593.jpg,2023-10-01 01:00:00,4,0,0,0
IMG_001594,images/IMG_001594.png,2023-11-18 14:00:00,5,3,3,1
IMG_001595,images/IMG_001595.jpg,2023-10-01 02:00:00,4,0,0,0
IMG_001596,images/IMG_001596.jpg,2023-10-01 03:00:00,4,0,0,0
IMG_001597,images/IMG_001597.png,2023-08-31 10:00:00,3,1,0,1
IMG_001598,images/IMG_001598.png,2023-11-18 15:00:00,5,0,2,0
IMG_001599,images/IMG_001599.png,2023-11-18 16:00:00,5,3,3,1
IMG_001600,images/IMG_001600.png,2023-11-18 17:00:00,5,1,1,1
IMG_001601,images/IMG_001601.jpg,2023-11-18 18:00:00,5,0,2,0
IMG_001602,images/IMG_001602.png,2023-07-31 23:00:00,2,2,0,1
IMG_001603,images/IMG_001603.png,2023-11-18 19:00:00,5,3,3,1
IMG_001604,images/IMG_001604.jpg,2023-11-18 20:00:00,5,0,2,0
IMG_001605,images/IMG_001605.jpg,2023-11-18 21:00:00,5,0,2,0
IMG_001606,images/IMG_001606.png,2023-06-26 22:00:00,1,0,0,0
IMG_001607,images/IMG_001607.jpg,2023-11-18 22:00:00,5,0,2,0
IMG_001608,images/IMG_001608.jpg,2023-11-18 23:00:00,5,0,2,0
IMG_001609,images/IMG_001609.jpg,2023-08-01 00:00:00,2,0,0,0
IMG_001610,images/IMG_001610.png,2023-06-04 04:00:00,0,0,0,0
IMG_001611,images/IMG_001611.jpg,2023-11-19 00:00:00,5,0,2,0
IMG_001612,images/IMG_001612.jpg,2023-11-19 01:00:00,5,0,2,0
IMG_001613,images/IMG_001613.jpg,2023-10-01 04:00:00,4,0,0,0
IMG_001614,images/IMG_001614.png,2023-11-19 02:00:00,5,3,3,1
IMG_001615,images/IMG_001615.png,2023-08-01 01:00:00,2,2,0,1
IMG_001616,images/IMG_001616.jpg,2023-10-01 05:00:00,4,0,0,0
IMG_001617,images/IMG_001617.png,2023-08-01 02:00:00,2,1,0,1
IMG_001618,images/IMG_001618.jpg,2023-08-01 03:00:00,2,2,0,1
IMG_001619,images/IMG_001619.png,2023-11-19 03:00:00,5,0,2,0
IMG_001620,images/IMG_001620.png,2023-06-26 23:00:00,1,1,0,1
IMG_001621,images/IMG_001621.jpg,2023-10-01 06:00:00,4,0,0,0
IMG_001622,images/IMG_001622.png,2023-08-01 04:00:00,2,2,0,1
IMG_001623,images/IMG_001623.jpg,2023-10-01 07:00:00,4,0,0,0
IMG_001624,images/IMG_001624.png,2023-08-31 11:00:00,3,0,0,0
IMG_001625,images/IMG_001625.jpg,2023-08-31 12:00:00,3,2,0,1
IMG_001626,images/IMG_001626.png,2023-11-19 04:00:00,5,1,1,1
IMG_001627,images/IMG_001627.png,2023-06-27 00:00:00,1,1,0,1
IMG_001628,images/IMG_001628.jpg,2023-08-31 13:00:00,3,0,0,0
IMG_001629,images/IMG_001629.png,2023-08-01 05:00:00,2,2,0,1
IMG_001630,images/IMG_001630.png,2023-08-31 14:00:00,3,0,0,0
IMG_001631,images/IMG_001631.jpg,2023-10-01 08:00:00,4,0,0,0
IMG_001632,images/IMG_001632.png,2023-11-19 05:00:00,5,0,2,0
IMG_001633,images/IMG_001633.jpg,2023-10-01 09:00:00,4,0,0,0
IMG_001634,images/IMG_001634.jpg,2023-10-01 10:00:00,4,0,0,0
IMG_001635,images/IMG_001635.png,2023-11-19 06:00:00,5,1,1,1
IMG_001636,images/IMG_001636.jpg,2023-11-19 07:00:00,5,0,2,0
IMG_001637,images/IMG_001637.jpg,2023-10-01 11:00:00,4,0,0,0
IMG_001638,images/IMG_001638.png,2023-08-31 15:00:00,3,2,0,1
IMG_001639,images/IMG_001639.jpg,2023-08-31 16:00:00,3,2,0,1
IMG_001640,images/IMG_001640.png,2023-11-19 08:00:00,5,0,2,0
IMG_001641,images/IMG_001641.jpg,2023-11-19 09:00:00,5,0,2,0
IMG_001642,images/IMG_001642.png,2023-11-19 10:00:00,5,3,3,1
IMG_001643,images/IMG_001643.jpg,2023-11-19 11:00:00,5,0,2,0
IMG_001644,images/IMG_001644.png,2023-11-19 12:00:00,5,1,1,1
IMG_001645,images/IMG_001645.jpg,2023-10-01 12:00:00,4,0,0,0
IMG_001646,images/IMG_001646.png,2023-11-19 13:00:00,5,0,2,0
IMG_001647,images/IMG_001647.jpg,2023-10-01 13:00:00,4,0,0,0
IMG_001648,images/IMG_001648.png,2023-11-19 14:00:00,5,1,1,1
IMG_001649,images/IMG_001649.jpg,2023-08-31 17:00:00,3,2,0,1
IMG_001650,images/IMG_001650.png,2023-08-31 18:00:00,3,2,0,1
IMG_001651,images/IMG_001651.png,2023-11-19 15:00:00,5,0,2,0
IMG_001652,images/IMG_001652.jpg,2023-11-19 16:00:00,5,0,2,0
IMG_001653,images/IMG_001653.png,2023-08-01 06:00:00,2,2,0,1
IMG_001654,images/IMG_001654.png,2023-11-19 17:00:00,5,1,1,1
IMG_001655,images/IMG_001655.jpg,2023-10-01 14:00:00,4,0,0,0
IMG_001656,images/IMG_001656.png,2023-08-31 19:00:00,3,2,0,1
IMG_001657,images/IMG_001657.png,2023-08-01 07:00:00,2,0,0,0
IMG_001658,images/IMG_001658.jpg,2023-11-19 18:00:00,5,0,2,0
IMG_001659,images/IMG_001659.png,2023-08-31 20:00:00,3,1,0,1
IMG_001660,images/IMG_001660.jpg,2023-11-19 19:00:00,5,0,2,0
IMG_001661,images/IMG_001661.png,2023-08-01 08:00:00,2,2,0,1
IMG_001662,images/IMG_001662.jpg,2023-11-19 20:00:00,5,0,2,0
IMG_001663,images/IMG_001663.jpg,2023-11-19 21:00:00,5,0,2,0
IMG_001664,images/IMG_001664.jpg,2023-08-01 09:00:00,2,0,0,0
IMG_001665,images/IMG_001665.png,2023-11-19 22:00:00,5,3,3,1
IMG_001666,images/IMG_001666.jpg,2023-08-01 10:00:00,2,2,0,1
IMG_001667,images/IMG_001667.png,2023-11-19 23:00:00,5,1,1,1
IMG_001668,images/IMG_001668.jpg,2023-06-04 05:00:00,0,0,0,0
IMG_001669,images/IMG_001669.jpg,2023-11-20 00:00:00,5,0,2,0
IMG_001670,images/IMG_001670.jpg,2023-11-20 01:00:00,5,0,2,0
IMG_001671,images/IMG_001671.png,2023-11-20 02:00:00,5,0,2,0
IMG_001672,images/IMG_001672.jpg,2023-08-01 11:00:00,2,0,0,0
IMG_001673,images/IMG_001673.jpg,2023-11-20 03:00:00,5,0,2,0
IMG_001674,images/IMG_001674.jpg,2023-10-01 15:00:00,4,0,0,0
IMG_001675,images/IMG_001675.png,2023-06-27 01:00:00,1,1,0,1
IMG_001676,images/IMG_001676.png,2023-11-20 04:00:00,5,0,2,0
IMG_001677,images/IMG_001677.jpg,2023-08-01 12:00:00,2,2,0,1
IMG_001678,images/IMG_001678.jpg,2023-08-31 21:00:00,3,0,0,0
IMG_001679,images/IMG_001679.jpg,2023-11-20 05:00:00,5,0,2,0
IMG_001680,images/IMG_001680.jpg,2023-10-01 16:00:00,4,0,0,0
IMG_001681,images/IMG_001681.png,2023-11-20 06:00:00,5,0,2,0
IMG_001682,images/IMG_001682.png,2023-11-20 07:00:00,5,0,2,0
IMG_001683,images/IMG_001683.png,2023-08-01 13:00:00,2,1,0,1
IMG_001684,images/IMG_001684.png,2023-08-31 22:00:00,3,1,0,1
IMG_001685,images/IMG_001685.png,2023-11-20 08:00:00,5,1,1,1
IMG_001686,images/IMG_001686.png,2023-11-20 09:00:00,5,0,2,0
IMG_001687,images/IMG_001687.jpg,2023-11-20 10:00:00,5,0,2,0
IMG_001688,images/IMG_001688.jpg,2023-10-01 17:00:00,4,0,0,0
IMG_001689,images/IMG_001689.png,2023-08-01 14:00:00,2,2,0,1
IMG_001690,images/IMG_001690.jpg,2023-11-20 11:00:00,5,0,2,0
IMG_001691,images/IMG_001691.png,2023-08-31 23:00:00,3,1,0,1
IMG_001692,images/IMG_001692.jpg,2023-09-01 00:00:00,3,2,0,1
IMG_001693,images/IMG_001693.jpg,2023-10-01 18:00:00,4,0,0,0
IMG_001694,images/IMG_001694.jpg,2023-11-20 12:00:00,5,0,2,0
IMG_001695,images/IMG_001695.png,2023-11-20 13:00:00,5,1,1,1
IMG_001696,images/IMG_001696.jpg,2023-11-20 14:00:00,5,0,2,0
IMG_001697,images/IMG_001697.jpg,2023-09-01 01:00:00,3,2,0,1
IMG_001698,images/IMG_001698.jpg,2023-10-01 19:00:00,4,0,0,0
IMG_001699,images/IMG_001699.png,2023-09-01 02:00:00,3,1,0,1
IMG_001700,images/IMG_001700.jpg,2023-08-01 15:00:00,2,2,0,1
IMG_001701,images/IMG_001701.png,2023-11-20 15:00:00,5,1,1,1
IMG_001702,images/IMG_001702.jpg,2023-09-01 03:00:00,3,0,0,0
IMG_001703,images/IMG_001703.jpg,2023-09-01 04:00:00,3,2,0,1
IMG_001704,images/IMG_001704.jpg,2023-11-20 16:00:00,5,0,2,0
IMG_001705,images/IMG_001705.png,2023-11-20 17:00:00,5,1,1,1
IMG_001706,images/IMG_001706.jpg,2023-08-01 16:00:00,2,2,0,1
IMG_001707,images/IMG_001707.png,2023-08-01 17:00:00,2,0,0,0
IMG_001708,images/IMG_001708.jpg,2023-10-01 20:00:00,4,0,0,0
IMG_001709,images/IMG_001709.jpg,2023-10-01 21:00:00,4,0,0,0
IMG_001710,images/IMG_001710.png,2023-11-20 18:00:00,5,3,3,1
IMG_001711,images/IMG_001711.jpg,2023-11-20 19:00:00,5,0,2,0
IMG_001712,images/IMG_001712.png,2023-11-20 20:00:00,5,1,1,1
IMG_001713,images/IMG_001713.png,2023-11-20 21:00:00,5,1,1,1
IMG_001714,images/IMG_001714.png,2023-09-01 05:00:00,3,2,0,1
IMG_001715,images/IMG_001715.jpg,2023-10-01 22:00:00,4,0,0,0
IMG_001716,images/IMG_001716.jpg,2023-10-01 23:00:00,4,0,0,0
IMG_001717,images/IMG_001717.png,2023-11-20 22:00:00,5,3,3,1
IMG_001718,images/IMG_001718.jpg,2023-09-01 06:00:00,3,2,0,1
IMG_001719,images/IMG_001719.jpg,2023-09-01 07:00:00,3,2,0,1
IMG_001720,images/IMG_001720.jpg,2023-11-20 23:00:00,5,0,2,0
IMG_001721,images/IMG_001721.png,2023-08-03 10:00:00,2,2,0,1
IMG_001722,images/IMG_001722.png,2023-09-01 08:00:00,3,1,0,1
IMG_001723,images/IMG_001723.png,2023-06-27 02:00:00,1,0,0,0
IMG_001724,images/IMG_001724.jpg,2023-11-21 00:00:00,5,0,2,0
IMG_001725,images/IMG_001725.jpg,2023-08-03 11:00:00,2,2,0,1
IMG_001726,images/IMG_001726.png,2023-11-21 01:00:00,5,3,3,1
IMG_001727,images/IMG_001727.jpg,2023-10-02 00:00:00,4,0,0,0
IMG_001728,images/IMG_001728.jpg,2023-10-02 01:00:00,4,0,0,0
IMG_001729,images/IMG_001729.png,2023-06-04 06:00:00,0,0,0,0
IMG_001730,images/IMG_001730.png,2023-11-21 02:00:00,5,1,1,1
IMG_001731,images/IMG_001731.jpg,2023-11-21 03:00:00,5,0,2,0
IMG_001732,images/IMG_001732.png,2023-11-21 04:00:00,5,3,3,1
IMG_001733,images/IMG_001733.jpg,2023-10-02 02:00:00,4,0,0,0
IMG_001734,images/IMG_001734.png,2023-11-21 05:00:00,5,0,2,0
IMG_001735,images/IMG_001735.png,2023-08-03 12:00:00,2,1,0,1
IMG_001736,images/IMG_001736.jpg,2023-10-02 03:00:00,4,0,0,0
IMG_001737,images/IMG_001737.jpg,2023-09-01 09:00:00,3,2,0,1
IMG_001738,images/IMG_001738.png,2023-08-03 13:00:00,2,0,0,0
IMG_001739,images/IMG_001739.png,2023-09-01 10:00:00,3,2,0,1
IMG_001740,images/IMG_001740.png,2023-06-27 03:00:00,1,0,0,0
IMG_001741,images/IMG_001741.jpg,2023-09-01 11:00:00,3,2,0,1
IMG_001742,images/IMG_001742.jpg,2023-11-21 06:00:00,5,0,2,0
IMG_001743,images/IMG_001743.jpg,2023-08-03 14:00:00,2,2,0,1
IMG_001744,images/IMG_001744.jpg,2023-10-02 04:00:00,4,0,0,0
IMG_001745,images/IMG_001745.jpg,2023-11-21 07:00:00,5,0,2,0
IMG_001746,images/IMG_001746.jpg,2023-11-21 08:00:00,5,0,2,0
IMG_001747,images/IMG_001747.jpg,2023-11-21 09:00:00,5,0,2,0
IMG_001748,images/IMG_001748.png,2023-06-04 07:00:00,0,0,0,0
IMG_001749,images/IMG_001749.png,2023-06-04 08:00:00,0,0,0,0
IMG_001750,images/IMG_001750.png,2023-06-27 04:00:00,1,0,0,0
IMG_001751,images/IMG_001751.png,2023-09-01 12:00:00,3,0,0,0
IMG_001752,images/IMG_001752.png,2023-11-21 10:00:00,5,3,3,1
IMG_001753,images/IMG_001753.png,2023-09-01 13:00:00,3,0,0,0
IMG_001754,images/IMG_001754.png,2023-11-21 11:00:00,5,0,2,0
IMG_001755,images/IMG_001755.png,2023-11-21 12:00:00,5,0,2,0
IMG_001756,images/IMG_001756.jpg,2023-08-03 15:00:00,2,2,0,1
IMG_001757,images/IMG_001757.png,2023-11-21 13:00:00,5,0,2,0
IMG_001758,images/IMG_001758.jpg,2023-11-21 14:00:00,5,0,2,0
IMG_001759,images/IMG_001759.jpg,2023-10-02 05:00:00,4,0,0,0
IMG_001760,images/IMG_001760.png,2023-06-04 09:00:00,0,0,0,0
IMG_001761,images/IMG_001761.png,2023-08-03 16:00:00,2,2,0,1
IMG_001762,images/IMG_001762.png,2023-08-03 17:00:00,2,2,0,1
IMG_001763,images/IMG_001763.png,2023-09-01 14:00:00,3,2,0,1
IMG_001764,images/IMG_001764.jpg,2023-08-03 18:00:00,2,2,0,1
IMG_001765,images/IMG_001765.png,2023-08-03 19:00:00,2,0,0,0
IMG_001766,images/IMG_001766.png,2023-11-21 15:00:00,5,1,1,1
IMG_001767,images/IMG_001767.png,2023-11-21 16:00:00,5,1,1,1
IMG_001768,images/IMG_001768.jpg,2023-08-03 20:00:00,2,2,0,1
IMG_001769,images/IMG_001769.png,2023-11-21 17:00:00,5,0,2,0
IMG_001770,images/IMG_001770.jpg,2023-11-21 18:00:00,5,0,2,0
IMG_001771,images/IMG_001771.jpg,2023-11-21 19:00:00,5,0,2,0
IMG_001772,images/IMG_001772.png,2023-06-27 05:00:00,1,1,0,1
IMG_001773,images/IMG_001773.jpg,2023-11-21 20:00:00,5,0,2,0
IMG_001774,images/IMG_001774.jpg,2023-06-27 06:00:00,1,0,0,0
IMG_001775,images/IMG_001775.jpg,2023-11-21 21:00:00,5,0,2,0
IMG_001776,images/IMG_001776.jpg,2023-08-03 21:00:00,2,2,0,1
IMG_001777,images/IMG_001777.png,2023-09-01 15:00:00,3,1,0,1
IMG_001778,images/IMG_001778.png,2023-11-21 22:00:00,5,0,2,0
IMG_001779,images/IMG_001779.jpg,2023-09-01 16:00:00,3,2,0,1
IMG_001780,images/IMG_001780.png,2023-09-01 17:00:00,3,1,0,1
IMG_001781,images/IMG_001781.jpg,2023-11-21 23:00:00,5,0,2,0
IMG_001782,images/IMG_001782.png,2023-08-03 22:00:00,2,1,0,1
IMG_001783,images/IMG_001783.jpg,2023-11-22 00:00:00,5,0,2,0
IMG_001784,images/IMG_001784.png,2023-11-22 01:00:00,5,3,3,1
IMG_001785,images/IMG_001785.jpg,2023-11-22 02:00:00,5,0,2,0
IMG_001786,images/IMG_001786.png,2023-11-22 03:00:00,5,1,1,1
IMG_001787,images/IMG_001787.png,2023-11-22 04:00:00,5,0,2,0
IMG_001788,images/IMG_001788.jpg,2023-11-22 05:00:00,5,0,2,0
IMG_001789,images/IMG_001789.jpg,2023-10-02 06:00:00,4,0,0,0
IMG_001790,images/IMG_001790.png,2023-11-22 06:00:00,5,3,3,1
IMG_001791,images/IMG_001791.png,2023-06-27 07:00:00,1,0,0,0
IMG_001792,images/IMG_001792.png,2023-09-01 18:00:00,3,2,0,1
IMG_001793,images/IMG_001793.png,2023-09-01 19:00:00,3,2,0,1
IMG_001794,images/IMG_001794.png,2023-08-03 23:00:00,2,2,0,1
IMG_001795,images/IMG_001795.jpg,2023-10-02 07:00:00,4,0,0,0
IMG_001796,images/IMG_001796.png,2023-06-04 10:00:00,0,0,0,0
IMG_001797,images/IMG_001797.png,2023-08-04 00:00:00,2,2,0,1
IMG_001798,images/IMG_001798.jpg,2023-11-22 07:00:00,5,0,2,0
IMG_001799,images/IMG_001799.jpg,2023-11-22 08:00:00,5,0,2,0
IMG_001800,images/IMG_001800.jpg,2023-11-22 09:00:00,5,0,2,0
IMG_001801,images/IMG_001801.jpg,2023-10-02 08:00:00,4,0,0,0
IMG_001802,images/IMG_001802.jpg,2023-10-02 09:00:00,4,0,0,0
IMG_001803,images/IMG_001803.png,2023-08-04 01:00:00,2,1,0,1
IMG_001804,images/IMG_001804.jpg,2023-09-01 20:00:00,3,2,0,1
IMG_001805,images/IMG_001805.jpg,2023-11-22 10:00:00,5,0,2,0
IMG_001806,images/IMG_001806.jpg,2023-11-22 11:00:00,5,0,2,0
IMG_001807,images/IMG_001807.jpg,2023-10-02 10:00:00,4,0,0,0
IMG_001808,images/IMG_001808.jpg,2023-10-02 11:00:00,4,0,0,0
IMG_001809,images/IMG_001809.jpg,2023-10-02 12:00:00,4,0,0,0
IMG_001810,images/IMG_001810.jpg,2023-11-22 12:00:00,5,0,2,0
IMG_001811,images/IMG_001811.jpg,2023-08-04 02:00:00,2,2,0,1
IMG_001812,images/IMG_001812.png,2023-11-22 13:00:00,5,0,2,0
IMG_001813,images/IMG_001813.png,2023-09-01 21:00:00,3,2,0,1
IMG_001814,images/IMG_001814.png,2023-11-22 14:00:00,5,1,1,1
IMG_001815,images/IMG_001815.png,2023-06-04 11:00:00,0,0,0,0
IMG_001816,images/IMG_001816.jpg,2023-08-04 03:00:00,2,2,0,1
IMG_001817,images/IMG_001817.jpg,2023-10-02 13:00:00,4,0,0,0
IMG_001818,images/IMG_001818.jpg,2023-10-02 14:00:00,4,0,0,0
IMG_001819,images/IMG_001819.png,2023-11-22 15:00:00,5,1,1,1
IMG_001820,images/IMG_001820.jpg,2023-06-04 12:00:00,0,0,0,0
IMG_001821,images/IMG_001821.jpg,2023-10-02 15:00:00,4,0,0,0
IMG_001822,images/IMG_001822.jpg,2023-11-22 16:00:00,5,0,2,0
IMG_001823,images/IMG_001823.png,2023-11-22 17:00:00,5,3,3,1
IMG_001824,images/IMG_001824.png,2023-06-04 13:00:00,0,0,0,0
IMG_001825,images/IMG_001825.jpg,2023-10-02 16:00:00,4,0,0,0
IMG_001826,images/IMG_001826.png,2023-11-22 18:00:00,5,0,2,0
IMG_001827,images/IMG_001827.png,2023-11-22 19:00:00,5,3,3,1
IMG_001828,images/IMG_001828.png,2023-09-01 22:00:00,3,0,0,0
IMG_001829,images/IMG_001829.jpg,2023-10-02 17:00:00,4,0,0,0
IMG_001830,images/IMG_001830.jpg,2023-10-02 18:00:00,4,0,0,0
IMG_001831,images/IMG_001831.jpg,2023-10-02 19:00:00,4,0,0,0
IMG_001832,images/IMG_001832.png,2023-08-04 04:00:00,2,2,0,1
IMG_001833,images/IMG_001833.png,2023-11-22 20:00:00,5,3,3,1
IMG_001834,images/IMG_001834.png,2023-11-22 21:00:00,5,3,3,1
IMG_001835,images/IMG_001835.png,2023-08-04 05:00:00,2,2,0,1
IMG_001836,images/IMG_001836.png,2023-09-01 23:00:00,3,0,0,0
IMG_001837,images/IMG_001837.jpg,2023-09-02 00:00:00,3,2,0,1
IMG_001838,images/IMG_001838.jpg,2023-10-02 20:00:00,4,0,0,0
IMG_001839,images/IMG_001839.jpg,2023-11-22 22:00:00,5,0,2,0
IMG_001840,images/IMG_001840.png,2023-08-04 06:00:00,2,1,0,1
IMG_001841,images/IMG_001841.jpg,2023-06-27 08:00:00,1,0,0,0
IMG_001842,images/IMG_001842.png,2023-08-04 07:00:00,2,2,0,1
IMG_001843,images/IMG_001843.png,2023-11-22 23:00:00,5,1,1,1
IMG_001844,images/IMG_001844.jpg,2023-10-02 21:00:00,4,0,0,0
IMG_001845,images/IMG_001845.png,2023-11-23 00:00:00,5,1,1,1
IMG_001846,images/IMG_001846.png,2023-11-23 01:00:00,5,3,3,1
IMG_001847,images/IMG_001847.jpg,2023-10-02 22:00:00,4,0,0,0
IMG_001848,images/IMG_001848.png,2023-08-04 08:00:00,2,2,0,1
IMG_001849,images/IMG_001849.png,2023-08-04 09:00:00,2,2,0,1
IMG_001850,images/IMG_001850.jpg,2023-10-02 23:00:00,4,0,0,0
IMG_001851,images/IMG_001851.png,2023-11-23 02:00:00,5,3,3,1
IMG_001852,images/IMG_001852.png,2023-08-04 10:00:00,2,2,0,1
IMG_001853,images/IMG_001853.png,2023-08-04 11:00:00,2,2,0,1
IMG_001854,images/IMG_001854.png,2023-06-27 09:00:00,1,1,0,1
IMG_001855,images/IMG_001855.jpg,2023-11-23 03:00:00,5,0,2,0
IMG_001856,images/IMG_001856.jpg,2023-10-03 00:00:00,4,0,0,0
IMG_001857,images/IMG_001857.jpg,2023-11-23 04:00:00,5,0,2,0
IMG_001858,images/IMG_001858.jpg,2023-10-03 01:00:00,4,0,0,0
IMG_001859,images/IMG_001859.png,2023-09-02 01:00:00,3,2,0,1
IMG_001860,images/IMG_001860.jpg,2023-08-04 12:00:00,2,0,0,0
IMG_001861,images/IMG_001861.jpg,2023-10-03 02:00:00,4,0,0,0
IMG_001862,images/IMG_001862.png,2023-11-23 05:00:00,5,3,3,1
IMG_001863,images/IMG_001863.jpg,2023-08-04 13:00:00,2,2,0,1
IMG_001864,images/IMG_001864.jpg,2023-10-03 03:00:00,4,0,0,0
IMG_001865,images/IMG_001865.jpg,2023-10-03 04:00:00,4,0,0,0
IMG_001866,images/IMG_001866.jpg,2023-11-23 06:00:00,5,0,2,0
IMG_001867,images/IMG_001867.png,2023-11-23 07:00:00,5,0,2,0
IMG_001868,images/IMG_001868.png,2023-08-04 14:00:00,2,1,0,1
IMG_001869,images/IMG_001869.jpg,2023-09-02 02:00:00,3,2,0,1
IMG_001870,images/IMG_001870.png,2023-08-04 15:00:00,2,2,0,1
IMG_001871,images/IMG_001871.jpg,2023-10-03 05:00:00,4,0,0,0
IMG_001872,images/IMG_001872.jpg,2023-11-23 08:00:00,5,0,2,0
IMG_001873,images/IMG_001873.jpg,2023-10-03 06:00:00,4,0,0,0
IMG_001874,images/IMG_001874.jpg,2023-10-03 07:00:00,4,0,0,0
IMG_001875,images/IMG_001875.jpg,2023-10-03 08:00:00,4,0,0,0
IMG_001876,images/IMG_001876.jpg,2023-10-03 09:00:00,4,0,0,0
IMG_001877,images/IMG_001877.png,2023-11-23 09:00:00,5,3,3,1
IMG_001878,images/IMG_001878.jpg,2023-11-23 10:00:00,5,0,2,0
IMG_001879,images/IMG_001879.png,2023-11-23 11:00:00,5,0,2,0
IMG_001880,images/IMG_001880.jpg,2023-10-03 10:00:00,4,0,0,0
IMG_001881,images/IMG_001881.jpg,2023-11-23 12:00:00,5,0,2,0
IMG_001882,images/IMG_001882.jpg,2023-10-03 11:00:00,4,0,0,0
IMG_001883,images/IMG_001883.jpg,2023-11-23 13:00:00,5,0,2,0
IMG_001884,images/IMG_001884.png,2023-09-02 03:00:00,3,2,0,1
IMG_001885,images/IMG_001885.png,2023-08-04 16:00:00,2,0,0,0
IMG_001886,images/IMG_001886.jpg,2023-11-23 14:00:00,5,0,2,0
IMG_001887,images/IMG_001887.png,2023-11-23 15:00:00,5,0,2,0
IMG_001888,images/IMG_001888.jpg,2023-09-02 04:00:00,3,2,0,1
IMG_001889,images/IMG_001889.png,2023-08-04 17:00:00,2,2,0,1
IMG_001890,images/IMG_001890.png,2023-11-23 16:00:00,5,0,2,0
IMG_001891,images/IMG_001891.png,2023-11-23 17:00:00,5,0,2,0
IMG_001892,images/IMG_001892.jpg,2023-08-04 18:00:00,2,2,0,1
IMG_001893,images/IMG_001893.jpg,2023-11-23 18:00:00,5,0,2,0
IMG_001894,images/IMG_001894.png,2023-09-02 05:00:00,3,2,0,1
IMG_001895,images/IMG_001895.png,2023-11-23 19:00:00,5,0,2,0
IMG_001896,images/IMG_001896.png,2023-08-04 19:00:00,2,2,0,1
IMG_001897,images/IMG_001897.jpg,2023-09-02 06:00:00,3,2,0,1
IMG_001898,images/IMG_001898.jpg,2023-08-04 20:00:00,2,2,0,1
IMG_001899,images/IMG_001899.jpg,2023-10-03 12:00:00,4,0,0,0
IMG_001900,images/IMG_001900.png,2023-11-23 20:00:00,5,0,2,0
IMG_001901,images/IMG_001901.jpg,2023-08-04 21:00:00,2,2,0,1
IMG_001902,images/IMG_001902.jpg,2023-08-04 22:00:00,2,2,0,1
IMG_001903,images/IMG_001903.png,2023-11-23 21:00:00,5,3,3,1
IMG_001904,images/IMG_001904.jpg,2023-11-23 22:00:00,5,0,2,0
IMG_001905,images/IMG_001905.png,2023-06-27 10:00:00,1,1,0,1
IMG_001906,images/IMG_001906.png,2023-08-04 23:00:00,2,1,0,1
IMG_001907,images/IMG_001907.jpg,2023-08-05 00:00:00,2,2,0,1
IMG_001908,images/IMG_001908.png,2023-11-23 23:00:00,5,0,2,0
IMG_001909,images/IMG_001909.png,2023-11-24 00:00:00,5,0,2,0
IMG_001910,images/IMG_001910.png,2023-11-24 01:00:00,5,0,2,0
IMG_001911,images/IMG_001911.jpg,2023-10-03 13:00:00,4,0,0,0
IMG_001912,images/IMG_001912.jpg,2023-10-03 14:00:00,4,0,0,0
IMG_001913,images/IMG_001913.png,2023-11-24 02:00:00,5,1,1,1
IMG_001914,images/IMG_001914.png,2023-11-24 03:00:00,5,1,1,1
IMG_001915,images/IMG_001915.png,2023-11-24 04:00:00,5,0,2,0
IMG_001916,images/IMG_001916.jpg,2023-11-24 05:00:00,5,0,2,0
IMG_001917,images/IMG_001917.jpg,2023-09-02 07:00:00,3,2,0,1
IMG_001918,images/IMG_001918.jpg,2023-09-02 08:00:00,3,2,0,1
IMG_001919,images/IMG_001919.jpg,2023-08-05 01:00:00,2,0,0,0
IMG_001920,images/IMG_001920.jpg,2023-10-03 15:00:00,4,0,0,0
IMG_001921,images/IMG_001921.png,2023-11-24 06:00:00,5,3,3,1
IMG_001922,images/IMG_001922.png,2023-09-02 09:00:00,3,0,0,0
IMG_001923,images/IMG_001923.png,2023-11-24 07:00:00,5,1,1,1
IMG_001924,images/IMG_001924.jpg,2023-09-02 10:00:00,3,2,0,1
IMG_001925,images/IMG_001925.png,2023-11-24 08:00:00,5,1,1,1
IMG_001926,images/IMG_001926.png,2023-11-24 09:00:00,5,0,2,0
IMG_001927,images/IMG_001927.png,2023-06-27 11:00:00,1,1,0,1
IMG_001928,images/IMG_001928.png,2023-11-24 10:00:00,5,0,2,0
IMG_001929,images/IMG_001929.jpg,2023-10-03 16:00:00,4,0,0,0
IMG_001930,images/IMG_001930.png,2023-06-27 12:00:00,1,1,0,1
IMG_001931,images/IMG_001931.jpg,2023-10-03 17:00:00,4,0,0,0
IMG_001932,images/IMG_001932.jpg,2023-11-24 11:00:00,5,0,2,0
IMG_001933,images/IMG_001933.png,2023-09-02 11:00:00,3,0,0,0
IMG_001934,images/IMG_001934.png,2023-06-27 13:00:00,1,1,0,1
IMG_001935,images/IMG_001935.jpg,2023-09-02 12:00:00,3,2,0,1
IMG_001936,images/IMG_001936.png,2023-11-24 12:00:00,5,3,3,1
IMG_001937,images/IMG_001937.jpg,2023-11-24 13:00:00,5,0,2,0
IMG_001938,images/IMG_001938.png,2023-11-24 14:00:00,5,3,3,1
IMG_001939,images/IMG_001939.png,2023-06-04 14:00:00,0,0,0,0
IMG_001940,images/IMG_001940.jpg,2023-10-03 18:00:00,4,0,0,0
IMG_001941,images/IMG_001941.png,2023-11-24 15:00:00,5,3,3,1
IMG_001942,images/IMG_001942.png,2023-11-24 16:00:00,5,3,3,1
IMG_001943,images/IMG_001943.png,2023-08-05 02:00:00,2,2,0,1
IMG_001944,images/IMG_001944.jpg,2023-10-03 19:00:00,4,0,0,0
IMG_001945,images/IMG_001945.jpg,2023-11-24 17:00:00,5,0,2,0
IMG_001946,images/IMG_001946.jpg,2023-10-03 20:00:00,4,0,0,0
IMG_001947,images/IMG_001947.png,2023-06-04 15:00:00,0,0,0,0
IMG_001948,images/IMG_001948.png,2023-08-05 03:00:00,2,2,0,1
IMG_001949,images/IMG_001949.png,2023-11-24 18:00:00,5,1,1,1
IMG_001950,images/IMG_001950.jpg,2023-10-03 21:00:00,4,0,0,0
IMG_001951,images/IMG_001951.jpg,2023-11-24 19:00:00,5,0,2,0
IMG_001952,images/IMG_001952.jpg,2023-11-24 20:00:00,5,0,2,0
IMG_001953,images/IMG_001953.jpg,2023-08-05 04:00:00,2,0,0,0
IMG_001954,images/IMG_001954.jpg,2023-11-24 21:00:00,5,0,2,0
IMG_001955,images/IMG_001955.png,2023-11-24 22:00:00,5,1,1,1
IMG_001956,images/IMG_001956.png,2023-09-02 13:00:00,3,0,0,0
IMG_001957,images/IMG_001957.jpg,2023-10-03 22:00:00,4,0,0,0
IMG_001958,images/IMG_001958.png,2023-09-02 14:00:00,3,0,0,0
IMG_001959,images/IMG_001959.png,2023-06-04 16:00:00,0,0,0,0
IMG_001960,images/IMG_001960.png,2023-11-24 23:00:00,5,1,1,1
IMG_001961,images/IMG_001961.jpg,2023-10-03 23:00:00,4,0,0,0
IMG_001962,images/IMG_001962.jpg,2023-11-25 00:00:00,5,0,2,0
IMG_001963,images/IMG_001963.png,2023-11-25 01:00:00,5,0,2,0
IMG_001964,images/IMG_001964.jpg,2023-09-02 15:00:00,3,0,0,0
IMG_001965,images/IMG_001965.png,2023-11-25 02:00:00,5,3,3,1
IMG_001966,images/IMG_001966.jpg,2023-11-25 03:00:00,5,0,2,0
IMG_001967,images/IMG_001967.jpg,2023-11-25 04:00:00,5,0,2,0
IMG_001968,images/IMG_001968.png,2023-09-02 16:00:00,3,0,0,0
IMG_001969,images/IMG_001969.jpg,2023-11-25 05:00:00,5,0,2,0
IMG_001970,images/IMG_001970.jpg,2023-10-04 00:00:00,4,0,0,0
IMG_001971,images/IMG_001971.png,2023-09-02 17:00:00,3,1,0,1
IMG_001972,images/IMG_001972.jpg,2023-11-25 06:00:00,5,0,2,0
IMG_001973,images/IMG_001973.jpg,2023-11-25 07:00:00,5,0,2,0
IMG_001974,images/IMG_001974.jpg,2023-11-25 08:00:00,5,0,2,0
IMG_001975,images/IMG_001975.jpg,2023-11-25 09:00:00,5,0,2,0
IMG_001976,images/IMG_001976.jpg,2023-11-25 10:00:00,5,0,2,0
IMG_001977,images/IMG_001977.jpg,2023-11-25 11:00:00,5,0,2,0
IMG_001978,images/IMG_001978.png,2023-11-25 12:00:00,5,3,3,1
IMG_001979,images/IMG_001979.jpg,2023-08-05 05:00:00,2,2,0,1
IMG_001980,images/IMG_001980.png,2023-08-05 06:00:00,2,0,0,0
IMG_001981,images/IMG_001981.jpg,2023-08-05 07:00:00,2,2,0,1
IMG_001982,images/IMG_001982.png,2023-11-25 13:00:00,5,0,2,0
IMG_001983,images/IMG_001983.jpg,2023-10-04 01:00:00,4,0,0,0
IMG_001984,images/IMG_001984.png,2023-11-25 14:00:00,5,0,2,0
IMG_001985,images/IMG_001985.png,2023-09-02 18:00:00,3,2,0,1
IMG_001986,images/IMG_001986.png,2023-09-02 19:00:00,3,1,0,1
IMG_001987,images/IMG_001987.png,2023-11-25 15:00:00,5,1,1,1
IMG_001988,images/IMG_001988.png,2023-11-25 16:00:00,5,1,1,1
IMG_001989,images/IMG_001989.png,2023-11-25 17:00:00,5,3,3,1
IMG_001990,images/IMG_001990.jpg,2023-11-25 18:00:00,5,0,2,0
IMG_001991,images/IMG_001991.jpg,2023-11-25 19:00:00,5,0,2,0
IMG_001992,images/IMG_001992.png,2023-11-25 20:00:00,5,0,2,0
IMG_001993,images/IMG_001993.png,2023-11-25 21:00:00,5,0,2,0
IMG_001994,images/IMG_001994.png,2023-09-02 20:00:00,3,2,0,1
IMG_001995,images/IMG_001995.png,2023-06-27 14:00:00,1,0,0,0
IMG_001996,images/IMG_001996.jpg,2023-08-05 08:00:00,2,2,0,1
IMG_001997,images/IMG_001997.jpg,2023-10-04 02:00:00,4,0,0,0
IMG_001998,images/IMG_001998.jpg,2023-09-02 21:00:00,3,2,0,1
IMG_001999,images/IMG_001999.jpg,2023-11-25 22:00:00,5,0,2,0
IMG_002000,images/IMG_002000.png,2023-06-04 17:00:00,0,0,0,0
IMG_002001,images/IMG_002001.png,2023-11-25 23:00:00,5,0,2,0
IMG_002002,images/IMG_002002.jpg,2023-11-26 00:00:00,5,0,2,0
IMG_002003,images/IMG_002003.png,2023-11-26 01:00:00,5,1,1,1
IMG_002004,images/IMG_002004.jpg,2023-11-26 02:00:00,5,0,2,0
IMG_002005,images/IMG_002005.png,2023-09-02 22:00:00,3,0,0,0
IMG_002006,images/IMG_002006.png,2023-11-26 03:00:00,5,0,2,0
IMG_002007,images/IMG_002007.jpg,2023-10-04 03:00:00,4,0,0,0
IMG_002008,images/IMG_002008.png,2023-06-04 18:00:00,0,0,0,0
IMG_002009,images/IMG_002009.jpg,2023-11-26 04:00:00,5,0,2,0
IMG_002010,images/IMG_002010.png,2023-11-26 05:00:00,5,3,3,1
IMG_002011,images/IMG_002011.jpg,2023-10-04 04:00:00,4,0,0,0
IMG_002012,images/IMG_002012.jpg,2023-11-26 06:00:00,5,0,2,0
IMG_002013,images/IMG_002013.png,2023-08-05 09:00:00,2,0,0,0
IMG_002014,images/IMG_002014.png,2023-09-02 23:00:00,3,2,0,1
IMG_002015,images/IMG_002015.jpg,2023-11-26 07:00:00,5,0,2,0
IMG_002016,images/IMG_002016.jpg,2023-09-03 00:00:00,3,2,0,1
IMG_002017,images/IMG_002017.png,2023-11-26 08:00:00,5,1,1,1
IMG_002018,images/IMG_002018.jpg,2023-08-05 10:00:00,2,2,0,1
IMG_002019,images/IMG_002019.jpg,2023-11-26 09:00:00,5,0,2,0
IMG_002020,images/IMG_002020.png,2023-08-05 11:00:00,2,2,0,1
IMG_002021,images/IMG_002021.jpg,2023-10-04 05:00:00,4,0,0,0
IMG_002022,images/IMG_002022.png,2023-11-26 10:00:00,5,3,3,1
IMG_002023,images/IMG_002023.jpg,2023-09-03 01:00:00,3,2,0,1
IMG_002024,images/IMG_002024.jpg,2023-10-04 06:00:00,4,0,0,0
IMG_002025,images/IMG_002025.jpg,2023-11-26 11:00:00,5,0,2,0
IMG_002026,images/IMG_002026.png,2023-11-26 12:00:00,5,3,3,1
IMG_002027,images/IMG_002027.png,2023-11-26 13:00:00,5,1,1,1
IMG_002028,images/IMG_002028.png,2023-08-05 12:00:00,2,1,0,1
IMG_002029,images/IMG_002029.jpg,2023-09-03 02:00:00,3,2,0,1
IMG_002030,images/IMG_002030.jpg,2023-09-03 03:00:00,3,2,0,1
IMG_002031,images/IMG_002031.jpg,2023-10-04 07:00:00,4,0,0,0
IMG_002032,images/IMG_002032.png,2023-06-27 15:00:00,1,1,0,1
IMG_002033,images/IMG_002033.jpg,2023-09-03 04:00:00,3,2,0,1
IMG_002034,images/IMG_002034.jpg,2023-11-26 14:00:00,5,0,2,0
IMG_002035,images/IMG_002035.png,2023-11-26 15:00:00,5,3,3,1
IMG_002036,images/IMG_002036.jpg,2023-10-04 08:00:00,4,0,0,0
IMG_002037,images/IMG_002037.jpg,2023-08-05 13:00:00,2,2,0,1
IMG_002038,images/IMG_002038.jpg,2023-11-26 16:00:00,5,0,2,0
IMG_002039,images/IMG_002039.png,2023-11-26 17:00:00,5,1,1,1
IMG_002040,images/IMG_002040.jpg,2023-11-26 18:00:00,5,0,2,0
IMG_002041,images/IMG_002041.png,2023-11-26 19:00:00,5,3,3,1
IMG_002042,images/IMG_002042.png,2023-11-26 20:00:00,5,1,1,1
IMG_002043,images/IMG_002043.jpg,2023-11-26 21:00:00,5,0,2,0
IMG_002044,images/IMG_002044.jpg,2023-11-26 22:00:00,5,0,2,0
IMG_002045,images/IMG_002045.png,2023-09-03 05:00:00,3,2,0,1
IMG_002046,images/IMG_002046.png,2023-08-05 14:00:00,2,1,0,1
IMG_002047,images/IMG_002047.jpg,2023-10-04 09:00:00,4,0,0,0
IMG_002048,images/IMG_002048.png,2023-08-05 15:00:00,2,2,0,1
IMG_002049,images/IMG_002049.png,2023-11-26 23:00:00,5,1,1,1
IMG_002050,images/IMG_002050.png,2023-11-27 00:00:00,5,1,1,1
IMG_002051,images/IMG_002051.png,2023-06-27 16:00:00,1,0,0,0
IMG_002052,images/IMG_002052.png,2023-11-27 01:00:00,5,1,1,1
IMG_002053,images/IMG_002053.png,2023-08-05 16:00:00,2,1,0,1
IMG_002054,images/IMG_002054.jpg,2023-10-04 10:00:00,4,0,0,0
IMG_002055,images/IMG_002055.jpg,2023-11-27 02:00:00,5,0,2,0
IMG_002056,images/IMG_002056.jpg,2023-08-05 17:00:00,2,0,0,0
IMG_002057,images/IMG_002057.jpg,2023-10-04 11:00:00,4,0,0,0
IMG_002058,images/IMG_002058.jpg,2023-09-03 06:00:00,3,2,0,1
IMG_002059,images/IMG_002059.jpg,2023-11-27 03:00:00,5,0,2,0
IMG_002060,images/IMG_002060.png,2023-11-27 04:00:00,5,0,2,0
IMG_002061,images/IMG_002061.png,2023-08-05 18:00:00,2,2,0,1
IMG_002062,images/IMG_002062.png,2023-11-27 05:00:00,5,0,2,0
IMG_002063,images/IMG_002063.jpg,2023-11-27 06:00:00,5,0,2,0
IMG_002064,images/IMG_002064.png,2023-08-05 19:00:00,2,2,0,1
IMG_002065,images/IMG_002065.jpg,2023-10-04 12:00:00,4,0,0,0
IMG_002066,images/IMG_002066.jpg,2023-11-27 07:00:00,5,0,2,0
IMG_002067,images/IMG_002067.png,2023-08-05 20:00:00,2,1,0,1
IMG_002068,images/IMG_002068.png,2023-06-04 19:00:00,0,0,0,0
IMG_002069,images/IMG_002069.jpg,2023-11-27 08:00:00,5,0,2,0
IMG_002070,images/IMG_002070.jpg,2023-09-03 07:00:00,3,2,0,1
IMG_002071,images/IMG_002071.png,2023-09-03 08:00:00,3,0,0,0
IMG_002072,images/IMG_002072.png,2023-11-27 09:00:00,5,0,2,0
IMG_002073,images/IMG_002073.jpg,2023-10-04 13:00:00,4,0,0,0
IMG_002074,images/IMG_002074.png,2023-11-27 10:00:00,5,1,1,1
IMG_002075,images/IMG_002075.jpg,2023-11-27 11:00:00,5,0,2,0
IMG_002076,images/IMG_002076.jpg,2023-08-05 21:00:00,2,2,0,1
IMG_002077,images/IMG_002077.jpg,2023-11-27 12:00:00,5,0,2,0
IMG_002078,images/IMG_002078.png,2023-11-27 13:00:00,5,1,1,1
IMG_002079,images/IMG_002079.jpg,2023-10-04 14:00:00,4,0,0,0
IMG_002080,images/IMG_002080.png,2023-11-27 14:00:00,5,1,1,1
IMG_002081,images/IMG_002081.png,2023-11-27 15:00:00,5,0,2,0
IMG_002082,images/IMG_002082.jpg,2023-09-03 09:00:00,3,0,0,0
IMG_002083,images/IMG_002083.png,2023-11-27 16:00:00,5,1,1,1
IMG_002084,images/IMG_002084.png,2023-08-05 22:00:00,2,1,0,1
IMG_002085,images/IMG_002085.png,2023-11-27 17:00:00,5,0,2,0
IMG_002086,images/IMG_002086.png,2023-11-27 18:00:00,5,1,1,1
IMG_002087,images/IMG_002087.png,2023-06-04 20:00:00,0,0,0,0
IMG_002088,images/IMG_002088.png,2023-11-27 19:00:00,5,0,2,0
IMG_002089,images/IMG_002089.jpg,2023-11-27 20:00:00,5,0,2,0
IMG_002090,images/IMG_002090.png,2023-08-05 23:00:00,2,2,0,1
IMG_002091,images/IMG_002091.jpg,2023-08-06 00:00:00,2,2,0,1
IMG_002092,images/IMG_002092.jpg,2023-08-06 01:00:00,2,0,0,0
IMG_002093,images/IMG_002093.png,2023-11-27 21:00:00,5,3,3,1
IMG_002094,images/IMG_002094.png,2023-11-27 22:00:00,5,3,3,1
IMG_002095,images/IMG_002095.png,2023-11-27 23:00:00,5,3,3,1
IMG_002096,images/IMG_002096.jpg,2023-08-06 02:00:00,2,2,0,1
IMG_002097,images/IMG_002097.png,2023-06-27 17:00:00,1,1,0,1
IMG_002098,images/IMG_002098.png,2023-11-28 00:00:00,5,3,3,1
IMG_002099,images/IMG_002099.jpg,2023-11-28 01:00:00,5,0,2,0
IMG_002100,images/IMG_002100.jpg,2023-08-06 03:00:00,2,2,0,1
IMG_002101,images/IMG_002101.png,2023-09-03 10:00:00,3,2,0,1
IMG_002102,images/IMG_002102.png,2023-06-04 21:00:00,0,0,0,0
IMG_002103,images/IMG_002103.jpg,2023-08-06 04:00:00,2,2,0,1
IMG_002104,images/IMG_002104.jpg,2023-11-28 02:00:00,5,0,2,0
IMG_002105,images/IMG_002105.jpg,2023-09-03 11:00:00,3,2,0,1
IMG_002106,images/IMG_002106.jpg,2023-11-28 03:00:00,5,0,2,0
IMG_002107,images/IMG_002107.jpg,2023-11-28 04:00:00,5,0,2,0
IMG_002108,images/IMG_002108.png,2023-09-03 12:00:00,3,2,0,1
IMG_002109,images/IMG_002109.png,2023-09-03 13:00:00,3,2,0,1
IMG_002110,images/IMG_002110.jpg,2023-11-28 05:00:00,5,0,2,0
IMG_002111,images/IMG_002111.jpg,2023-10-04 15:00:00,4,0,0,0
IMG_002112,images/IMG_002112.png,2023-11-28 06:00:00,5,0,2,0
IMG_002113,images/IMG_002113.jpg,2023-09-03 14:00:00,3,2,0,1
IMG_002114,images/IMG_002114.jpg,2023-09-03 15:00:00,3,2,0,1
IMG_002115,images/IMG_002115.png,2023-11-28 07:00:00,5,0,2,0
IMG_002116,images/IMG_002116.jpg,2023-10-04 16:00:00,4,0,0,0
IMG_002117,images/IMG_002117.jpg,2023-10-04 17:00:00,4,0,0,0
IMG_002118,images/IMG_002118.png,2023-08-06 05:00:00,2,2,0,1
IMG_002119,images/IMG_002119.jpg,2023-11-28 08:00:00,5,0,2,0
IMG_002120,images/IMG_002120.png,2023-09-03 16:00:00,3,2,0,1
IMG_002121,images/IMG_002121.png,2023-06-04 22:00:00,0,0,0,0
IMG_002122,images/IMG_002122.jpg,2023-09-03 17:00:00,3,2,0,1
IMG_002123,images/IMG_002123.png,2023-09-03 18:00:00,3,2,0,1
IMG_002124,images/IMG_002124.jpg,2023-11-28 09:00:00,5,0,2,0
IMG_002125,images/IMG_002125.png,2023-11-28 10:00:00,5,1,1,1
IMG_002126,images/IMG_002126.jpg,2023-11-28 11:00:00,5,0,2,0
IMG_002127,images/IMG_002127.png,2023-08-06 06:00:00,2,0,0,0
IMG_002128,images/IMG_002128.jpg,2023-09-03 19:00:00,3,2,0,1
IMG_002129,images/IMG_002129.png,2023-09-03 20:00:00,3,2,0,1
IMG_002130,images/IMG_002130.png,2023-11-28 12:00:00,5,0,2,0
IMG_002131,images/IMG_002131.jpg,2023-11-28 13:00:00,5,0,2,0
IMG_002132,images/IMG_002132.jpg,2023-10-04 18:00:00,4,0,0,0
IMG_002133,images/IMG_002133.jpg,2023-10-04 19:00:00,4,0,0,0
IMG_002134,images/IMG_002134.png,2023-09-03 21:00:00,3,0,0,0
IMG_002135,images/IMG_002135.jpg,2023-10-04 20:00:00,4,0,0,0
IMG_002136,images/IMG_002136.jpg,2023-11-28 14:00:00,5,0,2,0
IMG_002137,images/IMG_002137.jpg,2023-08-06 07:00:00,2,2,0,1
IMG_002138,images/IMG_002138.jpg,2023-10-04 21:00:00,4,0,0,0
IMG_002139,images/IMG_002139.jpg,2023-10-04 22:00:00,4,0,0,0
IMG_002140,images/IMG_002140.jpg,2023-11-28 15:00:00,5,0,2,0
IMG_002141,images/IMG_002141.png,2023-08-06 08:00:00,2,2,0,1
IMG_002142,images/IMG_002142.png,2023-11-28 16:00:00,5,0,2,0
IMG_002143,images/IMG_002143.jpg,2023-08-06 09:00:00,2,2,0,1
IMG_002144,images/IMG_002144.png,2023-11-28 17:00:00,5,1,1,1
IMG_002145,images/IMG_002145.png,2023-09-03 22:00:00,3,0,0,0
IMG_002146,images/IMG_002146.jpg,2023-11-28 18:00:00,5,0,2,0
IMG_002147,images/IMG_002147.jpg,2023-09-03 23:00:00,3,2,0,1
IMG_002148,images/IMG_002148.png,2023-11-28 19:00:00,5,0,2,0
IMG_002149,images/IMG_002149.png,2023-06-04 23:00:00,0,0,0,0
IMG_002150,images/IMG_002150.jpg,2023-10-04 23:00:00,4,0,0,0
IMG_002151,images/IMG_002151.png,2023-09-04 00:00:00,3,1,0,1
IMG_002152,images/IMG_002152.png,2023-11-28 20:00:00,5,0,2,0
IMG_002153,images/IMG_002153.jpg,2023-11-28 21:00:00,5,0,2,0
IMG_002154,images/IMG_002154.jpg,2023-10-05 00:00:00,4,0,0,0
IMG_002155,images/IMG_002155.jpg,2023-09-04 01:00:00,3,0,0,0
IMG_002156,images/IMG_002156.png,2023-09-04 02:00:00,3,2,0,1
IMG_002157,images/IMG_002157.jpg,2023-09-04 03:00:00,3,0,0,0
IMG_002158,images/IMG_002158.png,2023-11-28 22:00:00,5,3,3,1
IMG_002159,images/IMG_002159.jpg,2023-10-05 01:00:00,4,0,0,0
IMG_002160,images/IMG_002160.png,2023-11-28 23:00:00,5,3,3,1
IMG_002161,images/IMG_002161.png,2023-08-06 10:00:00,2,0,0,0
IMG_002162,images/IMG_002162.png,2023-09-04 04:00:00,3,2,0,1
IMG_002163,images/IMG_002163.png,2023-08-06 11:00:00,2,1,0,1
IMG_002164,images/IMG_002164.png,2023-11-29 00:00:00,5,3,3,1
IMG_002165,images/IMG_002165.jpg,2023-11-29 01:00:00,5,0,2,0
IMG_002166,images/IMG_002166.png,2023-08-06 12:00:00,2,2,0,1
IMG_002167,images/IMG_002167.png,2023-08-06 13:00:00,2,1,0,1
IMG_002168,images/IMG_002168.png,2023-11-29 02:00:00,5,0,2,0
IMG_002169,images/IMG_002169.png,2023-11-29 03:00:00,5,0,2,0
IMG_002170,images/IMG_002170.png,2023-09-04 05:00:00,3,2,0,1
IMG_002171,images/IMG_002171.png,2023-11-29 04:00:00,5,0,2,0
IMG_002172,images/IMG_002172.jpg,2023-09-04 06:00:00,3,0,0,0
IMG_002173,images/IMG_002173.png,2023-11-29 05:00:00,5,1,1,1
IMG_002174,images/IMG_002174.jpg,2023-11-29 06:00:00,5,0,2,0
IMG_002175,images/IMG_002175.png,2023-11-29 07:00:00,5,1,1,1
IMG_002176,images/IMG_002176.png,2023-06-05 00:00:00,0,0,0,0
IMG_002177,images/IMG_002177.png,2023-11-29 08:00:00,5,3,3,1
IMG_002178,images/IMG_002178.png,2023-11-29 09:00:00,5,3,3,1
IMG_002179,images/IMG_002179.png,2023-08-06 14:00:00,2,2,0,1
IMG_002180,images/IMG_002180.jpg,2023-10-05 02:00:00,4,0,0,0
IMG_002181,images/IMG_002181.png,2023-10-21 02:00:00,5,0,2,0
IMG_002182,images/IMG_002182.jpg,2023-09-04 07:00:00,3,2,0,1
IMG_002183,images/IMG_002183.jpg,2023-09-04 08:00:00,3,2,0,1
IMG_002184,images/IMG_002184.png,2023-08-06 15:00:00,2,0,0,0
IMG_002185,images/IMG_002185.jpg,2023-10-21 03:00:00,5,0,2,0
IMG_002186,images/IMG_002186.jpg,2023-09-04 09:00:00,3,2,0,1
IMG_002187,images/IMG_002187.png,2023-09-04 10:00:00,3,2,0,1
IMG_002188,images/IMG_002188.jpg,2023-08-06 16:00:00,2,2,0,1
IMG_002189,images/IMG_002189.jpg,2023-10-05 03:00:00,4,0,0,0
IMG_002190,images/IMG_002190.png,2023-08-06 17:00:00,2,2,0,1
IMG_002191,images/IMG_002191.jpg,2023-10-05 04:00:00,4,0,0,0
IMG_002192,images/IMG_002192.png,2023-09-04 11:00:00,3,0,0,0
IMG_002193,images/IMG_002193.png,2023-10-21 04:00:00,5,0,2,0
IMG_002194,images/IMG_002194.png,2023-09-04 12:00:00,3,0,0,0
IMG_002195,images/IMG_002195.jpg,2023-10-05 05:00:00,4,0,0,0
IMG_002196,images/IMG_002196.png,2023-10-21 05:00:00,5,3,3,1
IMG_002197,images/IMG_002197.jpg,2023-08-06 18:00:00,2,2,0,1
IMG_002198,images/IMG_002198.png,2023-06-27 18:00:00,1,1,0,1
IMG_002199,images/IMG_002199.jpg,2023-08-06 19:00:00,2,0,0,0
IMG_002200,images/IMG_002200.png,2023-10-21 06:00:00,5,0,2,0
IMG_002201,images/IMG_002201.png,2023-10-21 07:00:00,5,0,2,0
IMG_002202,images/IMG_002202.jpg,2023-10-21 08:00:00,5,0,2,0
IMG_002203,images/IMG_002203.png,2023-09-04 13:00:00,3,2,0,1
IMG_002204,images/IMG_002204.jpg,2023-10-05 06:00:00,4,0,0,0
IMG_002205,images/IMG_002205.jpg,2023-10-21 09:00:00,5,0,2,0
IMG_002206,images/IMG_002206.png,2023-10-21 10:00:00,5,0,2,0
IMG_002207,images/IMG_002207.png,2023-09-04 14:00:00,3,2,0,1
IMG_002208,images/IMG_002208.png,2023-10-21 11:00:00,5,1,1,1
IMG_002209,images/IMG_002209.png,2023-06-05 01:00:00,0,0,0,0
IMG_002210,images/IMG_002210.jpg,2023-09-04 15:00:00,3,2,0,1
IMG_002211,images/IMG_002211.jpg,2023-10-05 07:00:00,4,0,0,0
IMG_002212,images/IMG_002212.png,2023-10-21 12:00:00,5,1,1,1
IMG_002213,images/IMG_002213.jpg,2023-09-04 16:00:00,3,2,0,1
IMG_002214,images/IMG_002214.png,2023-10-21 13:00:00,5,0,2,0
IMG_002215,images/IMG_002215.jpg,2023-10-21 14:00:00,5,0,2,0
IMG_002216,images/IMG_002216.png,2023-10-21 15:00:00,5,3,3,1
IMG_002217,images/IMG_002217.jpg,2023-10-21 16:00:00,5,0,2,0
IMG_002218,images/IMG_002218.jpg,2023-10-21 17:00:00,5,0,2,0
IMG_002219,images/IMG_002219.png,2023-06-27 19:00:00,1,0,0,0
IMG_002220,images/IMG_002220.png,2023-06-27 20:00:00,1,0,0,0
IMG_002221,images/IMG_002221.png,2023-06-27 21:00:00,1,0,0,0
IMG_002222,images/IMG_002222.png,2023-09-04 17:00:00,3,1,0,1
IMG_002223,images/IMG_002223.jpg,2023-10-05 08:00:00,4,0,0,0
IMG_002224,images/IMG_002224.jpg,2023-08-06 20:00:00,2,0,0,0
IMG_002225,images/IMG_002225.jpg,2023-10-05 09:00:00,4,0,0,0
IMG_002226,images/IMG_002226.png,2023-06-05 02:00:00,0,0,0,0
IMG_002227,images/IMG_002227.png,2023-08-06 21:00:00,2,0,0,0
IMG_002228,images/IMG_002228.jpg,2023-08-06 22:00:00,2,2,0,1
IMG_002229,images/IMG_002229.jpg,2023-10-21 18:00:00,5,0,2,0
IMG_002230,images/IMG_002230.png,2023-10-21 19:00:00,5,0,2,0
IMG_002231,images/IMG_002231.png,2023-08-06 23:00:00,2,1,0,1
IMG_002232,images/IMG_002232.png,2023-08-07 00:00:00,2,1,0,1
IMG_002233,images/IMG_002233.png,2023-06-05 03:00:00,0,0,0,0
IMG_002234,images/IMG_002234.jpg,2023-10-05 10:00:00,4,0,0,0
IMG_002235,images/IMG_002235.jpg,2023-10-21 20:00:00,5,0,2,0
IMG_002236,images/IMG_002236.jpg,2023-10-05 11:00:00,4,0,0,0
IMG_002237,images/IMG_002237.png,2023-09-04 18:00:00,3,2,0,1
IMG_002238,images/IMG_002238.jpg,2023-10-21 21:00:00,5,0,2,0
IMG_002239,images/IMG_002239.jpg,2023-10-05 12:00:00,4,0,0,0
IMG_002240,images/IMG_002240.jpg,2023-10-05 13:00:00,4,0,0,0
IMG_002241,images/IMG_002241.png,2023-10-21 22:00:00,5,3,3,1
IMG_002242,images/IMG_002242.png,2023-10-21 23:00:00,5,3,3,1
IMG_002243,images/IMG_002243.jpg,2023-10-22 00:00:00,5,0,2,0
IMG_002244,images/IMG_002244.jpg,2023-10-22 01:00:00,5,0,2,0
IMG_002245,images/IMG_002245.png,2023-10-22 02:00:00,5,3,3,1
IMG_002246,images/IMG_002246.jpg,2023-10-22 03:00:00,5,0,2,0
IMG_002247,images/IMG_002247.jpg,2023-09-04 19:00:00,3,0,0,0
IMG_002248,images/IMG_002248.jpg,2023-10-05 14:00:00,4,0,0,0
IMG_002249,images/IMG_002249.jpg,2023-10-05 15:00:00,4,0,0,0
IMG_002250,images/IMG_002250.jpg,2023-10-05 16:00:00,4,0,0,0
IMG_002251,images/IMG_002251.jpg,2023-10-22 04:00:00,5,0,2,0
IMG_002252,images/IMG_002252.png,2023-09-04 20:00:00,3,0,0,0
IMG_002253,images/IMG_002253.jpg,2023-10-05 17:00:00,4,0,0,0
IMG_002254,images/IMG_002254.jpg,2023-09-04 21:00:00,3,2,0,1
IMG_002255,images/IMG_002255.png,2023-06-05 04:00:00,0,0,0,0
IMG_002256,images/IMG_002256.jpg,2023-10-05 18:00:00,4,0,0,0
IMG_002257,images/IMG_002257.jpg,2023-10-22 05:00:00,5,0,2,0
IMG_002258,images/IMG_002258.png,2023-10-22 06:00:00,5,0,2,0
IMG_002259,images/IMG_002259.png,2023-10-22 07:00:00,5,3,3,1
IMG_002260,images/IMG_002260.jpg,2023-10-05 19:00:00,4,0,0,0
IMG_002261,images/IMG_002261.jpg,2023-10-22 08:00:00,5,0,2,0
IMG_002262,images/IMG_002262.jpg,2023-10-22 09:00:00,5,0,2,0
IMG_002263,images/IMG_002263.png,2023-10-22 10:00:00,5,3,3,1
IMG_002264,images/IMG_002264.png,2023-08-07 01:00:00,2,2,0,1
IMG_002265,images/IMG_002265.jpg,2023-10-05 20:00:00,4,0,0,0
IMG_002266,images/IMG_002266.jpg,2023-08-07 02:00:00,2,2,0,1
IMG_002267,images/IMG_002267.png,2023-08-07 03:00:00,2,2,0,1
IMG_002268,images/IMG_002268.png,2023-10-22 11:00:00,5,0,2,0
IMG_002269,images/IMG_002269.jpg,2023-09-04 22:00:00,3,2,0,1
IMG_002270,images/IMG_002270.jpg,2023-09-04 23:00:00,3,2,0,1
IMG_002271,images/IMG_002271.png,2023-10-22 12:00:00,5,1,1,1
IMG_002272,images/IMG_002272.png,2023-08-07 04:00:00,2,2,0,1
IMG_002273,images/IMG_002273.png,2023-10-22 13:00:00,5,0,2,0
IMG_002274,images/IMG_002274.png,2023-10-22 14:00:00,5,0,2,0
IMG_002275,images/IMG_002275.png,2023-09-05 00:00:00,3,1,0,1
IMG_002276,images/IMG_002276.png,2023-10-22 15:00:00,5,0,2,0
IMG_002277,images/IMG_002277.png,2023-10-22 16:00:00,5,1,1,1
IMG_002278,images/IMG_002278.png,2023-06-27 22:00:00,1,1,0,1
IMG_002279,images/IMG_002279.jpg,2023-10-22 17:00:00,5,0,2,0
IMG_002280,images/IMG_002280.png,2023-10-22 18:00:00,5,3,3,1
IMG_002281,images/IMG_002281.png,2023-10-22 19:00:00,5,3,3,1
IMG_002282,images/IMG_002282.jpg,2023-08-07 05:00:00,2,2,0,1
IMG_002283,images/IMG_002283.jpg,2023-08-07 06:00:00,2,2,0,1
IMG_002284,images/IMG_002284.png,2023-10-22 20:00:00,5,0,2,0
IMG_002285,images/IMG_002285.jpg,2023-10-05 21:00:00,4,0,0,0
IMG_002286,images/IMG_002286.jpg,2023-10-05 22:00:00,4,0,0,0
IMG_002287,images/IMG_002287.png,2023-10-22 21:00:00,5,1,1,1
IMG_002288,images/IMG_002288.jpg,2023-10-22 22:00:00,5,0,2,0
IMG_002289,images/IMG_002289.png,2023-08-07 07:00:00,2,0,0,0
IMG_002290,images/IMG_002290.png,2023-10-22 23:00:00,5,1,1,1
IMG_002291,images/IMG_002291.jpg,2023-10-23 00:00:00,5,0,2,0
IMG_002292,images/IMG_002292.jpg,2023-09-05 01:00:00,3,2,0,1
IMG_002293,images/IMG_002293.jpg,2023-10-05 23:00:00,4,0,0,0
IMG_002294,images/IMG_002294.jpg,2023-10-23 01:00:00,5,0,2,0
IMG_002295,images/IMG_002295.png,2023-10-23 02:00:00,5,3,3,1
IMG_002296,images/IMG_002296.png,2023-08-07 08:00:00,2,2,0,1
IMG_002297,images/IMG_002297.png,2023-10-23 03:00:00,5,3,3,1
IMG_002298,images/IMG_002298.jpg,2023-10-23 04:00:00,5,0,2,0
IMG_002299,images/IMG_002299.png,2023-10-23 05:00:00,5,3,3,1
IMG_002300,images/IMG_002300.png,2023-09-05 02:00:00,3,1,0,1
IMG_002301,images/IMG_002301.jpg,2023-10-23 06:00:00,5,0,2,0
IMG_002302,images/IMG_002302.png,2023-10-23 07:00:00,5,3,3,1
IMG_002303,images/IMG_002303.jpg,2023-10-23 08:00:00,5,0,2,0
IMG_002304,images/IMG_002304.png,2023-10-23 09:00:00,5,1,1,1
IMG_002305,images/IMG_002305.png,2023-08-07 09:00:00,2,1,0,1
IMG_002306,images/IMG_002306.png,2023-09-05 03:00:00,3,2,0,1
IMG_002307,images/IMG_002307.png,2023-10-23 10:00:00,5,1,1,1
IMG_002308,images/IMG_002308.png,2023-10-23 11:00:00,5,1,1,1
IMG_002309,images/IMG_002309.jpg,2023-10-23 12:00:00,5,0,2,0
IMG_002310,images/IMG_002310.jpg,2023-10-23 13:00:00,5,0,2,0
IMG_002311,images/IMG_002311.png,2023-10-23 14:00:00,5,1,1,1
IMG_002312,images/IMG_002312.jpg,2023-10-23 15:00:00,5,0,2,0
IMG_002313,images/IMG_002313.png,2023-08-07 10:00:00,2,2,0,1
IMG_002314,images/IMG_002314.jpg,2023-10-23 16:00:00,5,0,2,0
IMG_002315,images/IMG_002315.png,2023-10-23 17:00:00,5,3,3,1
IMG_002316,images/IMG_002316.png,2023-10-23 18:00:00,5,1,1,1
IMG_002317,images/IMG_002317.jpg,2023-10-23 19:00:00,5,0,2,0
IMG_002318,images/IMG_002318.jpg,2023-10-23 20:00:00,5,0,2,0
IMG_002319,images/IMG_002319.png,2023-09-05 04:00:00,3,2,0,1
IMG_002320,images/IMG_002320.png,2023-10-23 21:00:00,5,3,3,1
IMG_002321,images/IMG_002321.png,2023-10-23 22:00:00,5,3,3,1
IMG_002322,images/IMG_002322.jpg,2023-09-05 05:00:00,3,0,0,0
IMG_002323,images/IMG_002323.png,2023-09-05 06:00:00,3,1,0,1
IMG_002324,images/IMG_002324.png,2023-09-05 07:00:00,3,0,0,0
IMG_002325,images/IMG_002325.jpg,2023-09-05 08:00:00,3,2,0,1
IMG_002326,images/IMG_002326.jpg,2023-10-06 00:00:00,4,0,0,0
IMG_002327,images/IMG_002327.jpg,2023-10-06 01:00:00,4,0,0,0
IMG_002328,images/IMG_002328.jpg,2023-10-06 02:00:00,4,0,0,0
IMG_002329,images/IMG_002329.png,2023-10-23 23:00:00,5,1,1,1
IMG_002330,images/IMG_002330.png,2023-08-07 11:00:00,2,0,0,0
IMG_002331,images/IMG_002331.png,2023-10-24 00:00:00,5,3,3,1
IMG_002332,images/IMG_002332.jpg,2023-10-06 03:00:00,4,0,0,0
IMG_002333,images/IMG_002333.jpg,2023-10-06 04:00:00,4,0,0,0
IMG_002334,images/IMG_002334.png,2023-10-24 01:00:00,5,3,3,1
IMG_002335,images/IMG_002335.jpg,2023-08-07 12:00:00,2,0,0,0
IMG_002336,images/IMG_002336.jpg,2023-10-06 05:00:00,4,0,0,0
IMG_002337,images/IMG_002337.png,2023-10-24 02:00:00,5,3,3,1
IMG_002338,images/IMG_002338.jpg,2023-10-24 03:00:00,5,0,2,0
IMG_002339,images/IMG_002339.png,2023-10-24 04:00:00,5,3,3,1
IMG_002340,images/IMG_002340.jpg,2023-10-06 06:00:00,4,0,0,0
IMG_002341,images/IMG_002341.png,2023-10-24 05:00:00,5,0,2,0
IMG_002342,images/IMG_002342.png,2023-10-24 06:00:00,5,0,2,0
IMG_002343,images/IMG_002343.jpg,2023-06-27 23:00:00,1,0,0,0
IMG_002344,images/IMG_002344.jpg,2023-10-06 07:00:00,4,0,0,0
IMG_002345,images/IMG_002345.jpg,2023-10-06 08:00:00,4,0,0,0
IMG_002346,images/IMG_002346.png,2023-09-05 09:00:00,3,2,0,1
IMG_002347,images/IMG_002347.png,2023-08-07 13:00:00,2,2,0,1
IMG_002348,images/IMG_002348.png,2023-10-24 07:00:00,5,0,2,0
IMG_002349,images/IMG_002349.png,2023-08-07 14:00:00,2,2,0,1
IMG_002350,images/IMG_002350.png,2023-10-24 08:00:00,5,0,2,0
IMG_002351,images/IMG_002351.jpg,2023-09-05 10:00:00,3,0,0,0
IMG_002352,images/IMG_002352.jpg,2023-10-06 09:00:00,4,0,0,0
IMG_002353,images/IMG_002353.png,2023-09-05 11:00:00,3,2,0,1
IMG_002354,images/IMG_002354.jpg,2023-10-24 09:00:00,5,0,2,0
IMG_002355,images/IMG_002355.jpg,2023-06-05 05:00:00,0,0,0,0
IMG_002356,images/IMG_002356.png,2023-10-24 10:00:00,5,3,3,1
IMG_002357,images/IMG_002357.jpg,2023-10-24 11:00:00,5,0,2,0
IMG_002358,images/IMG_002358.png,2023-09-05 12:00:00,3,2,0,1
IMG_002359,images/IMG_002359.png,2023-06-05 06:00:00,0,0,0,0
IMG_002360,images/IMG_002360.jpg,2023-08-07 15:00:00,2,0,0,0
IMG_002361,images/IMG_002361.png,2023-10-24 12:00:00,5,1,1,1
IMG_002362,images/IMG_002362.jpg,2023-10-24 13:00:00,5,0,2,0
IMG_002363,images/IMG_002363.jpg,2023-10-06 10:00:00,4,0,0,0
IMG_002364,images/IMG_002364.png,2023-09-05 13:00:00,3,1,0,1
IMG_002365,images/IMG_002365.jpg,2023-10-06 11:00:00,4,0,0,0
IMG_002366,images/IMG_002366.jpg,2023-10-06 12:00:00,4,0,0,0
IMG_002367,images/IMG_002367.jpg,2023-08-07 16:00:00,2,2,0,1
IMG_002368,images/IMG_002368.png,2023-10-24 14:00:00,5,0,2,0
IMG_002369,images/IMG_002369.png,2023-10-24 15:00:00,5,3,3,1
IMG_002370,images/IMG_002370.png,2023-10-24 16:00:00,5,1,1,1
IMG_002371,images/IMG_002371.jpg,2023-10-24 17:00:00,5,0,2,0
IMG_002372,images/IMG_002372.jpg,2023-10-24 18:00:00,5,0,2,0
IMG_002373,images/IMG_002373.png,2023-10-24 19:00:00,5,0,2,0
IMG_002374,images/IMG_002374.png,2023-06-28 00:00:00,1,0,0,0
IMG_002375,images/IMG_002375.jpg,2023-10-24 20:00:00,5,0,2,0
IMG_002376,images/IMG_002376.png,2023-10-24 21:00:00,5,1,1,1
IMG_002377,images/IMG_002377.jpg,2023-10-06 13:00:00,4,0,0,0
IMG_002378,images/IMG_002378.jpg,2023-10-24 22:00:00,5,0,2,0
IMG_002379,images/IMG_002379.jpg,2023-10-24 23:00:00,5,0,2,0
IMG_002380,images/IMG_002380.jpg,2023-10-06 14:00:00,4,0,0,0
IMG_002381,images/IMG_002381.png,2023-10-25 00:00:00,5,1,1,1
IMG_002382,images/IMG_002382.png,2023-10-25 01:00:00,5,3,3,1
IMG_002383,images/IMG_002383.png,2023-09-05 14:00:00,3,1,0,1
IMG_002384,images/IMG_002384.jpg,2023-10-06 15:00:00,4,0,0,0
IMG_002385,images/IMG_002385.png,2023-10-25 02:00:00,5,3,3,1
IMG_002386,images/IMG_002386.jpg,2023-10-25 03:00:00,5,0,2,0
IMG_002387,images/IMG_002387.png,2023-09-05 15:00:00,3,1,0,1
IMG_002388,images/IMG_002388.jpg,2023-10-25 04:00:00,5,0,2,0
IMG_002389,images/IMG_002389.jpg,2023-09-05 16:00:00,3,2,0,1
IMG_002390,images/IMG_002390.jpg,2023-08-07 17:00:00,2,2,0,1
IMG_002391,images/IMG_002391.jpg,2023-10-06 16:00:00,4,0,0,0
IMG_002392,images/IMG_002392.png,2023-08-07 18:00:00,2,0,0,0
IMG_002393,images/IMG_002393.jpg,2023-10-25 05:00:00,5,0,2,0
IMG_002394,images/IMG_002394.png,2023-09-05 17:00:00,3,1,0,1
IMG_002395,images/IMG_002395.png,2023-10-25 06:00:00,5,0,2,0
IMG_002396,images/IMG_002396.jpg,2023-10-25 07:00:00,5,0,2,0
IMG_002397,images/IMG_002397.jpg,2023-09-05 18:00:00,3,0,0,0
IMG_002398,images/IMG_002398.jpg,2023-10-25 08:00:00,5,0,2,0
IMG_002399,images/IMG_002399.jpg,2023-10-25 09:00:00,5,0,2,0
IMG_002400,images/IMG_002400.png,2023-10-25 10:00:00,5,3,3,1
IMG_002401,images/IMG_002401.jpg,2023-08-07 19:00:00,2,2,0,1
IMG_002402,images/IMG_002402.jpg,2023-10-06 17:00:00,4,0,0,0
IMG_002403,images/IMG_002403.png,2023-09-05 19:00:00,3,2,0,1
IMG_002404,images/IMG_002404.png,2023-09-05 20:00:00,3,1,0,1
IMG_002405,images/IMG_002405.png,2023-06-28 01:00:00,1,1,0,1
IMG_002406,images/IMG_002406.png,2023-10-25 11:00:00,5,3,3,1
IMG_002407,images/IMG_002407.png,2023-09-05 21:00:00,3,1,0,1
IMG_002408,images/IMG_002408.png,2023-09-05 22:00:00,3,1,0,1
IMG_002409,images/IMG_002409.png,2023-10-25 12:00:00,5,1,1,1
IMG_002410,images/IMG_002410.jpg,2023-10-06 18:00:00,4,0,0,0
IMG_002411,images/IMG_002411.jpg,2023-10-25 13:00:00,5,0,2,0
IMG_002412,images/IMG_002412.png,2023-10-25 14:00:00,5,1,1,1
IMG_002413,images/IMG_002413.png,2023-06-28 02:00:00,1,1,0,1
IMG_002414,images/IMG_002414.jpg,2023-10-25 15:00:00,5,0,2,0
IMG_002415,images/IMG_002415.png,2023-10-25 16:00:00,5,1,1,1
IMG_002416,images/IMG_002416.png,2023-08-07 20:00:00,2,1,0,1
IMG_002417,images/IMG_002417.png,2023-10-25 17:00:00,5,1,1,1
IMG_002418,images/IMG_002418.jpg,2023-10-06 19:00:00,4,0,0,0
IMG_002419,images/IMG_002419.jpg,2023-10-06 20:00:00,4,0,0,0
IMG_002420,images/IMG_002420.jpg,2023-10-06 21:00:00,4,0,0,0
IMG_002421,images/IMG_002421.jpg,2023-10-25 18:00:00,5,0,2,0
IMG_002422,images/IMG_002422.png,2023-08-07 21:00:00,2,0,0,0
IMG_002423,images/IMG_002423.png,2023-10-25 19:00:00,5,3,3,1
IMG_002424,images/IMG_002424.png,2023-10-25 20:00:00,5,1,1,1
IMG_002425,images/IMG_002425.png,2023-10-25 21:00:00,5,0,2,0
IMG_002426,images/IMG_002426.png,2023-10-25 22:00:00,5,0,2,0
IMG_002427,images/IMG_002427.png,2023-10-25 23:00:00,5,0,2,0
IMG_002428,images/IMG_002428.png,2023-10-26 00:00:00,5,0,2,0
IMG_002429,images/IMG_002429.jpg,2023-10-06 22:00:00,4,0,0,0
IMG_002430,images/IMG_002430.png,2023-06-28 03:00:00,1,1,0,1
IMG_002431,images/IMG_002431.jpg,2023-10-26 01:00:00,5,0,2,0
IMG_002432,images/IMG_002432.jpg,2023-10-26 02:00:00,5,0,2,0
IMG_002433,images/IMG_002433.png,2023-09-05 23:00:00,3,2,0,1
IMG_002434,images/IMG_002434.png,2023-10-26 03:00:00,5,3,3,1
IMG_002435,images/IMG_002435.jpg,2023-09-06 00:00:00,3,2,0,1
IMG_002436,images/IMG_002436.jpg,2023-09-06 01:00:00,3,2,0,1
IMG_002437,images/IMG_002437.jpg,2023-10-26 04:00:00,5,0,2,0
IMG_002438,images/IMG_002438.png,2023-10-26 05:00:00,5,3,3,1
IMG_002439,images/IMG_002439.jpg,2023-10-26 06:00:00,5,0,2,0
IMG_002440,images/IMG_002440.png,2023-10-26 07:00:00,5,1,1,1
IMG_002441,images/IMG_002441.jpg,2023-08-07 22:00:00,2,2,0,1
IMG_002442,images/IMG_002442.png,2023-08-07 23:00:00,2,2,0,1
IMG_002443,images/IMG_002443.png,2023-08-08 00:00:00,2,2,0,1
IMG_002444,images/IMG_002444.png,2023-09-06 02:00:00,3,0,0,0
IMG_002445,images/IMG_002445.png,2023-10-26 08:00:00,5,0,2,0
IMG_002446,images/IMG_002446.png,2023-10-26 09:00:00,5,0,2,0
IMG_002447,images/IMG_002447.png,2023-10-26 10:00:00,5,1,1,1
IMG_002448,images/IMG_002448.jpg,2023-10-06 23:00:00,4,0,0,0
IMG_002449,images/IMG_002449.jpg,2023-09-06 03:00:00,3,2,0,1
IMG_002450,images/IMG_002450.jpg,2023-10-26 11:00:00,5,0,2,0
IMG_002451,images/IMG_002451.jpg,2023-10-07 00:00:00,4,0,0,0
IMG_002452,images/IMG_002452.jpg,2023-10-26 12:00:00,5,0,2,0
IMG_002453,images/IMG_002453.png,2023-09-06 04:00:00,3,2,0,1
IMG_002454,images/IMG_002454.jpg,2023-10-26 13:00:00,5,0,2,0
IMG_002455,images/IMG_002455.png,2023-10-26 14:00:00,5,3,3,1
IMG_002456,images/IMG_002456.png,2023-08-08 01:00:00,2,0,0,0
IMG_002457,images/IMG_002457.jpg,2023-10-26 15:00:00,5,0,2,0
IMG_002458,images/IMG_002458.jpg,2023-10-26 16:00:00,5,0,2,0
IMG_002459,images/IMG_002459.jpg,2023-06-05 07:00:00,0,0,0,0
IMG_002460,images/IMG_002460.png,2023-06-28 04:00:00,1,1,0,1
IMG_002461,images/IMG_002461.jpg,2023-10-26 17:00:00,5,0,2,0
IMG_002462,images/IMG_002462.jpg,2023-10-26 18:00:00,5,0,2,0
IMG_002463,images/IMG_002463.png,2023-10-26 19:00:00,5,1,1,1
IMG_002464,images/IMG_002464.jpg,2023-10-26 20:00:00,5,0,2,0
IMG_002465,images/IMG_002465.png,2023-06-28 05:00:00,1,1,0,1
IMG_002466,images/IMG_002466.jpg,2023-10-26 21:00:00,5,0,2,0
IMG_002467,images/IMG_002467.png,2023-09-06 05:00:00,3,2,0,1
IMG_002468,images/IMG_002468.png,2023-09-06 06:00:00,3,2,0,1
IMG_002469,images/IMG_002469.jpg,2023-08-08 02:00:00,2,2,0,1
IMG_002470,images/IMG_002470.png,2023-08-08 03:00:00,2,0,0,0
IMG_002471,images/IMG_002471.png,2023-10-26 22:00:00,5,1,1,1
IMG_002472,images/IMG_002472.jpg,2023-10-07 01:00:00,4,0,0,0
IMG_002473,images/IMG_002473.png,2023-10-26 23:00:00,5,0,2,0
IMG_002474,images/IMG_002474.jpg,2023-10-07 02:00:00,4,0,0,0
IMG_002475,images/IMG_002475.jpg,2023-09-06 07:00:00,3,2,0,1
IMG_002476,images/IMG_002476.png,2023-10-27 00:00:00,5,3,3,1
IMG_002477,images/IMG_002477.jpg,2023-10-07 03:00:00,4,0,0,0
IMG_002478,images/IMG_002478.jpg,2023-09-06 08:00:00,3,2,0,1
IMG_002479,images/IMG_002479.jpg,2023-06-28 06:00:00,1,0,0,0
IMG_002480,images/IMG_002480.png,2023-10-27 01:00:00,5,1,1,1
IMG_002481,images/IMG_002481.jpg,2023-10-07 04:00:00,4,0,0,0
IMG_002482,images/IMG_002482.png,2023-06-28 07:00:00,1,1,0,1
IMG_002483,images/IMG_002483.png,2023-08-08 04:00:00,2,1,0,1
IMG_002484,images/IMG_002484.png,2023-10-27 02:00:00,5,0,2,0
IMG_002485,images/IMG_002485.png,2023-10-27 03:00:00,5,0,2,0
IMG_002486,images/IMG_002486.png,2023-09-06 09:00:00,3,1,0,1
IMG_002487,images/IMG_002487.jpg,2023-09-06 10:00:00,3,0,0,0
IMG_002488,images/IMG_002488.png,2023-10-27 04:00:00,5,1,1,1
IMG_002489,images/IMG_002489.png,2023-10-27 05:00:00,5,0,2,0
IMG_002490,images/IMG_002490.jpg,2023-10-07 05:00:00,4,0,0,0
IMG_002491,images/IMG_002491.jpg,2023-10-27 06:00:00,5,0,2,0
IMG_002492,images/IMG_002492.jpg,2023-10-07 06:00:00,4,0,0,0
IMG_002493,images/IMG_002493.jpg,2023-09-06 11:00:00,3,2,0,1
IMG_002494,images/IMG_002494.jpg,2023-08-08 05:00:00,2,2,0,1
IMG_002495,images/IMG_002495.jpg,2023-10-07 07:00:00,4,0,0,0
IMG_002496,images/IMG_002496.png,2023-10-27 07:00:00,5,1,1,1
IMG_002497,images/IMG_002497.png,2023-10-27 08:00:00,5,0,2,0
IMG_002498,images/IMG_002498.png,2023-10-27 09:00:00,5,0,2,0
IMG_002499,images/IMG_002499.jpg,2023-10-27 10:00:00,5,0,2,0
IMG_002500,images/IMG_002500.png,2023-06-28 08:00:00,1,0,0,0
IMG_002501,images/IMG_002501.png,2023-06-28 09:00:00,1,0,0,0
IMG_002502,images/IMG_002502.png,2023-09-06 12:00:00,3,1,0,1
IMG_002503,images/IMG_002503.jpg,2023-10-27 11:00:00,5,0,2,0
IMG_002504,images/IMG_002504.png,2023-09-06 13:00:00,3,2,0,1
IMG_002505,images/IMG_002505.jpg,2023-08-08 06:00:00,2,2,0,1
IMG_002506,images/IMG_002506.jpg,2023-10-27 12:00:00,5,0,2,0
IMG_002507,images/IMG_002507.jpg,2023-10-27 13:00:00,5,0,2,0
IMG_002508,images/IMG_002508.png,2023-09-06 14:00:00,3,2,0,1
IMG_002509,images/IMG_002509.jpg,2023-10-27 14:00:00,5,0,2,0
IMG_002510,images/IMG_002510.jpg,2023-10-27 15:00:00,5,0,2,0
IMG_002511,images/IMG_002511.png,2023-09-06 15:00:00,3,1,0,1
IMG_002512,images/IMG_002512.png,2023-08-08 07:00:00,2,2,0,1
IMG_002513,images/IMG_002513.jpg,2023-10-07 08:00:00,4,0,0,0
IMG_002514,images/IMG_002514.jpg,2023-08-08 08:00:00,2,2,0,1
IMG_002515,images/IMG_002515.jpg,2023-08-08 09:00:00,2,0,0,0
IMG_002516,images/IMG_002516.png,2023-08-08 10:00:00,2,2,0,1
IMG_002517,images/IMG_002517.png,2023-10-27 16:00:00,5,1,1,1
IMG_002518,images/IMG_002518.jpg,2023-10-07 09:00:00,4,0,0,0
IMG_002519,images/IMG_002519.png,2023-09-06 16:00:00,3,0,0,0
IMG_002520,images/IMG_002520.png,2023-10-27 17:00:00,5,1,1,1
IMG_002521,images/IMG_002521.jpg,2023-10-07 10:00:00,4,0,0,0
IMG_002522,images/IMG_002522.png,2023-09-06 17:00:00,3,2,0,1
IMG_002523,images/IMG_002523.jpg,2023-10-07 11:00:00,4,0,0,0
IMG_002524,images/IMG_002524.jpg,2023-08-08 11:00:00,2,0,0,0
IMG_002525,images/IMG_002525.jpg,2023-10-27 18:00:00,5,0,2,0
IMG_002526,images/IMG_002526.png,2023-10-27 19:00:00,5,1,1,1
IMG_002527,images/IMG_002527.jpg,2023-10-07 12:00:00,4,0,0,0
IMG_002528,images/IMG_002528.png,2023-06-05 08:00:00,0,0,0,0
IMG_002529,images/IMG_002529.png,2023-10-27 20:00:00,5,1,1,1
IMG_002530,images/IMG_002530.png,2023-10-27 21:00:00,5,1,1,1
IMG_002531,images/IMG_002531.jpg,2023-08-08 12:00:00,2,2,0,1
IMG_002532,images/IMG_002532.png,2023-08-08 13:00:00,2,2,0,1
IMG_002533,images/IMG_002533.jpg,2023-10-07 13:00:00,4,0,0,0
IMG_002534,images/IMG_002534.png,2023-08-08 14:00:00,2,2,0,1
IMG_002535,images/IMG_002535.jpg,2023-10-07 14:00:00,4,0,0,0
IMG_002536,images/IMG_002536.jpg,2023-10-27 22:00:00,5,0,2,0
IMG_002537,images/IMG_002537.png,2023-09-06 18:00:00,3,2,0,1
IMG_002538,images/IMG_002538.jpg,2023-10-07 15:00:00,4,0,0,0
IMG_002539,images/IMG_002539.png,2023-10-27 23:00:00,5,1,1,1
IMG_002540,images/IMG_002540.jpg,2023-09-06 19:00:00,3,0,0,0
IMG_002541,images/IMG_002541.jpg,2023-10-28 00:00:00,5,0,2,0
IMG_002542,images/IMG_002542.jpg,2023-10-28 01:00:00,5,0,2,0
IMG_002543,images/IMG_002543.png,2023-06-28 10:00:00,1,1,0,1
IMG_002544,images/IMG_002544.png,2023-08-08 15:00:00,2,1,0,1
IMG_002545,images/IMG_002545.png,2023-08-08 16:00:00,2,1,0,1
IMG_002546,images/IMG_002546.png,2023-08-08 17:00:00,2,2,0,1
IMG_002547,images/IMG_002547.jpg,2023-09-06 20:00:00,3,0,0,0
IMG_002548,images/IMG_002548.png,2023-08-08 18:00:00,2,2,0,1
IMG_002549,images/IMG_002549.jpg,2023-08-08 19:00:00,2,0,0,0
IMG_002550,images/IMG_002550.png,2023-06-05 09:00:00,0,0,0,0
IMG_002551,images/IMG_002551.jpg,2023-10-07 16:00:00,4,0,0,0
IMG_002552,images/IMG_002552.png,2023-06-05 10:00:00,0,0,0,0
IMG_002553,images/IMG_002553.png,2023-08-08 20:00:00,2,1,0,1
IMG_002554,images/IMG_002554.png,2023-06-28 11:00:00,1,0,0,0
IMG_002555,images/IMG_002555.jpg,2023-09-06 21:00:00,3,2,0,1
IMG_002556,images/IMG_002556.png,2023-08-08 21:00:00,2,1,0,1
IMG_002557,images/IMG_002557.png,2023-08-08 22:00:00,2,1,0,1
IMG_002558,images/IMG_002558.jpg,2023-10-07 17:00:00,4,0,0,0
IMG_002559,images/IMG_002559.png,2023-06-05 11:00:00,0,0,0,0
IMG_002560,images/IMG_002560.png,2023-10-28 02:00:00,5,1,1,1
IMG_002561,images/IMG_002561.jpg,2023-10-28 03:00:00,5,0,2,0
IMG_002562,images/IMG_002562.png,2023-10-28 04:00:00,5,0,2,0
IMG_002563,images/IMG_002563.jpg,2023-10-28 05:00:00,5,0,2,0
IMG_002564,images/IMG_002564.png,2023-10-28 06:00:00,5,0,2,0
IMG_002565,images/IMG_002565.png,2023-08-08 23:00:00,2,0,0,0
IMG_002566,images/IMG_002566.png,2023-10-28 07:00:00,5,3,3,1
IMG_002567,images/IMG_002567.jpg,2023-10-28 08:00:00,5,0,2,0
IMG_002568,images/IMG_002568.png,2023-06-28 12:00:00,1,1,0,1
IMG_002569,images/IMG_002569.png,2023-10-28 09:00:00,5,3,3,1
IMG_002570,images/IMG_002570.png,2023-06-05 12:00:00,0,0,0,0
IMG_002571,images/IMG_002571.png,2023-10-28 10:00:00,5,1,1,1
IMG_002572,images/IMG_002572.png,2023-09-06 22:00:00,3,0,0,0
IMG_002573,images/IMG_002573.jpg,2023-10-28 11:00:00,5,0,2,0
IMG_002574,images/IMG_002574.jpg,2023-10-28 12:00:00,5,0,2,0
IMG_002575,images/IMG_002575.jpg,2023-10-28 13:00:00,5,0,2,0
IMG_002576,images/IMG_002576.png,2023-08-09 00:00:00,2,2,0,1
IMG_002577,images/IMG_002577.png,2023-10-28 14:00:00,5,1,1,1
IMG_002578,images/IMG_002578.png,2023-08-09 01:00:00,2,1,0,1
IMG_002579,images/IMG_002579.jpg,2023-10-28 15:00:00,5,0,2,0
IMG_002580,images/IMG_002580.png,2023-10-28 16:00:00,5,0,2,0
IMG_002581,images/IMG_002581.png,2023-10-28 17:00:00,5,0,2,0
IMG_002582,images/IMG_002582.png,2023-10-28 18:00:00,5,0,2,0
IMG_002583,images/IMG_002583.png,2023-09-06 23:00:00,3,2,0,1
IMG_002584,images/IMG_002584.png,2023-08-09 02:00:00,2,1,0,1
IMG_002585,images/IMG_002585.png,2023-09-07 00:00:00,3,2,0,1
IMG_002586,images/IMG_002586.jpg,2023-10-07 18:00:00,4,0,0,0
IMG_002587,images/IMG_002587.jpg,2023-08-09 03:00:00,2,2,0,1
IMG_002588,images/IMG_002588.png,2023-09-07 01:00:00,3,2,0,1
IMG_002589,images/IMG_002589.jpg,2023-10-28 19:00:00,5,0,2,0
IMG_002590,images/IMG_002590.png,2023-10-28 20:00:00,5,3,3,1
IMG_002591,images/IMG_002591.png,2023-10-28 21:00:00,5,1,1,1
IMG_002592,images/IMG_002592.png,2023-10-28 22:00:00,5,3,3,1
IMG_002593,images/IMG_002593.png,2023-10-28 23:00:00,5,1,1,1
IMG_002594,images/IMG_002594.png,2023-09-07 02:00:00,3,2,0,1
IMG_002595,images/IMG_002595.png,2023-10-29 00:00:00,5,0,2,0
IMG_002596,images/IMG_002596.png,2023-10-29 01:00:00,5,1,1,1
IMG_002597,images/IMG_002597.jpg,2023-10-07 19:00:00,4,0,0,0
IMG_002598,images/IMG_002598.jpg,2023-10-07 20:00:00,4,0,0,0
IMG_002599,images/IMG_002599.jpg,2023-10-07 21:00:00,4,0,0,0
IMG_002600,images/IMG_002600.png,2023-08-09 04:00:00,2,2,0,1
IMG_002601,images/IMG_002601.png,2023-09-07 03:00:00,3,2,0,1
IMG_002602,images/IMG_002602.png,2023-09-07 04:00:00,3,2,0,1
IMG_002603,images/IMG_002603.png,2023-10-29 02:00:00,5,1,1,1
IMG_002604,images/IMG_002604.png,2023-10-29 03:00:00,5,3,3,1
IMG_002605,images/IMG_002605.jpg,2023-10-29 04:00:00,5,0,2,0
IMG_002606,images/IMG_002606.jpg,2023-09-07 05:00:00,3,2,0,1
IMG_002607,images/IMG_002607.jpg,2023-10-29 05:00:00,5,0,2,0
IMG_002608,images/IMG_002608.jpg,2023-10-29 06:00:00,5,0,2,0
IMG_002609,images/IMG_002609.png,2023-10-29 07:00:00,5,0,2,0
IMG_002610,images/IMG_002610.png,2023-08-09 05:00:00,2,0,0,0
IMG_002611,images/IMG_002611.png,2023-09-07 06:00:00,3,1,0,1
IMG_002612,images/IMG_002612.jpg,2023-10-07 22:00:00,4,0,0,0
IMG_002613,images/IMG_002613.jpg,2023-10-07 23:00:00,4,0,0,0
IMG_002614,images/IMG_002614.jpg,2023-10-08 00:00:00,4,0,0,0
IMG_002615,images/IMG_002615.jpg,2023-10-08 01:00:00,4,0,0,0
IMG_002616,images/IMG_002616.jpg,2023-10-29 08:00:00,5,0,2,0
IMG_002617,images/IMG_002617.png,2023-10-29 09:00:00,5,0,2,0
IMG_002618,images/IMG_002618.png,2023-09-07 07:00:00,3,0,0,0
IMG_002619,images/IMG_002619.png,2023-10-29 10:00:00,5,3,3,1
IMG_002620,images/IMG_002620.jpg,2023-08-09 06:00:00,2,2,0,1
IMG_002621,images/IMG_002621.jpg,2023-10-08 02:00:00,4,0,0,0
IMG_002622,images/IMG_002622.png,2023-09-07 08:00:00,3,2,0,1
IMG_002623,images/IMG_002623.png,2023-10-29 11:00:00,5,0,2,0
IMG_002624,images/IMG_002624.jpg,2023-10-08 03:00:00,4,0,0,0
IMG_002625,images/IMG_002625.png,2023-09-07 09:00:00,3,0,0,0
IMG_002626,images/IMG_002626.png,2023-09-07 10:00:00,3,1,0,1
IMG_002627,images/IMG_002627.png,2023-10-29 12:00:00,5,1,1,1
IMG_002628,images/IMG_002628.jpg,2023-10-08 04:00:00,4,0,0,0
IMG_002629,images/IMG_002629.jpg,2023-09-07 11:00:00,3,2,0,1
IMG_002630,images/IMG_002630.png,2023-10-29 13:00:00,5,3,3,1
IMG_002631,images/IMG_002631.jpg,2023-10-08 05:00:00,4,0,0,0
IMG_002632,images/IMG_002632.png,2023-06-05 13:00:00,0,0,0,0
IMG_002633,images/IMG_002633.jpg,2023-10-29 14:00:00,5,0,2,0
IMG_002634,images/IMG_002634.png,2023-09-07 12:00:00,3,0,0,0
IMG_002635,images/IMG_002635.jpg,2023-10-29 15:00:00,5,0,2,0
IMG_002636,images/IMG_002636.png,2023-09-07 13:00:00,3,2,0,1
IMG_002637,images/IMG_002637.jpg,2023-06-28 13:00:00,1,0,0,0
IMG_002638,images/IMG_002638.jpg,2023-10-08 06:00:00,4,0,0,0
IMG_002639,images/IMG_002639.jpg,2023-06-05 14:00:00,0,0,0,0
IMG_002640,images/IMG_002640.png,2023-10-29 16:00:00,5,1,1,1
IMG_002641,images/IMG_002641.jpg,2023-09-07 14:00:00,3,2,0,1
IMG_002642,images/IMG_002642.png,2023-10-29 17:00:00,5,1,1,1
IMG_002643,images/IMG_002643.png,2023-09-07 15:00:00,3,2,0,1
IMG_002644,images/IMG_002644.jpg,2023-10-29 18:00:00,5,0,2,0
IMG_002645,images/IMG_002645.png,2023-08-09 07:00:00,2,0,0,0
IMG_002646,images/IMG_002646.png,2023-10-29 19:00:00,5,1,1,1
IMG_002647,images/IMG_002647.jpg,2023-08-09 08:00:00,2,0,0,0
IMG_002648,images/IMG_002648.png,2023-10-29 20:00:00,5,1,1,1
IMG_002649,images/IMG_002649.jpg,2023-08-09 09:00:00,2,0,0,0
IMG_002650,images/IMG_002650.png,2023-06-28 14:00:00,1,1,0,1
IMG_002651,images/IMG_002651.png,2023-08-09 10:00:00,2,0,0,0
IMG_002652,images/IMG_002652.png,2023-08-09 11:00:00,2,2,0,1
IMG_002653,images/IMG_002653.jpg,2023-10-29 21:00:00,5,0,2,0
IMG_002654,images/IMG_002654.jpg,2023-10-29 22:00:00,5,0,2,0
IMG_002655,images/IMG_002655.jpg,2023-10-08 07:00:00,4,0,0,0
IMG_002656,images/IMG_002656.jpg,2023-10-29 23:00:00,5,0,2,0
IMG_002657,images/IMG_002657.jpg,2023-10-08 08:00:00,4,0,0,0
IMG_002658,images/IMG_002658.jpg,2023-09-07 16:00:00,3,2,0,1
IMG_002659,images/IMG_002659.png,2023-10-30 00:00:00,5,3,3,1
IMG_002660,images/IMG_002660.png,2023-10-30 01:00:00,5,3,3,1
IMG_002661,images/IMG_002661.png,2023-09-07 17:00:00,3,0,0,0
IMG_002662,images/IMG_002662.png,2023-10-30 02:00:00,5,3,3,1
IMG_002663,images/IMG_002663.png,2023-06-28 15:00:00,1,1,0,1
IMG_002664,images/IMG_002664.png,2023-10-30 03:00:00,5,0,2,0
IMG_002665,images/IMG_002665.jpg,2023-06-05 15:00:00,0,0,0,0
IMG_002666,images/IMG_002666.jpg,2023-08-09 12:00:00,2,2,0,1
IMG_002667,images/IMG_002667.png,2023-08-09 13:00:00,2,2,0,1
IMG_002668,images/IMG_002668.png,2023-08-09 14:00:00,2,2,0,1
IMG_002669,images/IMG_002669.jpg,2023-10-08 09:00:00,4,0,0,0
IMG_002670,images/IMG_002670.jpg,2023-09-07 18:00:00,3,2,0,1
IMG_002671,images/IMG_002671.png,2023-09-07 19:00:00,3,0,0,0
IMG_002672,images/IMG_002672.jpg,2023-10-30 04:00:00,5,0,2,0
IMG_002673,images/IMG_002673.png,2023-09-07 20:00:00,3,1,0,1
IMG_002674,images/IMG_002674.png,2023-08-09 15:00:00,2,1,0,1
IMG_002675,images/IMG_002675.jpg,2023-08-09 16:00:00,2,2,0,1
IMG_002676,images/IMG_002676.png,2023-08-09 17:00:00,2,2,0,1
IMG_002677,images/IMG_002677.png,2023-08-09 18:00:00,2,2,0,1
IMG_002678,images/IMG_002678.jpg,2023-10-30 05:00:00,5,0,2,0
IMG_002679,images/IMG_002679.png,2023-09-07 21:00:00,3,2,0,1
IMG_002680,images/IMG_002680.png,2023-10-30 06:00:00,5,0,2,0
IMG_002681,images/IMG_002681.png,2023-08-09 19:00:00,2,2,0,1
IMG_002682,images/IMG_002682.jpg,2023-10-30 07:00:00,5,0,2,0
IMG_002683,images/IMG_002683.jpg,2023-10-30 08:00:00,5,0,2,0
IMG_002684,images/IMG_002684.jpg,2023-10-30 09:00:00,5,0,2,0
IMG_002685,images/IMG_002685.jpg,2023-08-09 20:00:00,2,2,0,1
IMG_002686,images/IMG_002686.png,2023-08-09 21:00:00,2,1,0,1
IMG_002687,images/IMG_002687.png,2023-09-07 22:00:00,3,2,0,1
IMG_002688,images/IMG_002688.png,2023-06-05 16:00:00,0,0,0,0
IMG_002689,images/IMG_002689.png,2023-09-07 23:00:00,3,0,0,0
IMG_002690,images/IMG_002690.jpg,2023-08-09 22:00:00,2,2,0,1
IMG_002691,images/IMG_002691.jpg,2023-09-08 00:00:00,3,2,0,1
IMG_002692,images/IMG_002692.png,2023-08-09 23:00:00,2,2,0,1
IMG_002693,images/IMG_002693.png,2023-09-08 01:00:00,3,2,0,1
IMG_002694,images/IMG_002694.jpg,2023-10-30 10:00:00,5,0,2,0
IMG_002695,images/IMG_002695.jpg,2023-10-30 11:00:00,5,0,2,0
IMG_002696,images/IMG_002696.png,2023-10-30 12:00:00,5,0,2,0
IMG_002697,images/IMG_002697.jpg,2023-10-30 13:00:00,5,0,2,0
IMG_002698,images/IMG_002698.png,2023-10-30 14:00:00,5,1,1,1
IMG_002699,images/IMG_002699.jpg,2023-08-10 00:00:00,2,2,0,1
IMG_002700,images/IMG_002700.jpg,2023-08-10 01:00:00,2,2,0,1
IMG_002701,images/IMG_002701.jpg,2023-08-10 02:00:00,2,2,0,1
IMG_002702,images/IMG_002702.jpg,2023-10-08 10:00:00,4,0,0,0
IMG_002703,images/IMG_002703.jpg,2023-10-30 15:00:00,5,0,2,0
IMG_002704,images/IMG_002704.png,2023-10-30 16:00:00,5,1,1,1
IMG_002705,images/IMG_002705.png,2023-10-30 17:00:00,5,1,1,1
IMG_002706,images/IMG_002706.jpg,2023-10-08 11:00:00,4,0,0,0
IMG_002707,images/IMG_002707.jpg,2023-06-05 17:00:00,0,0,0,0
IMG_002708,images/IMG_002708.jpg,2023-10-08 12:00:00,4,0,0,0
IMG_002709,images/IMG_002709.png,2023-10-30 18:00:00,5,3,3,1
IMG_002710,images/IMG_002710.png,2023-10-30 19:00:00,5,1,1,1
IMG_002711,images/IMG_002711.png,2023-10-30 20:00:00,5,3,3,1
IMG_002712,images/IMG_002712.png,2023-10-30 21:00:00,5,1,1,1
IMG_002713,images/IMG_002713.jpg,2023-08-10 03:00:00,2,2,0,1
IMG_002714,images/IMG_002714.jpg,2023-10-30 22:00:00,5,0,2,0
IMG_002715,images/IMG_002715.png,2023-08-10 04:00:00,2,2,0,1
IMG_002716,images/IMG_002716.jpg,2023-09-08 02:00:00,3,2,0,1
IMG_002717,images/IMG_002717.jpg,2023-10-08 13:00:00,4,0,0,0
IMG_002718,images/IMG_002718.png,2023-06-28 16:00:00,1,1,0,1
IMG_002719,images/IMG_002719.png,2023-09-08 03:00:00,3,2,0,1
IMG_002720,images/IMG_002720.png,2023-06-28 17:00:00,1,0,0,0
IMG_002721,images/IMG_002721.jpg,2023-10-08 14:00:00,4,0,0,0
IMG_002722,images/IMG_002722.jpg,2023-10-30 23:00:00,5,0,2,0
IMG_002723,images/IMG_002723.jpg,2023-10-31 00:00:00,5,0,2,0
IMG_002724,images/IMG_002724.png,2023-10-31 01:00:00,5,1,1,1
IMG_002725,images/IMG_002725.png,2023-06-28 18:00:00,1,0,0,0
IMG_002726,images/IMG_002726.png,2023-10-31 02:00:00,5,3,3,1
IMG_002727,images/IMG_002727.png,2023-10-31 03:00:00,5,1,1,1
IMG_002728,images/IMG_002728.jpg,2023-10-08 15:00:00,4,0,0,0
IMG_002729,images/IMG_002729.png,2023-10-31 04:00:00,5,3,3,1
IMG_002730,images/IMG_002730.png,2023-09-08 04:00:00,3,0,0,0
IMG_002731,images/IMG_002731.jpg,2023-10-31 05:00:00,5,0,2,0
IMG_002732,images/IMG_002732.jpg,2023-10-08 16:00:00,4,0,0,0
IMG_002733,images/IMG_002733.jpg,2023-10-08 17:00:00,4,0,0,0
IMG_002734,images/IMG_002734.png,2023-09-08 05:00:00,3,1,0,1
IMG_002735,images/IMG_002735.jpg,2023-10-31 06:00:00,5,0,2,0
IMG_002736,images/IMG_002736.png,2023-10-31 07:00:00,5,3,3,1
IMG_002737,images/IMG_002737.png,2023-10-31 08:00:00,5,3,3,1
IMG_002738,images/IMG_002738.jpg,2023-10-08 18:00:00,4,0,0,0
IMG_002739,images/IMG_002739.png,2023-06-28 19:00:00,1,1,0,1
IMG_002740,images/IMG_002740.png,2023-09-08 06:00:00,3,2,0,1
IMG_002741,images/IMG_002741.png,2023-09-08 07:00:00,3,1,0,1
IMG_002742,images/IMG_002742.png,2023-09-08 08:00:00,3,2,0,1
IMG_002743,images/IMG_002743.png,2023-10-31 09:00:00,5,0,2,0
IMG_002744,images/IMG_002744.png,2023-10-31 10:00:00,5,1,1,1
IMG_002745,images/IMG_002745.png,2023-08-10 05:00:00,2,0,0,0
IMG_002746,images/IMG_002746.png,2023-10-31 11:00:00,5,0,2,0
IMG_002747,images/IMG_002747.jpg,2023-10-08 19:00:00,4,0,0,0
IMG_002748,images/IMG_002748.jpg,2023-10-31 12:00:00,5,0,2,0
IMG_002749,images/IMG_002749.png,2023-08-10 06:00:00,2,2,0,1
IMG_002750,images/IMG_002750.jpg,2023-08-10 07:00:00,2,2,0,1
IMG_002751,images/IMG_002751.png,2023-10-31 13:00:00,5,1,1,1
IMG_002752,images/IMG_002752.jpg,2023-10-31 14:00:00,5,0,2,0
IMG_002753,images/IMG_002753.png,2023-06-28 20:00:00,1,0,0,0
IMG_002754,images/IMG_002754.jpg,2023-08-10 08:00:00,2,2,0,1
IMG_002755,images/IMG_002755.png,2023-06-05 18:00:00,0,0,0,0
IMG_002756,images/IMG_002756.jpg,2023-09-08 09:00:00,3,0,0,0
IMG_002757,images/IMG_002757.png,2023-10-31 15:00:00,5,0,2,0
IMG_002758,images/IMG_002758.jpg,2023-10-08 20:00:00,4,0,0,0
IMG_002759,images/IMG_002759.jpg,2023-08-10 09:00:00,2,2,0,1
IMG_002760,images/IMG_002760.jpg,2023-09-08 10:00:00,3,2,0,1
IMG_002761,images/IMG_002761.png,2023-10-31 16:00:00,5,1,1,1
IMG_002762,images/IMG_002762.jpg,2023-10-31 17:00:00,5,0,2,0
IMG_002763,images/IMG_002763.png,2023-10-31 18:00:00,5,1,1,1
IMG_002764,images/IMG_002764.png,2023-10-31 19:00:00,5,0,2,0
IMG_002765,images/IMG_002765.jpg,2023-10-31 20:00:00,5,0,2,0
IMG_002766,images/IMG_002766.jpg,2023-10-08 21:00:00,4,0,0,0
IMG_002767,images/IMG_002767.png,2023-08-10 10:00:00,2,2,0,1
IMG_002768,images/IMG_002768.png,2023-10-31 21:00:00,5,1,1,1
IMG_002769,images/IMG_002769.jpg,2023-10-08 22:00:00,4,0,0,0
IMG_002770,images/IMG_002770.jpg,2023-10-08 23:00:00,4,0,0,0
IMG_002771,images/IMG_002771.png,2023-09-08 11:00:00,3,2,0,1
IMG_002772,images/IMG_002772.png,2023-10-31 22:00:00,5,3,3,1
IMG_002773,images/IMG_002773.jpg,2023-10-09 00:00:00,4,0,0,0
IMG_002774,images/IMG_002774.jpg,2023-10-09 01:00:00,4,0,0,0
IMG_002775,images/IMG_002775.jpg,2023-10-31 23:00:00,5,0,2,0
IMG_002776,images/IMG_002776.png,2023-11-01 00:00:00,5,3,3,1
IMG_002777,images/IMG_002777.png,2023-11-01 01:00:00,5,1,1,1
IMG_002778,images/IMG_002778.png,2023-09-08 12:00:00,3,2,0,1
IMG_002779,images/IMG_002779.png,2023-09-08 13:00:00,3,2,0,1
IMG_002780,images/IMG_002780.jpg,2023-11-01 02:00:00,5,0,2,0
IMG_002781,images/IMG_002781.jpg,2023-11-01 03:00:00,5,0,2,0
IMG_002782,images/IMG_002782.png,2023-09-08 14:00:00,3,2,0,1
IMG_002783,images/IMG_002783.png,2023-08-10 11:00:00,2,2,0,1
IMG_002784,images/IMG_002784.png,2023-09-08 15:00:00,3,1,0,1
IMG_002785,images/IMG_002785.png,2023-06-05 19:00:00,0,0,0,0
IMG_002786,images/IMG_002786.png,2023-11-01 04:00:00,5,3,3,1
IMG_002787,images/IMG_002787.png,2023-08-10 12:00:00,2,2,0,1
IMG_002788,images/IMG_002788.jpg,2023-10-09 02:00:00,4,0,0,0
IMG_002789,images/IMG_002789.png,2023-06-28 21:00:00,1,0,0,0
IMG_002790,images/IMG_002790.jpg,2023-11-01 05:00:00,5,0,2,0
IMG_002791,images/IMG_002791.png,2023-11-01 06:00:00,5,0,2,0
IMG_002792,images/IMG_002792.jpg,2023-09-08 16:00:00,3,2,0,1
IMG_002793,images/IMG_002793.jpg,2023-11-01 07:00:00,5,0,2,0
IMG_002794,images/IMG_002794.png,2023-06-05 20:00:00,0,0,0,0
IMG_002795,images/IMG_002795.jpg,2023-10-09 03:00:00,4,0,0,0
IMG_002796,images/IMG_002796.jpg,2023-08-10 13:00:00,2,0,0,0
IMG_002797,images/IMG_002797.png,2023-11-01 08:00:00,5,1,1,1
IMG_002798,images/IMG_002798.jpg,2023-10-09 04:00:00,4,0,0,0
IMG_002799,images/IMG_002799.jpg,2023-10-09 05:00:00,4,0,0,0
IMG_002800,images/IMG_002800.jpg,2023-10-09 06:00:00,4,0,0,0
IMG_002801,images/IMG_002801.png,2023-11-01 09:00:00,5,1,1,1
IMG_002802,images/IMG_002802.jpg,2023-11-01 10:00:00,5,0,2,0
IMG_002803,images/IMG_002803.png,2023-06-05 21:00:00,0,0,0,0
IMG_002804,images/IMG_002804.jpg,2023-10-09 07:00:00,4,0,0,0
IMG_002805,images/IMG_002805.png,2023-11-01 11:00:00,5,0,2,0
IMG_002806,images/IMG_002806.jpg,2023-08-10 14:00:00,2,2,0,1
IMG_002807,images/IMG_002807.png,2023-11-01 12:00:00,5,0,2,0
IMG_002808,images/IMG_002808.jpg,2023-09-08 17:00:00,3,2,0,1
IMG_002809,images/IMG_002809.jpg,2023-11-01 13:00:00,5,0,2,0
IMG_002810,images/IMG_002810.png,2023-11-01 14:00:00,5,0,2,0
IMG_002811,images/IMG_002811.jpg,2023-10-09 08:00:00,4,0,0,0
IMG_002812,images/IMG_002812.jpg,2023-11-01 15:00:00,5,0,2,0
IMG_002813,images/IMG_002813.jpg,2023-11-01 16:00:00,5,0,2,0
IMG_002814,images/IMG_002814.png,2023-09-08 18:00:00,3,1,0,1
IMG_002815,images/IMG_002815.png,2023-11-01 17:00:00,5,3,3,1
IMG_002816,images/IMG_002816.jpg,2023-11-01 18:00:00,5,0,2,0
IMG_002817,images/IMG_002817.jpg,2023-08-10 15:00:00,2,2,0,1
IMG_002818,images/IMG_002818.jpg,2023-11-01 19:00:00,5,0,2,0
IMG_002819,images/IMG_002819.jpg,2023-11-01 20:00:00,5,0,2,0
IMG_002820,images/IMG_002820.jpg,2023-11-01 21:00:00,5,0,2,0
IMG_002821,images/IMG_002821.png,2023-08-10 16:00:00,2,0,0,0
IMG_002822,images/IMG_002822.jpg,2023-10-09 09:00:00,4,0,0,0
IMG_002823,images/IMG_002823.png,2023-06-28 22:00:00,1,0,0,0
IMG_002824,images/IMG_002824.png,2023-08-10 17:00:00,2,2,0,1
IMG_002825,images/IMG_002825.png,2023-08-10 18:00:00,2,0,0,0
IMG_002826,images/IMG_002826.png,2023-11-01 22:00:00,5,0,2,0
IMG_002827,images/IMG_002827.png,2023-09-08 19:00:00,3,0,0,0
IMG_002828,images/IMG_002828.jpg,2023-11-01 23:00:00,5,0,2,0
IMG_002829,images/IMG_002829.jpg,2023-10-09 10:00:00,4,0,0,0
IMG_002830,images/IMG_002830.png,2023-09-08 20:00:00,3,0,0,0
IMG_002831,images/IMG_002831.png,2023-11-02 00:00:00,5,3,3,1
IMG_002832,images/IMG_002832.jpg,2023-10-09 11:00:00,4,0,0,0
IMG_002833,images/IMG_002833.jpg,2023-09-08 21:00:00,3,2,0,1
IMG_002834,images/IMG_002834.png,2023-11-02 01:00:00,5,1,1,1
IMG_002835,images/IMG_002835.png,2023-11-02 02:00:00,5,0,2,0
IMG_002836,images/IMG_002836.jpg,2023-11-02 03:00:00,5,0,2,0
IMG_002837,images/IMG_002837.png,2023-08-10 19:00:00,2,1,0,1
IMG_002838,images/IMG_002838.jpg,2023-11-02 04:00:00,5,0,2,0
IMG_002839,images/IMG_002839.jpg,2023-10-09 12:00:00,4,0,0,0
IMG_002840,images/IMG_002840.jpg,2023-08-10 20:00:00,2,2,0,1
IMG_002841,images/IMG_002841.png,2023-11-02 05:00:00,5,3,3,1
IMG_002842,images/IMG_002842.png,2023-09-08 22:00:00,3,2,0,1
IMG_002843,images/IMG_002843.jpg,2023-10-09 13:00:00,4,0,0,0
IMG_002844,images/IMG_002844.jpg,2023-10-09 14:00:00,4,0,0,0
IMG_002845,images/IMG_002845.png,2023-11-02 06:00:00,5,0,2,0
IMG_002846,images/IMG_002846.png,2023-11-02 07:00:00,5,0,2,0
IMG_002847,images/IMG_002847.png,2023-11-02 08:00:00,5,0,2,0
IMG_002848,images/IMG_002848.png,2023-06-28 23:00:00,1,1,0,1
IMG_002849,images/IMG_002849.jpg,2023-11-02 09:00:00,5,0,2,0
IMG_002850,images/IMG_002850.png,2023-08-10 21:00:00,2,0,0,0
IMG_002851,images/IMG_002851.jpg,2023-08-10 22:00:00,2,2,0,1
IMG_002852,images/IMG_002852.jpg,2023-11-02 10:00:00,5,0,2,0
IMG_002853,images/IMG_002853.jpg,2023-10-09 15:00:00,4,0,0,0
IMG_002854,images/IMG_002854.png,2023-11-02 11:00:00,5,1,1,1
IMG_002855,images/IMG_002855.png,2023-08-10 23:00:00,2,2,0,1
IMG_002856,images/IMG_002856.jpg,2023-08-11 00:00:00,2,2,0,1
IMG_002857,images/IMG_002857.png,2023-11-02 12:00:00,5,1,1,1
IMG_002858,images/IMG_002858.jpg,2023-11-02 13:00:00,5,0,2,0
IMG_002859,images/IMG_002859.png,2023-09-08 23:00:00,3,2,0,1
IMG_002860,images/IMG_002860.png,2023-11-02 14:00:00,5,1,1,1
IMG_002861,images/IMG_002861.png,2023-11-02 15:00:00,5,3,3,1
IMG_002862,images/IMG_002862.png,2023-06-05 22:00:00,0,0,0,0
IMG_002863,images/IMG_002863.jpg,2023-08-11 01:00:00,2,2,0,1
IMG_002864,images/IMG_002864.png,2023-08-11 02:00:00,2,1,0,1
IMG_002865,images/IMG_002865.jpg,2023-09-09 00:00:00,3,2,0,1
IMG_002866,images/IMG_002866.png,2023-11-02 16:00:00,5,1,1,1
IMG_002867,images/IMG_002867.jpg,2023-11-02 17:00:00,5,0,2,0
IMG_002868,images/IMG_002868.jpg,2023-10-09 16:00:00,4,0,0,0
IMG_002869,images/IMG_002869.png,2023-11-02 18:00:00,5,0,2,0
IMG_002870,images/IMG_002870.jpg,2023-10-09 17:00:00,4,0,0,0
IMG_002871,images/IMG_002871.jpg,2023-09-09 01:00:00,3,2,0,1
IMG_002872,images/IMG_002872.jpg,2023-11-02 19:00:00,5,0,2,0
IMG_002873,images/IMG_002873.png,2023-11-02 20:00:00,5,3,3,1
IMG_002874,images/IMG_002874.jpg,2023-11-02 21:00:00,5,0,2,0
IMG_002875,images/IMG_002875.png,2023-08-11 03:00:00,2,0,0,0
IMG_002876,images/IMG_002876.png,2023-06-05 23:00:00,0,0,0,0
IMG_002877,images/IMG_002877.jpg,2023-10-09 18:00:00,4,0,0,0
IMG_002878,images/IMG_002878.jpg,2023-08-11 04:00:00,2,2,0,1
IMG_002879,images/IMG_002879.jpg,2023-11-02 22:00:00,5,0,2,0
IMG_002880,images/IMG_002880.jpg,2023-11-02 23:00:00,5,0,2,0
IMG_002881,images/IMG_002881.jpg,2023-11-03 00:00:00,5,0,2,0
IMG_002882,images/IMG_002882.png,2023-06-29 00:00:00,1,1,0,1
IMG_002883,images/IMG_002883.jpg,2023-11-03 01:00:00,5,0,2,0
IMG_002884,images/IMG_002884.jpg,2023-10-09 19:00:00,4,0,0,0
IMG_002885,images/IMG_002885.png,2023-06-06 00:00:00,0,0,0,0
IMG_002886,images/IMG_002886.png,2023-11-03 02:00:00,5,3,3,1
IMG_002887,images/IMG_002887.jpg,2023-11-03 03:00:00,5,0,2,0
IMG_002888,images/IMG_002888.png,2023-09-09 02:00:00,3,0,0,0
IMG_002889,images/IMG_002889.jpg,2023-11-03 04:00:00,5,0,2,0
IMG_002890,images/IMG_002890.png,2023-08-11 05:00:00,2,1,0,1
IMG_002891,images/IMG_002891.jpg,2023-06-06 01:00:00,0,0,0,0
IMG_002892,images/IMG_002892.png,2023-11-03 05:00:00,5,1,1,1
IMG_002893,images/IMG_002893.jpg,2023-11-03 06:00:00,5,0,2,0
IMG_002894,images/IMG_002894.jpg,2023-11-03 07:00:00,5,0,2,0
IMG_002895,images/IMG_002895.jpg,2023-08-11 06:00:00,2,2,0,1
IMG_002896,images/IMG_002896.png,2023-06-29 01:00:00,1,1,0,1
IMG_002897,images/IMG_002897.png,2023-08-11 07:00:00,2,2,0,1
IMG_002898,images/IMG_002898.jpg,2023-10-09 20:00:00,4,0,0,0
IMG_002899,images/IMG_002899.png,2023-06-29 02:00:00,1,0,0,0
IMG_002900,images/IMG_002900.jpg,2023-10-09 21:00:00,4,0,0,0
IMG_002901,images/IMG_002901.png,2023-09-09 03:00:00,3,2,0,1
IMG_002902,images/IMG_002902.png,2023-11-03 08:00:00,5,3,3,1
IMG_002903,images/IMG_002903.jpg,2023-10-09 22:00:00,4,0,0,0
IMG_002904,images/IMG_002904.jpg,2023-08-11 08:00:00,2,2,0,1
IMG_002905,images/IMG_002905.png,2023-08-11 09:00:00,2,2,0,1
IMG_002906,images/IMG_002906.png,2023-11-03 09:00:00,5,1,1,1
IMG_002907,images/IMG_002907.png,2023-11-03 10:00:00,5,0,2,0
IMG_002908,images/IMG_002908.jpg,2023-09-09 04:00:00,3,2,0,1
IMG_002909,images/IMG_002909.jpg,2023-11-03 11:00:00,5,0,2,0
IMG_002910,images/IMG_002910.jpg,2023-10-09 23:00:00,4,0,0,0
IMG_002911,images/IMG_002911.jpg,2023-06-29 03:00:00,1,0,0,0
IMG_002912,images/IMG_002912.png,2023-11-03 12:00:00,5,1,1,1
IMG_002913,images/IMG_002913.png,2023-11-03 13:00:00,5,3,3,1
IMG_002914,images/IMG_002914.jpg,2023-11-03 14:00:00,5,0,2,0
IMG_002915,images/IMG_002915.png,2023-09-09 05:00:00,3,2,0,1
IMG_002916,images/IMG_002916.png,2023-09-09 06:00:00,3,1,0,1
IMG_002917,images/IMG_002917.png,2023-11-03 15:00:00,5,0,2,0
IMG_002918,images/IMG_002918.png,2023-09-09 07:00:00,3,0,0,0
IMG_002919,images/IMG_002919.png,2023-08-11 10:00:00,2,1,0,1
IMG_002920,images/IMG_002920.png,2023-11-03 16:00:00,5,1,1,1
IMG_002921,images/IMG_002921.jpg,2023-10-10 00:00:00,4,0,0,0
IMG_002922,images/IMG_002922.jpg,2023-11-03 17:00:00,5,0,2,0
IMG_002923,images/IMG_002923.jpg,2023-09-09 08:00:00,3,2,0,1
IMG_002924,images/IMG_002924.png,2023-08-11 11:00:00,2,1,0,1
IMG_002925,images/IMG_002925.jpg,2023-11-03 18:00:00,5,0,2,0
IMG_002926,images/IMG_002926.jpg,2023-11-03 19:00:00,5,0,2,0
IMG_002927,images/IMG_002927.jpg,2023-10-10 01:00:00,4,0,0,0
IMG_002928,images/IMG_002928.jpg,2023-11-03 20:00:00,5,0,2,0
IMG_002929,images/IMG_002929.png,2023-09-09 09:00:00,3,2,0,1
IMG_002930,images/IMG_002930.png,2023-11-03 21:00:00,5,0,2,0
IMG_002931,images/IMG_002931.png,2023-09-09 10:00:00,3,0,0,0
IMG_002932,images/IMG_002932.png,2023-11-03 22:00:00,5,0,2,0
IMG_002933,images/IMG_002933.jpg,2023-10-10 02:00:00,4,0,0,0
IMG_002934,images/IMG_002934.png,2023-09-09 11:00:00,3,2,0,1
IMG_002935,images/IMG_002935.png,2023-11-03 23:00:00,5,1,1,1
IMG_002936,images/IMG_002936.jpg,2023-10-10 03:00:00,4,0,0,0
IMG_002937,images/IMG_002937.png,2023-08-11 12:00:00,2,2,0,1
IMG_002938,images/IMG_002938.png,2023-09-09 12:00:00,3,1,0,1
IMG_002939,images/IMG_002939.jpg,2023-09-09 13:00:00,3,0,0,0
IMG_002940,images/IMG_002940.png,2023-08-11 13:00:00,2,1,0,1
IMG_002941,images/IMG_002941.png,2023-11-04 00:00:00,5,0,2,0
IMG_002942,images/IMG_002942.jpg,2023-10-10 04:00:00,4,0,0,0
IMG_002943,images/IMG_002943.jpg,2023-09-09 14:00:00,3,2,0,1
IMG_002944,images/IMG_002944.jpg,2023-11-04 01:00:00,5,0,2,0
IMG_002945,images/IMG_002945.jpg,2023-10-10 05:00:00,4,0,0,0
IMG_002946,images/IMG_002946.jpg,2023-10-10 06:00:00,4,0,0,0
IMG_002947,images/IMG_002947.jpg,2023-10-10 07:00:00,4,0,0,0
IMG_002948,images/IMG_002948.png,2023-11-04 02:00:00,5,0,2,0
IMG_002949,images/IMG_002949.jpg,2023-10-10 08:00:00,4,0,0,0
IMG_002950,images/IMG_002950.jpg,2023-08-11 14:00:00,2,2,0,1
IMG_002951,images/IMG_002951.jpg,2023-11-04 03:00:00,5,0,2,0
IMG_002952,images/IMG_002952.jpg,2023-11-04 04:00:00,5,0,2,0
IMG_002953,images/IMG_002953.png,2023-09-09 15:00:00,3,2,0,1
IMG_002954,images/IMG_002954.jpg,2023-10-10 09:00:00,4,0,0,0
IMG_002955,images/IMG_002955.png,2023-06-06 02:00:00,0,0,0,0
IMG_002956,images/IMG_002956.png,2023-11-04 05:00:00,5,3,3,1
IMG_002957,images/IMG_002957.png,2023-11-04 06:00:00,5,3,3,1
IMG_002958,images/IMG_002958.jpg,2023-08-11 15:00:00,2,2,0,1
IMG_002959,images/IMG_002959.png,2023-11-04 07:00:00,5,0,2,0
IMG_002960,images/IMG_002960.png,2023-06-29 04:00:00,1,1,0,1
IMG_002961,images/IMG_002961.jpg,2023-11-04 08:00:00,5,0,2,0
IMG_002962,images/IMG_002962.png,2023-09-09 16:00:00,3,1,0,1
IMG_002963,images/IMG_002963.png,2023-09-09 17:00:00,3,1,0,1
IMG_002964,images/IMG_002964.jpg,2023-10-10 10:00:00,4,0,0,0
IMG_002965,images/IMG_002965.png,2023-09-09 18:00:00,3,2,0,1
IMG_002966,images/IMG_002966.png,2023-06-29 05:00:00,1,1,0,1
IMG_002967,images/IMG_002967.jpg,2023-09-09 19:00:00,3,2,0,1
IMG_002968,images/IMG_002968.png,2023-06-29 06:00:00,1,1,0,1
IMG_002969,images/IMG_002969.png,2023-09-09 20:00:00,3,0,0,0
IMG_002970,images/IMG_002970.jpg,2023-10-10 11:00:00,4,0,0,0
IMG_002971,images/IMG_002971.jpg,2023-11-04 09:00:00,5,0,2,0
IMG_002972,images/IMG_002972.png,2023-11-04 10:00:00,5,1,1,1
IMG_002973,images/IMG_002973.jpg,2023-11-04 11:00:00,5,0,2,0
IMG_002974,images/IMG_002974.png,2023-08-11 16:00:00,2,0,0,0
IMG_002975,images/IMG_002975.png,2023-11-04 12:00:00,5,0,2,0
IMG_002976,images/IMG_002976.jpg,2023-10-10 12:00:00,4,0,0,0
IMG_002977,images/IMG_002977.png,2023-08-11 17:00:00,2,2,0,1
IMG_002978,images/IMG_002978.jpg,2023-10-10 13:00:00,4,0,0,0
IMG_002979,images/IMG_002979.png,2023-11-04 13:00:00,5,0,2,0
IMG_002980,images/IMG_002980.jpg,2023-11-04 14:00:00,5,0,2,0
IMG_002981,images/IMG_002981.jpg,2023-11-04 15:00:00,5,0,2,0
IMG_002982,images/IMG_002982.png,2023-06-06 03:00:00,0,0,0,0
IMG_002983,images/IMG_002983.jpg,2023-10-10 14:00:00,4,0,0,0
IMG_002984,images/IMG_002984.jpg,2023-11-04 16:00:00,5,0,2,0
IMG_002985,images/IMG_002985.jpg,2023-10-10 15:00:00,4,0,0,0
IMG_002986,images/IMG_002986.png,2023-11-04 17:00:00,5,1,1,1
IMG_002987,images/IMG_002987.png,2023-09-09 21:00:00,3,1,0,1
IMG_002988,images/IMG_002988.png,2023-11-04 18:00:00,5,0,2,0
IMG_002989,images/IMG_002989.jpg,2023-08-11 18:00:00,2,2,0,1
IMG_002990,images/IMG_002990.png,2023-11-04 19:00:00,5,1,1,1
IMG_002991,images/IMG_002991.png,2023-09-09 22:00:00,3,2,0,1
IMG_002992,images/IMG_002992.jpg,2023-11-04 20:00:00,5,0,2,0
IMG_002993,images/IMG_002993.png,2023-08-11 19:00:00,2,2,0,1
IMG_002994,images/IMG_002994.jpg,2023-10-10 16:00:00,4,0,0,0
IMG_002995,images/IMG_002995.png,2023-06-29 07:00:00,1,1,0,1
IMG_002996,images/IMG_002996.png,2023-06-06 04:00:00,0,0,0,0
IMG_002997,images/IMG_002997.png,2023-11-04 21:00:00,5,0,2,0
IMG_002998,images/IMG_002998.png,2023-11-04 22:00:00,5,1,1,1
IMG_002999,images/IMG_002999.png,2023-08-11 20:00:00,2,2,0,1
IMG_003000,images/IMG_003000.jpg,2023-10-10 17:00:00,4,0,0,0
IMG_003001,images/IMG_003001.jpg,2023-10-10 18:00:00,4,0,0,0
IMG_003002,images/IMG_003002.png,2023-11-04 23:00:00,5,3,3,1
IMG_003003,images/IMG_003003.png,2023-08-11 21:00:00,2,1,0,1
IMG_003004,images/IMG_003004.jpg,2023-06-06 05:00:00,0,0,0,0
IMG_003005,images/IMG_003005.jpg,2023-11-05 00:00:00,5,0,2,0
IMG_003006,images/IMG_003006.jpg,2023-08-11 22:00:00,2,2,0,1
IMG_003007,images/IMG_003007.png,2023-11-05 01:00:00,5,0,2,0
IMG_003008,images/IMG_003008.png,2023-11-05 02:00:00,5,1,1,1
IMG_003009,images/IMG_003009.jpg,2023-11-05 03:00:00,5,0,2,0
IMG_003010,images/IMG_003010.jpg,2023-08-11 23:00:00,2,2,0,1
IMG_003011,images/IMG_003011.png,2023-08-12 00:00:00,2,1,0,1
IMG_003012,images/IMG_003012.png,2023-11-05 04:00:00,5,0,2,0
IMG_003013,images/IMG_003013.jpg,2023-10-10 19:00:00,4,0,0,0
IMG_003014,images/IMG_003014.jpg,2023-08-12 01:00:00,2,0,0,0
IMG_003015,images/IMG_003015.png,2023-08-12 02:00:00,2,0,0,0
IMG_003016,images/IMG_003016.jpg,2023-08-12 03:00:00,2,2,0,1
IMG_003017,images/IMG_003017.png,2023-11-05 05:00:00,5,0,2,0
IMG_003018,images/IMG_003018.png,2023-11-05 06:00:00,5,3,3,1
IMG_003019,images/IMG_003019.png,2023-08-12 04:00:00,2,2,0,1
IMG_003020,images/IMG_003020.jpg,2023-09-09 23:00:00,3,2,0,1
IMG_003021,images/IMG_003021.png,2023-09-10 00:00:00,3,1,0,1
IMG_003022,images/IMG_003022.jpg,2023-06-06 06:00:00,0,0,0,0
IMG_003023,images/IMG_003023.jpg,2023-09-10 01:00:00,3,0,0,0
IMG_003024,images/IMG_003024.png,2023-08-12 05:00:00,2,2,0,1
IMG_003025,images/IMG_003025.png,2023-11-05 07:00:00,5,1,1,1
IMG_003026,images/IMG_003026.jpg,2023-10-10 20:00:00,4,0,0,0
IMG_003027,images/IMG_003027.jpg,2023-10-10 21:00:00,4,0,0,0
IMG_003028,images/IMG_003028.jpg,2023-10-10 22:00:00,4,0,0,0
IMG_003029,images/IMG_003029.jpg,2023-10-10 23:00:00,4,0,0,0
IMG_003030,images/IMG_003030.jpg,2023-10-11 00:00:00,4,0,0,0
IMG_003031,images/IMG_003031.png,2023-11-05 08:00:00,5,0,2,0
IMG_003032,images/IMG_003032.png,2023-11-05 09:00:00,5,3,3,1
IMG_003033,images/IMG_003033.png,2023-11-05 10:00:00,5,0,2,0
IMG_003034,images/IMG_003034.jpg,2023-10-11 01:00:00,4,0,0,0
IMG_003035,images/IMG_003035.jpg,2023-11-05 11:00:00,5,0,2,0
IMG_003036,images/IMG_003036.png,2023-08-12 06:00:00,2,1,0,1
IMG_003037,images/IMG_003037.jpg,2023-09-10 02:00:00,3,2,0,1
IMG_003038,images/IMG_003038.png,2023-11-05 12:00:00,5,3,3,1
IMG_003039,images/IMG_003039.jpg,2023-10-11 02:00:00,4,0,0,0
IMG_003040,images/IMG_003040.png,2023-11-05 13:00:00,5,1,1,1
IMG_003041,images/IMG_003041.jpg,2023-11-05 14:00:00,5,0,2,0
IMG_003042,images/IMG_003042.png,2023-09-10 03:00:00,3,1,0,1
IMG_003043,images/IMG_003043.jpg,2023-10-11 03:00:00,4,0,0,0
IMG_003044,images/IMG_003044.png,2023-11-05 15:00:00,5,0,2,0
IMG_003045,images/IMG_003045.png,2023-11-05 16:00:00,5,1,1,1
IMG_003046,images/IMG_003046.jpg,2023-11-05 17:00:00,5,0,2,0
IMG_003047,images/IMG_003047.png,2023-11-05 18:00:00,5,1,1,1
IMG_003048,images/IMG_003048.jpg,2023-06-29 08:00:00,1,0,0,0
IMG_003049,images/IMG_003049.jpg,2023-10-11 04:00:00,4,0,0,0
IMG_003050,images/IMG_003050.jpg,2023-10-11 05:00:00,4,0,0,0
IMG_003051,images/IMG_003051.jpg,2023-08-12 07:00:00,2,2,0,1
IMG_003052,images/IMG_003052.jpg,2023-11-05 19:00:00,5,0,2,0
IMG_003053,images/IMG_003053.png,2023-08-12 08:00:00,2,0,0,0
IMG_003054,images/IMG_003054.png,2023-08-12 09:00:00,2,1,0,1
IMG_003055,images/IMG_003055.jpg,2023-10-11 06:00:00,4,0,0,0
IMG_003056,images/IMG_003056.png,2023-11-05 20:00:00,5,0,2,0
IMG_003057,images/IMG_003057.jpg,2023-11-05 21:00:00,5,0,2,0
IMG_003058,images/IMG_003058.jpg,2023-10-11 07:00:00,4,0,0,0
IMG_003059,images/IMG_003059.png,2023-11-05 22:00:00,5,1,1,1
IMG_003060,images/IMG_003060.png,2023-09-10 04:00:00,3,1,0,1
IMG_003061,images/IMG_003061.jpg,2023-10-11 08:00:00,4,0,0,0
IMG_003062,images/IMG_003062.png,2023-11-05 23:00:00,5,1,1,1
IMG_003063,images/IMG_003063.png,2023-11-06 00:00:00,5,3,3,1
IMG_003064,images/IMG_003064.png,2023-11-06 01:00:00,5,3,3,1
IMG_003065,images/IMG_003065.png,2023-08-12 10:00:00,2,2,0,1
IMG_003066,images/IMG_003066.jpg,2023-11-06 02:00:00,5,0,2,0
IMG_003067,images/IMG_003067.jpg,2023-10-11 09:00:00,4,0,0,0
IMG_003068,images/IMG_003068.png,2023-11-06 03:00:00,5,0,2,0
IMG_003069,images/IMG_003069.png,2023-09-10 05:00:00,3,2,0,1
IMG_003070,images/IMG_003070.png,2023-09-10 06:00:00,3,2,0,1
IMG_003071,images/IMG_003071.png,2023-06-29 09:00:00,1,1,0,1
IMG_003072,images/IMG_003072.jpg,2023-11-06 04:00:00,5,0,2,0
IMG_003073,images/IMG_003073.png,2023-11-06 05:00:00,5,1,1,1
IMG_003074,images/IMG_003074.png,2023-11-06 06:00:00,5,0,2,0
IMG_003075,images/IMG_003075.jpg,2023-09-10 07:00:00,3,2,0,1
IMG_003076,images/IMG_003076.png,2023-09-10 08:00:00,3,2,0,1
IMG_003077,images/IMG_003077.png,2023-09-10 09:00:00,3,1,0,1
IMG_003078,images/IMG_003078.png,2023-11-06 07:00:00,5,3,3,1
IMG_003079,images/IMG_003079.jpg,2023-08-12 11:00:00,2,2,0,1
IMG_003080,images/IMG_003080.png,2023-08-12 12:00:00,2,2,0,1
IMG_003081,images/IMG_003081.jpg,2023-11-06 08:00:00,5,0,2,0
IMG_003082,images/IMG_003082.jpg,2023-10-11 10:00:00,4,0,0,0
IMG_003083,images/IMG_003083.png,2023-08-12 13:00:00,2,0,0,0
IMG_003084,images/IMG_003084.png,2023-11-06 09:00:00,5,0,2,0
IMG_003085,images/IMG_003085.jpg,2023-11-06 10:00:00,5,0,2,0
IMG_003086,images/IMG_003086.png,2023-09-10 10:00:00,3,1,0,1
IMG_003087,images/IMG_003087.png,2023-11-06 11:00:00,5,3,3,1
IMG_003088,images/IMG_003088.jpg,2023-11-06 12:00:00,5,0,2,0
IMG_003089,images/IMG_003089.jpg,2023-11-06 13:00:00,5,0,2,0
IMG_003090,images/IMG_003090.png,2023-11-06 14:00:00,5,0,2,0
IMG_003091,images/IMG_003091.png,2023-11-06 15:00:00,5,3,3,1
IMG_003092,images/IMG_003092.png,2023-09-10 11:00:00,3,2,0,1
IMG_003093,images/IMG_003093.png,2023-11-06 16:00:00,5,1,1,1
IMG_003094,images/IMG_003094.jpg,2023-10-11 11:00:00,4,0,0,0
IMG_003095,images/IMG_003095.jpg,2023-10-11 12:00:00,4,0,0,0
IMG_003096,images/IMG_003096.jpg,2023-10-11 13:00:00,4,0,0,0
IMG_003097,images/IMG_003097.jpg,2023-11-06 17:00:00,5,0,2,0
IMG_003098,images/IMG_003098.jpg,2023-11-06 18:00:00,5,0,2,0
IMG_003099,images/IMG_003099.jpg,2023-09-10 12:00:00,3,2,0,1
IMG_003100,images/IMG_003100.jpg,2023-11-06 19:00:00,5,0,2,0
IMG_003101,images/IMG_003101.jpg,2023-11-06 20:00:00,5,0,2,0
IMG_003102,images/IMG_003102.png,2023-11-06 21:00:00,5,3,3,1
IMG_003103,images/IMG_003103.png,2023-11-06 22:00:00,5,1,1,1
IMG_003104,images/IMG_003104.png,2023-09-10 13:00:00,3,2,0,1
IMG_003105,images/IMG_003105.jpg,2023-08-12 14:00:00,2,2,0,1
IMG_003106,images/IMG_003106.png,2023-11-06 23:00:00,5,0,2,0
IMG_003107,images/IMG_003107.jpg,2023-08-12 15:00:00,2,2,0,1
IMG_003108,images/IMG_003108.jpg,2023-10-11 14:00:00,4,0,0,0
IMG_003109,images/IMG_003109.png,2023-08-12 16:00:00,2,0,0,0
IMG_003110,images/IMG_003110.png,2023-08-12 17:00:00,2,0,0,0
IMG_003111,images/IMG_003111.png,2023-06-29 10:00:00,1,1,0,1
IMG_003112,images/IMG_003112.jpg,2023-11-07 00:00:00,5,0,2,0
IMG_003113,images/IMG_003113.png,2023-09-10 14:00:00,3,1,0,1
IMG_003114,images/IMG_003114.jpg,2023-10-11 15:00:00,4,0,0,0
IMG_003115,images/IMG_003115.png,2023-09-10 15:00:00,3,1,0,1
IMG_003116,images/IMG_003116.png,2023-09-10 16:00:00,3,2,0,1
IMG_003117,images/IMG_003117.jpg,2023-10-11 16:00:00,4,0,0,0
IMG_003118,images/IMG_003118.png,2023-11-07 01:00:00,5,1,1,1
IMG_003119,images/IMG_003119.png,2023-08-12 18:00:00,2,1,0,1
IMG_003120,images/IMG_003120.png,2023-08-12 19:00:00,2,0,0,0
IMG_003121,images/IMG_003121.jpg,2023-10-11 17:00:00,4,0,0,0
IMG_003122,images/IMG_003122.png,2023-11-07 02:00:00,5,0,2,0
IMG_003123,images/IMG_003123.jpg,2023-09-10 17:00:00,3,2,0,1
IMG_003124,images/IMG_003124.png,2023-08-12 20:00:00,2,1,0,1
IMG_003125,images/IMG_003125.jpg,2023-09-10 18:00:00,3,2,0,1
IMG_003126,images/IMG_003126.jpg,2023-09-10 19:00:00,3,2,0,1
IMG_003127,images/IMG_003127.png,2023-11-07 03:00:00,5,1,1,1
IMG_003128,images/IMG_003128.jpg,2023-09-10 20:00:00,3,2,0,1
IMG_003129,images/IMG_003129.jpg,2023-08-12 21:00:00,2,2,0,1
IMG_003130,images/IMG_003130.png,2023-09-10 21:00:00,3,2,0,1
IMG_003131,images/IMG_003131.png,2023-08-12 22:00:00,2,0,0,0
IMG_003132,images/IMG_003132.png,2023-11-07 04:00:00,5,3,3,1
IMG_003133,images/IMG_003133.png,2023-08-12 23:00:00,2,2,0,1
IMG_003134,images/IMG_003134.jpg,2023-09-10 22:00:00,3,2,0,1
IMG_003135,images/IMG_003135.jpg,2023-11-07 05:00:00,5,0,2,0
IMG_003136,images/IMG_003136.jpg,2023-06-29 11:00:00,1,0,0,0
IMG_003137,images/IMG_003137.jpg,2023-10-11 18:00:00,4,0,0,0
IMG_003138,images/IMG_003138.png,2023-11-07 06:00:00,5,3,3,1
IMG_003139,images/IMG_003139.jpg,2023-10-11 19:00:00,4,0,0,0
IMG_003140,images/IMG_003140.png,2023-11-07 07:00:00,5,1,1,1
IMG_003141,images/IMG_003141.jpg,2023-11-07 08:00:00,5,0,2,0
IMG_003142,images/IMG_003142.jpg,2023-10-11 20:00:00,4,0,0,0
IMG_003143,images/IMG_003143.png,2023-09-10 23:00:00,3,1,0,1
IMG_003144,images/IMG_003144.jpg,2023-11-07 09:00:00,5,0,2,0
IMG_003145,images/IMG_003145.jpg,2023-10-11 21:00:00,4,0,0,0
IMG_003146,images/IMG_003146.jpg,2023-11-07 10:00:00,5,0,2,0
IMG_003147,images/IMG_003147.png,2023-08-13 00:00:00,2,1,0,1
IMG_003148,images/IMG_003148.jpg,2023-11-07 11:00:00,5,0,2,0
IMG_003149,images/IMG_003149.png,2023-11-07 12:00:00,5,0,2,0
IMG_003150,images/IMG_003150.png,2023-11-07 13:00:00,5,0,2,0
IMG_003151,images/IMG_003151.jpg,2023-11-07 14:00:00,5,0,2,0
IMG_003152,images/IMG_003152.png,2023-11-07 15:00:00,5,0,2,0
IMG_003153,images/IMG_003153.png,2023-11-07 16:00:00,5,1,1,1
IMG_003154,images/IMG_003154.png,2023-06-29 12:00:00,1,1,0,1
IMG_003155,images/IMG_003155.png,2023-11-07 17:00:00,5,3,3,1
IMG_003156,images/IMG_003156.jpg,2023-09-11 00:00:00,3,2,0,1
IMG_003157,images/IMG_003157.jpg,2023-10-11 22:00:00,4,0,0,0
IMG_003158,images/IMG_003158.jpg,2023-09-11 01:00:00,3,0,0,0
IMG_003159,images/IMG_003159.jpg,2023-08-13 01:00:00,2,2,0,1
IMG_003160,images/IMG_003160.png,2023-08-13 02:00:00,2,1,0,1
IMG_003161,images/IMG_003161.png,2023-06-29 13:00:00,1,0,0,0
IMG_003162,images/IMG_003162.png,2023-11-07 18:00:00,5,1,1,1
IMG_003163,images/IMG_003163.png,2023-11-07 19:00:00,5,1,1,1
IMG_003164,images/IMG_003164.jpg,2023-10-11 23:00:00,4,0,0,0
IMG_003165,images/IMG_003165.png,2023-11-07 20:00:00,5,0,2,0
IMG_003166,images/IMG_003166.jpg,2023-10-12 00:00:00,4,0,0,0
IMG_003167,images/IMG_003167.png,2023-11-07 21:00:00,5,0,2,0
IMG_003168,images/IMG_003168.png,2023-08-13 03:00:00,2,0,0,0
IMG_003169,images/IMG_003169.png,2023-11-07 22:00:00,5,1,1,1
IMG_003170,images/IMG_003170.png,2023-08-13 04:00:00,2,2,0,1
IMG_003171,images/IMG_003171.jpg,2023-11-07 23:00:00,5,0,2,0
IMG_003172,images/IMG_003172.jpg,2023-10-12 01:00:00,4,0,0,0
IMG_003173,images/IMG_003173.jpg,2023-09-11 02:00:00,3,2,0,1
IMG_003174,images/IMG_003174.jpg,2023-10-12 02:00:00,4,0,0,0
IMG_003175,images/IMG_003175.png,2023-06-29 14:00:00,1,0,0,0
IMG_003176,images/IMG_003176.jpg,2023-08-13 05:00:00,2,0,0,0
IMG_003177,images/IMG_003177.jpg,2023-11-08 00:00:00,5,0,2,0
IMG_003178,images/IMG_003178.jpg,2023-10-12 03:00:00,4,0,0,0
IMG_003179,images/IMG_003179.jpg,2023-11-08 01:00:00,5,0,2,0
IMG_003180,images/IMG_003180.jpg,2023-08-13 06:00:00,2,2,0,1
IMG_003181,images/IMG_003181.png,2023-09-11 03:00:00,3,2,0,1
IMG_003182,images/IMG_003182.png,2023-08-13 07:00:00,2,2,0,1
IMG_003183,images/IMG_003183.jpg,2023-10-12 04:00:00,4,0,0,0
IMG_003184,images/IMG_003184.jpg,2023-10-12 05:00:00,4,0,0,0
IMG_003185,images/IMG_003185.jpg,2023-10-12 06:00:00,4,0,0,0
IMG_003186,images/IMG_003186.jpg,2023-09-11 04:00:00,3,2,0,1
IMG_003187,images/IMG_003187.png,2023-11-08 02:00:00,5,3,3,1
IMG_003188,images/IMG_003188.png,2023-08-13 08:00:00,2,2,0,1
IMG_003189,images/IMG_003189.jpg,2023-10-12 07:00:00,4,0,0,0
IMG_003190,images/IMG_003190.png,2023-08-13 09:00:00,2,2,0,1
IMG_003191,images/IMG_003191.jpg,2023-10-12 08:00:00,4,0,0,0
IMG_003192,images/IMG_003192.jpg,2023-10-12 09:00:00,4,0,0,0
IMG_003193,images/IMG_003193.jpg,2023-10-12 10:00:00,4,0,0,0
IMG_003194,images/IMG_003194.jpg,2023-11-08 03:00:00,5,0,2,0
IMG_003195,images/IMG_003195.png,2023-06-06 07:00:00,0,0,0,0
IMG_003196,images/IMG_003196.jpg,2023-08-13 10:00:00,2,2,0,1
IMG_003197,images/IMG_003197.png,2023-11-08 04:00:00,5,0,2,0
IMG_003198,images/IMG_003198.jpg,2023-09-11 05:00:00,3,2,0,1
IMG_003199,images/IMG_003199.jpg,2023-10-12 11:00:00,4,0,0,0
IMG_003200,images/IMG_003200.jpg,2023-08-13 11:00:00,2,2,0,1
IMG_003201,images/IMG_003201.png,2023-09-11 06:00:00,3,2,0,1
IMG_003202,images/IMG_003202.jpg,2023-10-12 12:00:00,4,0,0,0
IMG_003203,images/IMG_003203.jpg,2023-08-13 12:00:00,2,2,0,1
IMG_003204,images/IMG_003204.jpg,2023-09-11 07:00:00,3,2,0,1
IMG_003205,images/IMG_003205.png,2023-06-29 15:00:00,1,0,0,0
IMG_003206,images/IMG_003206.png,2023-08-13 13:00:00,2,2,0,1
IMG_003207,images/IMG_003207.jpg,2023-09-11 08:00:00,3,2,0,1
IMG_003208,images/IMG_003208.png,2023-06-29 16:00:00,1,1,0,1
IMG_003209,images/IMG_003209.png,2023-11-08 05:00:00,5,1,1,1
IMG_003210,images/IMG_003210.jpg,2023-10-12 13:00:00,4,0,0,0
IMG_003211,images/IMG_003211.png,2023-08-13 14:00:00,2,2,0,1
IMG_003212,images/IMG_003212.jpg,2023-10-12 14:00:00,4,0,0,0
IMG_003213,images/IMG_003213.png,2023-11-08 06:00:00,5,0,2,0
IMG_003214,images/IMG_003214.png,2023-09-11 09:00:00,3,2,0,1
IMG_003215,images/IMG_003215.png,2023-09-11 10:00:00,3,1,0,1
IMG_003216,images/IMG_003216.jpg,2023-11-08 07:00:00,5,0,2,0
IMG_003217,images/IMG_003217.jpg,2023-10-12 15:00:00,4,0,0,0
IMG_003218,images/IMG_003218.jpg,2023-08-13 15:00:00,2,2,0,1
IMG_003219,images/IMG_003219.png,2023-11-08 08:00:00,5,0,2,0
IMG_003220,images/IMG_003220.png,2023-06-29 17:00:00,1,1,0,1
IMG_003221,images/IMG_003221.png,2023-11-08 09:00:00,5,1,1,1
IMG_003222,images/IMG_003222.png,2023-09-11 11:00:00,3,1,0,1
IMG_003223,images/IMG_003223.jpg,2023-11-08 10:00:00,5,0,2,0
IMG_003224,images/IMG_003224.png,2023-11-08 11:00:00,5,0,2,0
IMG_003225,images/IMG_003225.jpg,2023-11-08 12:00:00,5,0,2,0
IMG_003226,images/IMG_003226.jpg,2023-08-13 16:00:00,2,0,0,0
IMG_003227,images/IMG_003227.jpg,2023-10-12 16:00:00,4,0,0,0
IMG_003228,images/IMG_003228.jpg,2023-10-12 17:00:00,4,0,0,0
IMG_003229,images/IMG_003229.png,2023-09-11 12:00:00,3,0,0,0
IMG_003230,images/IMG_003230.jpg,2023-08-13 17:00:00,2,0,0,0
IMG_003231,images/IMG_003231.jpg,2023-11-08 13:00:00,5,0,2,0
IMG_003232,images/IMG_003232.jpg,2023-09-11 13:00:00,3,2,0,1
IMG_003233,images/IMG_003233.png,2023-11-08 14:00:00,5,1,1,1
IMG_003234,images/IMG_003234.png,2023-09-11 14:00:00,3,2,0,1
IMG_003235,images/IMG_003235.png,2023-08-13 18:00:00,2,2,0,1
IMG_003236,images/IMG_003236.jpg,2023-11-08 15:00:00,5,0,2,0
IMG_003237,images/IMG_003237.jpg,2023-09-11 15:00:00,3,2,0,1
IMG_003238,images/IMG_003238.png,2023-08-13 19:00:00,2,2,0,1
IMG_003239,images/IMG_003239.png,2023-11-08 16:00:00,5,0,2,0
IMG_003240,images/IMG_003240.png,2023-09-11 16:00:00,3,1,0,1
IMG_003241,images/IMG_003241.jpg,2023-10-12 18:00:00,4,0,0,0
IMG_003242,images/IMG_003242.jpg,2023-11-08 17:00:00,5,0,2,0
IMG_003243,images/IMG_003243.png,2023-09-11 17:00:00,3,2,0,1
IMG_003244,images/IMG_003244.jpg,2023-10-12 19:00:00,4,0,0,0
IMG_003245,images/IMG_003245.jpg,2023-11-08 18:00:00,5,0,2,0
IMG_003246,images/IMG_003246.png,2023-08-13 20:00:00,2,2,0,1
IMG_003247,images/IMG_003247.jpg,2023-11-08 19:00:00,5,0,2,0
IMG_003248,images/IMG_003248.jpg,2023-11-08 20:00:00,5,0,2,0
IMG_003249,images/IMG_003249.png,2023-08-13 21:00:00,2,2,0,1
IMG_003250,images/IMG_003250.png,2023-08-13 22:00:00,2,1,0,1
IMG_003251,images/IMG_003251.jpg,2023-10-12 20:00:00,4,0,0,0
IMG_003252,images/IMG_003252.png,2023-08-13 23:00:00,2,2,0,1
IMG_003253,images/IMG_003253.png,2023-11-08 21:00:00,5,0,2,0
IMG_003254,images/IMG_003254.jpg,2023-10-12 21:00:00,4,0,0,0
IMG_003255,images/IMG_003255.jpg,2023-10-12 22:00:00,4,0,0,0
IMG_003256,images/IMG_003256.jpg,2023-09-11 18:00:00,3,2,0,1
IMG_003257,images/IMG_003257.jpg,2023-10-12 23:00:00,4,0,0,0
IMG_003258,images/IMG_003258.jpg,2023-11-08 22:00:00,5,0,2,0
IMG_003259,images/IMG_003259.png,2023-06-29 18:00:00,1,1,0,1
IMG_003260,images/IMG_003260.png,2023-08-14 00:00:00,2,0,0,0
IMG_003261,images/IMG_003261.png,2023-08-14 01:00:00,2,2,0,1
IMG_003262,images/IMG_003262.png,2023-11-08 23:00:00,5,1,1,1
IMG_003263,images/IMG_003263.jpg,2023-09-11 19:00:00,3,2,0,1
IMG_003264,images/IMG_003264.png,2023-11-09 00:00:00,5,3,3,1
IMG_003265,images/IMG_003265.png,2023-11-09 01:00:00,5,3,3,1
IMG_003266,images/IMG_003266.png,2023-09-11 20:00:00,3,2,0,1
IMG_003267,images/IMG_003267.jpg,2023-06-29 19:00:00,1,0,0,0
IMG_003268,images/IMG_003268.png,2023-09-11 21:00:00,3,1,0,1
IMG_003269,images/IMG_003269.png,2023-09-11 22:00:00,3,2,0,1
IMG_003270,images/IMG_003270.png,2023-09-11 23:00:00,3,2,0,1
IMG_003271,images/IMG_003271.png,2023-08-14 02:00:00,2,2,0,1
IMG_003272,images/IMG_003272.png,2023-11-09 02:00:00,5,1,1,1
IMG_003273,images/IMG_003273.jpg,2023-10-13 00:00:00,4,0,0,0
IMG_003274,images/IMG_003274.jpg,2023-08-14 03:00:00,2,2,0,1
IMG_003275,images/IMG_003275.png,2023-08-14 04:00:00,2,2,0,1
IMG_003276,images/IMG_003276.png,2023-11-09 03:00:00,5,1,1,1
IMG_003277,images/IMG_003277.jpg,2023-08-14 05:00:00,2,2,0,1
IMG_003278,images/IMG_003278.png,2023-11-09 04:00:00,5,0,2,0
IMG_003279,images/IMG_003279.png,2023-11-09 05:00:00,5,1,1,1
IMG_003280,images/IMG_003280.jpg,2023-10-13 01:00:00,4,0,0,0
IMG_003281,images/IMG_003281.png,2023-11-09 06:00:00,5,0,2,0
IMG_003282,images/IMG_003282.jpg,2023-11-09 07:00:00,5,0,2,0
IMG_003283,images/IMG_003283.jpg,2023-11-09 08:00:00,5,0,2,0
IMG_003284,images/IMG_003284.png,2023-11-09 09:00:00,5,1,1,1
IMG_003285,images/IMG_003285.jpg,2023-10-13 02:00:00,4,0,0,0
IMG_003286,images/IMG_003286.jpg,2023-08-14 06:00:00,2,2,0,1
IMG_003287,images/IMG_003287.png,2023-09-12 00:00:00,3,2,0,1
IMG_003288,images/IMG_003288.png,2023-08-14 07:00:00,2,0,0,0
IMG_003289,images/IMG_003289.jpg,2023-11-09 10:00:00,5,0,2,0
IMG_003290,images/IMG_003290.jpg,2023-06-29 20:00:00,1,0,0,0
IMG_003291,images/IMG_003291.png,2023-08-14 08:00:00,2,2,0,1
IMG_003292,images/IMG_003292.png,2023-11-09 11:00:00,5,1,1,1
IMG_003293,images/IMG_003293.jpg,2023-10-13 03:00:00,4,0,0,0
IMG_003294,images/IMG_003294.png,2023-11-09 12:00:00,5,0,2,0
IMG_003295,images/IMG_003295.jpg,2023-11-09 13:00:00,5,0,2,0
IMG_003296,images/IMG_003296.png,2023-08-14 09:00:00,2,0,0,0
IMG_003297,images/IMG_003297.jpg,2023-10-13 04:00:00,4,0,0,0
IMG_003298,images/IMG_003298.png,2023-11-09 14:00:00,5,1,1,1
IMG_003299,images/IMG_003299.jpg,2023-11-09 15:00:00,5,0,2,0
IMG_003300,images/IMG_003300.jpg,2023-10-13 05:00:00,4,0,0,0
IMG_003301,images/IMG_003301.png,2023-11-09 16:00:00,5,0,2,0
IMG_003302,images/IMG_003302.png,2023-11-09 17:00:00,5,0,2,0
IMG_003303,images/IMG_003303.png,2023-08-14 10:00:00,2,1,0,1
IMG_003304,images/IMG_003304.jpg,2023-11-09 18:00:00,5,0,2,0
IMG_003305,images/IMG_003305.jpg,2023-08-14 11:00:00,2,0,0,0
IMG_003306,images/IMG_003306.jpg,2023-10-13 06:00:00,4,0,0,0
IMG_003307,images/IMG_003307.png,2023-06-29 21:00:00,1,1,0,1
IMG_003308,images/IMG_003308.png,2023-11-09 19:00:00,5,0,2,0
IMG_003309,images/IMG_003309.jpg,2023-10-13 07:00:00,4,0,0,0
IMG_003310,images/IMG_003310.jpg,2023-11-09 20:00:00,5,0,2,0
IMG_003311,images/IMG_003311.png,2023-08-14 12:00:00,2,1,0,1
IMG_003312,images/IMG_003312.jpg,2023-11-09 21:00:00,5,0,2,0
IMG_003313,images/IMG_003313.png,2023-09-12 01:00:00,3,0,0,0
IMG_003314,images/IMG_003314.png,2023-11-09 22:00:00,5,1,1,1
IMG_003315,images/IMG_003315.jpg,2023-10-13 08:00:00,4,0,0,0
IMG_003316,images/IMG_003316.jpg,2023-11-09 23:00:00,5,0,2,0
IMG_003317,images/IMG_003317.jpg,2023-11-10 00:00:00,5,0,2,0
IMG_003318,images/IMG_003318.jpg,2023-11-10 01:00:00,5,0,2,0
IMG_003319,images/IMG_003319.png,2023-11-10 02:00:00,5,1,1,1
IMG_003320,images/IMG_003320.png,2023-11-10 03:00:00,5,1,1,1
IMG_003321,images/IMG_003321.jpg,2023-11-10 04:00:00,5,0,2,0
IMG_003322,images/IMG_003322.jpg,2023-11-10 05:00:00,5,0,2,0
IMG_003323,images/IMG_003323.jpg,2023-09-12 02:00:00,3,2,0,1
IMG_003324,images/IMG_003324.jpg,2023-10-13 09:00:00,4,0,0,0
IMG_003325,images/IMG_003325.png,2023-11-10 06:00:00,5,1,1,1
IMG_003326,images/IMG_003326.png,2023-11-10 07:00:00,5,0,2,0
IMG_003327,images/IMG_003327.png,2023-09-12 03:00:00,3,2,0,1
IMG_003328,images/IMG_003328.jpg,2023-10-13 10:00:00,4,0,0,0
IMG_003329,images/IMG_003329.jpg,2023-10-13 11:00:00,4,0,0,0
IMG_003330,images/IMG_003330.jpg,2023-09-12 04:00:00,3,2,0,1
IMG_003331,images/IMG_003331.png,2023-11-10 08:00:00,5,1,1,1
IMG_003332,images/IMG_003332.png,2023-08-14 13:00:00,2,1,0,1
IMG_003333,images/IMG_003333.png,2023-11-10 09:00:00,5,3,3,1
IMG_003334,images/IMG_003334.png,2023-09-12 05:00:00,3,1,0,1
IMG_003335,images/IMG_003335.jpg,2023-11-10 10:00:00,5,0,2,0
IMG_003336,images/IMG_003336.jpg,2023-11-10 11:00:00,5,0,2,0
IMG_003337,images/IMG_003337.png,2023-11-10 12:00:00,5,3,3,1
IMG_003338,images/IMG_003338.png,2023-09-12 06:00:00,3,0,0,0
IMG_003339,images/IMG_003339.jpg,2023-10-13 12:00:00,4,0,0,0
IMG_003340,images/IMG_003340.jpg,2023-11-10 13:00:00,5,0,2,0
IMG_003341,images/IMG_003341.png,2023-11-10 14:00:00,5,3,3,1
IMG_003342,images/IMG_003342.jpg,2023-11-10 15:00:00,5,0,2,0
IMG_003343,images/IMG_003343.png,2023-11-10 16:00:00,5,1,1,1
IMG_003344,images/IMG_003344.jpg,2023-11-10 17:00:00,5,0,2,0
IMG_003345,images/IMG_003345.png,2023-09-12 07:00:00,3,2,0,1
IMG_003346,images/IMG_003346.jpg,2023-08-14 14:00:00,2,0,0,0
IMG_003347,images/IMG_003347.jpg,2023-10-13 13:00:00,4,0,0,0
IMG_003348,images/IMG_003348.jpg,2023-10-13 14:00:00,4,0,0,0
IMG_003349,images/IMG_003349.png,2023-09-12 08:00:00,3,0,0,0
IMG_003350,images/IMG_003350.jpg,2023-09-12 09:00:00,3,2,0,1
IMG_003351,images/IMG_003351.png,2023-08-14 15:00:00,2,0,0,0
IMG_003352,images/IMG_003352.jpg,2023-10-13 15:00:00,4,0,0,0
IMG_003353,images/IMG_003353.jpg,2023-10-13 16:00:00,4,0,0,0
IMG_003354,images/IMG_003354.jpg,2023-11-10 18:00:00,5,0,2,0
IMG_003355,images/IMG_003355.png,2023-06-06 08:00:00,0,0,0,0
IMG_003356,images/IMG_003356.jpg,2023-11-10 19:00:00,5,0,2,0
IMG_003357,images/IMG_003357.jpg,2023-09-12 10:00:00,3,2,0,1
IMG_003358,images/IMG_003358.jpg,2023-09-12 11:00:00,3,2,0,1
IMG_003359,images/IMG_003359.jpg,2023-08-14 16:00:00,2,2,0,1
IMG_003360,images/IMG_003360.jpg,2023-09-12 12:00:00,3,2,0,1
IMG_003361,images/IMG_003361.jpg,2023-09-12 13:00:00,3,2,0,1
IMG_003362,images/IMG_003362.png,2023-08-14 17:00:00,2,2,0,1
IMG_003363,images/IMG_003363.png,2023-11-10 20:00:00,5,1,1,1
IMG_003364,images/IMG_003364.jpg,2023-11-10 21:00:00,5,0,2,0
IMG_003365,images/IMG_003365.png,2023-11-10 22:00:00,5,1,1,1
IMG_003366,images/IMG_003366.png,2023-08-14 18:00:00,2,2,0,1
IMG_003367,images/IMG_003367.png,2023-09-12 14:00:00,3,1,0,1
IMG_003368,images/IMG_003368.jpg,2023-11-10 23:00:00,5,0,2,0
IMG_003369,images/IMG_003369.jpg,2023-08-14 19:00:00,2,2,0,1
IMG_003370,images/IMG_003370.png,2023-06-29 22:00:00,1,1,0,1
IMG_003371,images/IMG_003371.jpg,2023-11-11 00:00:00,5,0,2,0
IMG_003372,images/IMG_003372.jpg,2023-08-14 20:00:00,2,2,0,1
IMG_003373,images/IMG_003373.png,2023-09-12 15:00:00,3,2,0,1
IMG_003374,images/IMG_003374.png,2023-06-29 23:00:00,1,1,0,1
IMG_003375,images/IMG_003375.jpg,2023-11-11 01:00:00,5,0,2,0
IMG_003376,images/IMG_003376.jpg,2023-09-12 16:00:00,3,2,0,1
IMG_003377,images/IMG_003377.png,2023-09-12 17:00:00,3,2,0,1
IMG_003378,images/IMG_003378.jpg,2023-10-13 17:00:00,4,0,0,0
IMG_003379,images/IMG_003379.png,2023-08-14 21:00:00,2,2,0,1
IMG_003380,images/IMG_003380.png,2023-08-14 22:00:00,2,0,0,0
IMG_003381,images/IMG_003381.jpg,2023-10-13 18:00:00,4,0,0,0
IMG_003382,images/IMG_003382.jpg,2023-11-11 02:00:00,5,0,2,0
IMG_003383,images/IMG_003383.jpg,2023-11-11 03:00:00,5,0,2,0
IMG_003384,images/IMG_003384.jpg,2023-09-12 18:00:00,3,0,0,0
IMG_003385,images/IMG_003385.png,2023-11-11 04:00:00,5,0,2,0
IMG_003386,images/IMG_003386.png,2023-11-11 05:00:00,5,0,2,0
IMG_003387,images/IMG_003387.png,2023-11-11 06:00:00,5,0,2,0
IMG_003388,images/IMG_003388.png,2023-06-06 09:00:00,0,0,0,0
IMG_003389,images/IMG_003389.png,2023-11-11 07:00:00,5,1,1,1
IMG_003390,images/IMG_003390.jpg,2023-10-13 19:00:00,4,0,0,0
IMG_003391,images/IMG_003391.jpg,2023-11-11 08:00:00,5,0,2,0
IMG_003392,images/IMG_003392.jpg,2023-09-12 19:00:00,3,0,0,0
IMG_003393,images/IMG_003393.png,2023-09-12 20:00:00,3,2,0,1
IMG_003394,images/IMG_003394.png,2023-06-06 10:00:00,0,0,0,0
IMG_003395,images/IMG_003395.png,2023-11-11 09:00:00,5,1,1,1
IMG_003396,images/IMG_003396.png,2023-11-11 10:00:00,5,1,1,1
IMG_003397,images/IMG_003397.png,2023-11-11 11:00:00,5,3,3,1
IMG_003398,images/IMG_003398.png,2023-08-14 23:00:00,2,1,0,1
IMG_003399,images/IMG_003399.png,2023-09-12 21:00:00,3,2,0,1
IMG_003400,images/IMG_003400.jpg,2023-11-11 12:00:00,5,0,2,0
IMG_003401,images/IMG_003401.png,2023-11-11 13:00:00,5,3,3,1
IMG_003402,images/IMG_003402.png,2023-11-11 14:00:00,5,1,1,1
IMG_003403,images/IMG_003403.png,2023-06-30 00:00:00,1,0,0,0
IMG_003404,images/IMG_003404.png,2023-11-11 15:00:00,5,1,1,1
IMG_003405,images/IMG_003405.png,2023-09-12 22:00:00,3,2,0,1
IMG_003406,images/IMG_003406.jpg,2023-10-13 20:00:00,4,0,0,0
IMG_003407,images/IMG_003407.jpg,2023-11-11 16:00:00,5,0,2,0
IMG_003408,images/IMG_003408.jpg,2023-11-11 17:00:00,5,0,2,0
IMG_003409,images/IMG_003409.jpg,2023-08-15 00:00:00,2,2,0,1
IMG_003410,images/IMG_003410.jpg,2023-10-13 21:00:00,4,0,0,0
IMG_003411,images/IMG_003411.jpg,2023-10-13 22:00:00,4,0,0,0
IMG_003412,images/IMG_003412.png,2023-06-30 01:00:00,1,1,0,1
IMG_003413,images/IMG_003413.jpg,2023-10-13 23:00:00,4,0,0,0
IMG_003414,images/IMG_003414.png,2023-11-11 18:00:00,5,0,2,0
IMG_003415,images/IMG_003415.jpg,2023-10-14 00:00:00,4,0,0,0
IMG_003416,images/IMG_003416.png,2023-11-11 19:00:00,5,3,3,1
IMG_003417,images/IMG_003417.jpg,2023-08-15 01:00:00,2,2,0,1
IMG_003418,images/IMG_003418.png,2023-11-11 20:00:00,5,1,1,1
IMG_003419,images/IMG_003419.jpg,2023-10-14 01:00:00,4,0,0,0
IMG_003420,images/IMG_003420.jpg,2023-11-11 21:00:00,5,0,2,0
IMG_003421,images/IMG_003421.jpg,2023-06-30 02:00:00,1,0,0,0
IMG_003422,images/IMG_003422.jpg,2023-09-12 23:00:00,3,0,0,0
IMG_003423,images/IMG_003423.png,2023-09-13 00:00:00,3,2,0,1
IMG_003424,images/IMG_003424.jpg,2023-11-11 22:00:00,5,0,2,0
IMG_003425,images/IMG_003425.png,2023-11-11 23:00:00,5,1,1,1
IMG_003426,images/IMG_003426.jpg,2023-09-13 01:00:00,3,2,0,1
IMG_003427,images/IMG_003427.jpg,2023-06-30 03:00:00,1,0,0,0
IMG_003428,images/IMG_003428.png,2023-11-12 00:00:00,5,1,1,1
IMG_003429,images/IMG_003429.jpg,2023-11-12 01:00:00,5,0,2,0
IMG_003430,images/IMG_003430.jpg,2023-10-14 02:00:00,4,0,0,0
IMG_003431,images/IMG_003431.png,2023-08-15 02:00:00,2,2,0,1
IMG_003432,images/IMG_003432.png,2023-11-12 02:00:00,5,1,1,1
IMG_003433,images/IMG_003433.jpg,2023-11-12 03:00:00,5,0,2,0
IMG_003434,images/IMG_003434.png,2023-06-30 04:00:00,1,1,0,1
IMG_003435,images/IMG_003435.jpg,2023-10-14 03:00:00,4,0,0,0
IMG_003436,images/IMG_003436.jpg,2023-11-12 04:00:00,5,0,2,0
IMG_003437,images/IMG_003437.png,2023-06-30 05:00:00,1,1,0,1
IMG_003438,images/IMG_003438.png,2023-09-13 02:00:00,3,2,0,1
IMG_003439,images/IMG_003439.png,2023-11-12 05:00:00,5,0,2,0
IMG_003440,images/IMG_003440.png,2023-09-13 03:00:00,3,2,0,1
IMG_003441,images/IMG_003441.jpg,2023-09-13 04:00:00,3,2,0,1
IMG_003442,images/IMG_003442.png,2023-11-12 06:00:00,5,0,2,0
IMG_003443,images/IMG_003443.jpg,2023-11-12 07:00:00,5,0,2,0
IMG_003444,images/IMG_003444.png,2023-08-15 03:00:00,2,2,0,1
IMG_003445,images/IMG_003445.png,2023-11-12 08:00:00,5,0,2,0
IMG_003446,images/IMG_003446.png,2023-11-12 09:00:00,5,1,1,1
IMG_003447,images/IMG_003447.jpg,2023-11-12 10:00:00,5,0,2,0
IMG_003448,images/IMG_003448.png,2023-11-12 11:00:00,5,1,1,1
IMG_003449,images/IMG_003449.jpg,2023-10-14 04:00:00,4,0,0,0
IMG_003450,images/IMG_003450.jpg,2023-10-14 05:00:00,4,0,0,0
IMG_003451,images/IMG_003451.jpg,2023-08-15 04:00:00,2,2,0,1
IMG_003452,images/IMG_003452.jpg,2023-11-12 12:00:00,5,0,2,0
IMG_003453,images/IMG_003453.jpg,2023-10-14 06:00:00,4,0,0,0
IMG_003454,images/IMG_003454.png,2023-11-12 13:00:00,5,1,1,1
IMG_003455,images/IMG_003455.png,2023-11-12 14:00:00,5,0,2,0
IMG_003456,images/IMG_003456.png,2023-11-12 15:00:00,5,1,1,1
IMG_003457,images/IMG_003457.png,2023-08-15 05:00:00,2,0,0,0
IMG_003458,images/IMG_003458.jpg,2023-09-13 05:00:00,3,0,0,0
IMG_003459,images/IMG_003459.png,2023-08-15 06:00:00,2,2,0,1
IMG_003460,images/IMG_003460.jpg,2023-10-14 07:00:00,4,0,0,0
IMG_003461,images/IMG_003461.png,2023-06-30 06:00:00,1,1,0,1
IMG_003462,images/IMG_003462.png,2023-11-12 16:00:00,5,0,2,0
IMG_003463,images/IMG_003463.jpg,2023-09-13 06:00:00,3,2,0,1
IMG_003464,images/IMG_003464.png,2023-06-30 07:00:00,1,1,0,1
IMG_003465,images/IMG_003465.png,2023-11-12 17:00:00,5,3,3,1
IMG_003466,images/IMG_003466.png,2023-11-12 18:00:00,5,1,1,1
IMG_003467,images/IMG_003467.png,2023-09-13 07:00:00,3,1,0,1
IMG_003468,images/IMG_003468.png,2023-11-12 19:00:00,5,0,2,0
IMG_003469,images/IMG_003469.png,2023-11-12 20:00:00,5,3,3,1
IMG_003470,images/IMG_003470.png,2023-11-12 21:00:00,5,0,2,0
IMG_003471,images/IMG_003471.png,2023-06-30 08:00:00,1,1,0,1
IMG_003472,images/IMG_003472.png,2023-11-12 22:00:00,5,1,1,1
IMG_003473,images/IMG_003473.png,2023-09-13 08:00:00,3,1,0,1
IMG_003474,images/IMG_003474.png,2023-11-12 23:00:00,5,0,2,0
IMG_003475,images/IMG_003475.png,2023-11-13 00:00:00,5,3,3,1
IMG_003476,images/IMG_003476.jpg,2023-06-06 11:00:00,0,0,0,0
IMG_003477,images/IMG_003477.png,2023-11-13 01:00:00,5,0,2,0
IMG_003478,images/IMG_003478.png,2023-09-13 09:00:00,3,2,0,1
IMG_003479,images/IMG_003479.png,2023-11-13 02:00:00,5,1,1,1
IMG_003480,images/IMG_003480.jpg,2023-10-14 08:00:00,4,0,0,0
IMG_003481,images/IMG_003481.jpg,2023-09-13 10:00:00,3,2,0,1
IMG_003482,images/IMG_003482.jpg,2023-09-13 11:00:00,3,2,0,1
IMG_003483,images/IMG_003483.png,2023-11-13 03:00:00,5,3,3,1
IMG_003484,images/IMG_003484.jpg,2023-11-13 04:00:00,5,0,2,0
IMG_003485,images/IMG_003485.jpg,2023-10-14 09:00:00,4,0,0,0
IMG_003486,images/IMG_003486.png,2023-08-15 07:00:00,2,1,0,1
IMG_003487,images/IMG_003487.jpg,2023-08-15 08:00:00,2,2,0,1
IMG_003488,images/IMG_003488.png,2023-11-13 05:00:00,5,3,3,1
IMG_003489,images/IMG_003489.jpg,2023-10-14 10:00:00,4,0,0,0
IMG_003490,images/IMG_003490.png,2023-11-13 06:00:00,5,3,3,1
IMG_003491,images/IMG_003491.png,2023-06-06 12:00:00,0,0,0,0
IMG_003492,images/IMG_003492.jpg,2023-10-14 11:00:00,4,0,0,0
IMG_003493,images/IMG_003493.jpg,2023-09-13 12:00:00,3,2,0,1
IMG_003494,images/IMG_003494.png,2023-11-13 07:00:00,5,0,2,0
IMG_003495,images/IMG_003495.png,2023-06-30 09:00:00,1,1,0,1
IMG_003496,images/IMG_003496.jpg,2023-11-13 08:00:00,5,0,2,0
IMG_003497,images/IMG_003497.jpg,2023-11-13 09:00:00,5,0,2,0
IMG_003498,images/IMG_003498.jpg,2023-11-13 10:00:00,5,0,2,0
IMG_003499,images/IMG_003499.jpg,2023-10-14 12:00:00,4,0,0,0
IMG_003500,images/IMG_003500.png,2023-06-30 10:00:00,1,0,0,0
IMG_003501,images/IMG_003501.jpg,2023-11-13 11:00:00,5,0,2,0
IMG_003502,images/IMG_003502.png,2023-06-06 13:00:00,0,0,0,0
IMG_003503,images/IMG_003503.jpg,2023-10-14 13:00:00,4,0,0,0
IMG_003504,images/IMG_003504.png,2023-09-13 13:00:00,3,2,0,1
IMG_003505,images/IMG_003505.jpg,2023-10-14 14:00:00,4,0,0,0
IMG_003506,images/IMG_003506.png,2023-08-15 09:00:00,2,2,0,1
IMG_003507,images/IMG_003507.jpg,2023-10-14 15:00:00,4,0,0,0
IMG_003508,images/IMG_003508.png,2023-09-13 14:00:00,3,2,0,1
IMG_003509,images/IMG_003509.jpg,2023-11-13 12:00:00,5,0,2,0
IMG_003510,images/IMG_003510.jpg,2023-11-13 13:00:00,5,0,2,0
IMG_003511,images/IMG_003511.png,2023-09-13 15:00:00,3,1,0,1
IMG_003512,images/IMG_003512.jpg,2023-11-13 14:00:00,5,0,2,0
IMG_003513,images/IMG_003513.png,2023-11-13 15:00:00,5,1,1,1
IMG_003514,images/IMG_003514.png,2023-11-13 16:00:00,5,0,2,0
IMG_003515,images/IMG_003515.jpg,2023-11-13 17:00:00,5,0,2,0
IMG_003516,images/IMG_003516.jpg,2023-11-13 18:00:00,5,0,2,0
IMG_003517,images/IMG_003517.png,2023-11-13 19:00:00,5,0,2,0
IMG_003518,images/IMG_003518.png,2023-11-13 20:00:00,5,0,2,0
IMG_003519,images/IMG_003519.png,2023-11-13 21:00:00,5,0,2,0
IMG_003520,images/IMG_003520.png,2023-08-15 10:00:00,2,2,0,1
IMG_003521,images/IMG_003521.png,2023-09-13 16:00:00,3,2,0,1
IMG_003522,images/IMG_003522.jpg,2023-11-13 22:00:00,5,0,2,0
IMG_003523,images/IMG_003523.png,2023-11-13 23:00:00,5,0,2,0
IMG_003524,images/IMG_003524.png,2023-06-30 11:00:00,1,0,0,0
IMG_003525,images/IMG_003525.jpg,2023-10-14 16:00:00,4,0,0,0
IMG_003526,images/IMG_003526.png,2023-06-06 14:00:00,0,0,0,0
IMG_003527,images/IMG_003527.jpg,2023-11-14 00:00:00,5,0,2,0
IMG_003528,images/IMG_003528.jpg,2023-10-14 17:00:00,4,0,0,0
IMG_003529,images/IMG_003529.jpg,2023-10-14 18:00:00,4,0,0,0
IMG_003530,images/IMG_003530.jpg,2023-09-13 17:00:00,3,2,0,1
IMG_003531,images/IMG_003531.jpg,2023-11-14 01:00:00,5,0,2,0
IMG_003532,images/IMG_003532.jpg,2023-10-14 19:00:00,4,0,0,0
IMG_003533,images/IMG_003533.jpg,2023-06-06 15:00:00,0,0,0,0
IMG_003534,images/IMG_003534.jpg,2023-08-15 11:00:00,2,0,0,0
IMG_003535,images/IMG_003535.png,2023-06-30 12:00:00,1,1,0,1
IMG_003536,images/IMG_003536.jpg,2023-06-30 13:00:00,1,0,0,0
IMG_003537,images/IMG_003537.png,2023-09-13 18:00:00,3,0,0,0
IMG_003538,images/IMG_003538.jpg,2023-10-14 20:00:00,4,0,0,0
IMG_003539,images/IMG_003539.png,2023-11-14 02:00:00,5,0,2,0
IMG_003540,images/IMG_003540.jpg,2023-09-13 19:00:00,3,2,0,1
IMG_003541,images/IMG_003541.png,2023-08-15 12:00:00,2,0,0,0
IMG_003542,images/IMG_003542.jpg,2023-10-14 21:00:00,4,0,0,0
IMG_003543,images/IMG_003543.png,2023-09-13 20:00:00,3,2,0,1
IMG_003544,images/IMG_003544.jpg,2023-10-14 22:00:00,4,0,0,0
IMG_003545,images/IMG_003545.jpg,2023-10-14 23:00:00,4,0,0,0
IMG_003546,images/IMG_003546.jpg,2023-09-13 21:00:00,3,2,0,1
IMG_003547,images/IMG_003547.jpg,2023-10-15 00:00:00,4,0,0,0
IMG_003548,images/IMG_003548.jpg,2023-08-15 13:00:00,2,2,0,1
IMG_003549,images/IMG_003549.png,2023-11-14 03:00:00,5,0,2,0
IMG_003550,images/IMG_003550.jpg,2023-11-14 04:00:00,5,0,2,0
IMG_003551,images/IMG_003551.png,2023-06-30 14:00:00,1,0,0,0
IMG_003552,images/IMG_003552.png,2023-06-30 15:00:00,1,1,0,1
IMG_003553,images/IMG_003553.jpg,2023-10-15 01:00:00,4,0,0,0
IMG_003554,images/IMG_003554.png,2023-09-13 22:00:00,3,1,0,1
IMG_003555,images/IMG_003555.jpg,2023-06-06 16:00:00,0,0,0,0
IMG_003556,images/IMG_003556.jpg,2023-11-14 05:00:00,5,0,2,0
IMG_003557,images/IMG_003557.png,2023-11-14 06:00:00,5,1,1,1
IMG_003558,images/IMG_003558.png,2023-06-30 16:00:00,1,1,0,1
IMG_003559,images/IMG_003559.jpg,2023-09-13 23:00:00,3,2,0,1
IMG_003560,images/IMG_003560.png,2023-09-14 00:00:00,3,2,0,1
IMG_003561,images/IMG_003561.jpg,2023-09-14 01:00:00,3,2,0,1
IMG_003562,images/IMG_003562.jpg,2023-11-14 07:00:00,5,0,2,0
IMG_003563,images/IMG_003563.jpg,2023-10-15 02:00:00,4,0,0,0
IMG_003564,images/IMG_003564.png,2023-11-14 08:00:00,5,1,1,1
IMG_003565,images/IMG_003565.png,2023-09-14 02:00:00,3,0,0,0
IMG_003566,images/IMG_003566.png,2023-11-14 09:00:00,5,1,1,1
IMG_003567,images/IMG_003567.png,2023-11-14 10:00:00,5,3,3,1
IMG_003568,images/IMG_003568.jpg,2023-11-14 11:00:00,5,0,2,0
IMG_003569,images/IMG_003569.jpg,2023-10-15 03:00:00,4,0,0,0
IMG_003570,images/IMG_003570.jpg,2023-11-14 12:00:00,5,0,2,0
IMG_003571,images/IMG_003571.png,2023-06-30 17:00:00,1,0,0,0
IMG_003572,images/IMG_003572.png,2023-11-14 13:00:00,5,1,1,1
IMG_003573,images/IMG_003573.png,2023-11-14 14:00:00,5,1,1,1
IMG_003574,images/IMG_003574.png,2023-11-14 15:00:00,5,3,3,1
IMG_003575,images/IMG_003575.jpg,2023-10-15 04:00:00,4,0,0,0
IMG_003576,images/IMG_003576.png,2023-09-14 03:00:00,3,2,0,1
IMG_003577,images/IMG_003577.png,2023-08-15 14:00:00,2,2,0,1
IMG_003578,images/IMG_003578.png,2023-11-14 16:00:00,5,1,1,1
IMG_003579,images/IMG_003579.png,2023-08-15 15:00:00,2,1,0,1
IMG_003580,images/IMG_003580.jpg,2023-10-15 05:00:00,4,0,0,0
IMG_003581,images/IMG_003581.png,2023-06-30 18:00:00,1,1,0,1
IMG_003582,images/IMG_003582.jpg,2023-08-15 16:00:00,2,2,0,1
IMG_003583,images/IMG_003583.jpg,2023-11-14 17:00:00,5,0,2,0
IMG_003584,images/IMG_003584.jpg,2023-08-15 17:00:00,2,2,0,1
IMG_003585,images/IMG_003585.png,2023-09-14 04:00:00,3,2,0,1
IMG_003586,images/IMG_003586.png,2023-11-14 18:00:00,5,0,2,0
IMG_003587,images/IMG_003587.png,2023-08-15 18:00:00,2,1,0,1
IMG_003588,images/IMG_003588.jpg,2023-09-14 05:00:00,3,2,0,1
IMG_003589,images/IMG_003589.jpg,2023-11-14 19:00:00,5,0,2,0
IMG_003590,images/IMG_003590.png,2023-08-15 19:00:00,2,1,0,1
IMG_003591,images/IMG_003591.png,2023-06-30 19:00:00,1,1,0,1
IMG_003592,images/IMG_003592.png,2023-11-14 20:00:00,5,1,1,1
IMG_003593,images/IMG_003593.png,2023-11-14 21:00:00,5,1,1,1
IMG_003594,images/IMG_003594.png,2023-11-14 22:00:00,5,3,3,1
IMG_003595,images/IMG_003595.png,2023-11-14 23:00:00,5,1,1,1
IMG_003596,images/IMG_003596.jpg,2023-11-15 00:00:00,5,0,2,0
IMG_003597,images/IMG_003597.png,2023-11-15 01:00:00,5,0,2,0
IMG_003598,images/IMG_003598.png,2023-11-15 02:00:00,5,0,2,0
IMG_003599,images/IMG_003599.jpg,2023-09-14 06:00:00,3,0,0,0
IMG_003600,images/IMG_003600.jpg,2023-11-15 03:00:00,5,0,2,0
IMG_003601,images/IMG_003601.jpg,2023-10-15 06:00:00,4,0,0,0
IMG_003602,images/IMG_003602.png,2023-11-15 04:00:00,5,1,1,1
IMG_003603,images/IMG_003603.png,2023-11-15 05:00:00,5,1,1,1
IMG_003604,images/IMG_003604.jpg,2023-11-15 06:00:00,5,0,2,0
IMG_003605,images/IMG_003605.png,2023-06-30 20:00:00,1,0,0,0
IMG_003606,images/IMG_003606.jpg,2023-11-15 07:00:00,5,0,2,0
IMG_003607,images/IMG_003607.png,2023-11-15 08:00:00,5,0,2,0
IMG_003608,images/IMG_003608.jpg,2023-09-14 07:00:00,3,2,0,1
IMG_003609,images/IMG_003609.png,2023-11-15 09:00:00,5,3,3,1
IMG_003610,images/IMG_003610.png,2023-09-14 08:00:00,3,2,0,1
IMG_003611,images/IMG_003611.jpg,2023-08-15 20:00:00,2,2,0,1
IMG_003612,images/IMG_003612.png,2023-11-15 10:00:00,5,0,2,0
IMG_003613,images/IMG_003613.jpg,2023-09-14 09:00:00,3,0,0,0
IMG_003614,images/IMG_003614.png,2023-11-15 11:00:00,5,0,2,0
IMG_003615,images/IMG_003615.png,2023-09-14 10:00:00,3,2,0,1
IMG_003616,images/IMG_003616.png,2023-11-15 12:00:00,5,3,3,1
IMG_003617,images/IMG_003617.png,2023-11-15 13:00:00,5,3,3,1
IMG_003618,images/IMG_003618.jpg,2023-11-15 14:00:00,5,0,2,0
IMG_003619,images/IMG_003619.png,2023-09-14 11:00:00,3,2,0,1
IMG_003620,images/IMG_003620.jpg,2023-06-06 17:00:00,0,0,0,0
IMG_003621,images/IMG_003621.jpg,2023-10-15 07:00:00,4,0,0,0
IMG_003622,images/IMG_003622.jpg,2023-08-15 21:00:00,2,2,0,1
IMG_003623,images/IMG_003623.jpg,2023-10-15 08:00:00,4,0,0,0
IMG_003624,images/IMG_003624.png,2023-11-15 15:00:00,5,1,1,1
IMG_003625,images/IMG_003625.png,2023-11-15 16:00:00,5,3,3,1
IMG_003626,images/IMG_003626.png,2023-09-14 12:00:00,3,2,0,1
IMG_003627,images/IMG_003627.jpg,2023-10-15 09:00:00,4,0,0,0
IMG_003628,images/IMG_003628.png,2023-11-15 17:00:00,5,3,3,1
IMG_003629,images/IMG_003629.png,2023-11-15 18:00:00,5,1,1,1
IMG_003630,images/IMG_003630.jpg,2023-10-15 10:00:00,4,0,0,0
IMG_003631,images/IMG_003631.jpg,2023-10-15 11:00:00,4,0,0,0
IMG_003632,images/IMG_003632.png,2023-06-30 21:00:00,1,1,0,1
IMG_003633,images/IMG_003633.jpg,2023-08-15 22:00:00,2,2,0,1
IMG_003634,images/IMG_003634.jpg,2023-09-14 13:00:00,3,2,0,1
IMG_003635,images/IMG_003635.jpg,2023-11-15 19:00:00,5,0,2,0
IMG_003636,images/IMG_003636.jpg,2023-10-15 12:00:00,4,0,0,0
IMG_003637,images/IMG_003637.png,2023-11-15 20:00:00,5,3,3,1
IMG_003638,images/IMG_003638.png,2023-11-15 21:00:00,5,1,1,1
IMG_003639,images/IMG_003639.jpg,2023-11-15 22:00:00,5,0,2,0
IMG_003640,images/IMG_003640.png,2023-11-15 23:00:00,5,1,1,1
IMG_003641,images/IMG_003641.jpg,2023-06-30 22:00:00,1,0,0,0
IMG_003642,images/IMG_003642.jpg,2023-10-15 13:00:00,4,0,0,0
IMG_003643,images/IMG_003643.png,2023-06-30 23:00:00,1,1,0,1
IMG_003644,images/IMG_003644.png,2023-11-16 00:00:00,5,3,3,1
IMG_003645,images/IMG_003645.jpg,2023-11-16 01:00:00,5,0,2,0
IMG_003646,images/IMG_003646.jpg,2023-11-16 02:00:00,5,0,2,0
IMG_003647,images/IMG_003647.jpg,2023-10-15 14:00:00,4,0,0,0
IMG_003648,images/IMG_003648.png,2023-11-16 03:00:00,5,1,1,1
IMG_003649,images/IMG_003649.jpg,2023-06-06 18:00:00,0,0,0,0
IMG_003650,images/IMG_003650.png,2023-09-14 14:00:00,3,0,0,0
IMG_003651,images/IMG_003651.png,2023-11-16 04:00:00,5,1,1,1
IMG_003652,images/IMG_003652.png,2023-07-01 00:00:00,1,0,0,0
IMG_003653,images/IMG_003653.jpg,2023-09-14 15:00:00,3,2,0,1
IMG_003654,images/IMG_003654.png,2023-07-01 01:00:00,1,0,0,0
IMG_003655,images/IMG_003655.jpg,2023-10-15 15:00:00,4,0,0,0
IMG_003656,images/IMG_003656.png,2023-09-14 16:00:00,3,1,0,1
IMG_003657,images/IMG_003657.jpg,2023-08-15 23:00:00,2,2,0,1
IMG_003658,images/IMG_003658.jpg,2023-10-15 16:00:00,4,0,0,0
IMG_003659,images/IMG_003659.png,2023-11-16 05:00:00,5,0,2,0
IMG_003660,images/IMG_003660.png,2023-08-16 00:00:00,2,1,0,1
IMG_003661,images/IMG_003661.jpg,2023-10-15 17:00:00,4,0,0,0
IMG_003662,images/IMG_003662.png,2023-06-06 19:00:00,0,0,0,0
IMG_003663,images/IMG_003663.png,2023-06-06 20:00:00,0,0,0,0
IMG_003664,images/IMG_003664.jpg,2023-08-16 01:00:00,2,2,0,1
IMG_003665,images/IMG_003665.png,2023-11-16 06:00:00,5,3,3,1
IMG_003666,images/IMG_003666.png,2023-07-01 02:00:00,1,0,0,0
IMG_003667,images/IMG_003667.png,2023-11-16 07:00:00,5,0,2,0
IMG_003668,images/IMG_003668.jpg,2023-11-16 08:00:00,5,0,2,0
IMG_003669,images/IMG_003669.png,2023-11-16 09:00:00,5,3,3,1
IMG_003670,images/IMG_003670.jpg,2023-10-15 18:00:00,4,0,0,0
IMG_003671,images/IMG_003671.png,2023-09-14 17:00:00,3,2,0,1
IMG_003672,images/IMG_003672.jpg,2023-10-15 19:00:00,4,0,0,0
IMG_003673,images/IMG_003673.jpg,2023-09-14 18:00:00,3,2,0,1
IMG_003674,images/IMG_003674.jpg,2023-09-14 19:00:00,3,2,0,1
IMG_003675,images/IMG_003675.jpg,2023-11-16 10:00:00,5,0,2,0
IMG_003676,images/IMG_003676.png,2023-09-14 20:00:00,3,2,0,1
IMG_003677,images/IMG_003677.jpg,2023-09-14 21:00:00,3,2,0,1
IMG_003678,images/IMG_003678.png,2023-08-16 02:00:00,2,2,0,1
IMG_003679,images/IMG_003679.jpg,2023-11-16 11:00:00,5,0,2,0
IMG_003680,images/IMG_003680.png,2023-11-16 12:00:00,5,3,3,1
IMG_003681,images/IMG_003681.png,2023-11-16 13:00:00,5,1,1,1
IMG_003682,images/IMG_003682.jpg,2023-09-14 22:00:00,3,2,0,1
IMG_003683,images/IMG_003683.png,2023-09-14 23:00:00,3,1,0,1
IMG_003684,images/IMG_003684.png,2023-11-16 14:00:00,5,3,3,1
IMG_003685,images/IMG_003685.png,2023-11-16 15:00:00,5,1,1,1
IMG_003686,images/IMG_003686.png,2023-11-16 16:00:00,5,1,1,1
IMG_003687,images/IMG_003687.png,2023-11-16 17:00:00,5,0,2,0
IMG_003688,images/IMG_003688.png,2023-09-15 00:00:00,3,0,0,0
IMG_003689,images/IMG_003689.png,2023-11-16 18:00:00,5,0,2,0
IMG_003690,images/IMG_003690.png,2023-11-16 19:00:00,5,1,1,1
IMG_003691,images/IMG_003691.jpg,2023-11-16 20:00:00,5,0,2,0
IMG_003692,images/IMG_003692.jpg,2023-10-15 20:00:00,4,0,0,0
IMG_003693,images/IMG_003693.jpg,2023-10-15 21:00:00,4,0,0,0
IMG_003694,images/IMG_003694.jpg,2023-10-15 22:00:00,4,0,0,0
IMG_003695,images/IMG_003695.jpg,2023-10-15 23:00:00,4,0,0,0
IMG_003696,images/IMG_003696.jpg,2023-09-15 01:00:00,3,2,0,1
IMG_003697,images/IMG_003697.png,2023-06-06 21:00:00,0,0,0,0
IMG_003698,images/IMG_003698.jpg,2023-08-16 03:00:00,2,0,0,0
IMG_003699,images/IMG_003699.png,2023-11-16 21:00:00,5,0,2,0
IMG_003700,images/IMG_003700.jpg,2023-08-16 04:00:00,2,0,0,0
IMG_003701,images/IMG_003701.jpg,2023-10-16 00:00:00,4,0,0,0
IMG_003702,images/IMG_003702.png,2023-09-15 02:00:00,3,0,0,0
IMG_003703,images/IMG_003703.jpg,2023-11-16 22:00:00,5,0,2,0
IMG_003704,images/IMG_003704.png,2023-07-01 03:00:00,1,0,0,0
IMG_003705,images/IMG_003705.jpg,2023-10-16 01:00:00,4,0,0,0
IMG_003706,images/IMG_003706.jpg,2023-10-16 02:00:00,4,0,0,0
IMG_003707,images/IMG_003707.jpg,2023-09-15 03:00:00,3,2,0,1
IMG_003708,images/IMG_003708.png,2023-11-16 23:00:00,5,0,2,0
IMG_003709,images/IMG_003709.png,2023-11-17 00:00:00,5,3,3,1
IMG_003710,images/IMG_003710.jpg,2023-10-16 03:00:00,4,0,0,0
IMG_003711,images/IMG_003711.jpg,2023-09-15 04:00:00,3,2,0,1
IMG_003712,images/IMG_003712.jpg,2023-09-15 05:00:00,3,2,0,1
IMG_003713,images/IMG_003713.jpg,2023-08-16 05:00:00,2,2,0,1
IMG_003714,images/IMG_003714.jpg,2023-10-16 04:00:00,4,0,0,0
IMG_003715,images/IMG_003715.jpg,2023-09-15 06:00:00,3,2,0,1
IMG_003716,images/IMG_003716.png,2023-11-17 01:00:00,5,3,3,1
IMG_003717,images/IMG_003717.png,2023-11-17 02:00:00,5,0,2,0
IMG_003718,images/IMG_003718.png,2023-08-16 06:00:00,2,2,0,1
IMG_003719,images/IMG_003719.jpg,2023-09-15 07:00:00,3,2,0,1
IMG_003720,images/IMG_003720.jpg,2023-09-15 08:00:00,3,0,0,0
IMG_003721,images/IMG_003721.png,2023-09-15 09:00:00,3,2,0,1
IMG_003722,images/IMG_003722.png,2023-06-06 22:00:00,0,0,0,0
IMG_003723,images/IMG_003723.jpg,2023-10-16 05:00:00,4,0,0,0
IMG_003724,images/IMG_003724.jpg,2023-09-15 10:00:00,3,2,0,1
IMG_003725,images/IMG_003725.jpg,2023-10-16 06:00:00,4,0,0,0
IMG_003726,images/IMG_003726.png,2023-11-17 03:00:00,5,1,1,1
IMG_003727,images/IMG_003727.png,2023-11-17 04:00:00,5,1,1,1
IMG_003728,images/IMG_003728.jpg,2023-10-16 07:00:00,4,0,0,0
IMG_003729,images/IMG_003729.png,2023-11-17 05:00:00,5,3,3,1
IMG_003730,images/IMG_003730.jpg,2023-08-16 07:00:00,2,2,0,1
IMG_003731,images/IMG_003731.jpg,2023-11-17 06:00:00,5,0,2,0
IMG_003732,images/IMG_003732.png,2023-09-15 11:00:00,3,2,0,1
IMG_003733,images/IMG_003733.jpg,2023-07-01 04:00:00,1,0,0,0
IMG_003734,images/IMG_003734.png,2023-11-17 07:00:00,5,0,2,0
IMG_003735,images/IMG_003735.jpg,2023-10-16 08:00:00,4,0,0,0
IMG_003736,images/IMG_003736.png,2023-11-17 08:00:00,5,3,3,1
IMG_003737,images/IMG_003737.png,2023-11-17 09:00:00,5,3,3,1
IMG_003738,images/IMG_003738.png,2023-11-17 10:00:00,5,3,3,1
IMG_003739,images/IMG_003739.jpg,2023-11-17 11:00:00,5,0,2,0
IMG_003740,images/IMG_003740.png,2023-08-16 08:00:00,2,2,0,1
IMG_003741,images/IMG_003741.jpg,2023-11-17 12:00:00,5,0,2,0
IMG_003742,images/IMG_003742.jpg,2023-09-15 12:00:00,3,2,0,1
IMG_003743,images/IMG_003743.png,2023-09-15 13:00:00,3,1,0,1
IMG_003744,images/IMG_003744.png,2023-11-17 13:00:00,5,1,1,1
IMG_003745,images/IMG_003745.jpg,2023-11-17 14:00:00,5,0,2,0
IMG_003746,images/IMG_003746.png,2023-07-01 05:00:00,1,1,0,1
IMG_003747,images/IMG_003747.png,2023-11-17 15:00:00,5,3,3,1
IMG_003748,images/IMG_003748.png,2023-08-16 09:00:00,2,2,0,1
IMG_003749,images/IMG_003749.png,2023-08-16 10:00:00,2,2,0,1
IMG_003750,images/IMG_003750.jpg,2023-11-17 16:00:00,5,0,2,0
IMG_003751,images/IMG_003751.jpg,2023-10-16 09:00:00,4,0,0,0
IMG_003752,images/IMG_003752.png,2023-09-15 14:00:00,3,2,0,1
IMG_003753,images/IMG_003753.png,2023-11-17 17:00:00,5,1,1,1
IMG_003754,images/IMG_003754.png,2023-11-17 18:00:00,5,0,2,0
IMG_003755,images/IMG_003755.png,2023-11-17 19:00:00,5,1,1,1
IMG_003756,images/IMG_003756.jpg,2023-09-15 15:00:00,3,0,0,0
IMG_003757,images/IMG_003757.jpg,2023-10-16 10:00:00,4,0,0,0
IMG_003758,images/IMG_003758.png,2023-08-16 11:00:00,2,2,0,1
IMG_003759,images/IMG_003759.png,2023-11-17 20:00:00,5,3,3,1
IMG_003760,images/IMG_003760.jpg,2023-10-16 11:00:00,4,0,0,0
IMG_003761,images/IMG_003761.jpg,2023-11-17 21:00:00,5,0,2,0
IMG_003762,images/IMG_003762.jpg,2023-10-16 12:00:00,4,0,0,0
IMG_003763,images/IMG_003763.png,2023-08-16 12:00:00,2,2,0,1
IMG_003764,images/IMG_003764.jpg,2023-10-16 13:00:00,4,0,0,0
IMG_003765,images/IMG_003765.png,2023-11-17 22:00:00,5,1,1,1
IMG_003766,images/IMG_003766.jpg,2023-09-15 16:00:00,3,2,0,1
IMG_003767,images/IMG_003767.jpg,2023-08-16 13:00:00,2,2,0,1
IMG_003768,images/IMG_003768.png,2023-11-17 23:00:00,5,1,1,1
IMG_003769,images/IMG_003769.jpg,2023-10-16 14:00:00,4,0,0,0
IMG_003770,images/IMG_003770.png,2023-08-16 14:00:00,2,0,0,0
IMG_003771,images/IMG_003771.jpg,2023-10-16 15:00:00,4,0,0,0
IMG_003772,images/IMG_003772.png,2023-11-18 00:00:00,5,3,3,1
IMG_003773,images/IMG_003773.png,2023-11-18 01:00:00,5,3,3,1
IMG_003774,images/IMG_003774.jpg,2023-09-15 17:00:00,3,2,0,1
IMG_003775,images/IMG_003775.png,2023-11-18 02:00:00,5,1,1,1
IMG_003776,images/IMG_003776.jpg,2023-10-16 16:00:00,4,0,0,0
IMG_003777,images/IMG_003777.jpg,2023-09-15 18:00:00,3,2,0,1
IMG_003778,images/IMG_003778.jpg,2023-10-16 17:00:00,4,0,0,0
IMG_003779,images/IMG_003779.png,2023-11-18 03:00:00,5,1,1,1
IMG_003780,images/IMG_003780.jpg,2023-11-18 04:00:00,5,0,2,0
IMG_003781,images/IMG_003781.png,2023-11-18 05:00:00,5,1,1,1
IMG_003782,images/IMG_003782.png,2023-11-18 06:00:00,5,0,2,0
IMG_003783,images/IMG_003783.jpg,2023-10-16 18:00:00,4,0,0,0
IMG_003784,images/IMG_003784.jpg,2023-07-01 06:00:00,1,0,0,0
IMG_003785,images/IMG_003785.png,2023-11-18 07:00:00,5,0,2,0
IMG_003786,images/IMG_003786.png,2023-11-18 08:00:00,5,3,3,1
IMG_003787,images/IMG_003787.png,2023-11-18 09:00:00,5,1,1,1
IMG_003788,images/IMG_003788.png,2023-11-18 10:00:00,5,3,3,1
IMG_003789,images/IMG_003789.png,2023-09-15 19:00:00,3,1,0,1
IMG_003790,images/IMG_003790.jpg,2023-11-18 11:00:00,5,0,2,0
IMG_003791,images/IMG_003791.png,2023-08-16 15:00:00,2,1,0,1
IMG_003792,images/IMG_003792.jpg,2023-11-18 12:00:00,5,0,2,0
IMG_003793,images/IMG_003793.png,2023-11-18 13:00:00,5,3,3,1
IMG_003794,images/IMG_003794.jpg,2023-08-16 16:00:00,2,2,0,1
IMG_003795,images/IMG_003795.png,2023-09-15 20:00:00,3,0,0,0
IMG_003796,images/IMG_003796.jpg,2023-10-16 19:00:00,4,0,0,0
IMG_003797,images/IMG_003797.png,2023-07-01 07:00:00,1,0,0,0
IMG_003798,images/IMG_003798.jpg,2023-11-18 14:00:00,5,0,2,0
IMG_003799,images/IMG_003799.jpg,2023-11-18 15:00:00,5,0,2,0
IMG_003800,images/IMG_003800.jpg,2023-10-16 20:00:00,4,0,0,0
IMG_003801,images/IMG_003801.png,2023-07-01 08:00:00,1,1,0,1
IMG_003802,images/IMG_003802.png,2023-11-18 16:00:00,5,1,1,1
IMG_003803,images/IMG_003803.jpg,2023-09-15 21:00:00,3,2,0,1
IMG_003804,images/IMG_003804.png,2023-07-01 09:00:00,1,1,0,1
IMG_003805,images/IMG_003805.png,2023-11-18 17:00:00,5,3,3,1
IMG_003806,images/IMG_003806.jpg,2023-10-16 21:00:00,4,0,0,0
IMG_003807,images/IMG_003807.jpg,2023-11-18 18:00:00,5,0,2,0
IMG_003808,images/IMG_003808.jpg,2023-10-16 22:00:00,4,0,0,0
IMG_003809,images/IMG_003809.jpg,2023-11-18 19:00:00,5,0,2,0
IMG_003810,images/IMG_003810.png,2023-11-18 20:00:00,5,1,1,1
IMG_003811,images/IMG_003811.jpg,2023-10-16 23:00:00,4,0,0,0
IMG_003812,images/IMG_003812.jpg,2023-10-17 00:00:00,4,0,0,0
IMG_003813,images/IMG_003813.png,2023-08-16 17:00:00,2,0,0,0
IMG_003814,images/IMG_003814.jpg,2023-10-17 01:00:00,4,0,0,0
IMG_003815,images/IMG_003815.png,2023-11-18 21:00:00,5,3,3,1
IMG_003816,images/IMG_003816.jpg,2023-10-17 02:00:00,4,0,0,0
IMG_003817,images/IMG_003817.jpg,2023-11-18 22:00:00,5,0,2,0
IMG_003818,images/IMG_003818.png,2023-07-01 10:00:00,1,1,0,1
IMG_003819,images/IMG_003819.png,2023-11-18 23:00:00,5,1,1,1
IMG_003820,images/IMG_003820.png,2023-08-16 18:00:00,2,2,0,1
IMG_003821,images/IMG_003821.jpg,2023-10-17 03:00:00,4,0,0,0
IMG_003822,images/IMG_003822.png,2023-11-19 00:00:00,5,0,2,0
IMG_003823,images/IMG_003823.jpg,2023-10-17 04:00:00,4,0,0,0
IMG_003824,images/IMG_003824.jpg,2023-11-19 01:00:00,5,0,2,0
IMG_003825,images/IMG_003825.png,2023-07-01 11:00:00,1,0,0,0
IMG_003826,images/IMG_003826.jpg,2023-11-19 02:00:00,5,0,2,0
IMG_003827,images/IMG_003827.png,2023-11-19 03:00:00,5,1,1,1
IMG_003828,images/IMG_003828.png,2023-11-19 04:00:00,5,3,3,1
IMG_003829,images/IMG_003829.jpg,2023-08-16 19:00:00,2,2,0,1
IMG_003830,images/IMG_003830.jpg,2023-10-17 05:00:00,4,0,0,0
IMG_003831,images/IMG_003831.jpg,2023-06-06 23:00:00,0,0,0,0
IMG_003832,images/IMG_003832.png,2023-09-15 22:00:00,3,1,0,1
IMG_003833,images/IMG_003833.jpg,2023-11-19 05:00:00,5,0,2,0
IMG_003834,images/IMG_003834.png,2023-08-16 20:00:00,2,0,0,0
IMG_003835,images/IMG_003835.png,2023-09-15 23:00:00,3,2,0,1
IMG_003836,images/IMG_003836.jpg,2023-09-16 00:00:00,3,2,0,1
IMG_003837,images/IMG_003837.png,2023-11-19 06:00:00,5,3,3,1
IMG_003838,images/IMG_003838.png,2023-11-19 07:00:00,5,0,2,0
IMG_003839,images/IMG_003839.jpg,2023-08-16 21:00:00,2,2,0,1
IMG_003840,images/IMG_003840.jpg,2023-11-19 08:00:00,5,0,2,0
IMG_003841,images/IMG_003841.png,2023-06-07 00:00:00,0,0,0,0
IMG_003842,images/IMG_003842.png,2023-11-19 09:00:00,5,3,3,1
IMG_003843,images/IMG_003843.png,2023-09-16 01:00:00,3,2,0,1
IMG_003844,images/IMG_003844.jpg,2023-10-17 06:00:00,4,0,0,0
IMG_003845,images/IMG_003845.jpg,2023-11-19 10:00:00,5,0,2,0
IMG_003846,images/IMG_003846.jpg,2023-11-19 11:00:00,5,0,2,0
IMG_003847,images/IMG_003847.jpg,2023-08-16 22:00:00,2,2,0,1
IMG_003848,images/IMG_003848.jpg,2023-11-19 12:00:00,5,0,2,0
IMG_003849,images/IMG_003849.jpg,2023-09-16 02:00:00,3,2,0,1
IMG_003850,images/IMG_003850.jpg,2023-11-19 13:00:00,5,0,2,0
IMG_003851,images/IMG_003851.jpg,2023-11-19 14:00:00,5,0,2,0
IMG_003852,images/IMG_003852.png,2023-08-16 23:00:00,2,1,0,1
IMG_003853,images/IMG_003853.jpg,2023-11-19 15:00:00,5,0,2,0
IMG_003854,images/IMG_003854.png,2023-08-17 00:00:00,2,1,0,1
IMG_003855,images/IMG_003855.jpg,2023-10-17 07:00:00,4,0,0,0
IMG_003856,images/IMG_003856.png,2023-08-17 01:00:00,2,2,0,1
IMG_003857,images/IMG_003857.jpg,2023-07-01 12:00:00,1,0,0,0
IMG_003858,images/IMG_003858.jpg,2023-11-19 16:00:00,5,0,2,0
IMG_003859,images/IMG_003859.png,2023-07-01 13:00:00,1,1,0,1
IMG_003860,images/IMG_003860.jpg,2023-06-07 01:00:00,0,0,0,0
IMG_003861,images/IMG_003861.png,2023-09-16 03:00:00,3,0,0,0
IMG_003862,images/IMG_003862.png,2023-07-01 14:00:00,1,1,0,1
IMG_003863,images/IMG_003863.png,2023-07-01 15:00:00,1,1,0,1
IMG_003864,images/IMG_003864.png,2023-11-19 17:00:00,5,1,1,1
IMG_003865,images/IMG_003865.png,2023-09-16 04:00:00,3,1,0,1
IMG_003866,images/IMG_003866.jpg,2023-08-17 02:00:00,2,2,0,1
IMG_003867,images/IMG_003867.jpg,2023-11-19 18:00:00,5,0,2,0
IMG_003868,images/IMG_003868.png,2023-08-17 03:00:00,2,2,0,1
IMG_003869,images/IMG_003869.png,2023-11-19 19:00:00,5,1,1,1
IMG_003870,images/IMG_003870.jpg,2023-11-19 20:00:00,5,0,2,0
IMG_003871,images/IMG_003871.png,2023-07-01 16:00:00,1,1,0,1
IMG_003872,images/IMG_003872.jpg,2023-10-17 08:00:00,4,0,0,0
IMG_003873,images/IMG_003873.png,2023-09-16 05:00:00,3,2,0,1
IMG_003874,images/IMG_003874.jpg,2023-11-19 21:00:00,5,0,2,0
IMG_003875,images/IMG_003875.jpg,2023-08-17 04:00:00,2,2,0,1
IMG_003876,images/IMG_003876.jpg,2023-10-17 09:00:00,4,0,0,0
IMG_003877,images/IMG_003877.png,2023-09-16 06:00:00,3,2,0,1
IMG_003878,images/IMG_003878.jpg,2023-11-19 22:00:00,5,0,2,0
IMG_003879,images/IMG_003879.jpg,2023-11-19 23:00:00,5,0,2,0
IMG_003880,images/IMG_003880.jpg,2023-11-20 00:00:00,5,0,2,0
IMG_003881,images/IMG_003881.png,2023-08-17 05:00:00,2,2,0,1
IMG_003882,images/IMG_003882.png,2023-08-17 06:00:00,2,2,0,1
IMG_003883,images/IMG_003883.png,2023-11-20 01:00:00,5,0,2,0
IMG_003884,images/IMG_003884.png,2023-11-20 02:00:00,5,3,3,1
IMG_003885,images/IMG_003885.png,2023-08-17 07:00:00,2,2,0,1
IMG_003886,images/IMG_003886.png,2023-11-20 03:00:00,5,3,3,1
IMG_003887,images/IMG_003887.jpg,2023-10-17 10:00:00,4,0,0,0
IMG_003888,images/IMG_003888.png,2023-11-20 04:00:00,5,1,1,1
IMG_003889,images/IMG_003889.png,2023-11-20 05:00:00,5,3,3,1
IMG_003890,images/IMG_003890.png,2023-07-01 17:00:00,1,0,0,0
IMG_003891,images/IMG_003891.png,2023-08-17 08:00:00,2,0,0,0
IMG_003892,images/IMG_003892.jpg,2023-10-17 11:00:00,4,0,0,0
IMG_003893,images/IMG_003893.png,2023-11-20 06:00:00,5,1,1,1
IMG_003894,images/IMG_003894.png,2023-11-20 07:00:00,5,1,1,1
IMG_003895,images/IMG_003895.jpg,2023-11-20 08:00:00,5,0,2,0
IMG_003896,images/IMG_003896.jpg,2023-09-16 07:00:00,3,2,0,1
IMG_003897,images/IMG_003897.jpg,2023-10-17 12:00:00,4,0,0,0
IMG_003898,images/IMG_003898.png,2023-11-20 09:00:00,5,3,3,1
IMG_003899,images/IMG_003899.png,2023-07-01 18:00:00,1,0,0,0
IMG_003900,images/IMG_003900.png,2023-07-01 19:00:00,1,1,0,1
IMG_003901,images/IMG_003901.png,2023-08-17 09:00:00,2,2,0,1
IMG_003902,images/IMG_003902.png,2023-08-17 10:00:00,2,2,0,1
IMG_003903,images/IMG_003903.png,2023-07-01 20:00:00,1,0,0,0
IMG_003904,images/IMG_003904.png,2023-09-16 08:00:00,3,1,0,1
IMG_003905,images/IMG_003905.png,2023-11-20 10:00:00,5,3,3,1
IMG_003906,images/IMG_003906.png,2023-08-17 11:00:00,2,2,0,1
IMG_003907,images/IMG_003907.png,2023-11-20 11:00:00,5,0,2,0
IMG_003908,images/IMG_003908.png,2023-11-20 12:00:00,5,3,3,1
IMG_003909,images/IMG_003909.png,2023-11-20 13:00:00,5,1,1,1
IMG_003910,images/IMG_003910.jpg,2023-10-17 13:00:00,4,0,0,0
IMG_003911,images/IMG_003911.png,2023-06-07 02:00:00,0,0,0,0
IMG_003912,images/IMG_003912.jpg,2023-11-20 14:00:00,5,0,2,0
IMG_003913,images/IMG_003913.jpg,2023-11-20 15:00:00,5,0,2,0
IMG_003914,images/IMG_003914.jpg,2023-10-17 14:00:00,4,0,0,0
IMG_003915,images/IMG_003915.jpg,2023-11-20 16:00:00,5,0,2,0
IMG_003916,images/IMG_003916.jpg,2023-10-17 15:00:00,4,0,0,0
IMG_003917,images/IMG_003917.png,2023-09-16 09:00:00,3,1,0,1
IMG_003918,images/IMG_003918.jpg,2023-10-17 16:00:00,4,0,0,0
IMG_003919,images/IMG_003919.png,2023-07-01 21:00:00,1,1,0,1
IMG_003920,images/IMG_003920.jpg,2023-11-20 17:00:00,5,0,2,0
IMG_003921,images/IMG_003921.png,2023-11-20 18:00:00,5,1,1,1
IMG_003922,images/IMG_003922.png,2023-08-17 12:00:00,2,1,0,1
IMG_003923,images/IMG_003923.png,2023-11-20 19:00:00,5,3,3,1
IMG_003924,images/IMG_003924.jpg,2023-10-17 17:00:00,4,0,0,0
IMG_003925,images/IMG_003925.png,2023-08-17 13:00:00,2,2,0,1
IMG_003926,images/IMG_003926.jpg,2023-11-20 20:00:00,5,0,2,0
IMG_003927,images/IMG_003927.jpg,2023-11-20 21:00:00,5,0,2,0
IMG_003928,images/IMG_003928.png,2023-11-20 22:00:00,5,0,2,0
IMG_003929,images/IMG_003929.jpg,2023-11-20 23:00:00,5,0,2,0
IMG_003930,images/IMG_003930.jpg,2023-09-16 10:00:00,3,2,0,1
IMG_003931,images/IMG_003931.jpg,2023-10-17 18:00:00,4,0,0,0
IMG_003932,images/IMG_003932.png,2023-08-17 14:00:00,2,1,0,1
IMG_003933,images/IMG_003933.jpg,2023-08-17 15:00:00,2,2,0,1
IMG_003934,images/IMG_003934.jpg,2023-11-21 00:00:00,5,0,2,0
IMG_003935,images/IMG_003935.png,2023-08-17 16:00:00,2,1,0,1
IMG_003936,images/IMG_003936.jpg,2023-11-21 01:00:00,5,0,2,0
IMG_003937,images/IMG_003937.png,2023-06-07 03:00:00,0,0,0,0
IMG_003938,images/IMG_003938.png,2023-07-01 22:00:00,1,0,0,0
IMG_003939,images/IMG_003939.png,2023-06-07 04:00:00,0,0,0,0
IMG_003940,images/IMG_003940.png,2023-09-16 11:00:00,3,1,0,1
IMG_003941,images/IMG_003941.png,2023-08-17 17:00:00,2,1,0,1
IMG_003942,images/IMG_003942.png,2023-11-21 02:00:00,5,1,1,1
IMG_003943,images/IMG_003943.png,2023-06-07 05:00:00,0,0,0,0
IMG_003944,images/IMG_003944.png,2023-08-17 18:00:00,2,2,0,1
IMG_003945,images/IMG_003945.png,2023-09-16 12:00:00,3,0,0,0
IMG_003946,images/IMG_003946.png,2023-06-07 06:00:00,0,0,0,0
IMG_003947,images/IMG_003947.png,2023-08-17 19:00:00,2,2,0,1
IMG_003948,images/IMG_003948.jpg,2023-10-17 19:00:00,4,0,0,0
IMG_003949,images/IMG_003949.png,2023-11-21 03:00:00,5,1,1,1
IMG_003950,images/IMG_003950.png,2023-11-21 04:00:00,5,1,1,1
IMG_003951,images/IMG_003951.png,2023-11-21 05:00:00,5,3,3,1
IMG_003952,images/IMG_003952.png,2023-11-21 06:00:00,5,3,3,1
IMG_003953,images/IMG_003953.png,2023-09-16 13:00:00,3,1,0,1
IMG_003954,images/IMG_003954.jpg,2023-11-21 07:00:00,5,0,2,0
IMG_003955,images/IMG_003955.jpg,2023-09-16 14:00:00,3,2,0,1
IMG_003956,images/IMG_003956.png,2023-08-17 20:00:00,2,1,0,1
IMG_003957,images/IMG_003957.jpg,2023-11-21 08:00:00,5,0,2,0
IMG_003958,images/IMG_003958.png,2023-11-21 09:00:00,5,0,2,0
IMG_003959,images/IMG_003959.jpg,2023-11-21 10:00:00,5,0,2,0
IMG_003960,images/IMG_003960.png,2023-09-16 15:00:00,3,2,0,1
IMG_003961,images/IMG_003961.png,2023-08-17 21:00:00,2,0,0,0
IMG_003962,images/IMG_003962.png,2023-09-16 16:00:00,3,2,0,1
IMG_003963,images/IMG_003963.jpg,2023-11-21 11:00:00,5,0,2,0
IMG_003964,images/IMG_003964.jpg,2023-11-21 12:00:00,5,0,2,0
IMG_003965,images/IMG_003965.png,2023-11-21 13:00:00,5,1,1,1
IMG_003966,images/IMG_003966.png,2023-11-21 14:00:00,5,1,1,1
IMG_003967,images/IMG_003967.jpg,2023-11-21 15:00:00,5,0,2,0
IMG_003968,images/IMG_003968.png,2023-08-17 22:00:00,2,1,0,1
IMG_003969,images/IMG_003969.png,2023-09-16 17:00:00,3,2,0,1
IMG_003970,images/IMG_003970.jpg,2023-11-21 16:00:00,5,0,2,0
IMG_003971,images/IMG_003971.jpg,2023-11-21 17:00:00,5,0,2,0
IMG_003972,images/IMG_003972.png,2023-11-21 18:00:00,5,1,1,1
IMG_003973,images/IMG_003973.jpg,2023-08-17 23:00:00,2,2,0,1
IMG_003974,images/IMG_003974.jpg,2023-07-01 23:00:00,1,0,0,0
IMG_003975,images/IMG_003975.png,2023-11-21 19:00:00,5,1,1,1
IMG_003976,images/IMG_003976.png,2023-07-02 00:00:00,1,0,0,0
IMG_003977,images/IMG_003977.png,2023-08-18 00:00:00,2,2,0,1
IMG_003978,images/IMG_003978.png,2023-09-16 18:00:00,3,2,0,1
IMG_003979,images/IMG_003979.png,2023-09-16 19:00:00,3,0,0,0
IMG_003980,images/IMG_003980.png,2023-11-21 20:00:00,5,0,2,0
IMG_003981,images/IMG_003981.jpg,2023-11-21 21:00:00,5,0,2,0
IMG_003982,images/IMG_003982.png,2023-11-21 22:00:00,5,1,1,1
IMG_003983,images/IMG_003983.jpg,2023-10-17 20:00:00,4,0,0,0
IMG_003984,images/IMG_003984.jpg,2023-11-21 23:00:00,5,0,2,0
IMG_003985,images/IMG_003985.jpg,2023-11-22 00:00:00,5,0,2,0
IMG_003986,images/IMG_003986.png,2023-08-18 01:00:00,2,1,0,1
IMG_003987,images/IMG_003987.png,2023-09-16 20:00:00,3,1,0,1
IMG_003988,images/IMG_003988.png,2023-08-18 02:00:00,2,1,0,1
IMG_003989,images/IMG_003989.jpg,2023-10-17 21:00:00,4,0,0,0
IMG_003990,images/IMG_003990.jpg,2023-10-17 22:00:00,4,0,0,0
IMG_003991,images/IMG_003991.png,2023-08-18 03:00:00,2,2,0,1
IMG_003992,images/IMG_003992.jpg,2023-11-22 01:00:00,5,0,2,0
IMG_003993,images/IMG_003993.jpg,2023-10-17 23:00:00,4,0,0,0
IMG_003994,images/IMG_003994.jpg,2023-10-18 00:00:00,4,0,0,0
IMG_003995,images/IMG_003995.png,2023-09-16 21:00:00,3,2,0,1
IMG_003996,images/IMG_003996.jpg,2023-11-22 02:00:00,5,0,2,0
IMG_003997,images/IMG_003997.png,2023-09-16 22:00:00,3,2,0,1
IMG_003998,images/IMG_003998.png,2023-06-07 07:00:00,0,0,0,0
IMG_003999,images/IMG_003999.png,2023-06-07 08:00:00,0,0,0,0
IMG_004000,images/IMG_004000.jpg,2023-10-18 01:00:00,4,0,0,0
IMG_004001,images/IMG_004001.jpg,2023-11-22 03:00:00,5,0,2,0
IMG_004002,images/IMG_004002.jpg,2023-11-22 04:00:00,5,0,2,0
IMG_004003,images/IMG_004003.jpg,2023-11-22 05:00:00,5,0,2,0
IMG_004004,images/IMG_004004.jpg,2023-11-22 06:00:00,5,0,2,0
IMG_004005,images/IMG_004005.png,2023-11-22 07:00:00,5,0,2,0
IMG_004006,images/IMG_004006.jpg,2023-09-16 23:00:00,3,2,0,1
IMG_004007,images/IMG_004007.png,2023-06-07 09:00:00,0,0,0,0
IMG_004008,images/IMG_004008.png,2023-08-18 04:00:00,2,0,0,0
IMG_004009,images/IMG_004009.png,2023-06-07 10:00:00,0,0,0,0
IMG_004010,images/IMG_004010.png,2023-11-22 08:00:00,5,1,1,1
IMG_004011,images/IMG_004011.jpg,2023-11-22 09:00:00,5,0,2,0
IMG_004012,images/IMG_004012.png,2023-08-18 05:00:00,2,1,0,1
IMG_004013,images/IMG_004013.jpg,2023-10-18 02:00:00,4,0,0,0
IMG_004014,images/IMG_004014.png,2023-09-17 00:00:00,3,2,0,1
IMG_004015,images/IMG_004015.png,2023-08-18 06:00:00,2,2,0,1
IMG_004016,images/IMG_004016.jpg,2023-11-22 10:00:00,5,0,2,0
IMG_004017,images/IMG_004017.png,2023-08-18 07:00:00,2,1,0,1
IMG_004018,images/IMG_004018.png,2023-08-18 08:00:00,2,2,0,1
IMG_004019,images/IMG_004019.png,2023-11-22 11:00:00,5,1,1,1
IMG_004020,images/IMG_004020.png,2023-11-22 12:00:00,5,0,2,0
IMG_004021,images/IMG_004021.png,2023-07-02 01:00:00,1,1,0,1
IMG_004022,images/IMG_004022.png,2023-11-22 13:00:00,5,0,2,0
IMG_004023,images/IMG_004023.png,2023-08-18 09:00:00,2,2,0,1
IMG_004024,images/IMG_004024.jpg,2023-11-22 14:00:00,5,0,2,0
IMG_004025,images/IMG_004025.png,2023-07-02 02:00:00,1,1,0,1
IMG_004026,images/IMG_004026.png,2023-06-07 11:00:00,0,0,0,0
IMG_004027,images/IMG_004027.png,2023-11-22 15:00:00,5,0,2,0
IMG_004028,images/IMG_004028.png,2023-11-22 16:00:00,5,3,3,1
IMG_004029,images/IMG_004029.png,2023-07-02 03:00:00,1,0,0,0
IMG_004030,images/IMG_004030.png,2023-11-22 17:00:00,5,1,1,1
IMG_004031,images/IMG_004031.png,2023-11-22 18:00:00,5,1,1,1
IMG_004032,images/IMG_004032.png,2023-11-22 19:00:00,5,1,1,1
IMG_004033,images/IMG_004033.jpg,2023-10-18 03:00:00,4,0,0,0
IMG_004034,images/IMG_004034.png,2023-07-02 04:00:00,1,0,0,0
IMG_004035,images/IMG_004035.jpg,2023-11-22 20:00:00,5,0,2,0
IMG_004036,images/IMG_004036.jpg,2023-08-18 10:00:00,2,2,0,1
IMG_004037,images/IMG_004037.png,2023-09-17 01:00:00,3,1,0,1
IMG_004038,images/IMG_004038.jpg,2023-10-18 04:00:00,4,0,0,0
IMG_004039,images/IMG_004039.png,2023-08-18 11:00:00,2,1,0,1
IMG_004040,images/IMG_004040.png,2023-11-22 21:00:00,5,3,3,1
IMG_004041,images/IMG_004041.jpg,2023-10-18 05:00:00,4,0,0,0
IMG_004042,images/IMG_004042.png,2023-06-07 12:00:00,0,0,0,0
IMG_004043,images/IMG_004043.jpg,2023-11-22 22:00:00,5,0,2,0
IMG_004044,images/IMG_004044.jpg,2023-10-18 06:00:00,4,0,0,0
IMG_004045,images/IMG_004045.jpg,2023-10-18 07:00:00,4,0,0,0
IMG_004046,images/IMG_004046.png,2023-11-22 23:00:00,5,1,1,1
IMG_004047,images/IMG_004047.jpg,2023-11-23 00:00:00,5,0,2,0
IMG_004048,images/IMG_004048.jpg,2023-11-23 01:00:00,5,0,2,0
IMG_004049,images/IMG_004049.jpg,2023-11-23 02:00:00,5,0,2,0
IMG_004050,images/IMG_004050.png,2023-07-02 05:00:00,1,1,0,1
IMG_004051,images/IMG_004051.png,2023-08-18 12:00:00,2,2,0,1
IMG_004052,images/IMG_004052.png,2023-11-23 03:00:00,5,0,2,0
IMG_004053,images/IMG_004053.png,2023-11-23 04:00:00,5,0,2,0
IMG_004054,images/IMG_004054.png,2023-09-17 02:00:00,3,2,0,1
IMG_004055,images/IMG_004055.jpg,2023-07-02 06:00:00,1,0,0,0
IMG_004056,images/IMG_004056.jpg,2023-10-18 08:00:00,4,0,0,0
IMG_004057,images/IMG_004057.jpg,2023-10-18 09:00:00,4,0,0,0
IMG_004058,images/IMG_004058.jpg,2023-11-23 05:00:00,5,0,2,0
IMG_004059,images/IMG_004059.png,2023-07-02 07:00:00,1,0,0,0
IMG_004060,images/IMG_004060.png,2023-11-23 06:00:00,5,3,3,1
IMG_004061,images/IMG_004061.jpg,2023-10-18 10:00:00,4,0,0,0
IMG_004062,images/IMG_004062.png,2023-08-18 13:00:00,2,1,0,1
IMG_004063,images/IMG_004063.png,2023-11-23 07:00:00,5,0,2,0
IMG_004064,images/IMG_004064.png,2023-11-23 08:00:00,5,0,2,0
IMG_004065,images/IMG_004065.jpg,2023-07-02 08:00:00,1,0,0,0
IMG_004066,images/IMG_004066.jpg,2023-06-07 13:00:00,0,0,0,0
IMG_004067,images/IMG_004067.png,2023-11-23 09:00:00,5,0,2,0
IMG_004068,images/IMG_004068.jpg,2023-09-17 03:00:00,3,2,0,1
IMG_004069,images/IMG_004069.png,2023-11-23 10:00:00,5,1,1,1
IMG_004070,images/IMG_004070.png,2023-07-02 09:00:00,1,0,0,0
IMG_004071,images/IMG_004071.png,2023-11-23 11:00:00,5,1,1,1
IMG_004072,images/IMG_004072.png,2023-08-18 14:00:00,2,2,0,1
IMG_004073,images/IMG_004073.jpg,2023-11-23 12:00:00,5,0,2,0
IMG_004074,images/IMG_004074.png,2023-08-18 15:00:00,2,1,0,1
IMG_004075,images/IMG_004075.png,2023-09-17 04:00:00,3,1,0,1
IMG_004076,images/IMG_004076.png,2023-11-23 13:00:00,5,3,3,1
IMG_004077,images/IMG_004077.jpg,2023-09-17 05:00:00,3,2,0,1
IMG_004078,images/IMG_004078.png,2023-11-23 14:00:00,5,0,2,0
IMG_004079,images/IMG_004079.png,2023-08-18 16:00:00,2,1,0,1
IMG_004080,images/IMG_004080.jpg,2023-11-23 15:00:00,5,0,2,0
IMG_004081,images/IMG_004081.png,2023-09-17 06:00:00,3,2,0,1
IMG_004082,images/IMG_004082.png,2023-11-23 16:00:00,5,0,2,0
IMG_004083,images/IMG_004083.png,2023-11-23 17:00:00,5,1,1,1
IMG_004084,images/IMG_004084.jpg,2023-11-23 18:00:00,5,0,2,0
IMG_004085,images/IMG_004085.jpg,2023-11-23 19:00:00,5,0,2,0
IMG_004086,images/IMG_004086.jpg,2023-09-17 07:00:00,3,2,0,1
IMG_004087,images/IMG_004087.jpg,2023-06-07 14:00:00,0,0,0,0
IMG_004088,images/IMG_004088.png,2023-11-23 20:00:00,5,1,1,1
IMG_004089,images/IMG_004089.jpg,2023-10-18 11:00:00,4,0,0,0
IMG_004090,images/IMG_004090.jpg,2023-10-18 12:00:00,4,0,0,0
IMG_004091,images/IMG_004091.jpg,2023-11-23 21:00:00,5,0,2,0
IMG_004092,images/IMG_004092.png,2023-11-23 22:00:00,5,3,3,1
IMG_004093,images/IMG_004093.jpg,2023-11-23 23:00:00,5,0,2,0
IMG_004094,images/IMG_004094.jpg,2023-11-24 00:00:00,5,0,2,0
IMG_004095,images/IMG_004095.png,2023-07-02 10:00:00,1,0,0,0
IMG_004096,images/IMG_004096.jpg,2023-09-17 08:00:00,3,2,0,1
IMG_004097,images/IMG_004097.jpg,2023-08-18 17:00:00,2,2,0,1
IMG_004098,images/IMG_004098.jpg,2023-10-18 13:00:00,4,0,0,0
IMG_004099,images/IMG_004099.jpg,2023-10-18 14:00:00,4,0,0,0
IMG_004100,images/IMG_004100.png,2023-11-24 01:00:00,5,1,1,1
IMG_004101,images/IMG_004101.jpg,2023-08-18 18:00:00,2,2,0,1
IMG_004102,images/IMG_004102.jpg,2023-11-24 02:00:00,5,0,2,0
IMG_004103,images/IMG_004103.png,2023-07-02 11:00:00,1,0,0,0
IMG_004104,images/IMG_004104.jpg,2023-08-18 19:00:00,2,2,0,1
IMG_004105,images/IMG_004105.jpg,2023-11-24 03:00:00,5,0,2,0
IMG_004106,images/IMG_004106.png,2023-11-24 04:00:00,5,0,2,0
IMG_004107,images/IMG_004107.jpg,2023-07-02 12:00:00,1,0,0,0
IMG_004108,images/IMG_004108.jpg,2023-10-18 15:00:00,4,0,0,0
IMG_004109,images/IMG_004109.png,2023-11-24 05:00:00,5,1,1,1
IMG_004110,images/IMG_004110.jpg,2023-10-18 16:00:00,4,0,0,0
IMG_004111,images/IMG_004111.png,2023-07-02 13:00:00,1,1,0,1
IMG_004112,images/IMG_004112.jpg,2023-08-18 20:00:00,2,2,0,1
IMG_004113,images/IMG_004113.jpg,2023-08-18 21:00:00,2,2,0,1
IMG_004114,images/IMG_004114.jpg,2023-10-18 17:00:00,4,0,0,0
IMG_004115,images/IMG_004115.png,2023-08-18 22:00:00,2,2,0,1
IMG_004116,images/IMG_004116.jpg,2023-09-17 09:00:00,3,2,0,1
IMG_004117,images/IMG_004117.png,2023-11-24 06:00:00,5,3,3,1
IMG_004118,images/IMG_004118.png,2023-09-17 10:00:00,3,1,0,1
IMG_004119,images/IMG_004119.png,2023-11-24 07:00:00,5,1,1,1
IMG_004120,images/IMG_004120.png,2023-11-24 08:00:00,5,0,2,0
IMG_004121,images/IMG_004121.png,2023-06-07 15:00:00,0,0,0,0
IMG_004122,images/IMG_004122.jpg,2023-11-24 09:00:00,5,0,2,0
IMG_004123,images/IMG_004123.jpg,2023-10-18 18:00:00,4,0,0,0
IMG_004124,images/IMG_004124.png,2023-11-24 10:00:00,5,1,1,1
IMG_004125,images/IMG_004125.jpg,2023-11-24 11:00:00,5,0,2,0
IMG_004126,images/IMG_004126.png,2023-11-24 12:00:00,5,1,1,1
IMG_004127,images/IMG_004127.png,2023-11-24 13:00:00,5,0,2,0
IMG_004128,images/IMG_004128.png,2023-11-24 14:00:00,5,3,3,1
IMG_004129,images/IMG_004129.jpg,2023-10-18 19:00:00,4,0,0,0
IMG_004130,images/IMG_004130.jpg,2023-10-18 20:00:00,4,0,0,0
IMG_004131,images/IMG_004131.jpg,2023-09-17 11:00:00,3,2,0,1
IMG_004132,images/IMG_004132.png,2023-07-02 14:00:00,1,0,0,0
IMG_004133,images/IMG_004133.jpg,2023-06-07 16:00:00,0,0,0,0
IMG_004134,images/IMG_004134.jpg,2023-08-18 23:00:00,2,2,0,1
IMG_004135,images/IMG_004135.jpg,2023-11-24 15:00:00,5,0,2,0
IMG_004136,images/IMG_004136.png,2023-09-17 12:00:00,3,2,0,1
IMG_004137,images/IMG_004137.jpg,2023-11-24 16:00:00,5,0,2,0
IMG_004138,images/IMG_004138.png,2023-09-17 13:00:00,3,2,0,1
IMG_004139,images/IMG_004139.jpg,2023-10-18 21:00:00,4,0,0,0
IMG_004140,images/IMG_004140.jpg,2023-10-18 22:00:00,4,0,0,0
IMG_004141,images/IMG_004141.png,2023-08-19 00:00:00,2,0,0,0
IMG_004142,images/IMG_004142.png,2023-11-24 17:00:00,5,0,2,0
IMG_004143,images/IMG_004143.jpg,2023-07-02 15:00:00,1,0,0,0
IMG_004144,images/IMG_004144.jpg,2023-10-18 23:00:00,4,0,0,0
IMG_004145,images/IMG_004145.jpg,2023-11-24 18:00:00,5,0,2,0
IMG_004146,images/IMG_004146.jpg,2023-08-19 01:00:00,2,0,0,0
IMG_004147,images/IMG_004147.jpg,2023-07-02 16:00:00,1,0,0,0
IMG_004148,images/IMG_004148.png,2023-08-19 02:00:00,2,2,0,1
IMG_004149,images/IMG_004149.png,2023-08-19 03:00:00,2,1,0,1
IMG_004150,images/IMG_004150.jpg,2023-10-19 00:00:00,4,0,0,0
IMG_004151,images/IMG_004151.png,2023-09-17 14:00:00,3,2,0,1
IMG_004152,images/IMG_004152.jpg,2023-08-19 04:00:00,2,2,0,1
IMG_004153,images/IMG_004153.png,2023-11-24 19:00:00,5,1,1,1
IMG_004154,images/IMG_004154.png,2023-11-24 20:00:00,5,1,1,1
IMG_004155,images/IMG_004155.jpg,2023-11-24 21:00:00,5,0,2,0
IMG_004156,images/IMG_004156.jpg,2023-10-19 01:00:00,4,0,0,0
IMG_004157,images/IMG_004157.jpg,2023-11-24 22:00:00,5,0,2,0
IMG_004158,images/IMG_004158.jpg,2023-09-17 15:00:00,3,2,0,1
IMG_004159,images/IMG_004159.png,2023-08-19 05:00:00,2,0,0,0
IMG_004160,images/IMG_004160.png,2023-11-24 23:00:00,5,3,3,1
IMG_004161,images/IMG_004161.png,2023-07-02 17:00:00,1,1,0,1
IMG_004162,images/IMG_004162.png,2023-11-25 00:00:00,5,3,3,1
IMG_004163,images/IMG_004163.png,2023-11-25 01:00:00,5,0,2,0
IMG_004164,images/IMG_004164.png,2023-09-17 16:00:00,3,2,0,1
IMG_004165,images/IMG_004165.jpg,2023-10-19 02:00:00,4,0,0,0
IMG_004166,images/IMG_004166.png,2023-11-25 02:00:00,5,0,2,0
IMG_004167,images/IMG_004167.png,2023-11-25 03:00:00,5,1,1,1
IMG_004168,images/IMG_004168.jpg,2023-10-19 03:00:00,4,0,0,0
IMG_004169,images/IMG_004169.jpg,2023-08-19 06:00:00,2,2,0,1
IMG_004170,images/IMG_004170.png,2023-11-25 04:00:00,5,1,1,1
IMG_004171,images/IMG_004171.png,2023-07-02 18:00:00,1,1,0,1
IMG_004172,images/IMG_004172.png,2023-11-25 05:00:00,5,1,1,1
IMG_004173,images/IMG_004173.jpg,2023-11-25 06:00:00,5,0,2,0
IMG_004174,images/IMG_004174.jpg,2023-11-25 07:00:00,5,0,2,0
IMG_004175,images/IMG_004175.png,2023-09-17 17:00:00,3,2,0,1
IMG_004176,images/IMG_004176.jpg,2023-10-19 04:00:00,4,0,0,0
IMG_004177,images/IMG_004177.jpg,2023-11-25 08:00:00,5,0,2,0
IMG_004178,images/IMG_004178.png,2023-11-25 09:00:00,5,1,1,1
IMG_004179,images/IMG_004179.png,2023-08-19 07:00:00,2,2,0,1
IMG_004180,images/IMG_004180.jpg,2023-10-19 05:00:00,4,0,0,0
IMG_004181,images/IMG_004181.jpg,2023-11-25 10:00:00,5,0,2,0
IMG_004182,images/IMG_004182.jpg,2023-11-25 11:00:00,5,0,2,0
IMG_004183,images/IMG_004183.png,2023-08-19 08:00:00,2,1,0,1
IMG_004184,images/IMG_004184.jpg,2023-11-25 12:00:00,5,0,2,0
IMG_004185,images/IMG_004185.png,2023-08-19 09:00:00,2,2,0,1
IMG_004186,images/IMG_004186.png,2023-09-17 18:00:00,3,2,0,1
IMG_004187,images/IMG_004187.jpg,2023-10-19 06:00:00,4,0,0,0
IMG_004188,images/IMG_004188.jpg,2023-08-19 10:00:00,2,0,0,0
IMG_004189,images/IMG_004189.jpg,2023-11-25 13:00:00,5,0,2,0
IMG_004190,images/IMG_004190.jpg,2023-11-25 14:00:00,5,0,2,0
IMG_004191,images/IMG_004191.jpg,2023-11-25 15:00:00,5,0,2,0
IMG_004192,images/IMG_004192.png,2023-11-25 16:00:00,5,1,1,1
IMG_004193,images/IMG_004193.png,2023-09-17 19:00:00,3,2,0,1
IMG_004194,images/IMG_004194.png,2023-11-25 17:00:00,5,1,1,1
IMG_004195,images/IMG_004195.png,2023-08-19 11:00:00,2,0,0,0
IMG_004196,images/IMG_004196.jpg,2023-09-17 20:00:00,3,2,0,1
IMG_004197,images/IMG_004197.jpg,2023-10-19 07:00:00,4,0,0,0
IMG_004198,images/IMG_004198.png,2023-11-25 18:00:00,5,1,1,1
IMG_004199,images/IMG_004199.png,2023-11-25 19:00:00,5,3,3,1
IMG_004200,images/IMG_004200.png,2023-11-25 20:00:00,5,1,1,1
IMG_004201,images/IMG_004201.jpg,2023-11-25 21:00:00,5,0,2,0
IMG_004202,images/IMG_004202.jpg,2023-11-25 22:00:00,5,0,2,0
IMG_004203,images/IMG_004203.png,2023-08-19 12:00:00,2,2,0,1
IMG_004204,images/IMG_004204.jpg,2023-09-17 21:00:00,3,2,0,1
IMG_004205,images/IMG_004205.jpg,2023-09-17 22:00:00,3,2,0,1
IMG_004206,images/IMG_004206.png,2023-06-07 17:00:00,0,0,0,0
IMG_004207,images/IMG_004207.png,2023-11-25 23:00:00,5,1,1,1
IMG_004208,images/IMG_004208.jpg,2023-11-26 00:00:00,5,0,2,0
IMG_004209,images/IMG_004209.png,2023-11-26 01:00:00,5,1,1,1
IMG_004210,images/IMG_004210.png,2023-11-26 02:00:00,5,3,3,1
IMG_004211,images/IMG_004211.jpg,2023-10-19 08:00:00,4,0,0,0
IMG_004212,images/IMG_004212.jpg,2023-11-26 03:00:00,5,0,2,0
IMG_004213,images/IMG_004213.jpg,2023-11-26 04:00:00,5,0,2,0
IMG_004214,images/IMG_004214.jpg,2023-11-26 05:00:00,5,0,2,0
IMG_004215,images/IMG_004215.jpg,2023-11-26 06:00:00,5,0,2,0
IMG_004216,images/IMG_004216.png,2023-11-26 07:00:00,5,3,3,1
IMG_004217,images/IMG_004217.png,2023-08-19 13:00:00,2,2,0,1
IMG_004218,images/IMG_004218.jpg,2023-11-26 08:00:00,5,0,2,0
IMG_004219,images/IMG_004219.jpg,2023-10-19 09:00:00,4,0,0,0
IMG_004220,images/IMG_004220.jpg,2023-10-19 10:00:00,4,0,0,0
IMG_004221,images/IMG_004221.jpg,2023-11-26 09:00:00,5,0,2,0
IMG_004222,images/IMG_004222.png,2023-11-26 10:00:00,5,1,1,1
IMG_004223,images/IMG_004223.jpg,2023-11-26 11:00:00,5,0,2,0
IMG_004224,images/IMG_004224.png,2023-11-26 12:00:00,5,0,2,0
IMG_004225,images/IMG_004225.png,2023-08-19 14:00:00,2,1,0,1
IMG_004226,images/IMG_004226.jpg,2023-11-26 13:00:00,5,0,2,0
IMG_004227,images/IMG_004227.jpg,2023-10-19 11:00:00,4,0,0,0
IMG_004228,images/IMG_004228.jpg,2023-11-26 14:00:00,5,0,2,0
IMG_004229,images/IMG_004229.jpg,2023-11-26 15:00:00,5,0,2,0
IMG_004230,images/IMG_004230.png,2023-11-26 16:00:00,5,1,1,1
IMG_004231,images/IMG_004231.png,2023-11-26 17:00:00,5,0,2,0
IMG_004232,images/IMG_004232.jpg,2023-11-26 18:00:00,5,0,2,0
IMG_004233,images/IMG_004233.png,2023-07-02 19:00:00,1,1,0,1
IMG_004234,images/IMG_004234.jpg,2023-09-17 23:00:00,3,2,0,1
IMG_004235,images/IMG_004235.jpg,2023-11-26 19:00:00,5,0,2,0
IMG_004236,images/IMG_004236.png,2023-08-19 15:00:00,2,2,0,1
IMG_004237,images/IMG_004237.jpg,2023-08-19 16:00:00,2,0,0,0
IMG_004238,images/IMG_004238.png,2023-11-26 20:00:00,5,0,2,0
IMG_004239,images/IMG_004239.jpg,2023-08-19 17:00:00,2,2,0,1
IMG_004240,images/IMG_004240.jpg,2023-10-19 12:00:00,4,0,0,0
IMG_004241,images/IMG_004241.png,2023-08-19 18:00:00,2,2,0,1
IMG_004242,images/IMG_004242.jpg,2023-08-19 19:00:00,2,2,0,1
IMG_004243,images/IMG_004243.png,2023-11-26 21:00:00,5,0,2,0
IMG_004244,images/IMG_004244.png,2023-06-07 18:00:00,0,0,0,0
IMG_004245,images/IMG_004245.png,2023-09-18 00:00:00,3,0,0,0
IMG_004246,images/IMG_004246.jpg,2023-11-26 22:00:00,5,0,2,0
IMG_004247,images/IMG_004247.png,2023-09-18 01:00:00,3,2,0,1
IMG_004248,images/IMG_004248.png,2023-08-19 20:00:00,2,2,0,1
IMG_004249,images/IMG_004249.png,2023-08-19 21:00:00,2,2,0,1
IMG_004250,images/IMG_004250.jpg,2023-11-26 23:00:00,5,0,2,0
IMG_004251,images/IMG_004251.png,2023-08-19 22:00:00,2,1,0,1
IMG_004252,images/IMG_004252.png,2023-08-19 23:00:00,2,2,0,1
IMG_004253,images/IMG_004253.jpg,2023-10-19 13:00:00,4,0,0,0
IMG_004254,images/IMG_004254.png,2023-11-27 00:00:00,5,0,2,0
IMG_004255,images/IMG_004255.png,2023-09-18 02:00:00,3,2,0,1
IMG_004256,images/IMG_004256.png,2023-11-27 01:00:00,5,0,2,0
IMG_004257,images/IMG_004257.png,2023-11-27 02:00:00,5,3,3,1
IMG_004258,images/IMG_004258.png,2023-11-27 03:00:00,5,0,2,0
IMG_004259,images/IMG_004259.png,2023-11-27 04:00:00,5,0,2,0
IMG_004260,images/IMG_004260.jpg,2023-08-20 00:00:00,2,2,0,1
IMG_004261,images/IMG_004261.png,2023-11-27 05:00:00,5,3,3,1
IMG_004262,images/IMG_004262.jpg,2023-10-19 14:00:00,4,0,0,0
IMG_004263,images/IMG_004263.png,2023-11-27 06:00:00,5,1,1,1
IMG_004264,images/IMG_004264.png,2023-11-27 07:00:00,5,1,1,1
IMG_004265,images/IMG_004265.png,2023-11-27 08:00:00,5,0,2,0
IMG_004266,images/IMG_004266.jpg,2023-07-02 20:00:00,1,0,0,0
IMG_004267,images/IMG_004267.png,2023-11-27 09:00:00,5,1,1,1
IMG_004268,images/IMG_004268.jpg,2023-08-20 01:00:00,2,2,0,1
IMG_004269,images/IMG_004269.jpg,2023-10-19 15:00:00,4,0,0,0
IMG_004270,images/IMG_004270.jpg,2023-10-19 16:00:00,4,0,0,0
IMG_004271,images/IMG_004271.jpg,2023-10-19 17:00:00,4,0,0,0
IMG_004272,images/IMG_004272.jpg,2023-07-02 21:00:00,1,0,0,0
IMG_004273,images/IMG_004273.jpg,2023-11-27 10:00:00,5,0,2,0
IMG_004274,images/IMG_004274.png,2023-06-07 19:00:00,0,0,0,0
IMG_004275,images/IMG_004275.jpg,2023-11-27 11:00:00,5,0,2,0
IMG_004276,images/IMG_004276.jpg,2023-10-19 18:00:00,4,0,0,0
IMG_004277,images/IMG_004277.png,2023-09-18 03:00:00,3,0,0,0
IMG_004278,images/IMG_004278.png,2023-08-20 02:00:00,2,2,0,1
IMG_004279,images/IMG_004279.png,2023-11-27 12:00:00,5,3,3,1
IMG_004280,images/IMG_004280.png,2023-11-27 13:00:00,5,1,1,1
IMG_004281,images/IMG_004281.png,2023-11-27 14:00:00,5,0,2,0
IMG_004282,images/IMG_004282.jpg,2023-06-07 20:00:00,0,0,0,0
IMG_004283,images/IMG_004283.png,2023-11-27 15:00:00,5,3,3,1
IMG_004284,images/IMG_004284.png,2023-07-02 22:00:00,1,1,0,1
IMG_004285,images/IMG_004285.png,2023-11-27 16:00:00,5,1,1,1
IMG_004286,images/IMG_004286.png,2023-11-27 17:00:00,5,1,1,1
IMG_004287,images/IMG_004287.jpg,2023-11-27 18:00:00,5,0,2,0
IMG_004288,images/IMG_004288.png,2023-09-18 04:00:00,3,1,0,1
IMG_004289,images/IMG_004289.jpg,2023-10-19 19:00:00,4,0,0,0
IMG_004290,images/IMG_004290.png,2023-08-20 03:00:00,2,2,0,1
IMG_004291,images/IMG_004291.jpg,2023-11-27 19:00:00,5,0,2,0
IMG_004292,images/IMG_004292.jpg,2023-08-20 04:00:00,2,2,0,1
IMG_004293,images/IMG_004293.png,2023-11-27 20:00:00,5,0,2,0
IMG_004294,images/IMG_004294.png,2023-11-27 21:00:00,5,3,3,1
IMG_004295,images/IMG_004295.jpg,2023-11-27 22:00:00,5,0,2,0
IMG_004296,images/IMG_004296.jpg,2023-11-27 23:00:00,5,0,2,0
IMG_004297,images/IMG_004297.jpg,2023-10-19 20:00:00,4,0,0,0
IMG_004298,images/IMG_004298.png,2023-08-20 05:00:00,2,0,0,0
IMG_004299,images/IMG_004299.png,2023-08-20 06:00:00,2,2,0,1
IMG_004300,images/IMG_004300.jpg,2023-11-28 00:00:00,5,0,2,0
IMG_004301,images/IMG_004301.png,2023-08-20 07:00:00,2,2,0,1
IMG_004302,images/IMG_004302.png,2023-11-28 01:00:00,5,1,1,1
IMG_004303,images/IMG_004303.jpg,2023-11-28 02:00:00,5,0,2,0
IMG_004304,images/IMG_004304.jpg,2023-11-28 03:00:00,5,0,2,0
IMG_004305,images/IMG_004305.png,2023-09-18 05:00:00,3,2,0,1
IMG_004306,images/IMG_004306.jpg,2023-08-20 08:00:00,2,2,0,1
IMG_004307,images/IMG_004307.png,2023-08-20 09:00:00,2,2,0,1
IMG_004308,images/IMG_004308.png,2023-11-28 04:00:00,5,3,3,1
IMG_004309,images/IMG_004309.jpg,2023-10-19 21:00:00,4,0,0,0
IMG_004310,images/IMG_004310.png,2023-08-20 10:00:00,2,2,0,1
IMG_004311,images/IMG_004311.jpg,2023-11-28 05:00:00,5,0,2,0
IMG_004312,images/IMG_004312.jpg,2023-11-28 06:00:00,5,0,2,0
IMG_004313,images/IMG_004313.jpg,2023-10-19 22:00:00,4,0,0,0
IMG_004314,images/IMG_004314.jpg,2023-10-19 23:00:00,4,0,0,0
IMG_004315,images/IMG_004315.png,2023-09-18 06:00:00,3,1,0,1
IMG_004316,images/IMG_004316.jpg,2023-11-28 07:00:00,5,0,2,0
IMG_004317,images/IMG_004317.png,2023-08-20 11:00:00,2,1,0,1
IMG_004318,images/IMG_004318.png,2023-07-02 23:00:00,1,1,0,1
IMG_004319,images/IMG_004319.jpg,2023-11-28 08:00:00,5,0,2,0
IMG_004320,images/IMG_004320.jpg,2023-11-28 09:00:00,5,0,2,0
IMG_004321,images/IMG_004321.jpg,2023-10-20 00:00:00,4,0,0,0
IMG_004322,images/IMG_004322.jpg,2023-09-18 07:00:00,3,2,0,1
IMG_004323,images/IMG_004323.jpg,2023-11-28 10:00:00,5,0,2,0
IMG_004324,images/IMG_004324.jpg,2023-10-20 01:00:00,4,0,0,0
IMG_004325,images/IMG_004325.png,2023-11-28 11:00:00,5,1,1,1
IMG_004326,images/IMG_004326.jpg,2023-08-20 12:00:00,2,2,0,1
IMG_004327,images/IMG_004327.jpg,2023-10-20 02:00:00,4,0,0,0
IMG_004328,images/IMG_004328.png,2023-11-28 12:00:00,5,3,3,1
IMG_004329,images/IMG_004329.png,2023-08-20 13:00:00,2,1,0,1
IMG_004330,images/IMG_004330.png,2023-11-28 13:00:00,5,3,3,1
IMG_004331,images/IMG_004331.jpg,2023-10-20 03:00:00,4,0,0,0
IMG_004332,images/IMG_004332.png,2023-08-20 14:00:00,2,1,0,1
IMG_004333,images/IMG_004333.png,2023-09-18 08:00:00,3,2,0,1
IMG_004334,images/IMG_004334.png,2023-11-28 14:00:00,5,1,1,1
IMG_004335,images/IMG_004335.png,2023-08-20 15:00:00,2,2,0,1
IMG_004336,images/IMG_004336.jpg,2023-11-28 15:00:00,5,0,2,0
IMG_004337,images/IMG_004337.jpg,2023-11-28 16:00:00,5,0,2,0
IMG_004338,images/IMG_004338.jpg,2023-11-28 17:00:00,5,0,2,0
IMG_004339,images/IMG_004339.jpg,2023-10-20 04:00:00,4,0,0,0
IMG_004340,images/IMG_004340.jpg,2023-09-18 09:00:00,3,2,0,1
IMG_004341,images/IMG_004341.png,2023-07-03 00:00:00,1,1,0,1
IMG_004342,images/IMG_004342.png,2023-11-28 18:00:00,5,1,1,1
IMG_004343,images/IMG_004343.jpg,2023-11-28 19:00:00,5,0,2,0
IMG_004344,images/IMG_004344.png,2023-08-20 16:00:00,2,0,0,0
IMG_004345,images/IMG_004345.png,2023-11-28 20:00:00,5,0,2,0
IMG_004346,images/IMG_004346.jpg,2023-10-20 05:00:00,4,0,0,0
IMG_004347,images/IMG_004347.jpg,2023-10-20 06:00:00,4,0,0,0
IMG_004348,images/IMG_004348.png,2023-11-28 21:00:00,5,1,1,1
IMG_004349,images/IMG_004349.png,2023-08-20 17:00:00,2,2,0,1
IMG_004350,images/IMG_004350.jpg,2023-11-28 22:00:00,5,0,2,0
IMG_004351,images/IMG_004351.png,2023-07-03 01:00:00,1,1,0,1
IMG_004352,images/IMG_004352.jpg,2023-11-28 23:00:00,5,0,2,0
IMG_004353,images/IMG_004353.jpg,2023-09-18 10:00:00,3,2,0,1
IMG_004354,images/IMG_004354.png,2023-11-29 00:00:00,5,1,1,1
IMG_004355,images/IMG_004355.jpg,2023-11-29 01:00:00,5,0,2,0
IMG_004356,images/IMG_004356.png,2023-07-03 02:00:00,1,0,0,0
IMG_004357,images/IMG_004357.jpg,2023-11-29 02:00:00,5,0,2,0
IMG_004358,images/IMG_004358.png,2023-11-29 03:00:00,5,0,2,0
IMG_004359,images/IMG_004359.png,2023-08-20 18:00:00,2,2,0,1
IMG_004360,images/IMG_004360.png,2023-11-29 04:00:00,5,0,2,0
IMG_004361,images/IMG_004361.png,2023-11-29 05:00:00,5,1,1,1
IMG_004362,images/IMG_004362.png,2023-11-29 06:00:00,5,0,2,0
IMG_004363,images/IMG_004363.png,2023-11-29 07:00:00,5,1,1,1
IMG_004364,images/IMG_004364.png,2023-11-29 08:00:00,5,1,1,1
IMG_004365,images/IMG_004365.jpg,2023-10-20 07:00:00,4,0,0,0
IMG_004366,images/IMG_004366.png,2023-09-18 11:00:00,3,2,0,1
IMG_004367,images/IMG_004367.jpg,2023-10-20 08:00:00,4,0,0,0
IMG_004368,images/IMG_004368.png,2023-09-18 12:00:00,3,1,0,1
IMG_004369,images/IMG_004369.png,2023-11-29 09:00:00,5,1,1,1
IMG_004370,images/IMG_004370.jpg,2023-08-20 19:00:00,2,0,0,0
IMG_004371,images/IMG_004371.jpg,2023-09-18 13:00:00,3,2,0,1
IMG_004372,images/IMG_004372.jpg,2023-10-20 09:00:00,4,0,0,0
IMG_004373,images/IMG_004373.jpg,2023-08-20 20:00:00,2,0,0,0
IMG_004374,images/IMG_004374.png,2023-10-21 02:00:00,5,1,1,1
IMG_004375,images/IMG_004375.png,2023-09-18 14:00:00,3,1,0,1
IMG_004376,images/IMG_004376.jpg,2023-10-20 10:00:00,4,0,0,0
IMG_004377,images/IMG_004377.jpg,2023-10-21 03:00:00,5,0,2,0
IMG_004378,images/IMG_004378.jpg,2023-10-20 11:00:00,4,0,0,0
IMG_004379,images/IMG_004379.png,2023-09-18 15:00:00,3,2,0,1
IMG_004380,images/IMG_004380.png,2023-08-20 21:00:00,2,1,0,1
IMG_004381,images/IMG_004381.png,2023-07-03 03:00:00,1,0,0,0
IMG_004382,images/IMG_004382.jpg,2023-06-07 21:00:00,0,0,0,0
IMG_004383,images/IMG_004383.png,2023-10-21 04:00:00,5,3,3,1
IMG_004384,images/IMG_004384.png,2023-10-21 05:00:00,5,3,3,1
IMG_004385,images/IMG_004385.jpg,2023-10-20 12:00:00,4,0,0,0
IMG_004386,images/IMG_004386.png,2023-10-21 06:00:00,5,3,3,1
IMG_004387,images/IMG_004387.png,2023-10-21 07:00:00,5,3,3,1
IMG_004388,images/IMG_004388.png,2023-10-21 08:00:00,5,0,2,0
IMG_004389,images/IMG_004389.png,2023-06-07 22:00:00,0,0,0,0
IMG_004390,images/IMG_004390.jpg,2023-10-21 09:00:00,5,0,2,0
IMG_004391,images/IMG_004391.png,2023-08-20 22:00:00,2,2,0,1
IMG_004392,images/IMG_004392.png,2023-09-18 16:00:00,3,1,0,1
IMG_004393,images/IMG_004393.png,2023-07-03 04:00:00,1,0,0,0
IMG_004394,images/IMG_004394.png,2023-10-21 10:00:00,5,1,1,1
IMG_004395,images/IMG_004395.png,2023-10-21 11:00:00,5,0,2,0
IMG_004396,images/IMG_004396.jpg,2023-10-21 12:00:00,5,0,2,0
IMG_004397,images/IMG_004397.jpg,2023-10-20 13:00:00,4,0,0,0
IMG_004398,images/IMG_004398.png,2023-10-21 13:00:00,5,3,3,1
IMG_004399,images/IMG_004399.jpg,2023-10-20 14:00:00,4,0,0,0
IMG_004400,images/IMG_004400.jpg,2023-10-20 15:00:00,4,0,0,0
IMG_004401,images/IMG_004401.jpg,2023-09-18 17:00:00,3,2,0,1
IMG_004402,images/IMG_004402.jpg,2023-10-21 14:00:00,5,0,2,0
IMG_004403,images/IMG_004403.png,2023-09-18 18:00:00,3,2,0,1
IMG_004404,images/IMG_004404.jpg,2023-10-20 16:00:00,4,0,0,0
IMG_004405,images/IMG_004405.png,2023-10-21 15:00:00,5,1,1,1
IMG_004406,images/IMG_004406.png,2023-10-21 16:00:00,5,1,1,1
IMG_004407,images/IMG_004407.png,2023-09-18 19:00:00,3,2,0,1
IMG_004408,images/IMG_004408.jpg,2023-10-20 17:00:00,4,0,0,0
IMG_004409,images/IMG_004409.jpg,2023-10-20 18:00:00,4,0,0,0
IMG_004410,images/IMG_004410.png,2023-10-21 17:00:00,5,1,1,1
IMG_004411,images/IMG_004411.png,2023-10-21 18:00:00,5,0,2,0
IMG_004412,images/IMG_004412.jpg,2023-09-18 20:00:00,3,2,0,1
IMG_004413,images/IMG_004413.png,2023-07-03 05:00:00,1,1,0,1
IMG_004414,images/IMG_004414.jpg,2023-09-18 21:00:00,3,0,0,0
IMG_004415,images/IMG_004415.png,2023-10-21 19:00:00,5,0,2,0
IMG_004416,images/IMG_004416.jpg,2023-10-20 19:00:00,4,0,0,0
IMG_004417,images/IMG_004417.jpg,2023-10-20 20:00:00,4,0,0,0
IMG_004418,images/IMG_004418.jpg,2023-08-20 23:00:00,2,0,0,0
IMG_004419,images/IMG_004419.png,2023-10-21 20:00:00,5,3,3,1
IMG_004420,images/IMG_004420.jpg,2023-10-21 21:00:00,5,0,2,0
IMG_004421,images/IMG_004421.png,2023-07-03 06:00:00,1,0,0,0
IMG_004422,images/IMG_004422.png,2023-07-03 07:00:00,1,1,0,1
IMG_004423,images/IMG_004423.jpg,2023-10-20 21:00:00,4,0,0,0
IMG_004424,images/IMG_004424.jpg,2023-10-21 22:00:00,5,0,2,0
IMG_004425,images/IMG_004425.jpg,2023-10-21 23:00:00,5,0,2,0
IMG_004426,images/IMG_004426.jpg,2023-10-20 22:00:00,4,0,0,0
IMG_004427,images/IMG_004427.jpg,2023-10-22 00:00:00,5,0,2,0
IMG_004428,images/IMG_004428.png,2023-08-21 00:00:00,2,0,0,0
IMG_004429,images/IMG_004429.png,2023-06-07 23:00:00,0,0,0,0
IMG_004430,images/IMG_004430.png,2023-10-22 01:00:00,5,0,2,0
IMG_004431,images/IMG_004431.png,2023-08-21 01:00:00,2,1,0,1
IMG_004432,images/IMG_004432.png,2023-08-21 07:00:00,3,2,0,1
IMG_004433,images/IMG_004433.jpg,2023-10-20 23:00:00,4,0,0,0
IMG_004434,images/IMG_004434.png,2023-08-21 02:00:00,2,1,0,1
IMG_004435,images/IMG_004435.png,2023-10-22 02:00:00,5,1,1,1
IMG_004436,images/IMG_004436.jpg,2023-10-22 03:00:00,5,0,2,0
IMG_004437,images/IMG_004437.jpg,2023-10-22 04:00:00,5,0,2,0
IMG_004438,images/IMG_004438.png,2023-10-22 05:00:00,5,0,2,0
IMG_004439,images/IMG_004439.png,2023-10-22 06:00:00,5,3,3,1
IMG_004440,images/IMG_004440.png,2023-10-22 07:00:00,5,1,1,1
IMG_004441,images/IMG_004441.jpg,2023-10-21 00:00:00,4,0,0,0
IMG_004442,images/IMG_004442.jpg,2023-10-21 01:00:00,4,0,0,0
IMG_004443,images/IMG_004443.png,2023-08-21 03:00:00,2,2,0,1
IMG_004444,images/IMG_004444.png,2023-08-21 08:00:00,3,0,0,0
IMG_004445,images/IMG_004445.jpg,2023-08-21 04:00:00,2,2,0,1
IMG_004446,images/IMG_004446.png,2023-10-22 08:00:00,5,0,2,0
IMG_004447,images/IMG_004447.jpg,2023-08-21 05:00:00,2,2,0,1
IMG_004448,images/IMG_004448.jpg,2023-09-18 22:00:00,4,0,0,0
IMG_004449,images/IMG_004449.png,2023-10-22 09:00:00,5,0,2,0
IMG_004450,images/IMG_004450.png,2023-08-21 09:00:00,3,0,0,0
IMG_004451,images/IMG_004451.jpg,2023-10-22 10:00:00,5,0,2,0
IMG_004452,images/IMG_004452.jpg,2023-10-22 11:00:00,5,0,2,0
IMG_004453,images/IMG_004453.png,2023-10-22 12:00:00,5,0,2,0
IMG_004454,images/IMG_004454.png,2023-10-22 13:00:00,5,3,3,1
IMG_004455,images/IMG_004455.png,2023-10-22 14:00:00,5,1,1,1
IMG_004456,images/IMG_004456.png,2023-10-22 15:00:00,5,3,3,1
IMG_004457,images/IMG_004457.jpg,2023-09-18 23:00:00,4,0,0,0
IMG_004458,images/IMG_004458.png,2023-08-21 10:00:00,3,0,0,0
IMG_004459,images/IMG_004459.png,2023-08-21 11:00:00,3,1,0,1
IMG_004460,images/IMG_004460.png,2023-10-22 16:00:00,5,1,1,1
IMG_004461,images/IMG_004461.png,2023-07-03 08:00:00,1,0,0,0
IMG_004462,images/IMG_004462.jpg,2023-09-19 00:00:00,4,0,0,0
IMG_004463,images/IMG_004463.jpg,2023-09-19 01:00:00,4,0,0,0
IMG_004464,images/IMG_004464.png,2023-08-21 12:00:00,3,1,0,1
IMG_004465,images/IMG_004465.png,2023-10-22 17:00:00,5,3,3,1
IMG_004466,images/IMG_004466.png,2023-10-22 18:00:00,5,1,1,1
IMG_004467,images/IMG_004467.png,2023-10-22 19:00:00,5,3,3,1
IMG_004468,images/IMG_004468.jpg,2023-08-21 13:00:00,3,2,0,1
IMG_004469,images/IMG_004469.jpg,2023-08-21 14:00:00,3,2,0,1
IMG_004470,images/IMG_004470.jpg,2023-08-21 06:00:00,2,2,0,1
IMG_004471,images/IMG_004471.png,2023-10-22 20:00:00,5,1,1,1
IMG_004472,images/IMG_004472.png,2023-10-22 21:00:00,5,1,1,1
IMG_004473,images/IMG_004473.png,2023-08-21 15:00:00,3,2,0,1
IMG_004474,images/IMG_004474.jpg,2023-08-21 16:00:00,3,2,0,1
IMG_004475,images/IMG_004475.jpg,2023-10-22 22:00:00,5,0,2,0
IMG_004476,images/IMG_004476.png,2023-07-22 01:00:00,2,1,0,1
IMG_004477,images/IMG_004477.png,2023-08-21 17:00:00,3,1,0,1
IMG_004478,images/IMG_004478.jpg,2023-10-22 23:00:00,5,0,2,0
IMG_004479,images/IMG_004479.jpg,2023-10-23 00:00:00,5,0,2,0
IMG_004480,images/IMG_004480.jpg,2023-10-23 01:00:00,5,0,2,0
IMG_004481,images/IMG_004481.png,2023-07-22 02:00:00,2,2,0,1
IMG_004482,images/IMG_004482.png,2023-07-03 09:00:00,1,1,0,1
IMG_004483,images/IMG_004483.jpg,2023-10-23 02:00:00,5,0,2,0
IMG_004484,images/IMG_004484.png,2023-10-23 03:00:00,5,1,1,1
IMG_004485,images/IMG_004485.jpg,2023-10-23 04:00:00,5,0,2,0
IMG_004486,images/IMG_004486.png,2023-10-23 05:00:00,5,0,2,0
IMG_004487,images/IMG_004487.png,2023-10-23 06:00:00,5,0,2,0
IMG_004488,images/IMG_004488.jpg,2023-10-23 07:00:00,5,0,2,0
IMG_004489,images/IMG_004489.png,2023-10-23 08:00:00,5,3,3,1
IMG_004490,images/IMG_004490.png,2023-07-03 10:00:00,1,1,0,1
IMG_004491,images/IMG_004491.png,2023-07-03 11:00:00,1,0,0,0
IMG_004492,images/IMG_004492.jpg,2023-08-21 18:00:00,3,2,0,1
IMG_004493,images/IMG_004493.jpg,2023-10-23 09:00:00,5,0,2,0
IMG_004494,images/IMG_004494.png,2023-08-21 19:00:00,3,1,0,1
IMG_004495,images/IMG_004495.png,2023-10-23 10:00:00,5,1,1,1
IMG_004496,images/IMG_004496.png,2023-08-21 20:00:00,3,0,0,0
IMG_004497,images/IMG_004497.jpg,2023-08-21 21:00:00,3,2,0,1
IMG_004498,images/IMG_004498.jpg,2023-10-23 11:00:00,5,0,2,0
IMG_004499,images/IMG_004499.jpg,2023-10-23 12:00:00,5,0,2,0
IMG_004500,images/IMG_004500.jpg,2023-09-19 02:00:00,4,0,0,0
IMG_004501,images/IMG_004501.png,2023-08-21 22:00:00,3,2,0,1
IMG_004502,images/IMG_004502.png,2023-10-23 13:00:00,5,0,2,0
IMG_004503,images/IMG_004503.jpg,2023-09-19 03:00:00,4,0,0,0
IMG_004504,images/IMG_004504.png,2023-07-22 03:00:00,2,0,0,0
IMG_004505,images/IMG_004505.png,2023-10-23 14:00:00,5,0,2,0
IMG_004506,images/IMG_004506.jpg,2023-09-19 04:00:00,4,0,0,0
IMG_004507,images/IMG_004507.png,2023-10-23 15:00:00,5,0,2,0
IMG_004508,images/IMG_004508.jpg,2023-09-19 05:00:00,4,0,0,0
IMG_004509,images/IMG_004509.jpg,2023-09-19 06:00:00,4,0,0,0
IMG_004510,images/IMG_004510.jpg,2023-09-19 07:00:00,4,0,0,0
IMG_004511,images/IMG_004511.png,2023-10-23 16:00:00,5,1,1,1
IMG_004512,images/IMG_004512.jpg,2023-09-19 08:00:00,4,0,0,0
IMG_004513,images/IMG_004513.png,2023-06-08 00:00:00,0,0,0,0
IMG_004514,images/IMG_004514.jpg,2023-10-23 17:00:00,5,0,2,0
IMG_004515,images/IMG_004515.png,2023-10-23 18:00:00,5,3,3,1
IMG_004516,images/IMG_004516.jpg,2023-09-19 09:00:00,4,0,0,0
IMG_004517,images/IMG_004517.jpg,2023-10-23 19:00:00,5,0,2,0
IMG_004518,images/IMG_004518.jpg,2023-09-19 10:00:00,4,0,0,0
IMG_004519,images/IMG_004519.jpg,2023-09-19 11:00:00,4,0,0,0
IMG_004520,images/IMG_004520.png,2023-10-23 20:00:00,5,3,3,1
IMG_004521,images/IMG_004521.png,2023-07-03 12:00:00,1,1,0,1
IMG_004522,images/IMG_004522.png,2023-07-22 04:00:00,2,1,0,1
IMG_004523,images/IMG_004523.png,2023-07-22 05:00:00,2,2,0,1
IMG_004524,images/IMG_004524.png,2023-07-22 06:00:00,2,1,0,1
IMG_004525,images/IMG_004525.png,2023-08-21 23:00:00,3,1,0,1
IMG_004526,images/IMG_004526.jpg,2023-10-23 21:00:00,5,0,2,0
IMG_004527,images/IMG_004527.jpg,2023-10-23 22:00:00,5,0,2,0
IMG_004528,images/IMG_004528.png,2023-10-23 23:00:00,5,3,3,1
IMG_004529,images/IMG_004529.jpg,2023-09-19 12:00:00,4,0,0,0
IMG_004530,images/IMG_004530.png,2023-10-24 00:00:00,5,1,1,1
IMG_004531,images/IMG_004531.png,2023-10-24 01:00:00,5,3,3,1
IMG_004532,images/IMG_004532.png,2023-08-22 00:00:00,3,0,0,0
IMG_004533,images/IMG_004533.jpg,2023-09-19 13:00:00,4,0,0,0
IMG_004534,images/IMG_004534.jpg,2023-07-22 07:00:00,2,0,0,0
IMG_004535,images/IMG_004535.jpg,2023-10-24 02:00:00,5,0,2,0
IMG_004536,images/IMG_004536.png,2023-07-03 13:00:00,1,1,0,1
IMG_004537,images/IMG_004537.png,2023-08-22 01:00:00,3,1,0,1
IMG_004538,images/IMG_004538.jpg,2023-10-24 03:00:00,5,0,2,0
IMG_004539,images/IMG_004539.png,2023-10-24 04:00:00,5,0,2,0
IMG_004540,images/IMG_004540.png,2023-08-22 02:00:00,3,2,0,1
IMG_004541,images/IMG_004541.jpg,2023-07-22 08:00:00,2,0,0,0
IMG_004542,images/IMG_004542.jpg,2023-09-19 14:00:00,4,0,0,0
IMG_004543,images/IMG_004543.jpg,2023-07-22 09:00:00,2,2,0,1
IMG_004544,images/IMG_004544.png,2023-08-22 03:00:00,3,2,0,1
IMG_004545,images/IMG_004545.jpg,2023-07-03 14:00:00,1,0,0,0
IMG_004546,images/IMG_004546.jpg,2023-07-22 10:00:00,2,2,0,1
IMG_004547,images/IMG_004547.jpg,2023-10-24 05:00:00,5,0,2,0
IMG_004548,images/IMG_004548.png,2023-10-24 06:00:00,5,0,2,0
IMG_004549,images/IMG_004549.jpg,2023-10-24 07:00:00,5,0,2,0
IMG_004550,images/IMG_004550.png,2023-10-24 08:00:00,5,3,3,1
IMG_004551,images/IMG_004551.jpg,2023-08-22 04:00:00,3,2,0,1
IMG_004552,images/IMG_004552.jpg,2023-10-24 09:00:00,5,0,2,0
IMG_004553,images/IMG_004553.png,2023-10-24 10:00:00,5,3,3,1
IMG_004554,images/IMG_004554.png,2023-10-24 11:00:00,5,1,1,1
IMG_004555,images/IMG_004555.png,2023-10-24 12:00:00,5,3,3,1
IMG_004556,images/IMG_004556.png,2023-10-24 13:00:00,5,3,3,1
IMG_004557,images/IMG_004557.jpg,2023-10-24 14:00:00,5,0,2,0
IMG_004558,images/IMG_004558.jpg,2023-10-24 15:00:00,5,0,2,0
IMG_004559,images/IMG_004559.png,2023-06-08 01:00:00,0,0,0,0
IMG_004560,images/IMG_004560.png,2023-08-22 05:00:00,3,2,0,1
IMG_004561,images/IMG_004561.jpg,2023-07-22 11:00:00,2,2,0,1
IMG_004562,images/IMG_004562.png,2023-10-24 16:00:00,5,0,2,0
IMG_004563,images/IMG_004563.jpg,2023-10-24 17:00:00,5,0,2,0
IMG_004564,images/IMG_004564.jpg,2023-09-19 15:00:00,4,0,0,0
IMG_004565,images/IMG_004565.jpg,2023-10-24 18:00:00,5,0,2,0
IMG_004566,images/IMG_004566.png,2023-10-24 19:00:00,5,1,1,1
IMG_004567,images/IMG_004567.png,2023-08-22 06:00:00,3,2,0,1
IMG_004568,images/IMG_004568.jpg,2023-09-19 16:00:00,4,0,0,0
IMG_004569,images/IMG_004569.jpg,2023-10-24 20:00:00,5,0,2,0
IMG_004570,images/IMG_004570.jpg,2023-07-22 12:00:00,2,2,0,1
IMG_004571,images/IMG_004571.jpg,2023-08-22 07:00:00,3,2,0,1
IMG_004572,images/IMG_004572.png,2023-10-24 21:00:00,5,3,3,1
IMG_004573,images/IMG_004573.jpg,2023-10-24 22:00:00,5,0,2,0
IMG_004574,images/IMG_004574.png,2023-07-03 15:00:00,1,1,0,1
IMG_004575,images/IMG_004575.jpg,2023-10-24 23:00:00,5,0,2,0
IMG_004576,images/IMG_004576.png,2023-07-22 13:00:00,2,2,0,1
IMG_004577,images/IMG_004577.png,2023-10-25 00:00:00,5,0,2,0
IMG_004578,images/IMG_004578.jpg,2023-09-19 17:00:00,4,0,0,0
IMG_004579,images/IMG_004579.jpg,2023-10-25 01:00:00,5,0,2,0
IMG_004580,images/IMG_004580.jpg,2023-09-19 18:00:00,4,0,0,0
IMG_004581,images/IMG_004581.jpg,2023-08-22 08:00:00,3,2,0,1
IMG_004582,images/IMG_004582.jpg,2023-09-19 19:00:00,4,0,0,0
IMG_004583,images/IMG_004583.png,2023-10-25 02:00:00,5,3,3,1
IMG_004584,images/IMG_004584.png,2023-10-25 03:00:00,5,1,1,1
IMG_004585,images/IMG_004585.png,2023-10-25 04:00:00,5,0,2,0
IMG_004586,images/IMG_004586.png,2023-10-25 05:00:00,5,1,1,1
IMG_004587,images/IMG_004587.jpg,2023-09-19 20:00:00,4,0,0,0
IMG_004588,images/IMG_004588.jpg,2023-10-25 06:00:00,5,0,2,0
IMG_004589,images/IMG_004589.jpg,2023-09-19 21:00:00,4,0,0,0
IMG_004590,images/IMG_004590.png,2023-10-25 07:00:00,5,1,1,1
IMG_004591,images/IMG_004591.png,2023-08-22 09:00:00,3,1,0,1
IMG_004592,images/IMG_004592.png,2023-08-22 10:00:00,3,2,0,1
IMG_004593,images/IMG_004593.png,2023-08-22 11:00:00,3,2,0,1
IMG_004594,images/IMG_004594.jpg,2023-10-25 08:00:00,5,0,2,0
IMG_004595,images/IMG_004595.png,2023-08-22 12:00:00,3,0,0,0
IMG_004596,images/IMG_004596.png,2023-07-22 14:00:00,2,0,0,0
IMG_004597,images/IMG_004597.png,2023-08-22 13:00:00,3,2,0,1
IMG_004598,images/IMG_004598.png,2023-08-22 14:00:00,3,2,0,1
IMG_004599,images/IMG_004599.png,2023-06-08 02:00:00,0,0,0,0
IMG_004600,images/IMG_004600.jpg,2023-10-25 09:00:00,5,0,2,0
IMG_004601,images/IMG_004601.png,2023-07-03 16:00:00,1,1,0,1
IMG_004602,images/IMG_004602.png,2023-10-25 10:00:00,5,3,3,1
IMG_004603,images/IMG_004603.jpg,2023-06-08 03:00:00,0,0,0,0
IMG_004604,images/IMG_004604.png,2023-10-25 11:00:00,5,3,3,1
IMG_004605,images/IMG_004605.jpg,2023-08-22 15:00:00,3,2,0,1
IMG_004606,images/IMG_004606.png,2023-10-25 12:00:00,5,0,2,0
IMG_004607,images/IMG_004607.png,2023-08-22 16:00:00,3,0,0,0
IMG_004608,images/IMG_004608.jpg,2023-10-25 13:00:00,5,0,2,0
IMG_004609,images/IMG_004609.png,2023-10-25 14:00:00,5,0,2,0
IMG_004610,images/IMG_004610.jpg,2023-08-22 17:00:00,3,2,0,1
IMG_004611,images/IMG_004611.jpg,2023-10-25 15:00:00,5,0,2,0
IMG_004612,images/IMG_004612.jpg,2023-09-19 22:00:00,4,0,0,0
IMG_004613,images/IMG_004613.png,2023-06-08 04:00:00,0,0,0,0
IMG_004614,images/IMG_004614.jpg,2023-10-25 16:00:00,5,0,2,0
IMG_004615,images/IMG_004615.jpg,2023-09-19 23:00:00,4,0,0,0
IMG_004616,images/IMG_004616.png,2023-08-22 18:00:00,3,1,0,1
IMG_004617,images/IMG_004617.png,2023-10-25 17:00:00,5,0,2,0
IMG_004618,images/IMG_004618.png,2023-10-25 18:00:00,5,3,3,1
IMG_004619,images/IMG_004619.jpg,2023-08-22 19:00:00,3,2,0,1
IMG_004620,images/IMG_004620.png,2023-08-22 20:00:00,3,2,0,1
IMG_004621,images/IMG_004621.jpg,2023-09-20 00:00:00,4,0,0,0
IMG_004622,images/IMG_004622.png,2023-10-25 19:00:00,5,3,3,1
IMG_004623,images/IMG_004623.png,2023-10-25 20:00:00,5,3,3,1
IMG_004624,images/IMG_004624.jpg,2023-06-08 05:00:00,0,0,0,0
IMG_004625,images/IMG_004625.png,2023-07-22 15:00:00,2,2,0,1
IMG_004626,images/IMG_004626.png,2023-07-22 16:00:00,2,2,0,1
IMG_004627,images/IMG_004627.png,2023-10-25 21:00:00,5,3,3,1
IMG_004628,images/IMG_004628.jpg,2023-07-22 17:00:00,2,2,0,1
IMG_004629,images/IMG_004629.jpg,2023-09-20 01:00:00,4,0,0,0
IMG_004630,images/IMG_004630.png,2023-07-22 18:00:00,2,0,0,0
IMG_004631,images/IMG_004631.jpg,2023-10-25 22:00:00,5,0,2,0
IMG_004632,images/IMG_004632.png,2023-10-25 23:00:00,5,0,2,0
IMG_004633,images/IMG_004633.jpg,2023-10-26 00:00:00,5,0,2,0
IMG_004634,images/IMG_004634.png,2023-10-26 01:00:00,5,1,1,1
IMG_004635,images/IMG_004635.png,2023-10-26 02:00:00,5,0,2,0
IMG_004636,images/IMG_004636.jpg,2023-08-22 21:00:00,3,2,0,1
IMG_004637,images/IMG_004637.png,2023-10-26 03:00:00,5,3,3,1
IMG_004638,images/IMG_004638.jpg,2023-10-26 04:00:00,5,0,2,0
IMG_004639,images/IMG_004639.png,2023-07-03 17:00:00,1,0,0,0
IMG_004640,images/IMG_004640.jpg,2023-10-26 05:00:00,5,0,2,0
IMG_004641,images/IMG_004641.png,2023-08-22 22:00:00,3,0,0,0
IMG_004642,images/IMG_004642.jpg,2023-10-26 06:00:00,5,0,2,0
IMG_004643,images/IMG_004643.png,2023-07-22 19:00:00,2,2,0,1
IMG_004644,images/IMG_004644.jpg,2023-09-20 02:00:00,4,0,0,0
IMG_004645,images/IMG_004645.png,2023-10-26 07:00:00,5,1,1,1
IMG_004646,images/IMG_004646.jpg,2023-09-20 03:00:00,4,0,0,0
IMG_004647,images/IMG_004647.png,2023-07-22 20:00:00,2,0,0,0
IMG_004648,images/IMG_004648.jpg,2023-10-26 08:00:00,5,0,2,0
IMG_004649,images/IMG_004649.jpg,2023-09-20 04:00:00,4,0,0,0
IMG_004650,images/IMG_004650.jpg,2023-09-20 05:00:00,4,0,0,0
IMG_004651,images/IMG_004651.jpg,2023-10-26 09:00:00,5,0,2,0
IMG_004652,images/IMG_004652.png,2023-10-26 10:00:00,5,3,3,1
IMG_004653,images/IMG_004653.jpg,2023-07-22 21:00:00,2,2,0,1
IMG_004654,images/IMG_004654.png,2023-10-26 11:00:00,5,0,2,0
IMG_004655,images/IMG_004655.png,2023-07-03 18:00:00,1,1,0,1
IMG_004656,images/IMG_004656.png,2023-10-26 12:00:00,5,0,2,0
IMG_004657,images/IMG_004657.jpg,2023-09-20 06:00:00,4,0,0,0
IMG_004658,images/IMG_004658.jpg,2023-09-20 07:00:00,4,0,0,0
IMG_004659,images/IMG_004659.png,2023-08-22 23:00:00,3,1,0,1
IMG_004660,images/IMG_004660.png,2023-10-26 13:00:00,5,0,2,0
IMG_004661,images/IMG_004661.jpg,2023-09-20 08:00:00,4,0,0,0
IMG_004662,images/IMG_004662.jpg,2023-10-26 14:00:00,5,0,2,0
IMG_004663,images/IMG_004663.png,2023-06-08 06:00:00,0,0,0,0
IMG_004664,images/IMG_004664.png,2023-07-22 22:00:00,2,0,0,0
IMG_004665,images/IMG_004665.jpg,2023-10-26 15:00:00,5,0,2,0
IMG_004666,images/IMG_004666.png,2023-10-26 16:00:00,5,1,1,1
IMG_004667,images/IMG_004667.png,2023-10-26 17:00:00,5,0,2,0
IMG_004668,images/IMG_004668.jpg,2023-09-20 09:00:00,4,0,0,0
IMG_004669,images/IMG_004669.png,2023-08-23 00:00:00,3,1,0,1
IMG_004670,images/IMG_004670.png,2023-10-26 18:00:00,5,1,1,1
IMG_004671,images/IMG_004671.png,2023-07-22 23:00:00,2,2,0,1
IMG_004672,images/IMG_004672.png,2023-07-03 19:00:00,1,0,0,0
IMG_004673,images/IMG_004673.png,2023-08-23 01:00:00,3,1,0,1
IMG_004674,images/IMG_004674.jpg,2023-10-26 19:00:00,5,0,2,0
IMG_004675,images/IMG_004675.png,2023-10-26 20:00:00,5,3,3,1
IMG_004676,images/IMG_004676.jpg,2023-09-20 10:00:00,4,0,0,0
IMG_004677,images/IMG_004677.jpg,2023-10-26 21:00:00,5,0,2,0
IMG_004678,images/IMG_004678.png,2023-10-26 22:00:00,5,0,2,0
IMG_004679,images/IMG_004679.jpg,2023-09-20 11:00:00,4,0,0,0
IMG_004680,images/IMG_004680.jpg,2023-10-26 23:00:00,5,0,2,0
IMG_004681,images/IMG_004681.png,2023-08-23 02:00:00,3,2,0,1
IMG_004682,images/IMG_004682.jpg,2023-09-20 12:00:00,4,0,0,0
IMG_004683,images/IMG_004683.png,2023-07-23 00:00:00,2,2,0,1
IMG_004684,images/IMG_004684.png,2023-07-03 20:00:00,1,1,0,1
IMG_004685,images/IMG_004685.jpg,2023-07-03 21:00:00,1,0,0,0
IMG_004686,images/IMG_004686.png,2023-10-27 00:00:00,5,1,1,1
IMG_004687,images/IMG_004687.png,2023-08-23 03:00:00,3,1,0,1
IMG_004688,images/IMG_004688.jpg,2023-09-20 13:00:00,4,0,0,0
IMG_004689,images/IMG_004689.jpg,2023-09-20 14:00:00,4,0,0,0
IMG_004690,images/IMG_004690.jpg,2023-10-27 01:00:00,5,0,2,0
IMG_004691,images/IMG_004691.jpg,2023-10-27 02:00:00,5,0,2,0
IMG_004692,images/IMG_004692.jpg,2023-09-20 15:00:00,4,0,0,0
IMG_004693,images/IMG_004693.png,2023-10-27 03:00:00,5,1,1,1
IMG_004694,images/IMG_004694.jpg,2023-10-27 04:00:00,5,0,2,0
IMG_004695,images/IMG_004695.jpg,2023-07-23 01:00:00,2,2,0,1
IMG_004696,images/IMG_004696.png,2023-10-27 05:00:00,5,3,3,1
IMG_004697,images/IMG_004697.jpg,2023-08-23 04:00:00,3,2,0,1
IMG_004698,images/IMG_004698.png,2023-10-27 06:00:00,5,0,2,0
IMG_004699,images/IMG_004699.png,2023-10-27 07:00:00,5,1,1,1
IMG_004700,images/IMG_004700.jpg,2023-09-20 16:00:00,4,0,0,0
IMG_004701,images/IMG_004701.jpg,2023-10-27 08:00:00,5,0,2,0
IMG_004702,images/IMG_004702.png,2023-07-23 02:00:00,2,2,0,1
IMG_004703,images/IMG_004703.jpg,2023-09-20 17:00:00,4,0,0,0
IMG_004704,images/IMG_004704.jpg,2023-07-23 03:00:00,2,0,0,0
IMG_004705,images/IMG_004705.png,2023-08-23 05:00:00,3,2,0,1
IMG_004706,images/IMG_004706.png,2023-07-03 22:00:00,1,1,0,1
IMG_004707,images/IMG_004707.png,2023-07-03 23:00:00,1,1,0,1
IMG_004708,images/IMG_004708.png,2023-10-27 09:00:00,5,0,2,0
IMG_004709,images/IMG_004709.jpg,2023-07-04 00:00:00,1,0,0,0
IMG_004710,images/IMG_004710.png,2023-10-27 10:00:00,5,3,3,1
IMG_004711,images/IMG_004711.jpg,2023-09-20 18:00:00,4,0,0,0
IMG_004712,images/IMG_004712.png,2023-10-27 11:00:00,5,1,1,1
IMG_004713,images/IMG_004713.png,2023-10-27 12:00:00,5,3,3,1
IMG_004714,images/IMG_004714.png,2023-07-23 04:00:00,2,2,0,1
IMG_004715,images/IMG_004715.jpg,2023-08-23 06:00:00,3,2,0,1
IMG_004716,images/IMG_004716.jpg,2023-10-27 13:00:00,5,0,2,0
IMG_004717,images/IMG_004717.jpg,2023-09-20 19:00:00,4,0,0,0
IMG_004718,images/IMG_004718.png,2023-10-27 14:00:00,5,1,1,1
IMG_004719,images/IMG_004719.png,2023-10-27 15:00:00,5,1,1,1
IMG_004720,images/IMG_004720.png,2023-07-04 01:00:00,1,0,0,0
IMG_004721,images/IMG_004721.jpg,2023-10-27 16:00:00,5,0,2,0
IMG_004722,images/IMG_004722.jpg,2023-09-20 20:00:00,4,0,0,0
IMG_004723,images/IMG_004723.png,2023-07-04 02:00:00,1,1,0,1
IMG_004724,images/IMG_004724.jpg,2023-08-23 07:00:00,3,2,0,1
IMG_004725,images/IMG_004725.png,2023-10-27 17:00:00,5,0,2,0
IMG_004726,images/IMG_004726.jpg,2023-10-27 18:00:00,5,0,2,0
IMG_004727,images/IMG_004727.jpg,2023-09-20 21:00:00,4,0,0,0
IMG_004728,images/IMG_004728.png,2023-08-23 08:00:00,3,1,0,1
IMG_004729,images/IMG_004729.png,2023-07-04 03:00:00,1,1,0,1
IMG_004730,images/IMG_004730.png,2023-08-23 09:00:00,3,0,0,0
IMG_004731,images/IMG_004731.png,2023-07-04 04:00:00,1,1,0,1
IMG_004732,images/IMG_004732.jpg,2023-08-23 10:00:00,3,2,0,1
IMG_004733,images/IMG_004733.jpg,2023-08-23 11:00:00,3,2,0,1
IMG_004734,images/IMG_004734.jpg,2023-09-20 22:00:00,4,0,0,0
IMG_004735,images/IMG_004735.png,2023-08-23 12:00:00,3,0,0,0
IMG_004736,images/IMG_004736.png,2023-06-08 07:00:00,0,0,0,0
IMG_004737,images/IMG_004737.jpg,2023-10-27 19:00:00,5,0,2,0
IMG_004738,images/IMG_004738.jpg,2023-06-08 08:00:00,0,0,0,0
IMG_004739,images/IMG_004739.png,2023-10-27 20:00:00,5,0,2,0
IMG_004740,images/IMG_004740.jpg,2023-10-27 21:00:00,5,0,2,0
IMG_004741,images/IMG_004741.jpg,2023-09-20 23:00:00,4,0,0,0
IMG_004742,images/IMG_004742.jpg,2023-08-23 13:00:00,3,2,0,1
IMG_004743,images/IMG_004743.png,2023-07-23 05:00:00,2,1,0,1
IMG_004744,images/IMG_004744.png,2023-10-27 22:00:00,5,3,3,1
IMG_004745,images/IMG_004745.png,2023-07-04 05:00:00,1,0,0,0
IMG_004746,images/IMG_004746.jpg,2023-10-27 23:00:00,5,0,2,0
IMG_004747,images/IMG_004747.jpg,2023-07-23 06:00:00,2,2,0,1
IMG_004748,images/IMG_004748.jpg,2023-10-28 00:00:00,5,0,2,0
IMG_004749,images/IMG_004749.png,2023-08-23 14:00:00,3,2,0,1
IMG_004750,images/IMG_004750.png,2023-10-28 01:00:00,5,0,2,0
IMG_004751,images/IMG_004751.png,2023-10-28 02:00:00,5,1,1,1
IMG_004752,images/IMG_004752.jpg,2023-09-21 00:00:00,4,0,0,0
IMG_004753,images/IMG_004753.png,2023-10-28 03:00:00,5,0,2,0
IMG_004754,images/IMG_004754.png,2023-10-28 04:00:00,5,1,1,1
IMG_004755,images/IMG_004755.png,2023-07-04 06:00:00,1,1,0,1
IMG_004756,images/IMG_004756.jpg,2023-10-28 05:00:00,5,0,2,0
IMG_004757,images/IMG_004757.png,2023-07-04 07:00:00,1,1,0,1
IMG_004758,images/IMG_004758.jpg,2023-08-23 15:00:00,3,2,0,1
IMG_004759,images/IMG_004759.jpg,2023-09-21 01:00:00,4,0,0,0
IMG_004760,images/IMG_004760.jpg,2023-09-21 02:00:00,4,0,0,0
IMG_004761,images/IMG_004761.jpg,2023-09-21 03:00:00,4,0,0,0
IMG_004762,images/IMG_004762.png,2023-07-04 08:00:00,1,1,0,1
IMG_004763,images/IMG_004763.png,2023-08-23 16:00:00,3,1,0,1
IMG_004764,images/IMG_004764.jpg,2023-09-21 04:00:00,4,0,0,0
IMG_004765,images/IMG_004765.png,2023-10-28 06:00:00,5,1,1,1
IMG_004766,images/IMG_004766.png,2023-10-28 07:00:00,5,0,2,0
IMG_004767,images/IMG_004767.jpg,2023-10-28 08:00:00,5,0,2,0
IMG_004768,images/IMG_004768.png,2023-08-23 17:00:00,3,1,0,1
IMG_004769,images/IMG_004769.png,2023-10-28 09:00:00,5,0,2,0
IMG_004770,images/IMG_004770.png,2023-07-23 07:00:00,2,1,0,1
IMG_004771,images/IMG_004771.jpg,2023-09-21 05:00:00,4,0,0,0
IMG_004772,images/IMG_004772.png,2023-07-23 08:00:00,2,0,0,0
IMG_004773,images/IMG_004773.jpg,2023-09-21 06:00:00,4,0,0,0
IMG_004774,images/IMG_004774.jpg,2023-10-28 10:00:00,5,0,2,0
IMG_004775,images/IMG_004775.png,2023-10-28 11:00:00,5,1,1,1
IMG_004776,images/IMG_004776.jpg,2023-09-21 07:00:00,4,0,0,0
IMG_004777,images/IMG_004777.jpg,2023-10-28 12:00:00,5,0,2,0
IMG_004778,images/IMG_004778.png,2023-07-23 09:00:00,2,2,0,1
IMG_004779,images/IMG_004779.png,2023-10-28 13:00:00,5,0,2,0
IMG_004780,images/IMG_004780.png,2023-08-23 18:00:00,3,2,0,1
IMG_004781,images/IMG_004781.jpg,2023-09-21 08:00:00,4,0,0,0
IMG_004782,images/IMG_004782.jpg,2023-09-21 09:00:00,4,0,0,0
IMG_004783,images/IMG_004783.png,2023-07-23 10:00:00,2,0,0,0
IMG_004784,images/IMG_004784.png,2023-07-23 11:00:00,2,2,0,1
IMG_004785,images/IMG_004785.png,2023-10-28 14:00:00,5,1,1,1
IMG_004786,images/IMG_004786.png,2023-08-23 19:00:00,3,1,0,1
IMG_004787,images/IMG_004787.png,2023-07-23 12:00:00,2,2,0,1
IMG_004788,images/IMG_004788.png,2023-10-28 15:00:00,5,0,2,0
IMG_004789,images/IMG_004789.jpg,2023-10-28 16:00:00,5,0,2,0
IMG_004790,images/IMG_004790.png,2023-10-28 17:00:00,5,1,1,1
IMG_004791,images/IMG_004791.jpg,2023-09-21 10:00:00,4,0,0,0
IMG_004792,images/IMG_004792.png,2023-10-28 18:00:00,5,1,1,1
IMG_004793,images/IMG_004793.jpg,2023-09-21 11:00:00,4,0,0,0
IMG_004794,images/IMG_004794.png,2023-07-04 09:00:00,1,1,0,1
IMG_004795,images/IMG_004795.png,2023-10-28 19:00:00,5,1,1,1
IMG_004796,images/IMG_004796.jpg,2023-09-21 12:00:00,4,0,0,0
IMG_004797,images/IMG_004797.jpg,2023-07-04 10:00:00,1,0,0,0
IMG_004798,images/IMG_004798.jpg,2023-10-28 20:00:00,5,0,2,0
IMG_004799,images/IMG_004799.png,2023-10-28 21:00:00,5,1,1,1
IMG_004800,images/IMG_004800.png,2023-10-28 22:00:00,5,0,2,0
IMG_004801,images/IMG_004801.jpg,2023-09-21 13:00:00,4,0,0,0
IMG_004802,images/IMG_004802.jpg,2023-07-23 13:00:00,2,2,0,1
IMG_004803,images/IMG_004803.jpg,2023-10-28 23:00:00,5,0,2,0
IMG_004804,images/IMG_004804.png,2023-07-23 14:00:00,2,1,0,1
IMG_004805,images/IMG_004805.jpg,2023-10-29 00:00:00,5,0,2,0
IMG_004806,images/IMG_004806.jpg,2023-09-21 14:00:00,4,0,0,0
IMG_004807,images/IMG_004807.jpg,2023-10-29 01:00:00,5,0,2,0
IMG_004808,images/IMG_004808.png,2023-07-04 11:00:00,1,1,0,1
IMG_004809,images/IMG_004809.png,2023-10-29 02:00:00,5,1,1,1
IMG_004810,images/IMG_004810.png,2023-10-29 03:00:00,5,0,2,0
IMG_004811,images/IMG_004811.jpg,2023-09-21 15:00:00,4,0,0,0
IMG_004812,images/IMG_004812.jpg,2023-10-29 04:00:00,5,0,2,0
IMG_004813,images/IMG_004813.png,2023-08-23 20:00:00,3,2,0,1
IMG_004814,images/IMG_004814.jpg,2023-07-23 15:00:00,2,2,0,1
IMG_004815,images/IMG_004815.png,2023-10-29 05:00:00,5,0,2,0
IMG_004816,images/IMG_004816.jpg,2023-07-23 16:00:00,2,2,0,1
IMG_004817,images/IMG_004817.jpg,2023-09-21 16:00:00,4,0,0,0
IMG_004818,images/IMG_004818.png,2023-10-29 06:00:00,5,3,3,1
IMG_004819,images/IMG_004819.png,2023-07-23 17:00:00,2,2,0,1
IMG_004820,images/IMG_004820.png,2023-10-29 07:00:00,5,3,3,1
IMG_004821,images/IMG_004821.png,2023-10-29 08:00:00,5,3,3,1
IMG_004822,images/IMG_004822.png,2023-07-23 18:00:00,2,2,0,1
IMG_004823,images/IMG_004823.jpg,2023-07-23 19:00:00,2,2,0,1
IMG_004824,images/IMG_004824.jpg,2023-10-29 09:00:00,5,0,2,0
IMG_004825,images/IMG_004825.png,2023-10-29 10:00:00,5,0,2,0
IMG_004826,images/IMG_004826.jpg,2023-09-21 17:00:00,4,0,0,0
IMG_004827,images/IMG_004827.jpg,2023-10-29 11:00:00,5,0,2,0
IMG_004828,images/IMG_004828.png,2023-07-23 20:00:00,2,1,0,1
IMG_004829,images/IMG_004829.jpg,2023-09-21 18:00:00,4,0,0,0
IMG_004830,images/IMG_004830.png,2023-07-23 21:00:00,2,1,0,1
IMG_004831,images/IMG_004831.jpg,2023-08-23 21:00:00,3,2,0,1
IMG_004832,images/IMG_004832.png,2023-08-23 22:00:00,3,2,0,1
IMG_004833,images/IMG_004833.jpg,2023-10-29 12:00:00,5,0,2,0
IMG_004834,images/IMG_004834.jpg,2023-08-23 23:00:00,3,2,0,1
IMG_004835,images/IMG_004835.jpg,2023-07-23 22:00:00,2,0,0,0
IMG_004836,images/IMG_004836.png,2023-10-29 13:00:00,5,3,3,1
IMG_004837,images/IMG_004837.jpg,2023-09-21 19:00:00,4,0,0,0
IMG_004838,images/IMG_004838.png,2023-10-29 14:00:00,5,3,3,1
IMG_004839,images/IMG_004839.png,2023-08-24 00:00:00,3,2,0,1
IMG_004840,images/IMG_004840.jpg,2023-09-21 20:00:00,4,0,0,0
IMG_004841,images/IMG_004841.png,2023-10-29 15:00:00,5,1,1,1
IMG_004842,images/IMG_004842.jpg,2023-09-21 21:00:00,4,0,0,0
IMG_004843,images/IMG_004843.png,2023-08-24 01:00:00,3,2,0,1
IMG_004844,images/IMG_004844.png,2023-08-24 02:00:00,3,2,0,1
IMG_004845,images/IMG_004845.png,2023-07-04 12:00:00,1,1,0,1
IMG_004846,images/IMG_004846.png,2023-10-29 16:00:00,5,0,2,0
IMG_004847,images/IMG_004847.jpg,2023-09-21 22:00:00,4,0,0,0
IMG_004848,images/IMG_004848.png,2023-08-24 03:00:00,3,1,0,1
IMG_004849,images/IMG_004849.jpg,2023-09-21 23:00:00,4,0,0,0
IMG_004850,images/IMG_004850.jpg,2023-10-29 17:00:00,5,0,2,0
IMG_004851,images/IMG_004851.jpg,2023-09-22 00:00:00,4,0,0,0
IMG_004852,images/IMG_004852.jpg,2023-08-24 04:00:00,3,0,0,0
IMG_004853,images/IMG_004853.png,2023-10-29 18:00:00,5,3,3,1
IMG_004854,images/IMG_004854.png,2023-07-23 23:00:00,2,2,0,1
IMG_004855,images/IMG_004855.jpg,2023-10-29 19:00:00,5,0,2,0
IMG_004856,images/IMG_004856.jpg,2023-10-29 20:00:00,5,0,2,0
IMG_004857,images/IMG_004857.png,2023-10-29 21:00:00,5,1,1,1
IMG_004858,images/IMG_004858.png,2023-10-29 22:00:00,5,0,2,0
IMG_004859,images/IMG_004859.jpg,2023-09-22 01:00:00,4,0,0,0
IMG_004860,images/IMG_004860.png,2023-10-29 23:00:00,5,1,1,1
IMG_004861,images/IMG_004861.jpg,2023-08-24 05:00:00,3,2,0,1
IMG_004862,images/IMG_004862.png,2023-08-24 06:00:00,3,2,0,1
IMG_004863,images/IMG_004863.jpg,2023-10-30 00:00:00,5,0,2,0
IMG_004864,images/IMG_004864.png,2023-07-04 13:00:00,1,0,0,0
IMG_004865,images/IMG_004865.png,2023-07-24 00:00:00,2,2,0,1
IMG_004866,images/IMG_004866.jpg,2023-10-30 01:00:00,5,0,2,0
IMG_004867,images/IMG_004867.png,2023-10-30 02:00:00,5,1,1,1
IMG_004868,images/IMG_004868.png,2023-10-30 03:00:00,5,1,1,1
IMG_004869,images/IMG_004869.jpg,2023-08-24 07:00:00,3,2,0,1
IMG_004870,images/IMG_004870.png,2023-10-30 04:00:00,5,3,3,1
IMG_004871,images/IMG_004871.png,2023-08-24 08:00:00,3,2,0,1
IMG_004872,images/IMG_004872.jpg,2023-07-04 14:00:00,1,0,0,0
IMG_004873,images/IMG_004873.jpg,2023-09-22 02:00:00,4,0,0,0
IMG_004874,images/IMG_004874.png,2023-08-24 09:00:00,3,0,0,0
IMG_004875,images/IMG_004875.png,2023-10-30 05:00:00,5,0,2,0
IMG_004876,images/IMG_004876.jpg,2023-09-22 03:00:00,4,0,0,0
IMG_004877,images/IMG_004877.jpg,2023-07-24 01:00:00,2,0,0,0
IMG_004878,images/IMG_004878.png,2023-07-04 15:00:00,1,0,0,0
IMG_004879,images/IMG_004879.jpg,2023-10-30 06:00:00,5,0,2,0
IMG_004880,images/IMG_004880.png,2023-10-30 07:00:00,5,0,2,0
IMG_004881,images/IMG_004881.png,2023-10-30 08:00:00,5,1,1,1
IMG_004882,images/IMG_004882.png,2023-10-30 09:00:00,5,1,1,1
IMG_004883,images/IMG_004883.png,2023-08-24 10:00:00,3,0,0,0
IMG_004884,images/IMG_004884.png,2023-10-30 10:00:00,5,0,2,0
IMG_004885,images/IMG_004885.jpg,2023-09-22 04:00:00,4,0,0,0
IMG_004886,images/IMG_004886.jpg,2023-07-24 02:00:00,2,2,0,1
IMG_004887,images/IMG_004887.png,2023-10-30 11:00:00,5,3,3,1
IMG_004888,images/IMG_004888.jpg,2023-07-24 03:00:00,2,2,0,1
IMG_004889,images/IMG_004889.png,2023-10-30 12:00:00,5,0,2,0
IMG_004890,images/IMG_004890.png,2023-08-24 11:00:00,3,1,0,1
IMG_004891,images/IMG_004891.jpg,2023-08-24 12:00:00,3,2,0,1
IMG_004892,images/IMG_004892.jpg,2023-07-24 04:00:00,2,2,0,1
IMG_004893,images/IMG_004893.png,2023-08-24 13:00:00,3,1,0,1
IMG_004894,images/IMG_004894.jpg,2023-08-24 14:00:00,3,2,0,1
IMG_004895,images/IMG_004895.png,2023-10-30 13:00:00,5,3,3,1
IMG_004896,images/IMG_004896.png,2023-07-24 05:00:00,2,0,0,0
IMG_004897,images/IMG_004897.jpg,2023-08-24 15:00:00,3,2,0,1
IMG_004898,images/IMG_004898.png,2023-10-30 14:00:00,5,1,1,1
IMG_004899,images/IMG_004899.jpg,2023-08-24 16:00:00,3,2,0,1
IMG_004900,images/IMG_004900.png,2023-08-24 17:00:00,3,2,0,1
IMG_004901,images/IMG_004901.png,2023-10-30 15:00:00,5,0,2,0
IMG_004902,images/IMG_004902.png,2023-07-24 06:00:00,2,2,0,1
IMG_004903,images/IMG_004903.png,2023-08-24 18:00:00,3,2,0,1
IMG_004904,images/IMG_004904.png,2023-08-24 19:00:00,3,1,0,1
IMG_004905,images/IMG_004905.jpg,2023-08-24 20:00:00,3,0,0,0
IMG_004906,images/IMG_004906.png,2023-07-24 07:00:00,2,2,0,1
IMG_004907,images/IMG_004907.jpg,2023-09-22 05:00:00,4,0,0,0
IMG_004908,images/IMG_004908.jpg,2023-09-22 06:00:00,4,0,0,0
IMG_004909,images/IMG_004909.jpg,2023-09-22 07:00:00,4,0,0,0
IMG_004910,images/IMG_004910.png,2023-08-24 21:00:00,3,1,0,1
IMG_004911,images/IMG_004911.jpg,2023-07-24 08:00:00,2,2,0,1
IMG_004912,images/IMG_004912.jpg,2023-09-22 08:00:00,4,0,0,0
IMG_004913,images/IMG_004913.jpg,2023-10-30 16:00:00,5,0,2,0
IMG_004914,images/IMG_004914.png,2023-07-04 16:00:00,1,1,0,1
IMG_004915,images/IMG_004915.jpg,2023-09-22 09:00:00,4,0,0,0
IMG_004916,images/IMG_004916.jpg,2023-10-30 17:00:00,5,0,2,0
IMG_004917,images/IMG_004917.jpg,2023-10-30 18:00:00,5,0,2,0
IMG_004918,images/IMG_004918.jpg,2023-09-22 10:00:00,4,0,0,0
IMG_004919,images/IMG_004919.jpg,2023-09-22 11:00:00,4,0,0,0
IMG_004920,images/IMG_004920.png,2023-08-24 22:00:00,3,2,0,1
IMG_004921,images/IMG_004921.png,2023-10-30 19:00:00,5,0,2,0
IMG_004922,images/IMG_004922.png,2023-10-30 20:00:00,5,1,1,1
IMG_004923,images/IMG_004923.png,2023-10-30 21:00:00,5,0,2,0
IMG_004924,images/IMG_004924.png,2023-08-24 23:00:00,3,1,0,1
IMG_004925,images/IMG_004925.jpg,2023-10-30 22:00:00,5,0,2,0
IMG_004926,images/IMG_004926.jpg,2023-09-22 12:00:00,4,0,0,0
IMG_004927,images/IMG_004927.png,2023-07-24 09:00:00,2,1,0,1
IMG_004928,images/IMG_004928.jpg,2023-09-22 13:00:00,4,0,0,0
IMG_004929,images/IMG_004929.jpg,2023-08-25 00:00:00,3,2,0,1
IMG_004930,images/IMG_004930.png,2023-07-24 10:00:00,2,0,0,0
IMG_004931,images/IMG_004931.jpg,2023-09-22 14:00:00,4,0,0,0
IMG_004932,images/IMG_004932.jpg,2023-10-30 23:00:00,5,0,2,0
IMG_004933,images/IMG_004933.png,2023-10-31 00:00:00,5,1,1,1
IMG_004934,images/IMG_004934.png,2023-10-31 01:00:00,5,1,1,1
IMG_004935,images/IMG_004935.jpg,2023-09-22 15:00:00,4,0,0,0
IMG_004936,images/IMG_004936.png,2023-08-25 01:00:00,3,1,0,1
IMG_004937,images/IMG_004937.jpg,2023-08-25 02:00:00,3,0,0,0
IMG_004938,images/IMG_004938.png,2023-07-04 17:00:00,1,1,0,1
IMG_004939,images/IMG_004939.jpg,2023-06-08 09:00:00,0,0,0,0
IMG_004940,images/IMG_004940.jpg,2023-08-25 03:00:00,3,0,0,0
IMG_004941,images/IMG_004941.jpg,2023-09-22 16:00:00,4,0,0,0
IMG_004942,images/IMG_004942.jpg,2023-09-22 17:00:00,4,0,0,0
IMG_004943,images/IMG_004943.png,2023-10-31 02:00:00,5,0,2,0
IMG_004944,images/IMG_004944.jpg,2023-09-22 18:00:00,4,0,0,0
IMG_004945,images/IMG_004945.png,2023-08-25 04:00:00,3,0,0,0
IMG_004946,images/IMG_004946.jpg,2023-09-22 19:00:00,4,0,0,0
IMG_004947,images/IMG_004947.jpg,2023-07-24 11:00:00,2,2,0,1
IMG_004948,images/IMG_004948.png,2023-07-24 12:00:00,2,2,0,1
IMG_004949,images/IMG_004949.jpg,2023-07-24 13:00:00,2,2,0,1
IMG_004950,images/IMG_004950.png,2023-10-31 03:00:00,5,0,2,0
IMG_004951,images/IMG_004951.png,2023-08-25 05:00:00,3,2,0,1
IMG_004952,images/IMG_004952.png,2023-08-25 06:00:00,3,0,0,0
IMG_004953,images/IMG_004953.jpg,2023-07-24 14:00:00,2,2,0,1
IMG_004954,images/IMG_004954.jpg,2023-09-22 20:00:00,4,0,0,0
IMG_004955,images/IMG_004955.jpg,2023-09-22 21:00:00,4,0,0,0
IMG_004956,images/IMG_004956.jpg,2023-10-31 04:00:00,5,0,2,0
IMG_004957,images/IMG_004957.jpg,2023-10-31 05:00:00,5,0,2,0
IMG_004958,images/IMG_004958.png,2023-07-04 18:00:00,1,1,0,1
IMG_004959,images/IMG_004959.png,2023-10-31 06:00:00,5,0,2,0
IMG_004960,images/IMG_004960.jpg,2023-10-31 07:00:00,5,0,2,0
IMG_004961,images/IMG_004961.png,2023-10-31 08:00:00,5,3,3,1
IMG_004962,images/IMG_004962.jpg,2023-09-22 22:00:00,4,0,0,0
IMG_004963,images/IMG_004963.png,2023-10-31 09:00:00,5,0,2,0
IMG_004964,images/IMG_004964.jpg,2023-09-22 23:00:00,4,0,0,0
IMG_004965,images/IMG_004965.jpg,2023-10-31 10:00:00,5,0,2,0
IMG_004966,images/IMG_004966.jpg,2023-07-24 15:00:00,2,2,0,1
IMG_004967,images/IMG_004967.png,2023-08-25 07:00:00,3,0,0,0
IMG_004968,images/IMG_004968.jpg,2023-10-31 11:00:00,5,0,2,0
IMG_004969,images/IMG_004969.jpg,2023-09-23 00:00:00,4,0,0,0
IMG_004970,images/IMG_004970.png,2023-07-04 19:00:00,1,1,0,1
IMG_004971,images/IMG_004971.jpg,2023-09-23 01:00:00,4,0,0,0
IMG_004972,images/IMG_004972.jpg,2023-10-31 12:00:00,5,0,2,0
IMG_004973,images/IMG_004973.png,2023-07-24 16:00:00,2,2,0,1
IMG_004974,images/IMG_004974.png,2023-10-31 13:00:00,5,0,2,0
IMG_004975,images/IMG_004975.jpg,2023-10-31 14:00:00,5,0,2,0
IMG_004976,images/IMG_004976.png,2023-08-25 08:00:00,3,0,0,0
IMG_004977,images/IMG_004977.jpg,2023-09-23 02:00:00,4,0,0,0
IMG_004978,images/IMG_004978.jpg,2023-10-31 15:00:00,5,0,2,0
IMG_004979,images/IMG_004979.jpg,2023-09-23 03:00:00,4,0,0,0
IMG_004980,images/IMG_004980.jpg,2023-10-31 16:00:00,5,0,2,0
IMG_004981,images/IMG_004981.png,2023-08-25 09:00:00,3,1,0,1
IMG_004982,images/IMG_004982.png,2023-08-25 10:00:00,3,2,0,1
IMG_004983,images/IMG_004983.jpg,2023-10-31 17:00:00,5,0,2,0
IMG_004984,images/IMG_004984.jpg,2023-09-23 04:00:00,4,0,0,0
IMG_004985,images/IMG_004985.jpg,2023-06-08 10:00:00,0,0,0,0
IMG_004986,images/IMG_004986.jpg,2023-09-23 05:00:00,4,0,0,0
IMG_004987,images/IMG_004987.png,2023-08-25 11:00:00,3,0,0,0
IMG_004988,images/IMG_004988.jpg,2023-10-31 18:00:00,5,0,2,0
IMG_004989,images/IMG_004989.jpg,2023-07-24 17:00:00,2,2,0,1
IMG_004990,images/IMG_004990.jpg,2023-10-31 19:00:00,5,0,2,0
IMG_004991,images/IMG_004991.png,2023-08-25 12:00:00,3,2,0,1
IMG_004992,images/IMG_004992.jpg,2023-09-23 06:00:00,4,0,0,0
IMG_004993,images/IMG_004993.png,2023-08-25 13:00:00,3,1,0,1
IMG_004994,images/IMG_004994.jpg,2023-09-23 07:00:00,4,0,0,0
IMG_004995,images/IMG_004995.jpg,2023-09-23 08:00:00,4,0,0,0
IMG_004996,images/IMG_004996.jpg,2023-09-23 09:00:00,4,0,0,0
IMG_004997,images/IMG_004997.jpg,2023-10-31 20:00:00,5,0,2,0
IMG_004998,images/IMG_004998.jpg,2023-07-04 20:00:00,1,0,0,0
IMG_004999,images/IMG_004999.jpg,2023-07-24 18:00:00,2,2,0,1
IMG_005000,images/IMG_005000.png,2023-07-04 21:00:00,1,1,0,1
IMG_005001,images/IMG_005001.jpg,2023-10-31 21:00:00,5,0,2,0
IMG_005002,images/IMG_005002.jpg,2023-10-31 22:00:00,5,0,2,0
IMG_005003,images/IMG_005003.jpg,2023-09-23 10:00:00,4,0,0,0
IMG_005004,images/IMG_005004.png,2023-10-31 23:00:00,5,0,2,0
IMG_005005,images/IMG_005005.png,2023-08-25 14:00:00,3,1,0,1
IMG_005006,images/IMG_005006.jpg,2023-08-25 15:00:00,3,2,0,1
IMG_005007,images/IMG_005007.jpg,2023-09-23 11:00:00,4,0,0,0
IMG_005008,images/IMG_005008.jpg,2023-07-24 19:00:00,2,2,0,1
IMG_005009,images/IMG_005009.jpg,2023-11-01 00:00:00,5,0,2,0
IMG_005010,images/IMG_005010.png,2023-11-01 01:00:00,5,1,1,1
IMG_005011,images/IMG_005011.jpg,2023-08-25 16:00:00,3,2,0,1
IMG_005012,images/IMG_005012.jpg,2023-11-01 02:00:00,5,0,2,0
IMG_005013,images/IMG_005013.jpg,2023-09-23 12:00:00,4,0,0,0
IMG_005014,images/IMG_005014.png,2023-11-01 03:00:00,5,1,1,1
IMG_005015,images/IMG_005015.png,2023-11-01 04:00:00,5,1,1,1
IMG_005016,images/IMG_005016.jpg,2023-07-24 20:00:00,2,0,0,0
IMG_005017,images/IMG_005017.png,2023-08-25 17:00:00,3,1,0,1
IMG_005018,images/IMG_005018.png,2023-07-04 22:00:00,1,0,0,0
IMG_005019,images/IMG_005019.jpg,2023-09-23 13:00:00,4,0,0,0
IMG_005020,images/IMG_005020.png,2023-07-24 21:00:00,2,2,0,1
IMG_005021,images/IMG_005021.jpg,2023-11-01 05:00:00,5,0,2,0
IMG_005022,images/IMG_005022.jpg,2023-11-01 06:00:00,5,0,2,0
IMG_005023,images/IMG_005023.png,2023-07-04 23:00:00,1,1,0,1
IMG_005024,images/IMG_005024.png,2023-07-05 00:00:00,1,0,0,0
IMG_005025,images/IMG_005025.png,2023-11-01 07:00:00,5,1,1,1
IMG_005026,images/IMG_005026.jpg,2023-09-23 14:00:00,4,0,0,0
IMG_005027,images/IMG_005027.jpg,2023-11-01 08:00:00,5,0,2,0
IMG_005028,images/IMG_005028.jpg,2023-09-23 15:00:00,4,0,0,0
IMG_005029,images/IMG_005029.jpg,2023-09-23 16:00:00,4,0,0,0
IMG_005030,images/IMG_005030.png,2023-11-01 09:00:00,5,0,2,0
IMG_005031,images/IMG_005031.jpg,2023-11-01 10:00:00,5,0,2,0
IMG_005032,images/IMG_005032.jpg,2023-09-23 17:00:00,4,0,0,0
IMG_005033,images/IMG_005033.jpg,2023-11-01 11:00:00,5,0,2,0
IMG_005034,images/IMG_005034.png,2023-07-05 01:00:00,1,1,0,1
IMG_005035,images/IMG_005035.jpg,2023-11-01 12:00:00,5,0,2,0
IMG_005036,images/IMG_005036.jpg,2023-09-23 18:00:00,4,0,0,0
IMG_005037,images/IMG_005037.png,2023-07-24 22:00:00,2,0,0,0
IMG_005038,images/IMG_005038.png,2023-11-01 13:00:00,5,3,3,1
IMG_005039,images/IMG_005039.png,2023-11-01 14:00:00,5,3,3,1
IMG_005040,images/IMG_005040.jpg,2023-08-25 18:00:00,3,2,0,1
IMG_005041,images/IMG_005041.png,2023-11-01 15:00:00,5,1,1,1
IMG_005042,images/IMG_005042.jpg,2023-08-25 19:00:00,3,2,0,1
IMG_005043,images/IMG_005043.png,2023-11-01 16:00:00,5,1,1,1
IMG_005044,images/IMG_005044.jpg,2023-09-23 19:00:00,4,0,0,0
IMG_005045,images/IMG_005045.png,2023-11-01 17:00:00,5,3,3,1
IMG_005046,images/IMG_005046.jpg,2023-08-25 20:00:00,3,2,0,1
IMG_005047,images/IMG_005047.jpg,2023-11-01 18:00:00,5,0,2,0
IMG_005048,images/IMG_005048.png,2023-11-01 19:00:00,5,0,2,0
IMG_005049,images/IMG_005049.png,2023-11-01 20:00:00,5,0,2,0
IMG_005050,images/IMG_005050.jpg,2023-11-01 21:00:00,5,0,2,0
IMG_005051,images/IMG_005051.jpg,2023-11-01 22:00:00,5,0,2,0
IMG_005052,images/IMG_005052.png,2023-11-01 23:00:00,5,1,1,1
IMG_005053,images/IMG_005053.jpg,2023-11-02 00:00:00,5,0,2,0
IMG_005054,images/IMG_005054.jpg,2023-09-23 20:00:00,4,0,0,0
IMG_005055,images/IMG_005055.jpg,2023-07-24 23:00:00,2,2,0,1
IMG_005056,images/IMG_005056.jpg,2023-11-02 01:00:00,5,0,2,0
IMG_005057,images/IMG_005057.png,2023-08-25 21:00:00,3,2,0,1
IMG_005058,images/IMG_005058.jpg,2023-09-23 21:00:00,4,0,0,0
IMG_005059,images/IMG_005059.jpg,2023-11-02 02:00:00,5,0,2,0
IMG_005060,images/IMG_005060.jpg,2023-09-23 22:00:00,4,0,0,0
IMG_005061,images/IMG_005061.png,2023-07-05 02:00:00,1,1,0,1
IMG_005062,images/IMG_005062.png,2023-08-25 22:00:00,3,0,0,0
IMG_005063,images/IMG_005063.jpg,2023-09-23 23:00:00,4,0,0,0
IMG_005064,images/IMG_005064.jpg,2023-11-02 03:00:00,5,0,2,0
IMG_005065,images/IMG_005065.png,2023-11-02 04:00:00,5,1,1,1
IMG_005066,images/IMG_005066.png,2023-11-02 05:00:00,5,0,2,0
IMG_005067,images/IMG_005067.jpg,2023-09-24 00:00:00,4,0,0,0
IMG_005068,images/IMG_005068.png,2023-11-02 06:00:00,5,3,3,1
IMG_005069,images/IMG_005069.jpg,2023-09-24 01:00:00,4,0,0,0
IMG_005070,images/IMG_005070.png,2023-11-02 07:00:00,5,0,2,0
IMG_005071,images/IMG_005071.png,2023-11-02 08:00:00,5,1,1,1
IMG_005072,images/IMG_005072.jpg,2023-11-02 09:00:00,5,0,2,0
IMG_005073,images/IMG_005073.png,2023-11-02 10:00:00,5,0,2,0
IMG_005074,images/IMG_005074.jpg,2023-11-02 11:00:00,5,0,2,0
IMG_005075,images/IMG_005075.png,2023-07-05 03:00:00,1,1,0,1
IMG_005076,images/IMG_005076.jpg,2023-11-02 12:00:00,5,0,2,0
IMG_005077,images/IMG_005077.jpg,2023-11-02 13:00:00,5,0,2,0
IMG_005078,images/IMG_005078.png,2023-11-02 14:00:00,5,1,1,1
IMG_005079,images/IMG_005079.png,2023-11-02 15:00:00,5,3,3,1
IMG_005080,images/IMG_005080.jpg,2023-09-24 02:00:00,4,0,0,0
IMG_005081,images/IMG_005081.jpg,2023-09-24 03:00:00,4,0,0,0
IMG_005082,images/IMG_005082.png,2023-08-25 23:00:00,3,1,0,1
IMG_005083,images/IMG_005083.png,2023-07-25 00:00:00,2,2,0,1
IMG_005084,images/IMG_005084.jpg,2023-11-02 16:00:00,5,0,2,0
IMG_005085,images/IMG_005085.png,2023-11-02 17:00:00,5,0,2,0
IMG_005086,images/IMG_005086.png,2023-11-02 18:00:00,5,3,3,1
IMG_005087,images/IMG_005087.png,2023-11-02 19:00:00,5,1,1,1
IMG_005088,images/IMG_005088.jpg,2023-11-02 20:00:00,5,0,2,0
IMG_005089,images/IMG_005089.png,2023-11-02 21:00:00,5,1,1,1
IMG_005090,images/IMG_005090.png,2023-11-02 22:00:00,5,3,3,1
IMG_005091,images/IMG_005091.jpg,2023-09-24 04:00:00,4,0,0,0
IMG_005092,images/IMG_005092.png,2023-11-02 23:00:00,5,1,1,1
IMG_005093,images/IMG_005093.jpg,2023-08-26 00:00:00,3,2,0,1
IMG_005094,images/IMG_005094.png,2023-08-26 01:00:00,3,0,0,0
IMG_005095,images/IMG_005095.png,2023-11-03 00:00:00,5,1,1,1
IMG_005096,images/IMG_005096.jpg,2023-07-25 01:00:00,2,2,0,1
IMG_005097,images/IMG_005097.png,2023-07-05 04:00:00,1,0,0,0
IMG_005098,images/IMG_005098.jpg,2023-09-24 05:00:00,4,0,0,0
IMG_005099,images/IMG_005099.jpg,2023-07-25 02:00:00,2,2,0,1
IMG_005100,images/IMG_005100.png,2023-08-26 02:00:00,3,0,0,0
IMG_005101,images/IMG_005101.png,2023-11-03 01:00:00,5,1,1,1
IMG_005102,images/IMG_005102.jpg,2023-09-24 06:00:00,4,0,0,0
IMG_005103,images/IMG_005103.jpg,2023-09-24 07:00:00,4,0,0,0
IMG_005104,images/IMG_005104.jpg,2023-07-25 03:00:00,2,0,0,0
IMG_005105,images/IMG_005105.png,2023-11-03 02:00:00,5,3,3,1
IMG_005106,images/IMG_005106.png,2023-11-03 03:00:00,5,0,2,0
IMG_005107,images/IMG_005107.jpg,2023-09-24 08:00:00,4,0,0,0
IMG_005108,images/IMG_005108.png,2023-11-03 04:00:00,5,1,1,1
IMG_005109,images/IMG_005109.png,2023-11-03 05:00:00,5,3,3,1
IMG_005110,images/IMG_005110.png,2023-08-26 03:00:00,3,0,0,0
IMG_005111,images/IMG_005111.png,2023-11-03 06:00:00,5,3,3,1
IMG_005112,images/IMG_005112.png,2023-08-26 04:00:00,3,2,0,1
IMG_005113,images/IMG_005113.png,2023-11-03 07:00:00,5,1,1,1
IMG_005114,images/IMG_005114.jpg,2023-09-24 09:00:00,4,0,0,0
IMG_005115,images/IMG_005115.png,2023-07-25 04:00:00,2,0,0,0
IMG_005116,images/IMG_005116.jpg,2023-11-03 08:00:00,5,0,2,0
IMG_005117,images/IMG_005117.png,2023-11-03 09:00:00,5,0,2,0
IMG_005118,images/IMG_005118.jpg,2023-11-03 10:00:00,5,0,2,0
IMG_005119,images/IMG_005119.jpg,2023-11-03 11:00:00,5,0,2,0
IMG_005120,images/IMG_005120.png,2023-11-03 12:00:00,5,3,3,1
IMG_005121,images/IMG_005121.jpg,2023-06-08 11:00:00,0,0,0,0
IMG_005122,images/IMG_005122.jpg,2023-11-03 13:00:00,5,0,2,0
IMG_005123,images/IMG_005123.png,2023-07-25 05:00:00,2,2,0,1
IMG_005124,images/IMG_005124.jpg,2023-09-24 10:00:00,4,0,0,0
IMG_005125,images/IMG_005125.png,2023-11-03 14:00:00,5,3,3,1
IMG_005126,images/IMG_005126.png,2023-07-25 06:00:00,2,2,0,1
IMG_005127,images/IMG_005127.jpg,2023-07-25 07:00:00,2,0,0,0
IMG_005128,images/IMG_005128.png,2023-07-05 05:00:00,1,1,0,1
IMG_005129,images/IMG_005129.jpg,2023-09-24 11:00:00,4,0,0,0
IMG_005130,images/IMG_005130.jpg,2023-09-24 12:00:00,4,0,0,0
IMG_005131,images/IMG_005131.jpg,2023-09-24 13:00:00,4,0,0,0
IMG_005132,images/IMG_005132.jpg,2023-11-03 15:00:00,5,0,2,0
IMG_005133,images/IMG_005133.jpg,2023-07-25 08:00:00,2,2,0,1
IMG_005134,images/IMG_005134.png,2023-08-26 05:00:00,3,2,0,1
IMG_005135,images/IMG_005135.jpg,2023-11-03 16:00:00,5,0,2,0
IMG_005136,images/IMG_005136.jpg,2023-11-03 17:00:00,5,0,2,0
IMG_005137,images/IMG_005137.jpg,2023-09-24 14:00:00,4,0,0,0
IMG_005138,images/IMG_005138.jpg,2023-07-25 09:00:00,2,2,0,1
IMG_005139,images/IMG_005139.jpg,2023-08-26 06:00:00,3,2,0,1
IMG_005140,images/IMG_005140.png,2023-07-05 06:00:00,1,0,0,0
IMG_005141,images/IMG_005141.png,2023-11-03 18:00:00,5,3,3,1
IMG_005142,images/IMG_005142.jpg,2023-09-24 15:00:00,4,0,0,0
IMG_005143,images/IMG_005143.png,2023-11-03 19:00:00,5,0,2,0
IMG_005144,images/IMG_005144.png,2023-08-26 07:00:00,3,2,0,1
IMG_005145,images/IMG_005145.jpg,2023-11-03 20:00:00,5,0,2,0
IMG_005146,images/IMG_005146.jpg,2023-08-26 08:00:00,3,2,0,1
IMG_005147,images/IMG_005147.jpg,2023-08-26 09:00:00,3,2,0,1
IMG_005148,images/IMG_005148.png,2023-11-03 21:00:00,5,3,3,1
IMG_005149,images/IMG_005149.png,2023-08-26 10:00:00,3,2,0,1
IMG_005150,images/IMG_005150.jpg,2023-09-24 16:00:00,4,0,0,0
IMG_005151,images/IMG_005151.png,2023-11-03 22:00:00,5,0,2,0
IMG_005152,images/IMG_005152.jpg,2023-11-03 23:00:00,5,0,2,0
IMG_005153,images/IMG_005153.png,2023-11-04 00:00:00,5,1,1,1
IMG_005154,images/IMG_005154.jpg,2023-11-04 01:00:00,5,0,2,0
IMG_005155,images/IMG_005155.jpg,2023-09-24 17:00:00,4,0,0,0
IMG_005156,images/IMG_005156.png,2023-07-25 10:00:00,2,2,0,1
IMG_005157,images/IMG_005157.jpg,2023-11-04 02:00:00,5,0,2,0
IMG_005158,images/IMG_005158.jpg,2023-11-04 03:00:00,5,0,2,0
IMG_005159,images/IMG_005159.png,2023-08-26 11:00:00,3,0,0,0
IMG_005160,images/IMG_005160.jpg,2023-09-24 18:00:00,4,0,0,0
IMG_005161,images/IMG_005161.jpg,2023-11-04 04:00:00,5,0,2,0
IMG_005162,images/IMG_005162.png,2023-07-25 11:00:00,2,0,0,0
IMG_005163,images/IMG_005163.png,2023-11-04 05:00:00,5,1,1,1
IMG_005164,images/IMG_005164.jpg,2023-11-04 06:00:00,5,0,2,0
IMG_005165,images/IMG_005165.png,2023-11-04 07:00:00,5,0,2,0
IMG_005166,images/IMG_005166.jpg,2023-08-26 12:00:00,3,2,0,1
IMG_005167,images/IMG_005167.png,2023-11-04 08:00:00,5,1,1,1
IMG_005168,images/IMG_005168.png,2023-08-26 13:00:00,3,2,0,1
IMG_005169,images/IMG_005169.png,2023-11-04 09:00:00,5,3,3,1
IMG_005170,images/IMG_005170.jpg,2023-09-24 19:00:00,4,0,0,0
IMG_005171,images/IMG_005171.jpg,2023-11-04 10:00:00,5,0,2,0
IMG_005172,images/IMG_005172.png,2023-08-26 14:00:00,3,2,0,1
IMG_005173,images/IMG_005173.png,2023-08-26 15:00:00,3,1,0,1
IMG_005174,images/IMG_005174.png,2023-11-04 11:00:00,5,0,2,0
IMG_005175,images/IMG_005175.png,2023-07-25 12:00:00,2,1,0,1
IMG_005176,images/IMG_005176.jpg,2023-09-24 20:00:00,4,0,0,0
IMG_005177,images/IMG_005177.jpg,2023-11-04 12:00:00,5,0,2,0
IMG_005178,images/IMG_005178.png,2023-07-25 13:00:00,2,2,0,1
IMG_005179,images/IMG_005179.png,2023-08-26 16:00:00,3,1,0,1
IMG_005180,images/IMG_005180.png,2023-08-26 17:00:00,3,2,0,1
IMG_005181,images/IMG_005181.jpg,2023-11-04 13:00:00,5,0,2,0
IMG_005182,images/IMG_005182.png,2023-08-26 18:00:00,3,2,0,1
IMG_005183,images/IMG_005183.jpg,2023-08-26 19:00:00,3,2,0,1
IMG_005184,images/IMG_005184.jpg,2023-11-04 14:00:00,5,0,2,0
IMG_005185,images/IMG_005185.jpg,2023-09-24 21:00:00,4,0,0,0
IMG_005186,images/IMG_005186.png,2023-11-04 15:00:00,5,3,3,1
IMG_005187,images/IMG_005187.png,2023-07-05 07:00:00,1,1,0,1
IMG_005188,images/IMG_005188.png,2023-07-05 08:00:00,1,0,0,0
IMG_005189,images/IMG_005189.jpg,2023-11-04 16:00:00,5,0,2,0
IMG_005190,images/IMG_005190.jpg,2023-09-24 22:00:00,4,0,0,0
IMG_005191,images/IMG_005191.jpg,2023-09-24 23:00:00,4,0,0,0
IMG_005192,images/IMG_005192.jpg,2023-11-04 17:00:00,5,0,2,0
IMG_005193,images/IMG_005193.jpg,2023-11-04 18:00:00,5,0,2,0
IMG_005194,images/IMG_005194.jpg,2023-06-08 12:00:00,0,0,0,0
IMG_005195,images/IMG_005195.png,2023-07-05 09:00:00,1,0,0,0
IMG_005196,images/IMG_005196.png,2023-07-05 10:00:00,1,0,0,0
IMG_005197,images/IMG_005197.jpg,2023-09-25 00:00:00,4,0,0,0
IMG_005198,images/IMG_005198.png,2023-11-04 19:00:00,5,3,3,1
IMG_005199,images/IMG_005199.png,2023-11-04 20:00:00,5,1,1,1
IMG_005200,images/IMG_005200.png,2023-11-04 21:00:00,5,1,1,1
IMG_005201,images/IMG_005201.jpg,2023-09-25 01:00:00,4,0,0,0
IMG_005202,images/IMG_005202.png,2023-11-04 22:00:00,5,1,1,1
IMG_005203,images/IMG_005203.jpg,2023-07-25 14:00:00,2,0,0,0
IMG_005204,images/IMG_005204.png,2023-08-26 20:00:00,3,2,0,1
IMG_005205,images/IMG_005205.png,2023-11-04 23:00:00,5,3,3,1
IMG_005206,images/IMG_005206.jpg,2023-09-25 02:00:00,4,0,0,0
IMG_005207,images/IMG_005207.jpg,2023-09-25 03:00:00,4,0,0,0
IMG_005208,images/IMG_005208.jpg,2023-08-26 21:00:00,3,0,0,0
IMG_005209,images/IMG_005209.jpg,2023-08-26 22:00:00,3,2,0,1
IMG_005210,images/IMG_005210.png,2023-07-25 15:00:00,2,2,0,1
IMG_005211,images/IMG_005211.png,2023-07-05 11:00:00,1,0,0,0
IMG_005212,images/IMG_005212.png,2023-07-25 16:00:00,2,2,0,1
IMG_005213,images/IMG_005213.png,2023-07-25 17:00:00,2,1,0,1
IMG_005214,images/IMG_005214.jpg,2023-11-05 00:00:00,5,0,2,0
IMG_005215,images/IMG_005215.jpg,2023-11-05 01:00:00,5,0,2,0
IMG_005216,images/IMG_005216.jpg,2023-09-25 04:00:00,4,0,0,0
IMG_005217,images/IMG_005217.png,2023-06-08 13:00:00,0,0,0,0
IMG_005218,images/IMG_005218.png,2023-07-05 12:00:00,1,0,0,0
IMG_005219,images/IMG_005219.png,2023-07-25 18:00:00,2,2,0,1
IMG_005220,images/IMG_005220.png,2023-07-05 13:00:00,1,1,0,1
IMG_005221,images/IMG_005221.jpg,2023-09-25 05:00:00,4,0,0,0
IMG_005222,images/IMG_005222.png,2023-11-05 02:00:00,5,3,3,1
IMG_005223,images/IMG_005223.jpg,2023-11-05 03:00:00,5,0,2,0
IMG_005224,images/IMG_005224.png,2023-11-05 04:00:00,5,1,1,1
IMG_005225,images/IMG_005225.png,2023-07-05 14:00:00,1,0,0,0
IMG_005226,images/IMG_005226.png,2023-07-05 15:00:00,1,1,0,1
IMG_005227,images/IMG_005227.jpg,2023-09-25 06:00:00,4,0,0,0
IMG_005228,images/IMG_005228.png,2023-11-05 05:00:00,5,1,1,1
IMG_005229,images/IMG_005229.png,2023-11-05 06:00:00,5,1,1,1
IMG_005230,images/IMG_005230.jpg,2023-09-25 07:00:00,4,0,0,0
IMG_005231,images/IMG_005231.png,2023-11-05 07:00:00,5,1,1,1
IMG_005232,images/IMG_005232.png,2023-11-05 08:00:00,5,1,1,1
IMG_005233,images/IMG_005233.png,2023-06-08 14:00:00,0,0,0,0
IMG_005234,images/IMG_005234.png,2023-11-05 09:00:00,5,0,2,0
IMG_005235,images/IMG_005235.png,2023-06-08 15:00:00,0,0,0,0
IMG_005236,images/IMG_005236.jpg,2023-11-05 10:00:00,5,0,2,0
IMG_005237,images/IMG_005237.png,2023-08-26 23:00:00,3,2,0,1
IMG_005238,images/IMG_005238.png,2023-11-05 11:00:00,5,1,1,1
IMG_005239,images/IMG_005239.png,2023-11-05 12:00:00,5,0,2,0
IMG_005240,images/IMG_005240.png,2023-11-05 13:00:00,5,1,1,1
IMG_005241,images/IMG_005241.jpg,2023-09-25 08:00:00,4,0,0,0
IMG_005242,images/IMG_005242.jpg,2023-09-25 09:00:00,4,0,0,0
IMG_005243,images/IMG_005243.png,2023-07-05 16:00:00,1,1,0,1
IMG_005244,images/IMG_005244.jpg,2023-06-08 16:00:00,0,0,0,0
IMG_005245,images/IMG_005245.jpg,2023-11-05 14:00:00,5,0,2,0
IMG_005246,images/IMG_005246.jpg,2023-07-25 19:00:00,2,2,0,1
IMG_005247,images/IMG_005247.jpg,2023-11-05 15:00:00,5,0,2,0
IMG_005248,images/IMG_005248.jpg,2023-08-27 00:00:00,3,2,0,1
IMG_005249,images/IMG_005249.jpg,2023-09-25 10:00:00,4,0,0,0
IMG_005250,images/IMG_005250.png,2023-07-25 20:00:00,2,2,0,1
IMG_005251,images/IMG_005251.png,2023-07-25 21:00:00,2,1,0,1
IMG_005252,images/IMG_005252.jpg,2023-07-25 22:00:00,2,2,0,1
IMG_005253,images/IMG_005253.jpg,2023-11-05 16:00:00,5,0,2,0
IMG_005254,images/IMG_005254.jpg,2023-11-05 17:00:00,5,0,2,0
IMG_005255,images/IMG_005255.jpg,2023-11-05 18:00:00,5,0,2,0
IMG_005256,images/IMG_005256.jpg,2023-07-25 23:00:00,2,2,0,1
IMG_005257,images/IMG_005257.jpg,2023-09-25 11:00:00,4,0,0,0
IMG_005258,images/IMG_005258.png,2023-11-05 19:00:00,5,1,1,1
IMG_005259,images/IMG_005259.jpg,2023-11-05 20:00:00,5,0,2,0
IMG_005260,images/IMG_005260.jpg,2023-09-25 12:00:00,4,0,0,0
IMG_005261,images/IMG_005261.png,2023-07-26 00:00:00,2,2,0,1
IMG_005262,images/IMG_005262.png,2023-07-26 01:00:00,2,2,0,1
IMG_005263,images/IMG_005263.png,2023-11-05 21:00:00,5,0,2,0
IMG_005264,images/IMG_005264.png,2023-07-05 17:00:00,1,0,0,0
IMG_005265,images/IMG_005265.png,2023-11-05 22:00:00,5,0,2,0
IMG_005266,images/IMG_005266.png,2023-08-27 01:00:00,3,0,0,0
IMG_005267,images/IMG_005267.png,2023-11-05 23:00:00,5,0,2,0
IMG_005268,images/IMG_005268.png,2023-11-06 00:00:00,5,3,3,1
IMG_005269,images/IMG_005269.png,2023-11-06 01:00:00,5,3,3,1
IMG_005270,images/IMG_005270.png,2023-11-06 02:00:00,5,3,3,1
IMG_005271,images/IMG_005271.jpg,2023-08-27 02:00:00,3,2,0,1
IMG_005272,images/IMG_005272.jpg,2023-07-26 02:00:00,2,2,0,1
IMG_005273,images/IMG_005273.png,2023-11-06 03:00:00,5,0,2,0
IMG_005274,images/IMG_005274.jpg,2023-07-26 03:00:00,2,2,0,1
IMG_005275,images/IMG_005275.png,2023-07-05 18:00:00,1,0,0,0
IMG_005276,images/IMG_005276.jpg,2023-08-27 03:00:00,3,2,0,1
IMG_005277,images/IMG_005277.png,2023-11-06 04:00:00,5,1,1,1
IMG_005278,images/IMG_005278.png,2023-07-05 19:00:00,1,0,0,0
IMG_005279,images/IMG_005279.jpg,2023-09-25 13:00:00,4,0,0,0
IMG_005280,images/IMG_005280.jpg,2023-11-06 05:00:00,5,0,2,0
IMG_005281,images/IMG_005281.jpg,2023-11-06 06:00:00,5,0,2,0
IMG_005282,images/IMG_005282.jpg,2023-09-25 14:00:00,4,0,0,0
IMG_005283,images/IMG_005283.png,2023-08-27 04:00:00,3,2,0,1
IMG_005284,images/IMG_005284.jpg,2023-07-26 04:00:00,2,2,0,1
IMG_005285,images/IMG_005285.jpg,2023-09-25 15:00:00,4,0,0,0
IMG_005286,images/IMG_005286.png,2023-11-06 07:00:00,5,0,2,0
IMG_005287,images/IMG_005287.png,2023-07-05 20:00:00,1,0,0,0
IMG_005288,images/IMG_005288.png,2023-07-26 05:00:00,2,2,0,1
IMG_005289,images/IMG_005289.png,2023-11-06 08:00:00,5,3,3,1
IMG_005290,images/IMG_005290.png,2023-11-06 09:00:00,5,0,2,0
IMG_005291,images/IMG_005291.jpg,2023-11-06 10:00:00,5,0,2,0
IMG_005292,images/IMG_005292.png,2023-11-06 11:00:00,5,1,1,1
IMG_005293,images/IMG_005293.png,2023-11-06 12:00:00,5,3,3,1
IMG_005294,images/IMG_005294.png,2023-08-27 05:00:00,3,1,0,1
IMG_005295,images/IMG_005295.jpg,2023-11-06 13:00:00,5,0,2,0
IMG_005296,images/IMG_005296.jpg,2023-11-06 14:00:00,5,0,2,0
IMG_005297,images/IMG_005297.png,2023-11-06 15:00:00,5,1,1,1
IMG_005298,images/IMG_005298.jpg,2023-11-06 16:00:00,5,0,2,0
IMG_005299,images/IMG_005299.png,2023-11-06 17:00:00,5,0,2,0
IMG_005300,images/IMG_005300.png,2023-11-06 18:00:00,5,3,3,1
IMG_005301,images/IMG_005301.png,2023-11-06 19:00:00,5,3,3,1
IMG_005302,images/IMG_005302.jpg,2023-09-25 16:00:00,4,0,0,0
IMG_005303,images/IMG_005303.png,2023-07-26 06:00:00,2,2,0,1
IMG_005304,images/IMG_005304.jpg,2023-09-25 17:00:00,4,0,0,0
IMG_005305,images/IMG_005305.png,2023-11-06 20:00:00,5,0,2,0
IMG_005306,images/IMG_005306.png,2023-07-26 07:00:00,2,1,0,1
IMG_005307,images/IMG_005307.jpg,2023-08-27 06:00:00,3,2,0,1
IMG_005308,images/IMG_005308.jpg,2023-11-06 21:00:00,5,0,2,0
IMG_005309,images/IMG_005309.png,2023-06-08 17:00:00,0,0,0,0
IMG_005310,images/IMG_005310.jpg,2023-11-06 22:00:00,5,0,2,0
IMG_005311,images/IMG_005311.jpg,2023-11-06 23:00:00,5,0,2,0
IMG_005312,images/IMG_005312.jpg,2023-07-05 21:00:00,1,0,0,0
IMG_005313,images/IMG_005313.png,2023-11-07 00:00:00,5,1,1,1
IMG_005314,images/IMG_005314.jpg,2023-09-25 18:00:00,4,0,0,0
IMG_005315,images/IMG_005315.png,2023-11-07 01:00:00,5,0,2,0
IMG_005316,images/IMG_005316.png,2023-08-27 07:00:00,3,2,0,1
IMG_005317,images/IMG_005317.png,2023-11-07 02:00:00,5,0,2,0
IMG_005318,images/IMG_005318.jpg,2023-09-25 19:00:00,4,0,0,0
IMG_005319,images/IMG_005319.jpg,2023-11-07 03:00:00,5,0,2,0
IMG_005320,images/IMG_005320.jpg,2023-11-07 04:00:00,5,0,2,0
IMG_005321,images/IMG_005321.png,2023-08-27 08:00:00,3,2,0,1
IMG_005322,images/IMG_005322.png,2023-11-07 05:00:00,5,3,3,1
IMG_005323,images/IMG_005323.png,2023-11-07 06:00:00,5,3,3,1
IMG_005324,images/IMG_005324.png,2023-07-05 22:00:00,1,0,0,0
IMG_005325,images/IMG_005325.png,2023-07-26 08:00:00,2,2,0,1
IMG_005326,images/IMG_005326.jpg,2023-09-25 20:00:00,4,0,0,0
IMG_005327,images/IMG_005327.jpg,2023-07-26 09:00:00,2,2,0,1
IMG_005328,images/IMG_005328.png,2023-07-26 10:00:00,2,2,0,1
IMG_005329,images/IMG_005329.png,2023-07-05 23:00:00,1,0,0,0
IMG_005330,images/IMG_005330.jpg,2023-08-27 09:00:00,3,2,0,1
IMG_005331,images/IMG_005331.png,2023-11-07 07:00:00,5,0,2,0
IMG_005332,images/IMG_005332.png,2023-07-26 11:00:00,2,1,0,1
IMG_005333,images/IMG_005333.png,2023-11-07 08:00:00,5,3,3,1
IMG_005334,images/IMG_005334.png,2023-07-06 00:00:00,1,0,0,0
IMG_005335,images/IMG_005335.jpg,2023-11-07 09:00:00,5,0,2,0
IMG_005336,images/IMG_005336.png,2023-11-07 10:00:00,5,0,2,0
IMG_005337,images/IMG_005337.png,2023-11-07 11:00:00,5,1,1,1
IMG_005338,images/IMG_005338.jpg,2023-11-07 12:00:00,5,0,2,0
IMG_005339,images/IMG_005339.jpg,2023-09-25 21:00:00,4,0,0,0
IMG_005340,images/IMG_005340.png,2023-11-07 13:00:00,5,1,1,1
IMG_005341,images/IMG_005341.png,2023-07-26 12:00:00,2,1,0,1
IMG_005342,images/IMG_005342.png,2023-07-26 13:00:00,2,0,0,0
IMG_005343,images/IMG_005343.jpg,2023-08-27 10:00:00,3,2,0,1
IMG_005344,images/IMG_005344.png,2023-11-07 14:00:00,5,1,1,1
IMG_005345,images/IMG_005345.png,2023-07-06 01:00:00,1,1,0,1
IMG_005346,images/IMG_005346.jpg,2023-09-25 22:00:00,4,0,0,0
IMG_005347,images/IMG_005347.jpg,2023-09-25 23:00:00,4,0,0,0
IMG_005348,images/IMG_005348.jpg,2023-09-26 00:00:00,4,0,0,0
IMG_005349,images/IMG_005349.png,2023-11-07 15:00:00,5,3,3,1
IMG_005350,images/IMG_005350.jpg,2023-11-07 16:00:00,5,0,2,0
IMG_005351,images/IMG_005351.jpg,2023-07-06 02:00:00,1,0,0,0
IMG_005352,images/IMG_005352.jpg,2023-07-26 14:00:00,2,2,0,1
IMG_005353,images/IMG_005353.png,2023-11-07 17:00:00,5,1,1,1
IMG_005354,images/IMG_005354.png,2023-11-07 18:00:00,5,0,2,0
IMG_005355,images/IMG_005355.jpg,2023-09-26 01:00:00,4,0,0,0
IMG_005356,images/IMG_005356.jpg,2023-07-26 15:00:00,2,2,0,1
IMG_005357,images/IMG_005357.png,2023-11-07 19:00:00,5,0,2,0
IMG_005358,images/IMG_005358.jpg,2023-11-07 20:00:00,5,0,2,0
IMG_005359,images/IMG_005359.jpg,2023-07-26 16:00:00,2,2,0,1
IMG_005360,images/IMG_005360.jpg,2023-11-07 21:00:00,5,0,2,0
IMG_005361,images/IMG_005361.png,2023-11-07 22:00:00,5,3,3,1
IMG_005362,images/IMG_005362.jpg,2023-11-07 23:00:00,5,0,2,0
IMG_005363,images/IMG_005363.png,2023-08-27 11:00:00,3,1,0,1
IMG_005364,images/IMG_005364.png,2023-11-08 00:00:00,5,3,3,1
IMG_005365,images/IMG_005365.png,2023-08-27 12:00:00,3,2,0,1
IMG_005366,images/IMG_005366.jpg,2023-09-26 02:00:00,4,0,0,0
IMG_005367,images/IMG_005367.jpg,2023-11-08 01:00:00,5,0,2,0
IMG_005368,images/IMG_005368.jpg,2023-11-08 02:00:00,5,0,2,0
IMG_005369,images/IMG_005369.png,2023-07-26 17:00:00,2,1,0,1
IMG_005370,images/IMG_005370.png,2023-11-08 03:00:00,5,1,1,1
IMG_005371,images/IMG_005371.png,2023-07-26 18:00:00,2,2,0,1
IMG_005372,images/IMG_005372.jpg,2023-07-26 19:00:00,2,2,0,1
IMG_005373,images/IMG_005373.png,2023-11-08 04:00:00,5,0,2,0
IMG_005374,images/IMG_005374.png,2023-11-08 05:00:00,5,3,3,1
IMG_005375,images/IMG_005375.png,2023-11-08 06:00:00,5,3,3,1
IMG_005376,images/IMG_005376.jpg,2023-11-08 07:00:00,5,0,2,0
IMG_005377,images/IMG_005377.png,2023-11-08 08:00:00,5,1,1,1
IMG_005378,images/IMG_005378.png,2023-11-08 09:00:00,5,1,1,1
IMG_005379,images/IMG_005379.png,2023-11-08 10:00:00,5,3,3,1
IMG_005380,images/IMG_005380.jpg,2023-09-26 03:00:00,4,0,0,0
IMG_005381,images/IMG_005381.jpg,2023-09-26 04:00:00,4,0,0,0
IMG_005382,images/IMG_005382.png,2023-11-08 11:00:00,5,1,1,1
IMG_005383,images/IMG_005383.jpg,2023-11-08 12:00:00,5,0,2,0
IMG_005384,images/IMG_005384.png,2023-07-26 20:00:00,2,0,0,0
IMG_005385,images/IMG_005385.png,2023-11-08 13:00:00,5,3,3,1
IMG_005386,images/IMG_005386.png,2023-07-06 03:00:00,1,0,0,0
IMG_005387,images/IMG_005387.jpg,2023-09-26 05:00:00,4,0,0,0
IMG_005388,images/IMG_005388.png,2023-07-06 04:00:00,1,1,0,1
IMG_005389,images/IMG_005389.jpg,2023-08-27 13:00:00,3,2,0,1
IMG_005390,images/IMG_005390.png,2023-11-08 14:00:00,5,0,2,0
IMG_005391,images/IMG_005391.png,2023-11-08 15:00:00,5,0,2,0
IMG_005392,images/IMG_005392.jpg,2023-11-08 16:00:00,5,0,2,0
IMG_005393,images/IMG_005393.png,2023-07-26 21:00:00,2,2,0,1
IMG_005394,images/IMG_005394.jpg,2023-11-08 17:00:00,5,0,2,0
IMG_005395,images/IMG_005395.png,2023-11-08 18:00:00,5,0,2,0
IMG_005396,images/IMG_005396.jpg,2023-09-26 06:00:00,4,0,0,0
IMG_005397,images/IMG_005397.png,2023-07-26 22:00:00,2,2,0,1
IMG_005398,images/IMG_005398.png,2023-07-06 05:00:00,1,0,0,0
IMG_005399,images/IMG_005399.jpg,2023-09-26 07:00:00,4,0,0,0
IMG_005400,images/IMG_005400.png,2023-07-06 06:00:00,1,1,0,1
IMG_005401,images/IMG_005401.jpg,2023-07-26 23:00:00,2,0,0,0
IMG_005402,images/IMG_005402.png,2023-08-27 14:00:00,3,1,0,1
IMG_005403,images/IMG_005403.jpg,2023-09-26 08:00:00,4,0,0,0
IMG_005404,images/IMG_005404.png,2023-11-08 19:00:00,5,3,3,1
IMG_005405,images/IMG_005405.png,2023-08-27 15:00:00,3,0,0,0
IMG_005406,images/IMG_005406.png,2023-11-08 20:00:00,5,1,1,1
IMG_005407,images/IMG_005407.jpg,2023-11-08 21:00:00,5,0,2,0
IMG_005408,images/IMG_005408.png,2023-07-27 00:00:00,2,2,0,1
IMG_005409,images/IMG_005409.png,2023-07-27 01:00:00,2,1,0,1
IMG_005410,images/IMG_005410.jpg,2023-07-06 07:00:00,1,0,0,0
IMG_005411,images/IMG_005411.png,2023-08-27 16:00:00,3,2,0,1
IMG_005412,images/IMG_005412.png,2023-07-27 02:00:00,2,1,0,1
IMG_005413,images/IMG_005413.jpg,2023-07-27 03:00:00,2,2,0,1
IMG_005414,images/IMG_005414.png,2023-07-27 04:00:00,2,2,0,1
IMG_005415,images/IMG_005415.jpg,2023-07-27 05:00:00,2,2,0,1
IMG_005416,images/IMG_005416.jpg,2023-11-08 22:00:00,5,0,2,0
IMG_005417,images/IMG_005417.jpg,2023-09-26 09:00:00,4,0,0,0
IMG_005418,images/IMG_005418.png,2023-11-08 23:00:00,5,3,3,1
IMG_005419,images/IMG_005419.png,2023-11-09 00:00:00,5,0,2,0
IMG_005420,images/IMG_005420.png,2023-07-06 08:00:00,1,1,0,1
IMG_005421,images/IMG_005421.png,2023-07-06 09:00:00,1,0,0,0
IMG_005422,images/IMG_005422.png,2023-08-27 17:00:00,3,1,0,1
IMG_005423,images/IMG_005423.png,2023-11-09 01:00:00,5,1,1,1
IMG_005424,images/IMG_005424.png,2023-07-06 10:00:00,1,1,0,1
IMG_005425,images/IMG_005425.jpg,2023-11-09 02:00:00,5,0,2,0
IMG_005426,images/IMG_005426.png,2023-07-06 11:00:00,1,0,0,0
IMG_005427,images/IMG_005427.png,2023-11-09 03:00:00,5,0,2,0
IMG_005428,images/IMG_005428.png,2023-11-09 04:00:00,5,1,1,1
IMG_005429,images/IMG_005429.jpg,2023-07-27 06:00:00,2,0,0,0
IMG_005430,images/IMG_005430.png,2023-11-09 05:00:00,5,0,2,0
IMG_005431,images/IMG_005431.jpg,2023-08-27 18:00:00,3,2,0,1
IMG_005432,images/IMG_005432.jpg,2023-09-26 10:00:00,4,0,0,0
IMG_005433,images/IMG_005433.jpg,2023-09-26 11:00:00,4,0,0,0
IMG_005434,images/IMG_005434.jpg,2023-11-09 06:00:00,5,0,2,0
IMG_005435,images/IMG_005435.png,2023-07-27 07:00:00,2,2,0,1
IMG_005436,images/IMG_005436.jpg,2023-09-26 12:00:00,4,0,0,0
IMG_005437,images/IMG_005437.jpg,2023-11-09 07:00:00,5,0,2,0
IMG_005438,images/IMG_005438.jpg,2023-11-09 08:00:00,5,0,2,0
IMG_005439,images/IMG_005439.png,2023-11-09 09:00:00,5,0,2,0
IMG_005440,images/IMG_005440.jpg,2023-09-26 13:00:00,4,0,0,0
IMG_005441,images/IMG_005441.png,2023-11-09 10:00:00,5,0,2,0
IMG_005442,images/IMG_005442.jpg,2023-11-09 11:00:00,5,0,2,0
IMG_005443,images/IMG_005443.png,2023-07-06 12:00:00,1,1,0,1
IMG_005444,images/IMG_005444.png,2023-11-09 12:00:00,5,3,3,1
IMG_005445,images/IMG_005445.jpg,2023-11-09 13:00:00,5,0,2,0
IMG_005446,images/IMG_005446.png,2023-11-09 14:00:00,5,3,3,1
IMG_005447,images/IMG_005447.jpg,2023-11-09 15:00:00,5,0,2,0
IMG_005448,images/IMG_005448.jpg,2023-09-26 14:00:00,4,0,0,0
IMG_005449,images/IMG_005449.png,2023-11-09 16:00:00,5,0,2,0
IMG_005450,images/IMG_005450.png,2023-07-06 13:00:00,1,1,0,1
IMG_005451,images/IMG_005451.png,2023-07-06 14:00:00,1,1,0,1
IMG_005452,images/IMG_005452.png,2023-07-06 15:00:00,1,1,0,1
IMG_005453,images/IMG_005453.jpg,2023-09-26 15:00:00,4,0,0,0
IMG_005454,images/IMG_005454.jpg,2023-11-09 17:00:00,5,0,2,0
IMG_005455,images/IMG_005455.png,2023-07-27 08:00:00,2,2,0,1
IMG_005456,images/IMG_005456.png,2023-07-06 16:00:00,1,1,0,1
IMG_005457,images/IMG_005457.jpg,2023-08-27 19:00:00,3,2,0,1
IMG_005458,images/IMG_005458.png,2023-07-27 09:00:00,2,2,0,1
IMG_005459,images/IMG_005459.jpg,2023-11-09 18:00:00,5,0,2,0
IMG_005460,images/IMG_005460.jpg,2023-06-08 18:00:00,0,0,0,0
IMG_005461,images/IMG_005461.jpg,2023-09-26 16:00:00,4,0,0,0
IMG_005462,images/IMG_005462.jpg,2023-11-09 19:00:00,5,0,2,0
IMG_005463,images/IMG_005463.png,2023-11-09 20:00:00,5,3,3,1
IMG_005464,images/IMG_005464.jpg,2023-08-27 20:00:00,3,2,0,1
IMG_005465,images/IMG_005465.jpg,2023-09-26 17:00:00,4,0,0,0
IMG_005466,images/IMG_005466.jpg,2023-09-26 18:00:00,4,0,0,0
IMG_005467,images/IMG_005467.png,2023-11-09 21:00:00,5,1,1,1
IMG_005468,images/IMG_005468.jpg,2023-09-26 19:00:00,4,0,0,0
IMG_005469,images/IMG_005469.jpg,2023-11-09 22:00:00,5,0,2,0
IMG_005470,images/IMG_005470.png,2023-08-27 21:00:00,3,1,0,1
IMG_005471,images/IMG_005471.jpg,2023-11-09 23:00:00,5,0,2,0
IMG_005472,images/IMG_005472.jpg,2023-09-26 20:00:00,4,0,0,0
IMG_005473,images/IMG_005473.png,2023-07-06 17:00:00,1,0,0,0
IMG_005474,images/IMG_005474.jpg,2023-07-27 10:00:00,2,0,0,0
IMG_005475,images/IMG_005475.jpg,2023-09-26 21:00:00,4,0,0,0
IMG_005476,images/IMG_005476.jpg,2023-11-10 00:00:00,5,0,2,0
IMG_005477,images/IMG_005477.jpg,2023-08-27 22:00:00,3,2,0,1
IMG_005478,images/IMG_005478.png,2023-08-27 23:00:00,3,2,0,1
IMG_005479,images/IMG_005479.png,2023-11-10 01:00:00,5,0,2,0
IMG_005480,images/IMG_005480.jpg,2023-11-10 02:00:00,5,0,2,0
IMG_005481,images/IMG_005481.png,2023-08-28 00:00:00,3,0,0,0
IMG_005482,images/IMG_005482.png,2023-11-10 03:00:00,5,3,3,1
IMG_005483,images/IMG_005483.jpg,2023-11-10 04:00:00,5,0,2,0
IMG_005484,images/IMG_005484.jpg,2023-09-26 22:00:00,4,0,0,0
IMG_005485,images/IMG_005485.jpg,2023-08-28 01:00:00,3,2,0,1
IMG_005486,images/IMG_005486.png,2023-11-10 05:00:00,5,1,1,1
IMG_005487,images/IMG_005487.jpg,2023-11-10 06:00:00,5,0,2,0
IMG_005488,images/IMG_005488.png,2023-11-10 07:00:00,5,1,1,1
IMG_005489,images/IMG_005489.png,2023-08-28 02:00:00,3,1,0,1
IMG_005490,images/IMG_005490.png,2023-07-06 18:00:00,1,1,0,1
IMG_005491,images/IMG_005491.jpg,2023-09-26 23:00:00,4,0,0,0
IMG_005492,images/IMG_005492.png,2023-07-27 11:00:00,2,2,0,1
IMG_005493,images/IMG_005493.jpg,2023-11-10 08:00:00,5,0,2,0
IMG_005494,images/IMG_005494.png,2023-07-27 12:00:00,2,2,0,1
IMG_005495,images/IMG_005495.jpg,2023-11-10 09:00:00,5,0,2,0
IMG_005496,images/IMG_005496.jpg,2023-11-10 10:00:00,5,0,2,0
IMG_005497,images/IMG_005497.png,2023-11-10 11:00:00,5,3,3,1
IMG_005498,images/IMG_005498.jpg,2023-11-10 12:00:00,5,0,2,0
IMG_005499,images/IMG_005499.png,2023-11-10 13:00:00,5,1,1,1
IMG_005500,images/IMG_005500.png,2023-06-08 19:00:00,0,0,0,0
IMG_005501,images/IMG_005501.png,2023-08-28 03:00:00,3,1,0,1
IMG_005502,images/IMG_005502.jpg,2023-07-27 13:00:00,2,2,0,1
IMG_005503,images/IMG_005503.jpg,2023-09-27 00:00:00,4,0,0,0
IMG_005504,images/IMG_005504.png,2023-08-28 04:00:00,3,0,0,0
IMG_005505,images/IMG_005505.png,2023-11-10 14:00:00,5,1,1,1
IMG_005506,images/IMG_005506.jpg,2023-11-10 15:00:00,5,0,2,0
IMG_005507,images/IMG_005507.png,2023-11-10 16:00:00,5,3,3,1
IMG_005508,images/IMG_005508.jpg,2023-09-27 01:00:00,4,0,0,0
IMG_005509,images/IMG_005509.jpg,2023-09-27 02:00:00,4,0,0,0
IMG_005510,images/IMG_005510.jpg,2023-09-27 03:00:00,4,0,0,0
IMG_005511,images/IMG_005511.png,2023-08-28 05:00:00,3,2,0,1
IMG_005512,images/IMG_005512.png,2023-11-10 17:00:00,5,0,2,0
IMG_005513,images/IMG_005513.jpg,2023-11-10 18:00:00,5,0,2,0
IMG_005514,images/IMG_005514.jpg,2023-09-27 04:00:00,4,0,0,0
IMG_005515,images/IMG_005515.jpg,2023-11-10 19:00:00,5,0,2,0
IMG_005516,images/IMG_005516.jpg,2023-09-27 05:00:00,4,0,0,0
IMG_005517,images/IMG_005517.jpg,2023-08-28 06:00:00,3,2,0,1
IMG_005518,images/IMG_005518.jpg,2023-09-27 06:00:00,4,0,0,0
IMG_005519,images/IMG_005519.jpg,2023-08-28 07:00:00,3,2,0,1
IMG_005520,images/IMG_005520.jpg,2023-07-27 14:00:00,2,2,0,1
IMG_005521,images/IMG_005521.jpg,2023-09-27 07:00:00,4,0,0,0
IMG_005522,images/IMG_005522.jpg,2023-11-10 20:00:00,5,0,2,0
IMG_005523,images/IMG_005523.jpg,2023-11-10 21:00:00,5,0,2,0
IMG_005524,images/IMG_005524.png,2023-08-28 08:00:00,3,0,0,0
IMG_005525,images/IMG_005525.png,2023-07-06 19:00:00,1,0,0,0
IMG_005526,images/IMG_005526.png,2023-11-10 22:00:00,5,0,2,0
IMG_005527,images/IMG_005527.jpg,2023-09-27 08:00:00,4,0,0,0
IMG_005528,images/IMG_005528.png,2023-08-28 09:00:00,3,0,0,0
IMG_005529,images/IMG_005529.jpg,2023-07-27 15:00:00,2,2,0,1
IMG_005530,images/IMG_005530.jpg,2023-09-27 09:00:00,4,0,0,0
IMG_005531,images/IMG_005531.png,2023-11-10 23:00:00,5,3,3,1
IMG_005532,images/IMG_005532.png,2023-11-11 00:00:00,5,3,3,1
IMG_005533,images/IMG_005533.jpg,2023-11-11 01:00:00,5,0,2,0
IMG_005534,images/IMG_005534.jpg,2023-09-27 10:00:00,4,0,0,0
IMG_005535,images/IMG_005535.jpg,2023-11-11 02:00:00,5,0,2,0
IMG_005536,images/IMG_005536.jpg,2023-07-27 16:00:00,2,2,0,1
IMG_005537,images/IMG_005537.jpg,2023-07-27 17:00:00,2,2,0,1
IMG_005538,images/IMG_005538.jpg,2023-11-11 03:00:00,5,0,2,0
IMG_005539,images/IMG_005539.jpg,2023-11-11 04:00:00,5,0,2,0
IMG_005540,images/IMG_005540.png,2023-11-11 05:00:00,5,0,2,0
IMG_005541,images/IMG_005541.jpg,2023-11-11 06:00:00,5,0,2,0
IMG_005542,images/IMG_005542.jpg,2023-11-11 07:00:00,5,0,2,0
IMG_005543,images/IMG_005543.jpg,2023-09-27 11:00:00,4,0,0,0
IMG_005544,images/IMG_005544.png,2023-07-06 20:00:00,1,1,0,1
IMG_005545,images/IMG_005545.png,2023-11-11 08:00:00,5,0,2,0
IMG_005546,images/IMG_005546.png,2023-08-28 10:00:00,3,0,0,0
IMG_005547,images/IMG_005547.png,2023-07-27 18:00:00,2,0,0,0
IMG_005548,images/IMG_005548.jpg,2023-11-11 09:00:00,5,0,2,0
IMG_005549,images/IMG_005549.png,2023-07-06 21:00:00,1,0,0,0
IMG_005550,images/IMG_005550.png,2023-11-11 10:00:00,5,1,1,1
IMG_005551,images/IMG_005551.png,2023-11-11 11:00:00,5,0,2,0
IMG_005552,images/IMG_005552.jpg,2023-09-27 12:00:00,4,0,0,0
IMG_005553,images/IMG_005553.png,2023-11-11 12:00:00,5,3,3,1
IMG_005554,images/IMG_005554.png,2023-07-06 22:00:00,1,0,0,0
IMG_005555,images/IMG_005555.png,2023-11-11 13:00:00,5,1,1,1
IMG_005556,images/IMG_005556.png,2023-08-28 11:00:00,3,2,0,1
IMG_005557,images/IMG_005557.png,2023-07-27 19:00:00,2,2,0,1
IMG_005558,images/IMG_005558.jpg,2023-08-28 12:00:00,3,2,0,1
IMG_005559,images/IMG_005559.jpg,2023-11-11 14:00:00,5,0,2,0
IMG_005560,images/IMG_005560.jpg,2023-08-28 13:00:00,3,2,0,1
IMG_005561,images/IMG_005561.png,2023-07-06 23:00:00,1,1,0,1
IMG_005562,images/IMG_005562.jpg,2023-11-11 15:00:00,5,0,2,0
IMG_005563,images/IMG_005563.png,2023-11-11 16:00:00,5,1,1,1
IMG_005564,images/IMG_005564.jpg,2023-07-27 20:00:00,2,2,0,1
IMG_005565,images/IMG_005565.jpg,2023-09-27 13:00:00,4,0,0,0
IMG_005566,images/IMG_005566.jpg,2023-09-27 14:00:00,4,0,0,0
IMG_005567,images/IMG_005567.jpg,2023-08-28 14:00:00,3,2,0,1
IMG_005568,images/IMG_005568.png,2023-07-27 21:00:00,2,2,0,1
IMG_005569,images/IMG_005569.jpg,2023-11-11 17:00:00,5,0,2,0
IMG_005570,images/IMG_005570.jpg,2023-08-28 15:00:00,3,2,0,1
IMG_005571,images/IMG_005571.jpg,2023-11-11 18:00:00,5,0,2,0
IMG_005572,images/IMG_005572.png,2023-11-11 19:00:00,5,1,1,1
IMG_005573,images/IMG_005573.jpg,2023-07-27 22:00:00,2,2,0,1
IMG_005574,images/IMG_005574.jpg,2023-07-27 23:00:00,2,2,0,1
IMG_005575,images/IMG_005575.jpg,2023-07-07 00:00:00,1,0,0,0
IMG_005576,images/IMG_005576.png,2023-11-11 20:00:00,5,0,2,0
IMG_005577,images/IMG_005577.png,2023-07-28 00:00:00,2,2,0,1
IMG_005578,images/IMG_005578.jpg,2023-07-28 01:00:00,2,2,0,1
IMG_005579,images/IMG_005579.png,2023-06-08 20:00:00,0,0,0,0
IMG_005580,images/IMG_005580.jpg,2023-09-27 15:00:00,4,0,0,0
IMG_005581,images/IMG_005581.jpg,2023-09-27 16:00:00,4,0,0,0
IMG_005582,images/IMG_005582.jpg,2023-07-28 02:00:00,2,2,0,1
IMG_005583,images/IMG_005583.png,2023-07-28 03:00:00,2,2,0,1
IMG_005584,images/IMG_005584.png,2023-11-11 21:00:00,5,3,3,1
IMG_005585,images/IMG_005585.jpg,2023-09-27 17:00:00,4,0,0,0
IMG_005586,images/IMG_005586.jpg,2023-08-28 16:00:00,3,2,0,1
IMG_005587,images/IMG_005587.jpg,2023-06-08 21:00:00,0,0,0,0
IMG_005588,images/IMG_005588.jpg,2023-07-28 04:00:00,2,2,0,1
IMG_005589,images/IMG_005589.jpg,2023-09-27 18:00:00,4,0,0,0
IMG_005590,images/IMG_005590.jpg,2023-09-27 19:00:00,4,0,0,0
IMG_005591,images/IMG_005591.png,2023-07-28 05:00:00,2,2,0,1
IMG_005592,images/IMG_005592.jpg,2023-09-27 20:00:00,4,0,0,0
IMG_005593,images/IMG_005593.jpg,2023-07-07 01:00:00,1,0,0,0
IMG_005594,images/IMG_005594.png,2023-07-07 02:00:00,1,1,0,1
IMG_005595,images/IMG_005595.jpg,2023-09-27 21:00:00,4,0,0,0
IMG_005596,images/IMG_005596.jpg,2023-09-27 22:00:00,4,0,0,0
IMG_005597,images/IMG_005597.png,2023-07-07 03:00:00,1,1,0,1
IMG_005598,images/IMG_005598.jpg,2023-09-27 23:00:00,4,0,0,0
IMG_005599,images/IMG_005599.jpg,2023-08-28 17:00:00,3,2,0,1
IMG_005600,images/IMG_005600.png,2023-11-11 22:00:00,5,0,2,0
IMG_005601,images/IMG_005601.jpg,2023-11-11 23:00:00,5,0,2,0
IMG_005602,images/IMG_005602.jpg,2023-11-12 00:00:00,5,0,2,0
IMG_005603,images/IMG_005603.jpg,2023-11-12 01:00:00,5,0,2,0
IMG_005604,images/IMG_005604.png,2023-11-12 02:00:00,5,0,2,0
IMG_005605,images/IMG_005605.jpg,2023-11-12 03:00:00,5,0,2,0
IMG_005606,images/IMG_005606.png,2023-11-12 04:00:00,5,3,3,1
IMG_005607,images/IMG_005607.png,2023-08-28 18:00:00,3,2,0,1
IMG_005608,images/IMG_005608.png,2023-06-08 22:00:00,0,0,0,0
IMG_005609,images/IMG_005609.jpg,2023-11-12 05:00:00,5,0,2,0
IMG_005610,images/IMG_005610.jpg,2023-09-28 00:00:00,4,0,0,0
IMG_005611,images/IMG_005611.png,2023-11-12 06:00:00,5,3,3,1
IMG_005612,images/IMG_005612.jpg,2023-07-28 06:00:00,2,2,0,1
IMG_005613,images/IMG_005613.png,2023-11-12 07:00:00,5,0,2,0
IMG_005614,images/IMG_005614.jpg,2023-08-28 19:00:00,3,2,0,1
IMG_005615,images/IMG_005615.jpg,2023-09-28 01:00:00,4,0,0,0
IMG_005616,images/IMG_005616.png,2023-07-07 04:00:00,1,1,0,1
IMG_005617,images/IMG_005617.png,2023-11-12 08:00:00,5,3,3,1
IMG_005618,images/IMG_005618.png,2023-07-28 07:00:00,2,2,0,1
IMG_005619,images/IMG_005619.png,2023-11-12 09:00:00,5,3,3,1
IMG_005620,images/IMG_005620.png,2023-08-28 20:00:00,3,2,0,1
IMG_005621,images/IMG_005621.jpg,2023-09-28 02:00:00,4,0,0,0
IMG_005622,images/IMG_005622.jpg,2023-11-12 10:00:00,5,0,2,0
IMG_005623,images/IMG_005623.png,2023-11-12 11:00:00,5,3,3,1
IMG_005624,images/IMG_005624.png,2023-11-12 12:00:00,5,1,1,1
IMG_005625,images/IMG_005625.jpg,2023-11-12 13:00:00,5,0,2,0
IMG_005626,images/IMG_005626.png,2023-11-12 14:00:00,5,3,3,1
IMG_005627,images/IMG_005627.jpg,2023-09-28 03:00:00,4,0,0,0
IMG_005628,images/IMG_005628.jpg,2023-11-12 15:00:00,5,0,2,0
IMG_005629,images/IMG_005629.jpg,2023-08-28 21:00:00,3,2,0,1
IMG_005630,images/IMG_005630.png,2023-11-12 16:00:00,5,3,3,1
IMG_005631,images/IMG_005631.png,2023-11-12 17:00:00,5,1,1,1
IMG_005632,images/IMG_005632.png,2023-11-12 18:00:00,5,0,2,0
IMG_005633,images/IMG_005633.png,2023-11-12 19:00:00,5,1,1,1
IMG_005634,images/IMG_005634.png,2023-07-28 08:00:00,2,0,0,0
IMG_005635,images/IMG_005635.png,2023-07-28 09:00:00,2,0,0,0
IMG_005636,images/IMG_005636.jpg,2023-09-28 04:00:00,4,0,0,0
IMG_005637,images/IMG_005637.png,2023-11-12 20:00:00,5,0,2,0
IMG_005638,images/IMG_005638.png,2023-06-08 23:00:00,0,0,0,0
IMG_005639,images/IMG_005639.jpg,2023-08-28 22:00:00,3,2,0,1
IMG_005640,images/IMG_005640.jpg,2023-11-12 21:00:00,5,0,2,0
IMG_005641,images/IMG_005641.jpg,2023-09-28 05:00:00,4,0,0,0
IMG_005642,images/IMG_005642.jpg,2023-09-28 06:00:00,4,0,0,0
IMG_005643,images/IMG_005643.png,2023-07-28 10:00:00,2,2,0,1
IMG_005644,images/IMG_005644.png,2023-07-28 11:00:00,2,1,0,1
IMG_005645,images/IMG_005645.jpg,2023-09-28 07:00:00,4,0,0,0
IMG_005646,images/IMG_005646.png,2023-11-12 22:00:00,5,1,1,1
IMG_005647,images/IMG_005647.png,2023-08-28 23:00:00,3,0,0,0
IMG_005648,images/IMG_005648.png,2023-07-28 12:00:00,2,2,0,1
IMG_005649,images/IMG_005649.jpg,2023-08-29 00:00:00,3,2,0,1
IMG_005650,images/IMG_005650.jpg,2023-08-29 01:00:00,3,2,0,1
IMG_005651,images/IMG_005651.jpg,2023-09-28 08:00:00,4,0,0,0
IMG_005652,images/IMG_005652.png,2023-06-09 00:00:00,0,0,0,0
IMG_005653,images/IMG_005653.jpg,2023-11-12 23:00:00,5,0,2,0
IMG_005654,images/IMG_005654.png,2023-11-13 00:00:00,5,3,3,1
IMG_005655,images/IMG_005655.jpg,2023-09-28 09:00:00,4,0,0,0
IMG_005656,images/IMG_005656.jpg,2023-09-28 10:00:00,4,0,0,0
IMG_005657,images/IMG_005657.jpg,2023-08-29 02:00:00,3,2,0,1
IMG_005658,images/IMG_005658.png,2023-08-29 03:00:00,3,2,0,1
IMG_005659,images/IMG_005659.jpg,2023-11-13 01:00:00,5,0,2,0
IMG_005660,images/IMG_005660.jpg,2023-11-13 02:00:00,5,0,2,0
IMG_005661,images/IMG_005661.jpg,2023-11-13 03:00:00,5,0,2,0
IMG_005662,images/IMG_005662.png,2023-07-07 05:00:00,1,0,0,0
IMG_005663,images/IMG_005663.png,2023-11-13 04:00:00,5,0,2,0
IMG_005664,images/IMG_005664.jpg,2023-11-13 05:00:00,5,0,2,0
IMG_005665,images/IMG_005665.jpg,2023-11-13 06:00:00,5,0,2,0
IMG_005666,images/IMG_005666.png,2023-11-13 07:00:00,5,1,1,1
IMG_005667,images/IMG_005667.jpg,2023-09-28 11:00:00,4,0,0,0
IMG_005668,images/IMG_005668.jpg,2023-09-28 12:00:00,4,0,0,0
IMG_005669,images/IMG_005669.png,2023-07-28 13:00:00,2,2,0,1
IMG_005670,images/IMG_005670.jpg,2023-09-28 13:00:00,4,0,0,0
IMG_005671,images/IMG_005671.png,2023-08-29 04:00:00,3,1,0,1
IMG_005672,images/IMG_005672.jpg,2023-07-28 14:00:00,2,2,0,1
IMG_005673,images/IMG_005673.jpg,2023-11-13 08:00:00,5,0,2,0
IMG_005674,images/IMG_005674.png,2023-07-28 15:00:00,2,2,0,1
IMG_005675,images/IMG_005675.png,2023-07-28 16:00:00,2,0,0,0
IMG_005676,images/IMG_005676.png,2023-08-29 05:00:00,3,2,0,1
IMG_005677,images/IMG_005677.jpg,2023-08-29 06:00:00,3,0,0,0
IMG_005678,images/IMG_005678.jpg,2023-11-13 09:00:00,5,0,2,0
IMG_005679,images/IMG_005679.png,2023-11-13 10:00:00,5,0,2,0
IMG_005680,images/IMG_005680.png,2023-08-29 07:00:00,3,1,0,1
IMG_005681,images/IMG_005681.jpg,2023-07-07 06:00:00,1,0,0,0
IMG_005682,images/IMG_005682.png,2023-11-13 11:00:00,5,1,1,1
IMG_005683,images/IMG_005683.jpg,2023-11-13 12:00:00,5,0,2,0
IMG_005684,images/IMG_005684.jpg,2023-11-13 13:00:00,5,0,2,0
IMG_005685,images/IMG_005685.png,2023-11-13 14:00:00,5,0,2,0
IMG_005686,images/IMG_005686.jpg,2023-07-28 17:00:00,2,2,0,1
IMG_005687,images/IMG_005687.jpg,2023-11-13 15:00:00,5,0,2,0
IMG_005688,images/IMG_005688.png,2023-07-28 18:00:00,2,2,0,1
IMG_005689,images/IMG_005689.jpg,2023-11-13 16:00:00,5,0,2,0
IMG_005690,images/IMG_005690.png,2023-07-28 19:00:00,2,2,0,1
IMG_005691,images/IMG_005691.png,2023-11-13 17:00:00,5,1,1,1
IMG_005692,images/IMG_005692.png,2023-06-09 01:00:00,0,0,0,0
IMG_005693,images/IMG_005693.jpg,2023-09-28 14:00:00,4,0,0,0
IMG_005694,images/IMG_005694.png,2023-11-13 18:00:00,5,3,3,1
IMG_005695,images/IMG_005695.jpg,2023-07-28 20:00:00,2,2,0,1
IMG_005696,images/IMG_005696.jpg,2023-11-13 19:00:00,5,0,2,0
IMG_005697,images/IMG_005697.jpg,2023-11-13 20:00:00,5,0,2,0
IMG_005698,images/IMG_005698.png,2023-06-09 02:00:00,0,0,0,0
IMG_005699,images/IMG_005699.png,2023-11-13 21:00:00,5,0,2,0
IMG_005700,images/IMG_005700.jpg,2023-09-28 15:00:00,4,0,0,0
IMG_005701,images/IMG_005701.jpg,2023-08-29 08:00:00,3,2,0,1
IMG_005702,images/IMG_005702.png,2023-11-13 22:00:00,5,1,1,1
IMG_005703,images/IMG_005703.jpg,2023-09-28 16:00:00,4,0,0,0
IMG_005704,images/IMG_005704.png,2023-11-13 23:00:00,5,0,2,0
IMG_005705,images/IMG_005705.jpg,2023-06-09 03:00:00,0,0,0,0
IMG_005706,images/IMG_005706.jpg,2023-09-28 17:00:00,4,0,0,0
IMG_005707,images/IMG_005707.png,2023-11-14 00:00:00,5,1,1,1
IMG_005708,images/IMG_005708.jpg,2023-11-14 01:00:00,5,0,2,0
IMG_005709,images/IMG_005709.jpg,2023-07-28 21:00:00,2,2,0,1
IMG_005710,images/IMG_005710.jpg,2023-11-14 02:00:00,5,0,2,0
IMG_005711,images/IMG_005711.jpg,2023-11-14 03:00:00,5,0,2,0
IMG_005712,images/IMG_005712.png,2023-11-14 04:00:00,5,0,2,0
IMG_005713,images/IMG_005713.png,2023-11-14 05:00:00,5,1,1,1
IMG_005714,images/IMG_005714.png,2023-08-29 09:00:00,3,1,0,1
IMG_005715,images/IMG_005715.jpg,2023-08-29 10:00:00,3,0,0,0
IMG_005716,images/IMG_005716.png,2023-11-14 06:00:00,5,0,2,0
IMG_005717,images/IMG_005717.png,2023-11-14 07:00:00,5,3,3,1
IMG_005718,images/IMG_005718.png,2023-07-07 07:00:00,1,1,0,1
IMG_005719,images/IMG_005719.jpg,2023-09-28 18:00:00,4,0,0,0
IMG_005720,images/IMG_005720.jpg,2023-11-14 08:00:00,5,0,2,0
IMG_005721,images/IMG_005721.png,2023-11-14 09:00:00,5,3,3,1
IMG_005722,images/IMG_005722.png,2023-07-28 22:00:00,2,1,0,1
IMG_005723,images/IMG_005723.png,2023-11-14 10:00:00,5,3,3,1
IMG_005724,images/IMG_005724.jpg,2023-11-14 11:00:00,5,0,2,0
IMG_005725,images/IMG_005725.jpg,2023-09-28 19:00:00,4,0,0,0
IMG_005726,images/IMG_005726.jpg,2023-11-14 12:00:00,5,0,2,0
IMG_005727,images/IMG_005727.jpg,2023-07-28 23:00:00,2,2,0,1
IMG_005728,images/IMG_005728.png,2023-08-29 11:00:00,3,1,0,1
IMG_005729,images/IMG_005729.png,2023-11-14 13:00:00,5,3,3,1
IMG_005730,images/IMG_005730.jpg,2023-11-14 14:00:00,5,0,2,0
IMG_005731,images/IMG_005731.jpg,2023-09-28 20:00:00,4,0,0,0
IMG_005732,images/IMG_005732.jpg,2023-11-14 15:00:00,5,0,2,0
IMG_005733,images/IMG_005733.png,2023-11-14 16:00:00,5,0,2,0
IMG_005734,images/IMG_005734.png,2023-11-14 17:00:00,5,0,2,0
IMG_005735,images/IMG_005735.png,2023-11-14 18:00:00,5,3,3,1
IMG_005736,images/IMG_005736.png,2023-07-29 00:00:00,2,1,0,1
IMG_005737,images/IMG_005737.jpg,2023-07-29 01:00:00,2,0,0,0
IMG_005738,images/IMG_005738.png,2023-11-14 19:00:00,5,3,3,1
IMG_005739,images/IMG_005739.png,2023-07-29 02:00:00,2,2,0,1
IMG_005740,images/IMG_005740.jpg,2023-09-28 21:00:00,4,0,0,0
IMG_005741,images/IMG_005741.jpg,2023-09-28 22:00:00,4,0,0,0
IMG_005742,images/IMG_005742.jpg,2023-11-14 20:00:00,5,0,2,0
IMG_005743,images/IMG_005743.png,2023-07-07 08:00:00,1,0,0,0
IMG_005744,images/IMG_005744.jpg,2023-09-28 23:00:00,4,0,0,0
IMG_005745,images/IMG_005745.jpg,2023-11-14 21:00:00,5,0,2,0
IMG_005746,images/IMG_005746.png,2023-08-29 12:00:00,3,2,0,1
IMG_005747,images/IMG_005747.jpg,2023-09-29 00:00:00,4,0,0,0
IMG_005748,images/IMG_005748.jpg,2023-11-14 22:00:00,5,0,2,0
IMG_005749,images/IMG_005749.png,2023-07-29 03:00:00,2,2,0,1
IMG_005750,images/IMG_005750.png,2023-06-09 04:00:00,0,0,0,0
IMG_005751,images/IMG_005751.jpg,2023-11-14 23:00:00,5,0,2,0
IMG_005752,images/IMG_005752.png,2023-07-29 04:00:00,2,2,0,1
IMG_005753,images/IMG_005753.png,2023-11-15 00:00:00,5,3,3,1
IMG_005754,images/IMG_005754.jpg,2023-09-29 01:00:00,4,0,0,0
IMG_005755,images/IMG_005755.png,2023-07-29 05:00:00,2,2,0,1
IMG_005756,images/IMG_005756.jpg,2023-07-29 06:00:00,2,2,0,1
IMG_005757,images/IMG_005757.png,2023-07-29 07:00:00,2,0,0,0
IMG_005758,images/IMG_005758.png,2023-11-15 01:00:00,5,3,3,1
IMG_005759,images/IMG_005759.jpg,2023-11-15 02:00:00,5,0,2,0
IMG_005760,images/IMG_005760.png,2023-07-07 09:00:00,1,0,0,0
IMG_005761,images/IMG_005761.png,2023-11-15 03:00:00,5,3,3,1
IMG_005762,images/IMG_005762.png,2023-07-29 08:00:00,2,2,0,1
IMG_005763,images/IMG_005763.png,2023-11-15 04:00:00,5,0,2,0
IMG_005764,images/IMG_005764.png,2023-11-15 05:00:00,5,1,1,1
IMG_005765,images/IMG_005765.jpg,2023-07-29 09:00:00,2,2,0,1
IMG_005766,images/IMG_005766.png,2023-11-15 06:00:00,5,0,2,0
IMG_005767,images/IMG_005767.png,2023-11-15 07:00:00,5,0,2,0
IMG_005768,images/IMG_005768.png,2023-11-15 08:00:00,5,3,3,1
IMG_005769,images/IMG_005769.png,2023-08-29 13:00:00,3,2,0,1
IMG_005770,images/IMG_005770.png,2023-08-29 14:00:00,3,2,0,1
IMG_005771,images/IMG_005771.jpg,2023-07-29 10:00:00,2,0,0,0
IMG_005772,images/IMG_005772.png,2023-07-07 10:00:00,1,0,0,0
IMG_005773,images/IMG_005773.png,2023-11-15 09:00:00,5,3,3,1
IMG_005774,images/IMG_005774.jpg,2023-07-07 11:00:00,1,0,0,0
IMG_005775,images/IMG_005775.jpg,2023-11-15 10:00:00,5,0,2,0
IMG_005776,images/IMG_005776.png,2023-07-29 11:00:00,2,2,0,1
IMG_005777,images/IMG_005777.jpg,2023-11-15 11:00:00,5,0,2,0
IMG_005778,images/IMG_005778.png,2023-11-15 12:00:00,5,1,1,1
IMG_005779,images/IMG_005779.jpg,2023-11-15 13:00:00,5,0,2,0
IMG_005780,images/IMG_005780.jpg,2023-11-15 14:00:00,5,0,2,0
IMG_005781,images/IMG_005781.jpg,2023-09-29 02:00:00,4,0,0,0
IMG_005782,images/IMG_005782.png,2023-11-15 15:00:00,5,1,1,1
IMG_005783,images/IMG_005783.png,2023-07-07 12:00:00,1,1,0,1
IMG_005784,images/IMG_005784.png,2023-11-15 16:00:00,5,0,2,0
IMG_005785,images/IMG_005785.jpg,2023-09-29 03:00:00,4,0,0,0
IMG_005786,images/IMG_005786.jpg,2023-11-15 17:00:00,5,0,2,0
IMG_005787,images/IMG_005787.png,2023-11-15 18:00:00,5,1,1,1
IMG_005788,images/IMG_005788.jpg,2023-11-15 19:00:00,5,0,2,0
IMG_005789,images/IMG_005789.png,2023-07-07 13:00:00,1,1,0,1
IMG_005790,images/IMG_005790.jpg,2023-11-15 20:00:00,5,0,2,0
IMG_005791,images/IMG_005791.jpg,2023-09-29 04:00:00,4,0,0,0
IMG_005792,images/IMG_005792.jpg,2023-09-29 05:00:00,4,0,0,0
IMG_005793,images/IMG_005793.png,2023-11-15 21:00:00,5,0,2,0
IMG_005794,images/IMG_005794.png,2023-11-15 22:00:00,5,0,2,0
IMG_005795,images/IMG_005795.png,2023-07-07 14:00:00,1,1,0,1
IMG_005796,images/IMG_005796.png,2023-11-15 23:00:00,5,1,1,1
IMG_005797,images/IMG_005797.png,2023-07-29 12:00:00,2,2,0,1
IMG_005798,images/IMG_005798.jpg,2023-09-29 06:00:00,4,0,0,0
IMG_005799,images/IMG_005799.jpg,2023-11-16 00:00:00,5,0,2,0
IMG_005800,images/IMG_005800.jpg,2023-11-16 01:00:00,5,0,2,0
IMG_005801,images/IMG_005801.jpg,2023-08-29 15:00:00,3,2,0,1
IMG_005802,images/IMG_005802.jpg,2023-11-16 02:00:00,5,0,2,0
IMG_005803,images/IMG_005803.jpg,2023-08-29 16:00:00,3,0,0,0
IMG_005804,images/IMG_005804.jpg,2023-08-29 17:00:00,3,0,0,0
IMG_005805,images/IMG_005805.png,2023-07-29 13:00:00,2,0,0,0
IMG_005806,images/IMG_005806.jpg,2023-07-29 14:00:00,2,2,0,1
IMG_005807,images/IMG_005807.png,2023-11-16 03:00:00,5,0,2,0
IMG_005808,images/IMG_005808.png,2023-11-16 04:00:00,5,0,2,0
IMG_005809,images/IMG_005809.jpg,2023-09-29 07:00:00,4,0,0,0
IMG_005810,images/IMG_005810.jpg,2023-11-16 05:00:00,5,0,2,0
IMG_005811,images/IMG_005811.png,2023-11-16 06:00:00,5,3,3,1
IMG_005812,images/IMG_005812.png,2023-11-16 07:00:00,5,0,2,0
IMG_005813,images/IMG_005813.jpg,2023-11-16 08:00:00,5,0,2,0
IMG_005814,images/IMG_005814.jpg,2023-07-29 15:00:00,2,2,0,1
IMG_005815,images/IMG_005815.png,2023-08-29 18:00:00,3,1,0,1
IMG_005816,images/IMG_005816.png,2023-11-16 09:00:00,5,0,2,0
IMG_005817,images/IMG_005817.jpg,2023-09-29 08:00:00,4,0,0,0
IMG_005818,images/IMG_005818.jpg,2023-11-16 10:00:00,5,0,2,0
IMG_005819,images/IMG_005819.png,2023-11-16 11:00:00,5,1,1,1
IMG_005820,images/IMG_005820.jpg,2023-08-29 19:00:00,3,2,0,1
IMG_005821,images/IMG_005821.png,2023-07-29 16:00:00,2,2,0,1
IMG_005822,images/IMG_005822.png,2023-08-29 20:00:00,3,2,0,1
IMG_005823,images/IMG_005823.png,2023-08-29 21:00:00,3,2,0,1
IMG_005824,images/IMG_005824.jpg,2023-07-29 17:00:00,2,2,0,1
IMG_005825,images/IMG_005825.jpg,2023-11-16 12:00:00,5,0,2,0
IMG_005826,images/IMG_005826.png,2023-11-16 13:00:00,5,3,3,1
IMG_005827,images/IMG_005827.png,2023-07-07 15:00:00,1,1,0,1
IMG_005828,images/IMG_005828.png,2023-11-16 14:00:00,5,1,1,1
IMG_005829,images/IMG_005829.png,2023-07-29 18:00:00,2,2,0,1
IMG_005830,images/IMG_005830.jpg,2023-08-29 22:00:00,3,2,0,1
IMG_005831,images/IMG_005831.jpg,2023-09-29 09:00:00,4,0,0,0
IMG_005832,images/IMG_005832.jpg,2023-11-16 15:00:00,5,0,2,0
IMG_005833,images/IMG_005833.png,2023-11-16 16:00:00,5,1,1,1
IMG_005834,images/IMG_005834.jpg,2023-07-29 19:00:00,2,2,0,1
IMG_005835,images/IMG_005835.png,2023-11-16 17:00:00,5,3,3,1
IMG_005836,images/IMG_005836.png,2023-11-16 18:00:00,5,3,3,1
IMG_005837,images/IMG_005837.png,2023-06-09 05:00:00,0,0,0,0
IMG_005838,images/IMG_005838.png,2023-08-29 23:00:00,3,0,0,0
IMG_005839,images/IMG_005839.jpg,2023-09-29 10:00:00,4,0,0,0
IMG_005840,images/IMG_005840.png,2023-07-07 16:00:00,1,1,0,1
IMG_005841,images/IMG_005841.png,2023-11-16 19:00:00,5,1,1,1
IMG_005842,images/IMG_005842.png,2023-11-16 20:00:00,5,1,1,1
IMG_005843,images/IMG_005843.jpg,2023-11-16 21:00:00,5,0,2,0
IMG_005844,images/IMG_005844.png,2023-08-30 00:00:00,3,2,0,1
IMG_005845,images/IMG_005845.png,2023-07-29 20:00:00,2,1,0,1
IMG_005846,images/IMG_005846.png,2023-07-29 21:00:00,2,0,0,0
IMG_005847,images/IMG_005847.png,2023-07-29 22:00:00,2,1,0,1
IMG_005848,images/IMG_005848.jpg,2023-09-29 11:00:00,4,0,0,0
IMG_005849,images/IMG_005849.png,2023-11-16 22:00:00,5,1,1,1
IMG_005850,images/IMG_005850.jpg,2023-11-16 23:00:00,5,0,2,0
IMG_005851,images/IMG_005851.jpg,2023-09-29 12:00:00,4,0,0,0
IMG_005852,images/IMG_005852.jpg,2023-11-17 00:00:00,5,0,2,0
IMG_005853,images/IMG_005853.jpg,2023-09-29 13:00:00,4,0,0,0
IMG_005854,images/IMG_005854.png,2023-08-30 01:00:00,3,0,0,0
IMG_005855,images/IMG_005855.png,2023-08-30 02:00:00,3,2,0,1
IMG_005856,images/IMG_005856.png,2023-11-17 01:00:00,5,1,1,1
IMG_005857,images/IMG_005857.jpg,2023-11-17 02:00:00,5,0,2,0
IMG_005858,images/IMG_005858.png,2023-08-30 03:00:00,3,2,0,1
IMG_005859,images/IMG_005859.png,2023-08-30 04:00:00,3,2,0,1
IMG_005860,images/IMG_005860.png,2023-11-17 03:00:00,5,0,2,0
IMG_005861,images/IMG_005861.jpg,2023-11-17 04:00:00,5,0,2,0
IMG_005862,images/IMG_005862.png,2023-07-07 17:00:00,1,0,0,0
IMG_005863,images/IMG_005863.png,2023-11-17 05:00:00,5,1,1,1
IMG_005864,images/IMG_005864.png,2023-08-30 05:00:00,3,2,0,1
IMG_005865,images/IMG_005865.jpg,2023-08-30 06:00:00,3,2,0,1
IMG_005866,images/IMG_005866.jpg,2023-09-29 14:00:00,4,0,0,0
IMG_005867,images/IMG_005867.jpg,2023-11-17 06:00:00,5,0,2,0
IMG_005868,images/IMG_005868.png,2023-08-30 07:00:00,3,1,0,1
IMG_005869,images/IMG_005869.jpg,2023-09-29 15:00:00,4,0,0,0
IMG_005870,images/IMG_005870.png,2023-08-30 08:00:00,3,1,0,1
IMG_005871,images/IMG_005871.jpg,2023-08-30 09:00:00,3,2,0,1
IMG_005872,images/IMG_005872.png,2023-11-17 07:00:00,5,3,3,1
IMG_005873,images/IMG_005873.png,2023-08-30 10:00:00,3,2,0,1
IMG_005874,images/IMG_005874.png,2023-07-07 18:00:00,1,0,0,0
IMG_005875,images/IMG_005875.jpg,2023-11-17 08:00:00,5,0,2,0
IMG_005876,images/IMG_005876.png,2023-11-17 09:00:00,5,1,1,1
IMG_005877,images/IMG_005877.png,2023-11-17 10:00:00,5,0,2,0
IMG_005878,images/IMG_005878.jpg,2023-11-17 11:00:00,5,0,2,0
IMG_005879,images/IMG_005879.jpg,2023-11-17 12:00:00,5,0,2,0
IMG_005880,images/IMG_005880.png,2023-07-29 23:00:00,2,2,0,1
IMG_005881,images/IMG_005881.png,2023-06-09 06:00:00,0,0,0,0
IMG_005882,images/IMG_005882.jpg,2023-09-29 16:00:00,4,0,0,0
IMG_005883,images/IMG_005883.jpg,2023-09-29 17:00:00,4,0,0,0
IMG_005884,images/IMG_005884.png,2023-07-07 19:00:00,1,1,0,1
IMG_005885,images/IMG_005885.jpg,2023-09-29 18:00:00,4,0,0,0
IMG_005886,images/IMG_005886.png,2023-08-30 11:00:00,3,1,0,1
IMG_005887,images/IMG_005887.jpg,2023-09-29 19:00:00,4,0,0,0
IMG_005888,images/IMG_005888.jpg,2023-07-30 00:00:00,2,2,0,1
IMG_005889,images/IMG_005889.png,2023-11-17 13:00:00,5,1,1,1
IMG_005890,images/IMG_005890.png,2023-11-17 14:00:00,5,3,3,1
IMG_005891,images/IMG_005891.png,2023-11-17 15:00:00,5,1,1,1
IMG_005892,images/IMG_005892.jpg,2023-09-29 20:00:00,4,0,0,0
IMG_005893,images/IMG_005893.jpg,2023-11-17 16:00:00,5,0,2,0
IMG_005894,images/IMG_005894.jpg,2023-07-30 01:00:00,2,2,0,1
IMG_005895,images/IMG_005895.jpg,2023-11-17 17:00:00,5,0,2,0
IMG_005896,images/IMG_005896.jpg,2023-09-29 21:00:00,4,0,0,0
IMG_005897,images/IMG_005897.jpg,2023-09-29 22:00:00,4,0,0,0
IMG_005898,images/IMG_005898.jpg,2023-09-29 23:00:00,4,0,0,0
IMG_005899,images/IMG_005899.jpg,2023-09-30 00:00:00,4,0,0,0
IMG_005900,images/IMG_005900.jpg,2023-09-30 01:00:00,4,0,0,0
IMG_005901,images/IMG_005901.png,2023-07-30 02:00:00,2,0,0,0
IMG_005902,images/IMG_005902.jpg,2023-11-17 18:00:00,5,0,2,0
IMG_005903,images/IMG_005903.png,2023-11-17 19:00:00,5,3,3,1
IMG_005904,images/IMG_005904.png,2023-08-30 12:00:00,3,2,0,1
IMG_005905,images/IMG_005905.png,2023-07-07 20:00:00,1,1,0,1
IMG_005906,images/IMG_005906.jpg,2023-08-30 13:00:00,3,2,0,1
IMG_005907,images/IMG_005907.png,2023-11-17 20:00:00,5,3,3,1
IMG_005908,images/IMG_005908.png,2023-07-30 03:00:00,2,0,0,0
IMG_005909,images/IMG_005909.jpg,2023-11-17 21:00:00,5,0,2,0
IMG_005910,images/IMG_005910.png,2023-08-30 14:00:00,3,2,0,1
IMG_005911,images/IMG_005911.jpg,2023-09-30 02:00:00,4,0,0,0
IMG_005912,images/IMG_005912.png,2023-07-30 04:00:00,2,0,0,0
IMG_005913,images/IMG_005913.png,2023-07-30 05:00:00,2,2,0,1
IMG_005914,images/IMG_005914.png,2023-07-30 06:00:00,2,0,0,0
IMG_005915,images/IMG_005915.png,2023-08-30 15:00:00,3,1,0,1
IMG_005916,images/IMG_005916.png,2023-08-30 16:00:00,3,2,0,1
IMG_005917,images/IMG_005917.png,2023-07-07 21:00:00,1,0,0,0
IMG_005918,images/IMG_005918.jpg,2023-07-30 07:00:00,2,2,0,1
IMG_005919,images/IMG_005919.jpg,2023-08-30 17:00:00,3,0,0,0
IMG_005920,images/IMG_005920.jpg,2023-07-30 08:00:00,2,2,0,1
IMG_005921,images/IMG_005921.jpg,2023-07-30 09:00:00,2,2,0,1
IMG_005922,images/IMG_005922.jpg,2023-09-30 03:00:00,4,0,0,0
IMG_005923,images/IMG_005923.png,2023-11-17 22:00:00,5,0,2,0
IMG_005924,images/IMG_005924.jpg,2023-07-30 10:00:00,2,2,0,1
IMG_005925,images/IMG_005925.jpg,2023-11-17 23:00:00,5,0,2,0
IMG_005926,images/IMG_005926.jpg,2023-11-18 00:00:00,5,0,2,0
IMG_005927,images/IMG_005927.png,2023-07-30 11:00:00,2,2,0,1
IMG_005928,images/IMG_005928.jpg,2023-08-30 18:00:00,3,2,0,1
IMG_005929,images/IMG_005929.jpg,2023-09-30 04:00:00,4,0,0,0
IMG_005930,images/IMG_005930.jpg,2023-09-30 05:00:00,4,0,0,0
IMG_005931,images/IMG_005931.png,2023-07-07 22:00:00,1,1,0,1
IMG_005932,images/IMG_005932.jpg,2023-09-30 06:00:00,4,0,0,0
IMG_005933,images/IMG_005933.png,2023-11-18 01:00:00,5,3,3,1
IMG_005934,images/IMG_005934.jpg,2023-07-30 12:00:00,2,2,0,1
IMG_005935,images/IMG_005935.png,2023-11-18 02:00:00,5,3,3,1
IMG_005936,images/IMG_005936.jpg,2023-09-30 07:00:00,4,0,0,0
IMG_005937,images/IMG_005937.png,2023-11-18 03:00:00,5,3,3,1
IMG_005938,images/IMG_005938.jpg,2023-07-30 13:00:00,2,2,0,1
IMG_005939,images/IMG_005939.png,2023-11-18 04:00:00,5,1,1,1
IMG_005940,images/IMG_005940.jpg,2023-11-18 05:00:00,5,0,2,0
IMG_005941,images/IMG_005941.png,2023-11-18 06:00:00,5,3,3,1
IMG_005942,images/IMG_005942.png,2023-11-18 07:00:00,5,0,2,0
IMG_005943,images/IMG_005943.png,2023-07-07 23:00:00,1,0,0,0
IMG_005944,images/IMG_005944.jpg,2023-11-18 08:00:00,5,0,2,0
IMG_005945,images/IMG_005945.png,2023-07-08 00:00:00,1,0,0,0
IMG_005946,images/IMG_005946.png,2023-11-18 09:00:00,5,1,1,1
IMG_005947,images/IMG_005947.png,2023-11-18 10:00:00,5,1,1,1
IMG_005948,images/IMG_005948.jpg,2023-09-30 08:00:00,4,0,0,0
IMG_005949,images/IMG_005949.jpg,2023-07-30 14:00:00,2,2,0,1
IMG_005950,images/IMG_005950.png,2023-07-30 15:00:00,2,0,0,0
IMG_005951,images/IMG_005951.jpg,2023-07-30 16:00:00,2,2,0,1
IMG_005952,images/IMG_005952.png,2023-11-18 11:00:00,5,1,1,1
IMG_005953,images/IMG_005953.png,2023-11-18 12:00:00,5,3,3,1
IMG_005954,images/IMG_005954.png,2023-11-18 13:00:00,5,3,3,1
IMG_005955,images/IMG_005955.png,2023-08-30 19:00:00,3,2,0,1
IMG_005956,images/IMG_005956.jpg,2023-11-18 14:00:00,5,0,2,0
IMG_005957,images/IMG_005957.png,2023-11-18 15:00:00,5,1,1,1
IMG_005958,images/IMG_005958.jpg,2023-11-18 16:00:00,5,0,2,0
IMG_005959,images/IMG_005959.jpg,2023-09-30 09:00:00,4,0,0,0
IMG_005960,images/IMG_005960.jpg,2023-11-18 17:00:00,5,0,2,0
IMG_005961,images/IMG_005961.png,2023-11-18 18:00:00,5,1,1,1
IMG_005962,images/IMG_005962.png,2023-06-09 07:00:00,0,0,0,0
IMG_005963,images/IMG_005963.jpg,2023-08-30 20:00:00,3,0,0,0
IMG_005964,images/IMG_005964.png,2023-11-18 19:00:00,5,3,3,1
IMG_005965,images/IMG_005965.jpg,2023-09-30 10:00:00,4,0,0,0
IMG_005966,images/IMG_005966.jpg,2023-09-30 11:00:00,4,0,0,0
IMG_005967,images/IMG_005967.jpg,2023-09-30 12:00:00,4,0,0,0
IMG_005968,images/IMG_005968.jpg,2023-09-30 13:00:00,4,0,0,0
IMG_005969,images/IMG_005969.jpg,2023-11-18 20:00:00,5,0,2,0
IMG_005970,images/IMG_005970.jpg,2023-09-30 14:00:00,4,0,0,0
IMG_005971,images/IMG_005971.png,2023-11-18 21:00:00,5,3,3,1
IMG_005972,images/IMG_005972.jpg,2023-09-30 15:00:00,4,0,0,0
IMG_005973,images/IMG_005973.png,2023-07-30 17:00:00,2,1,0,1
IMG_005974,images/IMG_005974.png,2023-07-08 01:00:00,1,1,0,1
IMG_005975,images/IMG_005975.jpg,2023-11-18 22:00:00,5,0,2,0
IMG_005976,images/IMG_005976.png,2023-08-30 21:00:00,3,2,0,1
IMG_005977,images/IMG_005977.png,2023-11-18 23:00:00,5,0,2,0
IMG_005978,images/IMG_005978.jpg,2023-09-30 16:00:00,4,0,0,0
IMG_005979,images/IMG_005979.jpg,2023-08-30 22:00:00,3,2,0,1
IMG_005980,images/IMG_005980.jpg,2023-09-30 17:00:00,4,0,0,0
IMG_005981,images/IMG_005981.png,2023-07-30 18:00:00,2,1,0,1
IMG_005982,images/IMG_005982.jpg,2023-09-30 18:00:00,4,0,0,0
IMG_005983,images/IMG_005983.jpg,2023-09-30 19:00:00,4,0,0,0
IMG_005984,images/IMG_005984.png,2023-11-19 00:00:00,5,3,3,1
IMG_005985,images/IMG_005985.jpg,2023-11-19 01:00:00,5,0,2,0
IMG_005986,images/IMG_005986.png,2023-08-30 23:00:00,3,1,0,1
IMG_005987,images/IMG_005987.png,2023-08-31 00:00:00,3,2,0,1
IMG_005988,images/IMG_005988.png,2023-11-19 02:00:00,5,0,2,0
IMG_005989,images/IMG_005989.jpg,2023-11-19 03:00:00,5,0,2,0
IMG_005990,images/IMG_005990.png,2023-07-30 19:00:00,2,0,0,0
IMG_005991,images/IMG_005991.jpg,2023-07-08 02:00:00,1,0,0,0
IMG_005992,images/IMG_005992.jpg,2023-09-30 20:00:00,4,0,0,0
IMG_005993,images/IMG_005993.jpg,2023-09-30 21:00:00,4,0,0,0
IMG_005994,images/IMG_005994.jpg,2023-11-19 04:00:00,5,0,2,0
IMG_005995,images/IMG_005995.png,2023-11-19 05:00:00,5,1,1,1
IMG_005996,images/IMG_005996.jpg,2023-11-19 06:00:00,5,0,2,0
IMG_005997,images/IMG_005997.jpg,2023-09-30 22:00:00,4,0,0,0
IMG_005998,images/IMG_005998.jpg,2023-07-30 20:00:00,2,2,0,1
IMG_005999,images/IMG_005999.jpg,2023-11-19 07:00:00,5,0,2,0
IMG_006000,images/IMG_006000.png,2023-11-19 08:00:00,5,3,3,1
IMG_006001,images/IMG_006001.png,2023-08-31 01:00:00,3,0,0,0
IMG_006002,images/IMG_006002.png,2023-11-19 09:00:00,5,1,1,1
IMG_006003,images/IMG_006003.png,2023-07-08 03:00:00,1,1,0,1
IMG_006004,images/IMG_006004.jpg,2023-11-19 10:00:00,5,0,2,0
IMG_006005,images/IMG_006005.png,2023-07-30 21:00:00,2,2,0,1
IMG_006006,images/IMG_006006.jpg,2023-11-19 11:00:00,5,0,2,0
IMG_006007,images/IMG_006007.jpg,2023-09-30 23:00:00,4,0,0,0
IMG_006008,images/IMG_006008.png,2023-08-31 02:00:00,3,2,0,1
IMG_006009,images/IMG_006009.jpg,2023-11-19 12:00:00,5,0,2,0
IMG_006010,images/IMG_006010.png,2023-07-08 04:00:00,1,1,0,1
IMG_006011,images/IMG_006011.png,2023-11-19 13:00:00,5,1,1,1
IMG_006012,images/IMG_006012.png,2023-11-19 14:00:00,5,3,3,1
IMG_006013,images/IMG_006013.jpg,2023-08-31 03:00:00,3,2,0,1
IMG_006014,images/IMG_006014.jpg,2023-10-01 00:00:00,4,0,0,0
IMG_006015,images/IMG_006015.png,2023-11-19 15:00:00,5,1,1,1
IMG_006016,images/IMG_006016.png,2023-11-19 16:00:00,5,1,1,1
IMG_006017,images/IMG_006017.png,2023-08-31 04:00:00,3,2,0,1
IMG_006018,images/IMG_006018.jpg,2023-07-08 05:00:00,1,0,0,0
IMG_006019,images/IMG_006019.png,2023-11-19 17:00:00,5,3,3,1
IMG_006020,images/IMG_006020.jpg,2023-10-01 01:00:00,4,0,0,0
IMG_006021,images/IMG_006021.jpg,2023-11-19 18:00:00,5,0,2,0
IMG_006022,images/IMG_006022.jpg,2023-11-19 19:00:00,5,0,2,0
IMG_006023,images/IMG_006023.jpg,2023-08-31 05:00:00,3,2,0,1
IMG_006024,images/IMG_006024.png,2023-07-30 22:00:00,2,2,0,1
IMG_006025,images/IMG_006025.jpg,2023-10-01 02:00:00,4,0,0,0
IMG_006026,images/IMG_006026.png,2023-11-19 20:00:00,5,0,2,0
IMG_006027,images/IMG_006027.png,2023-07-08 06:00:00,1,1,0,1
IMG_006028,images/IMG_006028.jpg,2023-08-31 06:00:00,3,2,0,1
IMG_006029,images/IMG_006029.jpg,2023-11-19 21:00:00,5,0,2,0
IMG_006030,images/IMG_006030.jpg,2023-07-30 23:00:00,2,2,0,1
IMG_006031,images/IMG_006031.png,2023-08-31 07:00:00,3,2,0,1
IMG_006032,images/IMG_006032.jpg,2023-08-31 08:00:00,3,2,0,1
IMG_006033,images/IMG_006033.png,2023-08-31 09:00:00,3,1,0,1
IMG_006034,images/IMG_006034.png,2023-11-19 22:00:00,5,3,3,1
IMG_006035,images/IMG_006035.jpg,2023-10-01 03:00:00,4,0,0,0
IMG_006036,images/IMG_006036.png,2023-11-19 23:00:00,5,0,2,0
IMG_006037,images/IMG_006037.jpg,2023-11-20 00:00:00,5,0,2,0
IMG_006038,images/IMG_006038.png,2023-11-20 01:00:00,5,1,1,1
IMG_006039,images/IMG_006039.png,2023-11-20 02:00:00,5,3,3,1
IMG_006040,images/IMG_006040.jpg,2023-10-01 04:00:00,4,0,0,0
IMG_006041,images/IMG_006041.jpg,2023-07-31 00:00:00,2,2,0,1
IMG_006042,images/IMG_006042.jpg,2023-08-31 10:00:00,3,2,0,1
IMG_006043,images/IMG_006043.jpg,2023-07-31 01:00:00,2,0,0,0
IMG_006044,images/IMG_006044.png,2023-08-31 11:00:00,3,0,0,0
IMG_006045,images/IMG_006045.jpg,2023-10-01 05:00:00,4,0,0,0
IMG_006046,images/IMG_006046.png,2023-07-31 02:00:00,2,0,0,0
IMG_006047,images/IMG_006047.png,2023-08-31 12:00:00,3,2,0,1
IMG_006048,images/IMG_006048.jpg,2023-10-01 06:00:00,4,0,0,0
IMG_006049,images/IMG_006049.png,2023-11-20 03:00:00,5,0,2,0
IMG_006050,images/IMG_006050.png,2023-08-31 13:00:00,3,2,0,1
IMG_006051,images/IMG_006051.png,2023-07-08 07:00:00,1,0,0,0
IMG_006052,images/IMG_006052.jpg,2023-10-01 07:00:00,4,0,0,0
IMG_006053,images/IMG_006053.png,2023-11-20 04:00:00,5,0,2,0
IMG_006054,images/IMG_006054.jpg,2023-08-31 14:00:00,3,2,0,1
IMG_006055,images/IMG_006055.png,2023-11-20 05:00:00,5,3,3,1
IMG_006056,images/IMG_006056.png,2023-08-31 15:00:00,3,2,0,1
IMG_006057,images/IMG_006057.jpg,2023-10-01 08:00:00,4,0,0,0
IMG_006058,images/IMG_006058.png,2023-07-31 03:00:00,2,0,0,0
IMG_006059,images/IMG_006059.png,2023-08-31 16:00:00,3,0,0,0
IMG_006060,images/IMG_006060.png,2023-11-20 06:00:00,5,1,1,1
IMG_006061,images/IMG_006061.jpg,2023-11-20 07:00:00,5,0,2,0
IMG_006062,images/IMG_006062.png,2023-07-31 04:00:00,2,0,0,0
IMG_006063,images/IMG_006063.png,2023-08-31 17:00:00,3,2,0,1
IMG_006064,images/IMG_006064.png,2023-07-31 05:00:00,2,2,0,1
IMG_006065,images/IMG_006065.png,2023-07-31 06:00:00,2,0,0,0
IMG_006066,images/IMG_006066.jpg,2023-11-20 08:00:00,5,0,2,0
IMG_006067,images/IMG_006067.png,2023-08-31 18:00:00,3,2,0,1
IMG_006068,images/IMG_006068.jpg,2023-10-01 09:00:00,4,0,0,0
IMG_006069,images/IMG_006069.jpg,2023-07-31 07:00:00,2,2,0,1
IMG_006070,images/IMG_006070.png,2023-08-31 19:00:00,3,2,0,1
IMG_006071,images/IMG_006071.png,2023-07-31 08:00:00,2,1,0,1
IMG_006072,images/IMG_006072.png,2023-11-20 09:00:00,5,1,1,1
IMG_006073,images/IMG_006073.jpg,2023-10-01 10:00:00,4,0,0,0
IMG_006074,images/IMG_006074.png,2023-07-08 08:00:00,1,0,0,0
IMG_006075,images/IMG_006075.jpg,2023-11-20 10:00:00,5,0,2,0
IMG_006076,images/IMG_006076.png,2023-11-20 11:00:00,5,0,2,0
IMG_006077,images/IMG_006077.png,2023-11-20 12:00:00,5,1,1,1
IMG_006078,images/IMG_006078.jpg,2023-10-01 11:00:00,4,0,0,0
IMG_006079,images/IMG_006079.jpg,2023-10-01 12:00:00,4,0,0,0
IMG_006080,images/IMG_006080.png,2023-11-20 13:00:00,5,1,1,1
IMG_006081,images/IMG_006081.jpg,2023-10-01 13:00:00,4,0,0,0
IMG_006082,images/IMG_006082.jpg,2023-11-20 14:00:00,5,0,2,0
IMG_006083,images/IMG_006083.png,2023-11-20 15:00:00,5,0,2,0
IMG_006084,images/IMG_006084.jpg,2023-10-01 14:00:00,4,0,0,0
IMG_006085,images/IMG_006085.jpg,2023-11-20 16:00:00,5,0,2,0
IMG_006086,images/IMG_006086.png,2023-06-09 08:00:00,0,0,0,0
IMG_006087,images/IMG_006087.png,2023-11-20 17:00:00,5,3,3,1
IMG_006088,images/IMG_006088.jpg,2023-07-31 09:00:00,2,2,0,1
IMG_006089,images/IMG_006089.jpg,2023-08-31 20:00:00,3,2,0,1
IMG_006090,images/IMG_006090.png,2023-07-31 10:00:00,2,1,0,1
IMG_006091,images/IMG_006091.jpg,2023-06-09 09:00:00,0,0,0,0
IMG_006092,images/IMG_006092.jpg,2023-10-01 15:00:00,4,0,0,0
IMG_006093,images/IMG_006093.png,2023-11-20 18:00:00,5,1,1,1
IMG_006094,images/IMG_006094.jpg,2023-07-31 11:00:00,2,2,0,1
IMG_006095,images/IMG_006095.png,2023-08-31 21:00:00,3,0,0,0
IMG_006096,images/IMG_006096.png,2023-08-31 22:00:00,3,2,0,1
IMG_006097,images/IMG_006097.png,2023-11-20 19:00:00,5,1,1,1
IMG_006098,images/IMG_006098.jpg,2023-10-01 16:00:00,4,0,0,0
IMG_006099,images/IMG_006099.png,2023-11-20 20:00:00,5,1,1,1
IMG_006100,images/IMG_006100.jpg,2023-11-20 21:00:00,5,0,2,0
IMG_006101,images/IMG_006101.jpg,2023-11-20 22:00:00,5,0,2,0
IMG_006102,images/IMG_006102.png,2023-11-20 23:00:00,5,3,3,1
IMG_006103,images/IMG_006103.png,2023-11-21 00:00:00,5,1,1,1
IMG_006104,images/IMG_006104.jpg,2023-11-21 01:00:00,5,0,2,0
IMG_006105,images/IMG_006105.jpg,2023-07-31 12:00:00,2,2,0,1
IMG_006106,images/IMG_006106.jpg,2023-11-21 02:00:00,5,0,2,0
IMG_006107,images/IMG_006107.png,2023-06-09 10:00:00,0,0,0,0
IMG_006108,images/IMG_006108.jpg,2023-10-01 17:00:00,4,0,0,0
IMG_006109,images/IMG_006109.jpg,2023-11-21 03:00:00,5,0,2,0
IMG_006110,images/IMG_006110.png,2023-08-31 23:00:00,3,2,0,1
IMG_006111,images/IMG_006111.jpg,2023-11-21 04:00:00,5,0,2,0
IMG_006112,images/IMG_006112.png,2023-06-09 11:00:00,0,0,0,0
IMG_006113,images/IMG_006113.jpg,2023-09-01 00:00:00,3,2,0,1
IMG_006114,images/IMG_006114.png,2023-07-31 13:00:00,2,2,0,1
IMG_006115,images/IMG_006115.jpg,2023-09-01 01:00:00,3,2,0,1
IMG_006116,images/IMG_006116.png,2023-11-21 05:00:00,5,1,1,1
IMG_006117,images/IMG_006117.jpg,2023-10-01 18:00:00,4,0,0,0
IMG_006118,images/IMG_006118.jpg,2023-11-21 06:00:00,5,0,2,0
IMG_006119,images/IMG_006119.jpg,2023-10-01 19:00:00,4,0,0,0
IMG_006120,images/IMG_006120.jpg,2023-10-01 20:00:00,4,0,0,0
IMG_006121,images/IMG_006121.png,2023-11-21 07:00:00,5,1,1,1
IMG_006122,images/IMG_006122.jpg,2023-10-01 21:00:00,4,0,0,0
IMG_006123,images/IMG_006123.png,2023-09-01 02:00:00,3,2,0,1
IMG_006124,images/IMG_006124.jpg,2023-10-01 22:00:00,4,0,0,0
IMG_006125,images/IMG_006125.jpg,2023-07-31 14:00:00,2,2,0,1
IMG_006126,images/IMG_006126.jpg,2023-09-01 03:00:00,3,2,0,1
IMG_006127,images/IMG_006127.jpg,2023-09-01 04:00:00,3,0,0,0
IMG_006128,images/IMG_006128.png,2023-09-01 05:00:00,3,1,0,1
IMG_006129,images/IMG_006129.jpg,2023-10-01 23:00:00,4,0,0,0
IMG_006130,images/IMG_006130.png,2023-07-08 09:00:00,1,1,0,1
IMG_006131,images/IMG_006131.jpg,2023-10-02 00:00:00,4,0,0,0
IMG_006132,images/IMG_006132.jpg,2023-10-02 01:00:00,4,0,0,0
IMG_006133,images/IMG_006133.jpg,2023-10-02 02:00:00,4,0,0,0
IMG_006134,images/IMG_006134.jpg,2023-10-02 03:00:00,4,0,0,0
IMG_006135,images/IMG_006135.png,2023-07-08 10:00:00,1,1,0,1
IMG_006136,images/IMG_006136.png,2023-09-01 06:00:00,3,2,0,1
IMG_006137,images/IMG_006137.png,2023-11-21 08:00:00,5,3,3,1
IMG_006138,images/IMG_006138.png,2023-11-21 09:00:00,5,0,2,0
IMG_006139,images/IMG_006139.jpg,2023-10-02 04:00:00,4,0,0,0
IMG_006140,images/IMG_006140.png,2023-09-01 07:00:00,3,2,0,1
IMG_006141,images/IMG_006141.png,2023-07-31 15:00:00,2,2,0,1
IMG_006142,images/IMG_006142.jpg,2023-09-01 08:00:00,3,2,0,1
IMG_006143,images/IMG_006143.png,2023-11-21 10:00:00,5,3,3,1
IMG_006144,images/IMG_006144.png,2023-11-21 11:00:00,5,1,1,1
IMG_006145,images/IMG_006145.jpg,2023-10-02 05:00:00,4,0,0,0
IMG_006146,images/IMG_006146.jpg,2023-11-21 12:00:00,5,0,2,0
IMG_006147,images/IMG_006147.jpg,2023-09-01 09:00:00,3,2,0,1
IMG_006148,images/IMG_006148.png,2023-11-21 13:00:00,5,3,3,1
IMG_006149,images/IMG_006149.jpg,2023-11-21 14:00:00,5,0,2,0
IMG_006150,images/IMG_006150.png,2023-11-21 15:00:00,5,0,2,0
IMG_006151,images/IMG_006151.jpg,2023-11-21 16:00:00,5,0,2,0
IMG_006152,images/IMG_006152.jpg,2023-10-02 06:00:00,4,0,0,0
IMG_006153,images/IMG_006153.png,2023-07-31 16:00:00,2,2,0,1
IMG_006154,images/IMG_006154.jpg,2023-11-21 17:00:00,5,0,2,0
IMG_006155,images/IMG_006155.png,2023-09-01 10:00:00,3,0,0,0
IMG_006156,images/IMG_006156.png,2023-07-31 17:00:00,2,2,0,1
IMG_006157,images/IMG_006157.jpg,2023-10-02 07:00:00,4,0,0,0
IMG_006158,images/IMG_006158.jpg,2023-10-02 08:00:00,4,0,0,0
IMG_006159,images/IMG_006159.jpg,2023-07-31 18:00:00,2,2,0,1
IMG_006160,images/IMG_006160.png,2023-07-08 11:00:00,1,1,0,1
IMG_006161,images/IMG_006161.png,2023-11-21 18:00:00,5,1,1,1
IMG_006162,images/IMG_006162.png,2023-11-21 19:00:00,5,3,3,1
IMG_006163,images/IMG_006163.jpg,2023-07-31 19:00:00,2,2,0,1
IMG_006164,images/IMG_006164.png,2023-11-21 20:00:00,5,0,2,0
IMG_006165,images/IMG_006165.png,2023-11-21 21:00:00,5,3,3,1
IMG_006166,images/IMG_006166.jpg,2023-11-21 22:00:00,5,0,2,0
IMG_006167,images/IMG_006167.png,2023-11-21 23:00:00,5,3,3,1
IMG_006168,images/IMG_006168.png,2023-11-22 00:00:00,5,1,1,1
IMG_006169,images/IMG_006169.png,2023-11-22 01:00:00,5,1,1,1
IMG_006170,images/IMG_006170.jpg,2023-07-31 20:00:00,2,2,0,1
IMG_006171,images/IMG_006171.png,2023-07-08 12:00:00,1,0,0,0
IMG_006172,images/IMG_006172.jpg,2023-11-22 02:00:00,5,0,2,0
IMG_006173,images/IMG_006173.png,2023-07-31 21:00:00,2,0,0,0
IMG_006174,images/IMG_006174.jpg,2023-10-02 09:00:00,4,0,0,0
IMG_006175,images/IMG_006175.png,2023-11-22 03:00:00,5,0,2,0
IMG_006176,images/IMG_006176.jpg,2023-09-01 11:00:00,3,0,0,0
IMG_006177,images/IMG_006177.png,2023-07-31 22:00:00,2,1,0,1
IMG_006178,images/IMG_006178.jpg,2023-07-31 23:00:00,2,2,0,1
IMG_006179,images/IMG_006179.jpg,2023-10-02 10:00:00,4,0,0,0
IMG_006180,images/IMG_006180.png,2023-09-01 12:00:00,3,2,0,1
IMG_006181,images/IMG_006181.jpg,2023-11-22 04:00:00,5,0,2,0
IMG_006182,images/IMG_006182.png,2023-11-22 05:00:00,5,1,1,1
IMG_006183,images/IMG_006183.jpg,2023-10-02 11:00:00,4,0,0,0
IMG_006184,images/IMG_006184.jpg,2023-10-02 12:00:00,4,0,0,0
IMG_006185,images/IMG_006185.png,2023-11-22 06:00:00,5,3,3,1
IMG_006186,images/IMG_006186.jpg,2023-11-22 07:00:00,5,0,2,0
IMG_006187,images/IMG_006187.jpg,2023-10-02 13:00:00,4,0,0,0
IMG_006188,images/IMG_006188.png,2023-08-01 00:00:00,2,2,0,1
IMG_006189,images/IMG_006189.jpg,2023-06-09 12:00:00,0,0,0,0
IMG_006190,images/IMG_006190.png,2023-08-01 01:00:00,2,2,0,1
IMG_006191,images/IMG_006191.jpg,2023-09-01 13:00:00,3,0,0,0
IMG_006192,images/IMG_006192.jpg,2023-09-01 14:00:00,3,2,0,1
IMG_006193,images/IMG_006193.png,2023-11-22 08:00:00,5,0,2,0
IMG_006194,images/IMG_006194.jpg,2023-10-02 14:00:00,4,0,0,0
IMG_006195,images/IMG_006195.jpg,2023-10-02 15:00:00,4,0,0,0
IMG_006196,images/IMG_006196.jpg,2023-11-22 09:00:00,5,0,2,0
IMG_006197,images/IMG_006197.png,2023-08-01 02:00:00,2,2,0,1
IMG_006198,images/IMG_006198.png,2023-08-01 03:00:00,2,0,0,0
IMG_006199,images/IMG_006199.jpg,2023-08-01 04:00:00,2,2,0,1
IMG_006200,images/IMG_006200.jpg,2023-10-02 16:00:00,4,0,0,0
IMG_006201,images/IMG_006201.png,2023-07-08 13:00:00,1,0,0,0
IMG_006202,images/IMG_006202.png,2023-09-01 15:00:00,3,1,0,1
IMG_006203,images/IMG_006203.png,2023-06-09 13:00:00,0,0,0,0
IMG_006204,images/IMG_006204.jpg,2023-09-01 16:00:00,3,0,0,0
IMG_006205,images/IMG_006205.jpg,2023-11-22 10:00:00,5,0,2,0
IMG_006206,images/IMG_006206.png,2023-09-01 17:00:00,3,1,0,1
IMG_006207,images/IMG_006207.png,2023-11-22 11:00:00,5,0,2,0
IMG_006208,images/IMG_006208.jpg,2023-11-22 12:00:00,5,0,2,0
IMG_006209,images/IMG_006209.jpg,2023-10-02 17:00:00,4,0,0,0
IMG_006210,images/IMG_006210.jpg,2023-10-02 18:00:00,4,0,0,0
IMG_006211,images/IMG_006211.jpg,2023-10-02 19:00:00,4,0,0,0
IMG_006212,images/IMG_006212.jpg,2023-11-22 13:00:00,5,0,2,0
IMG_006213,images/IMG_006213.png,2023-11-22 14:00:00,5,0,2,0
IMG_006214,images/IMG_006214.png,2023-08-01 05:00:00,2,1,0,1
IMG_006215,images/IMG_006215.png,2023-11-22 15:00:00,5,1,1,1
IMG_006216,images/IMG_006216.png,2023-09-01 18:00:00,3,2,0,1
IMG_006217,images/IMG_006217.png,2023-11-22 16:00:00,5,0,2,0
IMG_006218,images/IMG_006218.png,2023-09-01 19:00:00,3,0,0,0
IMG_006219,images/IMG_006219.png,2023-08-01 06:00:00,2,2,0,1
IMG_006220,images/IMG_006220.png,2023-06-09 14:00:00,0,0,0,0
IMG_006221,images/IMG_006221.png,2023-07-08 14:00:00,1,1,0,1
IMG_006222,images/IMG_006222.jpg,2023-11-22 17:00:00,5,0,2,0
IMG_006223,images/IMG_006223.png,2023-08-01 07:00:00,2,0,0,0
IMG_006224,images/IMG_006224.png,2023-09-01 20:00:00,3,0,0,0
IMG_006225,images/IMG_006225.png,2023-09-01 21:00:00,3,2,0,1
IMG_006226,images/IMG_006226.png,2023-09-01 22:00:00,3,1,0,1
IMG_006227,images/IMG_006227.png,2023-07-08 15:00:00,1,0,0,0
IMG_006228,images/IMG_006228.png,2023-06-09 15:00:00,0,0,0,0
IMG_006229,images/IMG_006229.png,2023-11-22 18:00:00,5,3,3,1
IMG_006230,images/IMG_006230.jpg,2023-10-02 20:00:00,4,0,0,0
IMG_006231,images/IMG_006231.jpg,2023-11-22 19:00:00,5,0,2,0
IMG_006232,images/IMG_006232.png,2023-09-01 23:00:00,3,0,0,0
IMG_006233,images/IMG_006233.png,2023-08-01 08:00:00,2,2,0,1
IMG_006234,images/IMG_006234.jpg,2023-11-22 20:00:00,5,0,2,0
IMG_006235,images/IMG_006235.png,2023-11-22 21:00:00,5,3,3,1
IMG_006236,images/IMG_006236.jpg,2023-09-02 00:00:00,3,2,0,1
IMG_006237,images/IMG_006237.png,2023-11-22 22:00:00,5,0,2,0
IMG_006238,images/IMG_006238.png,2023-08-01 09:00:00,2,2,0,1
IMG_006239,images/IMG_006239.png,2023-09-02 01:00:00,3,2,0,1
IMG_006240,images/IMG_006240.png,2023-07-08 16:00:00,1,0,0,0
IMG_006241,images/IMG_006241.jpg,2023-10-02 21:00:00,4,0,0,0
IMG_006242,images/IMG_006242.jpg,2023-11-22 23:00:00,5,0,2,0
IMG_006243,images/IMG_006243.jpg,2023-10-02 22:00:00,4,0,0,0
IMG_006244,images/IMG_006244.png,2023-11-23 00:00:00,5,3,3,1
IMG_006245,images/IMG_006245.png,2023-11-23 01:00:00,5,1,1,1
IMG_006246,images/IMG_006246.png,2023-07-08 17:00:00,1,0,0,0
IMG_006247,images/IMG_006247.png,2023-08-01 10:00:00,2,1,0,1
IMG_006248,images/IMG_006248.png,2023-08-01 11:00:00,2,0,0,0
IMG_006249,images/IMG_006249.jpg,2023-10-02 23:00:00,4,0,0,0
IMG_006250,images/IMG_006250.jpg,2023-08-01 12:00:00,2,2,0,1
IMG_006251,images/IMG_006251.png,2023-09-02 02:00:00,3,2,0,1
IMG_006252,images/IMG_006252.png,2023-11-23 02:00:00,5,0,2,0
IMG_006253,images/IMG_006253.jpg,2023-11-23 03:00:00,5,0,2,0
IMG_006254,images/IMG_006254.jpg,2023-11-23 04:00:00,5,0,2,0
IMG_006255,images/IMG_006255.jpg,2023-10-03 00:00:00,4,0,0,0
IMG_006256,images/IMG_006256.jpg,2023-11-23 05:00:00,5,0,2,0
IMG_006257,images/IMG_006257.png,2023-08-01 13:00:00,2,2,0,1
IMG_006258,images/IMG_006258.png,2023-09-02 03:00:00,3,0,0,0
IMG_006259,images/IMG_006259.jpg,2023-11-23 06:00:00,5,0,2,0
IMG_006260,images/IMG_006260.png,2023-06-09 16:00:00,0,0,0,0
IMG_006261,images/IMG_006261.png,2023-08-01 14:00:00,2,2,0,1
IMG_006262,images/IMG_006262.jpg,2023-11-23 07:00:00,5,0,2,0
IMG_006263,images/IMG_006263.png,2023-11-23 08:00:00,5,1,1,1
IMG_006264,images/IMG_006264.jpg,2023-11-23 09:00:00,5,0,2,0
IMG_006265,images/IMG_006265.png,2023-09-02 04:00:00,3,2,0,1
IMG_006266,images/IMG_006266.png,2023-11-23 10:00:00,5,3,3,1
IMG_006267,images/IMG_006267.jpg,2023-08-01 15:00:00,2,0,0,0
IMG_006268,images/IMG_006268.jpg,2023-09-02 05:00:00,3,2,0,1
IMG_006269,images/IMG_006269.png,2023-11-23 11:00:00,5,1,1,1
IMG_006270,images/IMG_006270.png,2023-11-23 12:00:00,5,0,2,0
IMG_006271,images/IMG_006271.png,2023-06-09 17:00:00,0,0,0,0
IMG_006272,images/IMG_006272.jpg,2023-10-03 01:00:00,4,0,0,0
IMG_006273,images/IMG_006273.png,2023-11-23 13:00:00,5,1,1,1
IMG_006274,images/IMG_006274.jpg,2023-11-23 14:00:00,5,0,2,0
IMG_006275,images/IMG_006275.png,2023-11-23 15:00:00,5,1,1,1
IMG_006276,images/IMG_006276.jpg,2023-08-01 16:00:00,2,2,0,1
IMG_006277,images/IMG_006277.png,2023-11-23 16:00:00,5,1,1,1
IMG_006278,images/IMG_006278.png,2023-09-02 06:00:00,3,2,0,1
IMG_006279,images/IMG_006279.jpg,2023-10-03 02:00:00,4,0,0,0
IMG_006280,images/IMG_006280.jpg,2023-10-03 03:00:00,4,0,0,0
IMG_006281,images/IMG_006281.jpg,2023-10-03 04:00:00,4,0,0,0
IMG_006282,images/IMG_006282.jpg,2023-08-01 17:00:00,2,2,0,1
IMG_006283,images/IMG_006283.jpg,2023-11-23 17:00:00,5,0,2,0
IMG_006284,images/IMG_006284.png,2023-09-02 07:00:00,3,1,0,1
IMG_006285,images/IMG_006285.jpg,2023-08-03 10:00:00,2,2,0,1
IMG_006286,images/IMG_006286.jpg,2023-09-02 08:00:00,3,2,0,1
IMG_006287,images/IMG_006287.jpg,2023-11-23 18:00:00,5,0,2,0
IMG_006288,images/IMG_006288.png,2023-09-02 09:00:00,3,0,0,0
IMG_006289,images/IMG_006289.png,2023-07-08 18:00:00,1,0,0,0
IMG_006290,images/IMG_006290.png,2023-11-23 19:00:00,5,0,2,0
IMG_006291,images/IMG_006291.jpg,2023-11-23 20:00:00,5,0,2,0
IMG_006292,images/IMG_006292.png,2023-06-09 18:00:00,0,0,0,0
IMG_006293,images/IMG_006293.png,2023-09-02 10:00:00,3,0,0,0
IMG_006294,images/IMG_006294.png,2023-07-08 19:00:00,1,1,0,1
IMG_006295,images/IMG_006295.jpg,2023-11-23 21:00:00,5,0,2,0
IMG_006296,images/IMG_006296.png,2023-09-02 11:00:00,3,2,0,1
IMG_006297,images/IMG_006297.png,2023-09-02 12:00:00,3,2,0,1
IMG_006298,images/IMG_006298.png,2023-11-23 22:00:00,5,3,3,1
IMG_006299,images/IMG_006299.jpg,2023-10-03 05:00:00,4,0,0,0
IMG_006300,images/IMG_006300.png,2023-11-23 23:00:00,5,3,3,1
IMG_006301,images/IMG_006301.jpg,2023-09-02 13:00:00,3,2,0,1
IMG_006302,images/IMG_006302.png,2023-11-24 00:00:00,5,1,1,1
IMG_006303,images/IMG_006303.png,2023-09-02 14:00:00,3,1,0,1
IMG_006304,images/IMG_006304.jpg,2023-10-03 06:00:00,4,0,0,0
IMG_006305,images/IMG_006305.jpg,2023-11-24 01:00:00,5,0,2,0
IMG_006306,images/IMG_006306.jpg,2023-10-03 07:00:00,4,0,0,0
IMG_006307,images/IMG_006307.jpg,2023-09-02 15:00:00,3,2,0,1
IMG_006308,images/IMG_006308.png,2023-11-24 02:00:00,5,1,1,1
IMG_006309,images/IMG_006309.jpg,2023-11-24 03:00:00,5,0,2,0
IMG_006310,images/IMG_006310.jpg,2023-10-03 08:00:00,4,0,0,0
IMG_006311,images/IMG_006311.png,2023-11-24 04:00:00,5,0,2,0
IMG_006312,images/IMG_006312.jpg,2023-10-03 09:00:00,4,0,0,0
IMG_006313,images/IMG_006313.png,2023-09-02 16:00:00,3,2,0,1
IMG_006314,images/IMG_006314.jpg,2023-08-03 11:00:00,2,2,0,1
IMG_006315,images/IMG_006315.jpg,2023-06-09 19:00:00,0,0,0,0
IMG_006316,images/IMG_006316.jpg,2023-09-02 17:00:00,3,2,0,1
IMG_006317,images/IMG_006317.png,2023-11-24 05:00:00,5,0,2,0
IMG_006318,images/IMG_006318.png,2023-11-24 06:00:00,5,3,3,1
IMG_006319,images/IMG_006319.png,2023-09-02 18:00:00,3,0,0,0
IMG_006320,images/IMG_006320.jpg,2023-11-24 07:00:00,5,0,2,0
IMG_006321,images/IMG_006321.jpg,2023-11-24 08:00:00,5,0,2,0
IMG_006322,images/IMG_006322.png,2023-06-09 20:00:00,0,0,0,0
IMG_006323,images/IMG_006323.jpg,2023-10-03 10:00:00,4,0,0,0
IMG_006324,images/IMG_006324.jpg,2023-10-03 11:00:00,4,0,0,0
IMG_006325,images/IMG_006325.jpg,2023-11-24 09:00:00,5,0,2,0
IMG_006326,images/IMG_006326.jpg,2023-11-24 10:00:00,5,0,2,0
IMG_006327,images/IMG_006327.jpg,2023-10-03 12:00:00,4,0,0,0
IMG_006328,images/IMG_006328.jpg,2023-10-03 13:00:00,4,0,0,0
IMG_006329,images/IMG_006329.jpg,2023-10-03 14:00:00,4,0,0,0
IMG_006330,images/IMG_006330.jpg,2023-10-03 15:00:00,4,0,0,0
IMG_006331,images/IMG_006331.jpg,2023-10-03 16:00:00,4,0,0,0
IMG_006332,images/IMG_006332.png,2023-09-02 19:00:00,3,1,0,1
IMG_006333,images/IMG_006333.png,2023-09-02 20:00:00,3,2,0,1
IMG_006334,images/IMG_006334.png,2023-09-02 21:00:00,3,1,0,1
IMG_006335,images/IMG_006335.png,2023-11-24 11:00:00,5,0,2,0
IMG_006336,images/IMG_006336.jpg,2023-08-03 12:00:00,2,2,0,1
IMG_006337,images/IMG_006337.png,2023-08-03 13:00:00,2,2,0,1
IMG_006338,images/IMG_006338.png,2023-08-03 14:00:00,2,1,0,1
IMG_006339,images/IMG_006339.jpg,2023-09-02 22:00:00,3,2,0,1
IMG_006340,images/IMG_006340.png,2023-11-24 12:00:00,5,1,1,1
IMG_006341,images/IMG_006341.jpg,2023-10-03 17:00:00,4,0,0,0
IMG_006342,images/IMG_006342.jpg,2023-10-03 18:00:00,4,0,0,0
IMG_006343,images/IMG_006343.png,2023-11-24 13:00:00,5,3,3,1
IMG_006344,images/IMG_006344.png,2023-09-02 23:00:00,3,2,0,1
IMG_006345,images/IMG_006345.png,2023-11-24 14:00:00,5,1,1,1
IMG_006346,images/IMG_006346.jpg,2023-10-03 19:00:00,4,0,0,0
IMG_006347,images/IMG_006347.png,2023-11-24 15:00:00,5,0,2,0
IMG_006348,images/IMG_006348.png,2023-07-08 20:00:00,1,1,0,1
IMG_006349,images/IMG_006349.jpg,2023-10-03 20:00:00,4,0,0,0
IMG_006350,images/IMG_006350.jpg,2023-11-24 16:00:00,5,0,2,0
IMG_006351,images/IMG_006351.jpg,2023-10-03 21:00:00,4,0,0,0
IMG_006352,images/IMG_006352.png,2023-11-24 17:00:00,5,1,1,1
IMG_006353,images/IMG_006353.jpg,2023-11-24 18:00:00,5,0,2,0
IMG_006354,images/IMG_006354.jpg,2023-09-03 00:00:00,3,2,0,1
IMG_006355,images/IMG_006355.png,2023-11-24 19:00:00,5,3,3,1
IMG_006356,images/IMG_006356.png,2023-09-03 01:00:00,3,0,0,0
IMG_006357,images/IMG_006357.jpg,2023-10-03 22:00:00,4,0,0,0
IMG_006358,images/IMG_006358.png,2023-08-03 15:00:00,2,1,0,1
IMG_006359,images/IMG_006359.jpg,2023-09-03 02:00:00,3,0,0,0
IMG_006360,images/IMG_006360.png,2023-08-03 16:00:00,2,2,0,1
IMG_006361,images/IMG_006361.jpg,2023-11-24 20:00:00,5,0,2,0
IMG_006362,images/IMG_006362.png,2023-11-24 21:00:00,5,1,1,1
IMG_006363,images/IMG_006363.png,2023-08-03 17:00:00,2,1,0,1
IMG_006364,images/IMG_006364.jpg,2023-11-24 22:00:00,5,0,2,0
IMG_006365,images/IMG_006365.jpg,2023-08-03 18:00:00,2,2,0,1
IMG_006366,images/IMG_006366.jpg,2023-11-24 23:00:00,5,0,2,0
IMG_006367,images/IMG_006367.jpg,2023-10-03 23:00:00,4,0,0,0
IMG_006368,images/IMG_006368.png,2023-07-08 21:00:00,1,1,0,1
IMG_006369,images/IMG_006369.png,2023-09-03 03:00:00,3,2,0,1
IMG_006370,images/IMG_006370.png,2023-11-25 00:00:00,5,3,3,1
IMG_006371,images/IMG_006371.jpg,2023-10-04 00:00:00,4,0,0,0
IMG_006372,images/IMG_006372.jpg,2023-10-04 01:00:00,4,0,0,0
IMG_006373,images/IMG_006373.jpg,2023-10-04 02:00:00,4,0,0,0
IMG_006374,images/IMG_006374.png,2023-07-08 22:00:00,1,0,0,0
IMG_006375,images/IMG_006375.png,2023-11-25 01:00:00,5,1,1,1
IMG_006376,images/IMG_006376.png,2023-11-25 02:00:00,5,3,3,1
IMG_006377,images/IMG_006377.jpg,2023-08-03 19:00:00,2,2,0,1
IMG_006378,images/IMG_006378.jpg,2023-11-25 03:00:00,5,0,2,0
IMG_006379,images/IMG_006379.jpg,2023-08-03 20:00:00,2,2,0,1
IMG_006380,images/IMG_006380.jpg,2023-09-03 04:00:00,3,2,0,1
IMG_006381,images/IMG_006381.png,2023-11-25 04:00:00,5,3,3,1
IMG_006382,images/IMG_006382.jpg,2023-09-03 05:00:00,3,2,0,1
IMG_006383,images/IMG_006383.png,2023-11-25 05:00:00,5,0,2,0
IMG_006384,images/IMG_006384.jpg,2023-10-04 03:00:00,4,0,0,0
IMG_006385,images/IMG_006385.png,2023-11-25 06:00:00,5,3,3,1
IMG_006386,images/IMG_006386.png,2023-11-25 07:00:00,5,0,2,0
IMG_006387,images/IMG_006387.jpg,2023-09-03 06:00:00,3,2,0,1
IMG_006388,images/IMG_006388.png,2023-08-03 21:00:00,2,0,0,0
IMG_006389,images/IMG_006389.jpg,2023-11-25 08:00:00,5,0,2,0
IMG_006390,images/IMG_006390.jpg,2023-06-09 21:00:00,0,0,0,0
IMG_006391,images/IMG_006391.png,2023-11-25 09:00:00,5,3,3,1
IMG_006392,images/IMG_006392.png,2023-09-03 07:00:00,3,2,0,1
IMG_006393,images/IMG_006393.png,2023-09-03 08:00:00,3,2,0,1
IMG_006394,images/IMG_006394.jpg,2023-11-25 10:00:00,5,0,2,0
IMG_006395,images/IMG_006395.jpg,2023-11-25 11:00:00,5,0,2,0
IMG_006396,images/IMG_006396.jpg,2023-10-04 04:00:00,4,0,0,0
IMG_006397,images/IMG_006397.jpg,2023-11-25 12:00:00,5,0,2,0
IMG_006398,images/IMG_006398.png,2023-08-03 22:00:00,2,0,0,0
IMG_006399,images/IMG_006399.jpg,2023-11-25 13:00:00,5,0,2,0
IMG_006400,images/IMG_006400.jpg,2023-09-03 09:00:00,3,2,0,1
IMG_006401,images/IMG_006401.jpg,2023-11-25 14:00:00,5,0,2,0
IMG_006402,images/IMG_006402.png,2023-11-25 15:00:00,5,0,2,0
IMG_006403,images/IMG_006403.png,2023-11-25 16:00:00,5,3,3,1
IMG_006404,images/IMG_006404.jpg,2023-09-03 10:00:00,3,2,0,1
IMG_006405,images/IMG_006405.png,2023-09-03 11:00:00,3,0,0,0
IMG_006406,images/IMG_006406.png,2023-08-03 23:00:00,2,2,0,1
IMG_006407,images/IMG_006407.jpg,2023-08-04 00:00:00,2,2,0,1
IMG_006408,images/IMG_006408.png,2023-07-08 23:00:00,1,1,0,1
IMG_006409,images/IMG_006409.jpg,2023-11-25 17:00:00,5,0,2,0
IMG_006410,images/IMG_006410.png,2023-08-04 01:00:00,2,1,0,1
IMG_006411,images/IMG_006411.png,2023-08-04 02:00:00,2,2,0,1
IMG_006412,images/IMG_006412.jpg,2023-10-04 05:00:00,4,0,0,0
IMG_006413,images/IMG_006413.jpg,2023-10-04 06:00:00,4,0,0,0
IMG_006414,images/IMG_006414.png,2023-11-25 18:00:00,5,1,1,1
IMG_006415,images/IMG_006415.jpg,2023-11-25 19:00:00,5,0,2,0
IMG_006416,images/IMG_006416.jpg,2023-11-25 20:00:00,5,0,2,0
IMG_006417,images/IMG_006417.jpg,2023-09-03 12:00:00,3,2,0,1
IMG_006418,images/IMG_006418.png,2023-08-04 03:00:00,2,1,0,1
IMG_006419,images/IMG_006419.png,2023-11-25 21:00:00,5,3,3,1
IMG_006420,images/IMG_006420.jpg,2023-10-04 07:00:00,4,0,0,0
IMG_006421,images/IMG_006421.png,2023-08-04 04:00:00,2,2,0,1
IMG_006422,images/IMG_006422.png,2023-07-09 00:00:00,1,1,0,1
IMG_006423,images/IMG_006423.jpg,2023-11-25 22:00:00,5,0,2,0
IMG_006424,images/IMG_006424.jpg,2023-09-03 13:00:00,3,2,0,1
IMG_006425,images/IMG_006425.jpg,2023-08-04 05:00:00,2,2,0,1
IMG_006426,images/IMG_006426.png,2023-07-09 01:00:00,1,0,0,0
IMG_006427,images/IMG_006427.png,2023-07-09 02:00:00,1,0,0,0
IMG_006428,images/IMG_006428.jpg,2023-10-04 08:00:00,4,0,0,0
IMG_006429,images/IMG_006429.png,2023-08-04 06:00:00,2,2,0,1
IMG_006430,images/IMG_006430.jpg,2023-09-03 14:00:00,3,0,0,0
IMG_006431,images/IMG_006431.png,2023-11-25 23:00:00,5,1,1,1
IMG_006432,images/IMG_006432.jpg,2023-11-26 00:00:00,5,0,2,0
IMG_006433,images/IMG_006433.png,2023-08-04 07:00:00,2,2,0,1
IMG_006434,images/IMG_006434.png,2023-11-26 01:00:00,5,3,3,1
IMG_006435,images/IMG_006435.png,2023-07-09 03:00:00,1,1,0,1
IMG_006436,images/IMG_006436.jpg,2023-11-26 02:00:00,5,0,2,0
IMG_006437,images/IMG_006437.png,2023-11-26 03:00:00,5,0,2,0
IMG_006438,images/IMG_006438.png,2023-11-26 04:00:00,5,0,2,0
IMG_006439,images/IMG_006439.png,2023-07-09 04:00:00,1,0,0,0
IMG_006440,images/IMG_006440.png,2023-09-03 15:00:00,3,1,0,1
IMG_006441,images/IMG_006441.jpg,2023-11-26 05:00:00,5,0,2,0
IMG_006442,images/IMG_006442.jpg,2023-09-03 16:00:00,3,2,0,1
IMG_006443,images/IMG_006443.png,2023-06-09 22:00:00,0,0,0,0
IMG_006444,images/IMG_006444.jpg,2023-08-04 08:00:00,2,2,0,1
IMG_006445,images/IMG_006445.png,2023-07-09 05:00:00,1,1,0,1
IMG_006446,images/IMG_006446.png,2023-11-26 06:00:00,5,3,3,1
IMG_006447,images/IMG_006447.png,2023-08-04 09:00:00,2,2,0,1
IMG_006448,images/IMG_006448.jpg,2023-08-04 10:00:00,2,2,0,1
IMG_006449,images/IMG_006449.jpg,2023-08-04 11:00:00,2,2,0,1
IMG_006450,images/IMG_006450.png,2023-08-04 12:00:00,2,1,0,1
IMG_006451,images/IMG_006451.png,2023-07-09 06:00:00,1,1,0,1
IMG_006452,images/IMG_006452.png,2023-11-26 07:00:00,5,3,3,1
IMG_006453,images/IMG_006453.png,2023-08-04 13:00:00,2,2,0,1
IMG_006454,images/IMG_006454.jpg,2023-10-04 09:00:00,4,0,0,0
IMG_006455,images/IMG_006455.png,2023-11-26 08:00:00,5,1,1,1
IMG_006456,images/IMG_006456.jpg,2023-10-04 10:00:00,4,0,0,0
IMG_006457,images/IMG_006457.jpg,2023-11-26 09:00:00,5,0,2,0
IMG_006458,images/IMG_006458.png,2023-11-26 10:00:00,5,3,3,1
IMG_006459,images/IMG_006459.jpg,2023-11-26 11:00:00,5,0,2,0
IMG_006460,images/IMG_006460.jpg,2023-10-04 11:00:00,4,0,0,0
IMG_006461,images/IMG_006461.png,2023-11-26 12:00:00,5,1,1,1
IMG_006462,images/IMG_006462.jpg,2023-11-26 13:00:00,5,0,2,0
IMG_006463,images/IMG_006463.png,2023-09-03 17:00:00,3,0,0,0
IMG_006464,images/IMG_006464.jpg,2023-08-04 14:00:00,2,2,0,1
IMG_006465,images/IMG_006465.png,2023-11-26 14:00:00,5,3,3,1
IMG_006466,images/IMG_006466.jpg,2023-11-26 15:00:00,5,0,2,0
IMG_006467,images/IMG_006467.jpg,2023-11-26 16:00:00,5,0,2,0
IMG_006468,images/IMG_006468.jpg,2023-11-26 17:00:00,5,0,2,0
IMG_006469,images/IMG_006469.jpg,2023-11-26 18:00:00,5,0,2,0
IMG_006470,images/IMG_006470.png,2023-08-04 15:00:00,2,1,0,1
IMG_006471,images/IMG_006471.jpg,2023-10-04 12:00:00,4,0,0,0
IMG_006472,images/IMG_006472.png,2023-11-26 19:00:00,5,0,2,0
IMG_006473,images/IMG_006473.jpg,2023-08-04 16:00:00,2,2,0,1
IMG_006474,images/IMG_006474.png,2023-08-04 17:00:00,2,2,0,1
IMG_006475,images/IMG_006475.jpg,2023-10-04 13:00:00,4,0,0,0
IMG_006476,images/IMG_006476.png,2023-06-09 23:00:00,0,0,0,0
IMG_006477,images/IMG_006477.png,2023-08-04 18:00:00,2,2,0,1
IMG_006478,images/IMG_006478.png,2023-09-03 18:00:00,3,2,0,1
IMG_006479,images/IMG_006479.jpg,2023-10-04 14:00:00,4,0,0,0
IMG_006480,images/IMG_006480.jpg,2023-09-03 19:00:00,3,2,0,1
IMG_006481,images/IMG_006481.jpg,2023-08-04 19:00:00,2,2,0,1
IMG_006482,images/IMG_006482.jpg,2023-11-26 20:00:00,5,0,2,0
IMG_006483,images/IMG_006483.jpg,2023-08-04 20:00:00,2,2,0,1
IMG_006484,images/IMG_006484.jpg,2023-10-04 15:00:00,4,0,0,0
IMG_006485,images/IMG_006485.jpg,2023-10-04 16:00:00,4,0,0,0
IMG_006486,images/IMG_006486.jpg,2023-11-26 21:00:00,5,0,2,0
IMG_006487,images/IMG_006487.png,2023-11-26 22:00:00,5,0,2,0
IMG_006488,images/IMG_006488.png,2023-11-26 23:00:00,5,1,1,1
IMG_006489,images/IMG_006489.jpg,2023-10-04 17:00:00,4,0,0,0
IMG_006490,images/IMG_006490.jpg,2023-11-27 00:00:00,5,0,2,0
IMG_006491,images/IMG_006491.jpg,2023-10-04 18:00:00,4,0,0,0
IMG_006492,images/IMG_006492.jpg,2023-10-04 19:00:00,4,0,0,0
IMG_006493,images/IMG_006493.png,2023-08-04 21:00:00,2,1,0,1
IMG_006494,images/IMG_006494.jpg,2023-10-04 20:00:00,4,0,0,0
IMG_006495,images/IMG_006495.jpg,2023-06-10 00:00:00,0,0,0,0
IMG_006496,images/IMG_006496.png,2023-09-03 20:00:00,3,2,0,1
IMG_006497,images/IMG_006497.jpg,2023-10-04 21:00:00,4,0,0,0
IMG_006498,images/IMG_006498.jpg,2023-11-27 01:00:00,5,0,2,0
IMG_006499,images/IMG_006499.png,2023-09-03 21:00:00,3,0,0,0
IMG_006500,images/IMG_006500.jpg,2023-10-04 22:00:00,4,0,0,0
IMG_006501,images/IMG_006501.jpg,2023-10-04 23:00:00,4,0,0,0
IMG_006502,images/IMG_006502.png,2023-11-27 02:00:00,5,3,3,1
IMG_006503,images/IMG_006503.jpg,2023-10-05 00:00:00,4,0,0,0
IMG_006504,images/IMG_006504.png,2023-11-27 03:00:00,5,1,1,1
IMG_006505,images/IMG_006505.jpg,2023-11-27 04:00:00,5,0,2,0
IMG_006506,images/IMG_006506.jpg,2023-10-05 01:00:00,4,0,0,0
IMG_006507,images/IMG_006507.png,2023-07-09 07:00:00,1,1,0,1
IMG_006508,images/IMG_006508.png,2023-07-09 08:00:00,1,1,0,1
IMG_006509,images/IMG_006509.jpg,2023-10-05 02:00:00,4,0,0,0
IMG_006510,images/IMG_006510.jpg,2023-10-05 03:00:00,4,0,0,0
IMG_006511,images/IMG_006511.png,2023-07-09 09:00:00,1,1,0,1
IMG_006512,images/IMG_006512.png,2023-08-04 22:00:00,2,2,0,1
IMG_006513,images/IMG_006513.png,2023-08-04 23:00:00,2,1,0,1
IMG_006514,images/IMG_006514.jpg,2023-11-27 05:00:00,5,0,2,0
IMG_006515,images/IMG_006515.jpg,2023-10-05 04:00:00,4,0,0,0
IMG_006516,images/IMG_006516.png,2023-11-27 06:00:00,5,3,3,1
IMG_006517,images/IMG_006517.png,2023-08-05 00:00:00,2,2,0,1
IMG_006518,images/IMG_006518.png,2023-11-27 07:00:00,5,0,2,0
IMG_006519,images/IMG_006519.png,2023-11-27 08:00:00,5,3,3,1
IMG_006520,images/IMG_006520.jpg,2023-08-05 01:00:00,2,2,0,1
IMG_006521,images/IMG_006521.png,2023-11-27 09:00:00,5,1,1,1
IMG_006522,images/IMG_006522.png,2023-11-27 10:00:00,5,3,3,1
IMG_006523,images/IMG_006523.png,2023-11-27 11:00:00,5,0,2,0
IMG_006524,images/IMG_006524.jpg,2023-09-03 22:00:00,3,2,0,1
IMG_006525,images/IMG_006525.jpg,2023-10-05 05:00:00,4,0,0,0
IMG_006526,images/IMG_006526.png,2023-07-09 10:00:00,1,1,0,1
IMG_006527,images/IMG_006527.jpg,2023-10-05 06:00:00,4,0,0,0
IMG_006528,images/IMG_006528.jpg,2023-10-05 07:00:00,4,0,0,0
IMG_006529,images/IMG_006529.jpg,2023-10-05 08:00:00,4,0,0,0
IMG_006530,images/IMG_006530.jpg,2023-10-05 09:00:00,4,0,0,0
IMG_006531,images/IMG_006531.png,2023-09-03 23:00:00,3,2,0,1
IMG_006532,images/IMG_006532.png,2023-11-27 12:00:00,5,1,1,1
IMG_006533,images/IMG_006533.png,2023-11-27 13:00:00,5,3,3,1
IMG_006534,images/IMG_006534.png,2023-08-05 02:00:00,2,1,0,1
IMG_006535,images/IMG_006535.jpg,2023-11-27 14:00:00,5,0,2,0
IMG_006536,images/IMG_006536.png,2023-11-27 15:00:00,5,3,3,1
IMG_006537,images/IMG_006537.png,2023-09-04 00:00:00,3,2,0,1
IMG_006538,images/IMG_006538.png,2023-08-05 03:00:00,2,0,0,0
IMG_006539,images/IMG_006539.jpg,2023-10-05 10:00:00,4,0,0,0
IMG_006540,images/IMG_006540.jpg,2023-08-05 04:00:00,2,2,0,1
IMG_006541,images/IMG_006541.png,2023-09-04 01:00:00,3,2,0,1
IMG_006542,images/IMG_006542.png,2023-11-27 16:00:00,5,0,2,0
IMG_006543,images/IMG_006543.jpg,2023-10-05 11:00:00,4,0,0,0
IMG_006544,images/IMG_006544.jpg,2023-11-27 17:00:00,5,0,2,0
IMG_006545,images/IMG_006545.png,2023-09-04 02:00:00,3,2,0,1
IMG_006546,images/IMG_006546.png,2023-07-09 11:00:00,1,1,0,1
IMG_006547,images/IMG_006547.png,2023-09-04 03:00:00,3,2,0,1
IMG_006548,images/IMG_006548.jpg,2023-10-05 12:00:00,4,0,0,0
IMG_006549,images/IMG_006549.jpg,2023-08-05 05:00:00,2,2,0,1
IMG_006550,images/IMG_006550.png,2023-07-09 12:00:00,1,0,0,0
IMG_006551,images/IMG_006551.png,2023-11-27 18:00:00,5,3,3,1
IMG_006552,images/IMG_006552.png,2023-07-09 13:00:00,1,1,0,1
IMG_006553,images/IMG_006553.jpg,2023-10-05 13:00:00,4,0,0,0
IMG_006554,images/IMG_006554.png,2023-08-05 06:00:00,2,1,0,1
IMG_006555,images/IMG_006555.png,2023-11-27 19:00:00,5,0,2,0
IMG_006556,images/IMG_006556.png,2023-09-04 04:00:00,3,0,0,0
IMG_006557,images/IMG_006557.jpg,2023-11-27 20:00:00,5,0,2,0
IMG_006558,images/IMG_006558.png,2023-11-27 21:00:00,5,1,1,1
IMG_006559,images/IMG_006559.jpg,2023-08-05 07:00:00,2,2,0,1
IMG_006560,images/IMG_006560.png,2023-08-05 08:00:00,2,2,0,1
IMG_006561,images/IMG_006561.png,2023-11-27 22:00:00,5,3,3,1
IMG_006562,images/IMG_006562.png,2023-08-05 09:00:00,2,2,0,1
IMG_006563,images/IMG_006563.jpg,2023-09-04 05:00:00,3,2,0,1
IMG_006564,images/IMG_006564.png,2023-08-05 10:00:00,2,2,0,1
IMG_006565,images/IMG_006565.png,2023-11-27 23:00:00,5,1,1,1
IMG_006566,images/IMG_006566.png,2023-08-05 11:00:00,2,0,0,0
IMG_006567,images/IMG_006567.png,2023-11-28 00:00:00,5,1,1,1
IMG_006568,images/IMG_006568.jpg,2023-11-28 01:00:00,5,0,2,0
IMG_006569,images/IMG_006569.jpg,2023-10-05 14:00:00,4,0,0,0
IMG_006570,images/IMG_006570.png,2023-09-04 06:00:00,3,0,0,0
IMG_006571,images/IMG_006571.png,2023-11-28 02:00:00,5,0,2,0
IMG_006572,images/IMG_006572.png,2023-06-10 01:00:00,0,0,0,0
IMG_006573,images/IMG_006573.png,2023-06-10 02:00:00,0,0,0,0
IMG_006574,images/IMG_006574.jpg,2023-11-28 03:00:00,5,0,2,0
IMG_006575,images/IMG_006575.png,2023-09-04 07:00:00,3,2,0,1
IMG_006576,images/IMG_006576.jpg,2023-10-05 15:00:00,4,0,0,0
IMG_006577,images/IMG_006577.jpg,2023-09-04 08:00:00,3,2,0,1
IMG_006578,images/IMG_006578.png,2023-11-28 04:00:00,5,0,2,0
IMG_006579,images/IMG_006579.jpg,2023-09-04 09:00:00,3,2,0,1
IMG_006580,images/IMG_006580.jpg,2023-10-05 16:00:00,4,0,0,0
IMG_006581,images/IMG_006581.png,2023-07-09 14:00:00,1,0,0,0
IMG_006582,images/IMG_006582.png,2023-08-05 12:00:00,2,2,0,1
IMG_006583,images/IMG_006583.png,2023-11-28 05:00:00,5,3,3,1
IMG_006584,images/IMG_006584.png,2023-09-04 10:00:00,3,2,0,1
IMG_006585,images/IMG_006585.png,2023-09-04 11:00:00,3,2,0,1
IMG_006586,images/IMG_006586.jpg,2023-10-05 17:00:00,4,0,0,0
IMG_006587,images/IMG_006587.jpg,2023-11-28 06:00:00,5,0,2,0
IMG_006588,images/IMG_006588.jpg,2023-10-05 18:00:00,4,0,0,0
IMG_006589,images/IMG_006589.jpg,2023-09-04 12:00:00,3,2,0,1
IMG_006590,images/IMG_006590.png,2023-11-28 07:00:00,5,0,2,0
IMG_006591,images/IMG_006591.jpg,2023-08-05 13:00:00,2,2,0,1
IMG_006592,images/IMG_006592.png,2023-09-04 13:00:00,3,2,0,1
IMG_006593,images/IMG_006593.jpg,2023-11-28 08:00:00,5,0,2,0
IMG_006594,images/IMG_006594.png,2023-11-28 09:00:00,5,3,3,1
IMG_006595,images/IMG_006595.png,2023-06-10 03:00:00,0,0,0,0
IMG_006596,images/IMG_006596.png,2023-09-04 14:00:00,3,0,0,0
IMG_006597,images/IMG_006597.jpg,2023-10-05 19:00:00,4,0,0,0
IMG_006598,images/IMG_006598.png,2023-08-05 14:00:00,2,0,0,0
IMG_006599,images/IMG_006599.jpg,2023-10-05 20:00:00,4,0,0,0
IMG_006600,images/IMG_006600.jpg,2023-10-05 21:00:00,4,0,0,0
IMG_006601,images/IMG_006601.png,2023-11-28 10:00:00,5,1,1,1
IMG_006602,images/IMG_006602.jpg,2023-08-05 15:00:00,2,2,0,1
IMG_006603,images/IMG_006603.png,2023-09-04 15:00:00,3,0,0,0
IMG_006604,images/IMG_006604.jpg,2023-10-05 22:00:00,4,0,0,0
IMG_006605,images/IMG_006605.jpg,2023-10-05 23:00:00,4,0,0,0
IMG_006606,images/IMG_006606.jpg,2023-09-04 16:00:00,3,2,0,1
IMG_006607,images/IMG_006607.jpg,2023-10-06 00:00:00,4,0,0,0
IMG_006608,images/IMG_006608.png,2023-09-04 17:00:00,3,2,0,1
IMG_006609,images/IMG_006609.png,2023-06-10 04:00:00,0,0,0,0
IMG_006610,images/IMG_006610.jpg,2023-10-06 01:00:00,4,0,0,0
IMG_006611,images/IMG_006611.jpg,2023-10-06 02:00:00,4,0,0,0
IMG_006612,images/IMG_006612.jpg,2023-11-28 11:00:00,5,0,2,0
IMG_006613,images/IMG_006613.png,2023-09-04 18:00:00,3,2,0,1
IMG_006614,images/IMG_006614.png,2023-08-05 16:00:00,2,0,0,0
IMG_006615,images/IMG_006615.jpg,2023-08-05 17:00:00,2,2,0,1
IMG_006616,images/IMG_006616.jpg,2023-11-28 12:00:00,5,0,2,0
IMG_006617,images/IMG_006617.png,2023-11-28 13:00:00,5,0,2,0
IMG_006618,images/IMG_006618.png,2023-08-05 18:00:00,2,1,0,1
IMG_006619,images/IMG_006619.png,2023-11-28 14:00:00,5,0,2,0
IMG_006620,images/IMG_006620.jpg,2023-10-06 03:00:00,4,0,0,0
IMG_006621,images/IMG_006621.png,2023-11-28 15:00:00,5,3,3,1
IMG_006622,images/IMG_006622.png,2023-07-09 15:00:00,1,1,0,1
IMG_006623,images/IMG_006623.jpg,2023-08-05 19:00:00,2,2,0,1
IMG_006624,images/IMG_006624.jpg,2023-10-06 04:00:00,4,0,0,0
IMG_006625,images/IMG_006625.jpg,2023-10-06 05:00:00,4,0,0,0
IMG_006626,images/IMG_006626.jpg,2023-08-05 20:00:00,2,2,0,1
IMG_006627,images/IMG_006627.png,2023-11-28 16:00:00,5,0,2,0
IMG_006628,images/IMG_006628.png,2023-08-05 21:00:00,2,2,0,1
IMG_006629,images/IMG_006629.jpg,2023-09-04 19:00:00,3,2,0,1
IMG_006630,images/IMG_006630.png,2023-11-28 17:00:00,5,3,3,1
IMG_006631,images/IMG_006631.png,2023-11-28 18:00:00,5,3,3,1
IMG_006632,images/IMG_006632.jpg,2023-09-04 20:00:00,3,2,0,1
IMG_006633,images/IMG_006633.jpg,2023-10-06 06:00:00,4,0,0,0
IMG_006634,images/IMG_006634.png,2023-08-05 22:00:00,2,0,0,0
IMG_006635,images/IMG_006635.jpg,2023-11-28 19:00:00,5,0,2,0
IMG_006636,images/IMG_006636.png,2023-09-04 21:00:00,3,0,0,0
IMG_006637,images/IMG_006637.jpg,2023-11-28 20:00:00,5,0,2,0
IMG_006638,images/IMG_006638.png,2023-11-28 21:00:00,5,3,3,1
IMG_006639,images/IMG_006639.jpg,2023-11-28 22:00:00,5,0,2,0
IMG_006640,images/IMG_006640.png,2023-11-28 23:00:00,5,3,3,1
IMG_006641,images/IMG_006641.jpg,2023-11-29 00:00:00,5,0,2,0
IMG_006642,images/IMG_006642.jpg,2023-11-29 01:00:00,5,0,2,0
IMG_006643,images/IMG_006643.png,2023-11-29 02:00:00,5,1,1,1
IMG_006644,images/IMG_006644.jpg,2023-09-04 22:00:00,3,2,0,1
IMG_006645,images/IMG_006645.jpg,2023-10-06 07:00:00,4,0,0,0
IMG_006646,images/IMG_006646.png,2023-11-29 03:00:00,5,1,1,1
IMG_006647,images/IMG_006647.jpg,2023-08-05 23:00:00,2,0,0,0
IMG_006648,images/IMG_006648.jpg,2023-11-29 04:00:00,5,0,2,0
IMG_006649,images/IMG_006649.png,2023-09-04 23:00:00,3,2,0,1
IMG_006650,images/IMG_006650.png,2023-11-29 05:00:00,5,0,2,0
IMG_006651,images/IMG_006651.png,2023-09-05 00:00:00,3,2,0,1
IMG_006652,images/IMG_006652.jpg,2023-11-29 06:00:00,5,0,2,0
IMG_006653,images/IMG_006653.jpg,2023-09-05 01:00:00,3,0,0,0
IMG_006654,images/IMG_006654.png,2023-11-29 07:00:00,5,3,3,1
IMG_006655,images/IMG_006655.jpg,2023-11-29 08:00:00,5,0,2,0
IMG_006656,images/IMG_006656.jpg,2023-10-06 08:00:00,4,0,0,0
IMG_006657,images/IMG_006657.jpg,2023-10-06 09:00:00,4,0,0,0
IMG_006658,images/IMG_006658.png,2023-08-06 00:00:00,2,0,0,0
IMG_006659,images/IMG_006659.jpg,2023-11-29 09:00:00,5,0,2,0
IMG_006660,images/IMG_006660.jpg,2023-10-06 10:00:00,4,0,0,0
IMG_006661,images/IMG_006661.png,2023-10-21 02:00:00,5,3,3,1
IMG_006662,images/IMG_006662.png,2023-08-06 01:00:00,2,1,0,1
IMG_006663,images/IMG_006663.jpg,2023-10-21 03:00:00,5,0,2,0
IMG_006664,images/IMG_006664.jpg,2023-10-21 04:00:00,5,0,2,0
IMG_006665,images/IMG_006665.png,2023-08-06 02:00:00,2,2,0,1
IMG_006666,images/IMG_006666.png,2023-09-05 02:00:00,3,1,0,1
IMG_006667,images/IMG_006667.png,2023-09-05 03:00:00,3,0,0,0
IMG_006668,images/IMG_006668.jpg,2023-10-21 05:00:00,5,0,2,0
IMG_006669,images/IMG_006669.jpg,2023-10-21 06:00:00,5,0,2,0
IMG_006670,images/IMG_006670.png,2023-10-21 07:00:00,5,1,1,1
IMG_006671,images/IMG_006671.jpg,2023-06-10 05:00:00,0,0,0,0
IMG_006672,images/IMG_006672.png,2023-10-21 08:00:00,5,3,3,1
IMG_006673,images/IMG_006673.jpg,2023-08-06 03:00:00,2,0,0,0
IMG_006674,images/IMG_006674.jpg,2023-10-21 09:00:00,5,0,2,0
IMG_006675,images/IMG_006675.png,2023-08-06 04:00:00,2,1,0,1
IMG_006676,images/IMG_006676.jpg,2023-10-06 11:00:00,4,0,0,0
IMG_006677,images/IMG_006677.jpg,2023-10-06 12:00:00,4,0,0,0
IMG_006678,images/IMG_006678.png,2023-06-10 06:00:00,0,0,0,0
IMG_006679,images/IMG_006679.png,2023-06-10 07:00:00,0,0,0,0
IMG_006680,images/IMG_006680.jpg,2023-10-06 13:00:00,4,0,0,0
IMG_006681,images/IMG_006681.png,2023-08-06 05:00:00,2,1,0,1
IMG_006682,images/IMG_006682.jpg,2023-10-06 14:00:00,4,0,0,0
IMG_006683,images/IMG_006683.jpg,2023-09-05 04:00:00,3,0,0,0
IMG_006684,images/IMG_006684.jpg,2023-10-21 10:00:00,5,0,2,0
IMG_006685,images/IMG_006685.png,2023-10-21 11:00:00,5,3,3,1
IMG_006686,images/IMG_006686.png,2023-10-21 12:00:00,5,3,3,1
IMG_006687,images/IMG_006687.png,2023-10-21 13:00:00,5,0,2,0
IMG_006688,images/IMG_006688.jpg,2023-10-06 15:00:00,4,0,0,0
IMG_006689,images/IMG_006689.jpg,2023-09-05 05:00:00,3,2,0,1
IMG_006690,images/IMG_006690.png,2023-09-05 06:00:00,3,1,0,1
IMG_006691,images/IMG_006691.png,2023-08-06 06:00:00,2,2,0,1
IMG_006692,images/IMG_006692.png,2023-10-21 14:00:00,5,3,3,1
IMG_006693,images/IMG_006693.jpg,2023-10-06 16:00:00,4,0,0,0
IMG_006694,images/IMG_006694.png,2023-09-05 07:00:00,3,0,0,0
IMG_006695,images/IMG_006695.png,2023-10-21 15:00:00,5,1,1,1
IMG_006696,images/IMG_006696.jpg,2023-10-21 16:00:00,5,0,2,0
IMG_006697,images/IMG_006697.png,2023-09-05 08:00:00,3,2,0,1
IMG_006698,images/IMG_006698.png,2023-09-05 09:00:00,3,2,0,1
IMG_006699,images/IMG_006699.png,2023-10-21 17:00:00,5,3,3,1
IMG_006700,images/IMG_006700.png,2023-10-21 18:00:00,5,3,3,1
IMG_006701,images/IMG_006701.jpg,2023-08-06 07:00:00,2,2,0,1
IMG_006702,images/IMG_006702.png,2023-07-09 16:00:00,1,0,0,0
IMG_006703,images/IMG_006703.png,2023-08-06 08:00:00,2,2,0,1
IMG_006704,images/IMG_006704.jpg,2023-10-06 17:00:00,4,0,0,0
IMG_006705,images/IMG_006705.png,2023-08-06 09:00:00,2,2,0,1
IMG_006706,images/IMG_006706.jpg,2023-09-05 10:00:00,3,2,0,1
IMG_006707,images/IMG_006707.png,2023-08-06 10:00:00,2,2,0,1
IMG_006708,images/IMG_006708.jpg,2023-10-06 18:00:00,4,0,0,0
IMG_006709,images/IMG_006709.png,2023-07-09 17:00:00,1,0,0,0
IMG_006710,images/IMG_006710.png,2023-10-21 19:00:00,5,3,3,1
IMG_006711,images/IMG_006711.png,2023-10-21 20:00:00,5,3,3,1
IMG_006712,images/IMG_006712.jpg,2023-10-06 19:00:00,4,0,0,0
IMG_006713,images/IMG_006713.jpg,2023-10-06 20:00:00,4,0,0,0
IMG_006714,images/IMG_006714.jpg,2023-09-05 11:00:00,3,0,0,0
IMG_006715,images/IMG_006715.jpg,2023-10-21 21:00:00,5,0,2,0
IMG_006716,images/IMG_006716.jpg,2023-07-09 18:00:00,1,0,0,0
IMG_006717,images/IMG_006717.jpg,2023-10-06 21:00:00,4,0,0,0
IMG_006718,images/IMG_006718.jpg,2023-10-21 22:00:00,5,0,2,0
IMG_006719,images/IMG_006719.jpg,2023-09-05 12:00:00,3,2,0,1
IMG_006720,images/IMG_006720.png,2023-10-21 23:00:00,5,0,2,0
IMG_006721,images/IMG_006721.jpg,2023-10-22 00:00:00,5,0,2,0
IMG_006722,images/IMG_006722.jpg,2023-10-22 01:00:00,5,0,2,0
IMG_006723,images/IMG_006723.jpg,2023-10-06 22:00:00,4,0,0,0
IMG_006724,images/IMG_006724.png,2023-10-22 02:00:00,5,0,2,0
IMG_006725,images/IMG_006725.png,2023-09-05 13:00:00,3,1,0,1
IMG_006726,images/IMG_006726.jpg,2023-07-09 19:00:00,1,0,0,0
IMG_006727,images/IMG_006727.png,2023-08-06 11:00:00,2,2,0,1
IMG_006728,images/IMG_006728.jpg,2023-10-06 23:00:00,4,0,0,0
IMG_006729,images/IMG_006729.jpg,2023-10-22 03:00:00,5,0,2,0
IMG_006730,images/IMG_006730.jpg,2023-08-06 12:00:00,2,2,0,1
IMG_006731,images/IMG_006731.jpg,2023-10-07 00:00:00,4,0,0,0
IMG_006732,images/IMG_006732.png,2023-07-09 20:00:00,1,1,0,1
IMG_006733,images/IMG_006733.jpg,2023-10-22 04:00:00,5,0,2,0
IMG_006734,images/IMG_006734.png,2023-10-22 05:00:00,5,0,2,0
IMG_006735,images/IMG_006735.png,2023-10-22 06:00:00,5,1,1,1
IMG_006736,images/IMG_006736.jpg,2023-10-07 01:00:00,4,0,0,0
IMG_006737,images/IMG_006737.jpg,2023-06-10 08:00:00,0,0,0,0
IMG_006738,images/IMG_006738.png,2023-10-22 07:00:00,5,0,2,0
IMG_006739,images/IMG_006739.jpg,2023-10-22 08:00:00,5,0,2,0
IMG_006740,images/IMG_006740.png,2023-09-05 14:00:00,3,2,0,1
IMG_006741,images/IMG_006741.png,2023-09-05 15:00:00,3,2,0,1
IMG_006742,images/IMG_006742.png,2023-10-22 09:00:00,5,1,1,1
IMG_006743,images/IMG_006743.jpg,2023-10-22 10:00:00,5,0,2,0
IMG_006744,images/IMG_006744.jpg,2023-10-07 02:00:00,4,0,0,0
IMG_006745,images/IMG_006745.png,2023-10-22 11:00:00,5,3,3,1
IMG_006746,images/IMG_006746.png,2023-09-05 16:00:00,3,0,0,0
IMG_006747,images/IMG_006747.jpg,2023-10-22 12:00:00,5,0,2,0
IMG_006748,images/IMG_006748.jpg,2023-08-06 13:00:00,2,2,0,1
IMG_006749,images/IMG_006749.png,2023-10-22 13:00:00,5,0,2,0
IMG_006750,images/IMG_006750.jpg,2023-10-07 03:00:00,4,0,0,0
IMG_006751,images/IMG_006751.png,2023-07-09 21:00:00,1,0,0,0
IMG_006752,images/IMG_006752.png,2023-08-06 14:00:00,2,1,0,1
IMG_006753,images/IMG_006753.png,2023-10-22 14:00:00,5,0,2,0
IMG_006754,images/IMG_006754.png,2023-08-06 15:00:00,2,2,0,1
IMG_006755,images/IMG_006755.png,2023-09-05 17:00:00,3,0,0,0
IMG_006756,images/IMG_006756.jpg,2023-10-22 15:00:00,5,0,2,0
IMG_006757,images/IMG_006757.png,2023-09-05 18:00:00,3,2,0,1
IMG_006758,images/IMG_006758.png,2023-10-22 16:00:00,5,1,1,1
IMG_006759,images/IMG_006759.png,2023-10-22 17:00:00,5,3,3,1
IMG_006760,images/IMG_006760.png,2023-07-09 22:00:00,1,1,0,1
IMG_006761,images/IMG_006761.jpg,2023-09-05 19:00:00,3,2,0,1
IMG_006762,images/IMG_006762.jpg,2023-10-22 18:00:00,5,0,2,0
IMG_006763,images/IMG_006763.png,2023-10-22 19:00:00,5,3,3,1
IMG_006764,images/IMG_006764.png,2023-09-05 20:00:00,3,2,0,1
IMG_006765,images/IMG_006765.png,2023-09-05 21:00:00,3,0,0,0
IMG_006766,images/IMG_006766.jpg,2023-08-06 16:00:00,2,2,0,1
IMG_006767,images/IMG_006767.jpg,2023-10-07 04:00:00,4,0,0,0
IMG_006768,images/IMG_006768.jpg,2023-10-07 05:00:00,4,0,0,0
IMG_006769,images/IMG_006769.png,2023-08-06 17:00:00,2,0,0,0
IMG_006770,images/IMG_006770.png,2023-07-09 23:00:00,1,1,0,1
IMG_006771,images/IMG_006771.png,2023-10-22 20:00:00,5,1,1,1
IMG_006772,images/IMG_006772.png,2023-07-10 00:00:00,1,0,0,0
IMG_006773,images/IMG_006773.jpg,2023-10-22 21:00:00,5,0,2,0
IMG_006774,images/IMG_006774.png,2023-10-22 22:00:00,5,1,1,1
IMG_006775,images/IMG_006775.jpg,2023-09-05 22:00:00,3,2,0,1
IMG_006776,images/IMG_006776.png,2023-10-22 23:00:00,5,3,3,1
IMG_006777,images/IMG_006777.png,2023-10-23 00:00:00,5,3,3,1
IMG_006778,images/IMG_006778.jpg,2023-10-23 01:00:00,5,0,2,0
IMG_006779,images/IMG_006779.png,2023-08-06 18:00:00,2,2,0,1
IMG_006780,images/IMG_006780.png,2023-09-05 23:00:00,3,2,0,1
IMG_006781,images/IMG_006781.png,2023-10-23 02:00:00,5,3,3,1
IMG_006782,images/IMG_006782.png,2023-10-23 03:00:00,5,3,3,1
IMG_006783,images/IMG_006783.png,2023-09-06 00:00:00,3,2,0,1
IMG_006784,images/IMG_006784.jpg,2023-08-06 19:00:00,2,0,0,0
IMG_006785,images/IMG_006785.png,2023-08-06 20:00:00,2,2,0,1
IMG_006786,images/IMG_006786.png,2023-08-06 21:00:00,2,1,0,1
IMG_006787,images/IMG_006787.png,2023-10-23 04:00:00,5,3,3,1
IMG_006788,images/IMG_006788.jpg,2023-10-07 06:00:00,4,0,0,0
IMG_006789,images/IMG_006789.jpg,2023-06-10 09:00:00,0,0,0,0
IMG_006790,images/IMG_006790.jpg,2023-10-23 05:00:00,5,0,2,0
IMG_006791,images/IMG_006791.jpg,2023-08-06 22:00:00,2,2,0,1
IMG_006792,images/IMG_006792.jpg,2023-10-07 07:00:00,4,0,0,0
IMG_006793,images/IMG_006793.jpg,2023-10-23 06:00:00,5,0,2,0
IMG_006794,images/IMG_006794.jpg,2023-10-23 07:00:00,5,0,2,0
IMG_006795,images/IMG_006795.jpg,2023-10-23 08:00:00,5,0,2,0
IMG_006796,images/IMG_006796.png,2023-08-06 23:00:00,2,2,0,1
IMG_006797,images/IMG_006797.png,2023-10-23 09:00:00,5,0,2,0
IMG_006798,images/IMG_006798.jpg,2023-10-23 10:00:00,5,0,2,0
IMG_006799,images/IMG_006799.png,2023-08-07 00:00:00,2,0,0,0
IMG_006800,images/IMG_006800.png,2023-08-07 01:00:00,2,0,0,0
IMG_006801,images/IMG_006801.png,2023-10-23 11:00:00,5,0,2,0
IMG_006802,images/IMG_006802.png,2023-10-23 12:00:00,5,3,3,1
IMG_006803,images/IMG_006803.jpg,2023-08-07 02:00:00,2,2,0,1
IMG_006804,images/IMG_006804.jpg,2023-10-23 13:00:00,5,0,2,0
IMG_006805,images/IMG_006805.jpg,2023-10-23 14:00:00,5,0,2,0
IMG_006806,images/IMG_006806.png,2023-10-23 15:00:00,5,0,2,0
IMG_006807,images/IMG_006807.jpg,2023-10-23 16:00:00,5,0,2,0
IMG_006808,images/IMG_006808.png,2023-08-07 03:00:00,2,0,0,0
IMG_006809,images/IMG_006809.png,2023-10-23 17:00:00,5,0,2,0
IMG_006810,images/IMG_006810.jpg,2023-10-07 08:00:00,4,0,0,0
IMG_006811,images/IMG_006811.jpg,2023-10-23 18:00:00,5,0,2,0
IMG_006812,images/IMG_006812.png,2023-10-23 19:00:00,5,1,1,1
IMG_006813,images/IMG_006813.png,2023-08-07 04:00:00,2,1,0,1
IMG_006814,images/IMG_006814.jpg,2023-10-23 20:00:00,5,0,2,0
IMG_006815,images/IMG_006815.png,2023-10-23 21:00:00,5,1,1,1
IMG_006816,images/IMG_006816.png,2023-10-23 22:00:00,5,0,2,0
IMG_006817,images/IMG_006817.png,2023-10-23 23:00:00,5,3,3,1
IMG_006818,images/IMG_006818.jpg,2023-10-24 00:00:00,5,0,2,0
IMG_006819,images/IMG_006819.jpg,2023-09-06 01:00:00,3,2,0,1
IMG_006820,images/IMG_006820.jpg,2023-10-07 09:00:00,4,0,0,0
IMG_006821,images/IMG_006821.jpg,2023-09-06 02:00:00,3,2,0,1
IMG_006822,images/IMG_006822.png,2023-10-24 01:00:00,5,3,3,1
IMG_006823,images/IMG_006823.png,2023-10-24 02:00:00,5,0,2,0
IMG_006824,images/IMG_006824.jpg,2023-07-10 01:00:00,1,0,0,0
IMG_006825,images/IMG_006825.jpg,2023-10-24 03:00:00,5,0,2,0
IMG_006826,images/IMG_006826.jpg,2023-10-24 04:00:00,5,0,2,0
IMG_006827,images/IMG_006827.png,2023-07-10 02:00:00,1,1,0,1
IMG_006828,images/IMG_006828.png,2023-10-24 05:00:00,5,3,3,1
IMG_006829,images/IMG_006829.jpg,2023-10-07 10:00:00,4,0,0,0
IMG_006830,images/IMG_006830.png,2023-07-10 03:00:00,1,1,0,1
IMG_006831,images/IMG_006831.jpg,2023-10-24 06:00:00,5,0,2,0
IMG_006832,images/IMG_006832.png,2023-09-06 03:00:00,3,1,0,1
IMG_006833,images/IMG_006833.png,2023-08-07 05:00:00,2,2,0,1
IMG_006834,images/IMG_006834.png,2023-08-07 06:00:00,2,2,0,1
IMG_006835,images/IMG_006835.jpg,2023-10-24 07:00:00,5,0,2,0
IMG_006836,images/IMG_006836.jpg,2023-10-24 08:00:00,5,0,2,0
IMG_006837,images/IMG_006837.png,2023-08-07 07:00:00,2,2,0,1
IMG_006838,images/IMG_006838.jpg,2023-10-24 09:00:00,5,0,2,0
IMG_006839,images/IMG_006839.jpg,2023-10-24 10:00:00,5,0,2,0
IMG_006840,images/IMG_006840.png,2023-10-24 11:00:00,5,0,2,0
IMG_006841,images/IMG_006841.jpg,2023-10-24 12:00:00,5,0,2,0
IMG_006842,images/IMG_006842.png,2023-08-07 08:00:00,2,1,0,1
IMG_006843,images/IMG_006843.jpg,2023-10-07 11:00:00,4,0,0,0
IMG_006844,images/IMG_006844.jpg,2023-08-07 09:00:00,2,0,0,0
IMG_006845,images/IMG_006845.jpg,2023-10-07 12:00:00,4,0,0,0
IMG_006846,images/IMG_006846.jpg,2023-08-07 10:00:00,2,2,0,1
IMG_006847,images/IMG_006847.png,2023-07-10 04:00:00,1,1,0,1
IMG_006848,images/IMG_006848.png,2023-09-06 04:00:00,3,1,0,1
IMG_006849,images/IMG_006849.jpg,2023-10-24 13:00:00,5,0,2,0
IMG_006850,images/IMG_006850.png,2023-10-24 14:00:00,5,3,3,1
IMG_006851,images/IMG_006851.png,2023-10-24 15:00:00,5,3,3,1
IMG_006852,images/IMG_006852.jpg,2023-06-10 10:00:00,0,0,0,0
IMG_006853,images/IMG_006853.jpg,2023-10-24 16:00:00,5,0,2,0
IMG_006854,images/IMG_006854.jpg,2023-10-07 13:00:00,4,0,0,0
IMG_006855,images/IMG_006855.jpg,2023-10-07 14:00:00,4,0,0,0
IMG_006856,images/IMG_006856.png,2023-08-07 11:00:00,2,2,0,1
IMG_006857,images/IMG_006857.png,2023-06-10 11:00:00,0,0,0,0
IMG_006858,images/IMG_006858.png,2023-07-10 05:00:00,1,1,0,1
IMG_006859,images/IMG_006859.png,2023-10-24 17:00:00,5,0,2,0
IMG_006860,images/IMG_006860.png,2023-07-10 06:00:00,1,1,0,1
IMG_006861,images/IMG_006861.png,2023-10-24 18:00:00,5,1,1,1
IMG_006862,images/IMG_006862.jpg,2023-10-07 15:00:00,4,0,0,0
IMG_006863,images/IMG_006863.jpg,2023-10-07 16:00:00,4,0,0,0
IMG_006864,images/IMG_006864.jpg,2023-10-24 19:00:00,5,0,2,0
IMG_006865,images/IMG_006865.png,2023-10-24 20:00:00,5,3,3,1
IMG_006866,images/IMG_006866.png,2023-09-06 05:00:00,3,2,0,1
IMG_006867,images/IMG_006867.png,2023-07-10 07:00:00,1,1,0,1
IMG_006868,images/IMG_006868.jpg,2023-10-24 21:00:00,5,0,2,0
IMG_006869,images/IMG_006869.png,2023-10-24 22:00:00,5,3,3,1
IMG_006870,images/IMG_006870.png,2023-10-24 23:00:00,5,0,2,0
IMG_006871,images/IMG_006871.jpg,2023-10-07 17:00:00,4,0,0,0
IMG_006872,images/IMG_006872.jpg,2023-10-25 00:00:00,5,0,2,0
IMG_006873,images/IMG_006873.png,2023-10-25 01:00:00,5,3,3,1
IMG_006874,images/IMG_006874.jpg,2023-10-07 18:00:00,4,0,0,0
IMG_006875,images/IMG_006875.png,2023-08-07 12:00:00,2,1,0,1
IMG_006876,images/IMG_006876.png,2023-10-25 02:00:00,5,0,2,0
IMG_006877,images/IMG_006877.png,2023-06-10 12:00:00,0,0,0,0
IMG_006878,images/IMG_006878.png,2023-07-10 08:00:00,1,0,0,0
IMG_006879,images/IMG_006879.png,2023-10-25 03:00:00,5,1,1,1
IMG_006880,images/IMG_006880.png,2023-10-25 04:00:00,5,3,3,1
IMG_006881,images/IMG_006881.png,2023-09-06 06:00:00,3,1,0,1
IMG_006882,images/IMG_006882.jpg,2023-10-07 19:00:00,4,0,0,0
IMG_006883,images/IMG_006883.png,2023-10-25 05:00:00,5,1,1,1
IMG_006884,images/IMG_006884.jpg,2023-08-07 13:00:00,2,2,0,1
IMG_006885,images/IMG_006885.png,2023-08-07 14:00:00,2,0,0,0
IMG_006886,images/IMG_006886.png,2023-08-07 15:00:00,2,0,0,0
IMG_006887,images/IMG_006887.png,2023-09-06 07:00:00,3,2,0,1
IMG_006888,images/IMG_006888.png,2023-10-25 06:00:00,5,3,3,1
IMG_006889,images/IMG_006889.jpg,2023-10-25 07:00:00,5,0,2,0
IMG_006890,images/IMG_006890.png,2023-10-25 08:00:00,5,0,2,0
IMG_006891,images/IMG_006891.png,2023-06-10 13:00:00,0,0,0,0
IMG_006892,images/IMG_006892.jpg,2023-10-07 20:00:00,4,0,0,0
IMG_006893,images/IMG_006893.png,2023-08-07 16:00:00,2,2,0,1
IMG_006894,images/IMG_006894.png,2023-10-25 09:00:00,5,1,1,1
IMG_006895,images/IMG_006895.jpg,2023-08-07 17:00:00,2,0,0,0
IMG_006896,images/IMG_006896.png,2023-10-25 10:00:00,5,1,1,1
IMG_006897,images/IMG_006897.png,2023-09-06 08:00:00,3,2,0,1
IMG_006898,images/IMG_006898.png,2023-09-06 09:00:00,3,2,0,1
IMG_006899,images/IMG_006899.jpg,2023-10-07 21:00:00,4,0,0,0
IMG_006900,images/IMG_006900.jpg,2023-10-25 11:00:00,5,0,2,0
IMG_006901,images/IMG_006901.jpg,2023-10-25 12:00:00,5,0,2,0
IMG_006902,images/IMG_006902.png,2023-10-25 13:00:00,5,0,2,0
IMG_006903,images/IMG_006903.png,2023-06-10 14:00:00,0,0,0,0
IMG_006904,images/IMG_006904.png,2023-09-06 10:00:00,3,2,0,1
IMG_006905,images/IMG_006905.png,2023-10-25 14:00:00,5,3,3,1
IMG_006906,images/IMG_006906.png,2023-09-06 11:00:00,3,2,0,1
IMG_006907,images/IMG_006907.png,2023-10-25 15:00:00,5,3,3,1
IMG_006908,images/IMG_006908.jpg,2023-10-07 22:00:00,4,0,0,0
IMG_006909,images/IMG_006909.png,2023-10-25 16:00:00,5,3,3,1
IMG_006910,images/IMG_006910.png,2023-09-06 12:00:00,3,1,0,1
IMG_006911,images/IMG_006911.png,2023-10-25 17:00:00,5,1,1,1
IMG_006912,images/IMG_006912.png,2023-08-07 18:00:00,2,1,0,1
IMG_006913,images/IMG_006913.png,2023-10-25 18:00:00,5,1,1,1
IMG_006914,images/IMG_006914.jpg,2023-09-06 13:00:00,3,2,0,1
IMG_006915,images/IMG_006915.jpg,2023-10-25 19:00:00,5,0,2,0
IMG_006916,images/IMG_006916.png,2023-09-06 14:00:00,3,1,0,1
IMG_006917,images/IMG_006917.jpg,2023-10-25 20:00:00,5,0,2,0
IMG_006918,images/IMG_006918.jpg,2023-10-25 21:00:00,5,0,2,0
IMG_006919,images/IMG_006919.png,2023-08-07 19:00:00,2,1,0,1
IMG_006920,images/IMG_006920.jpg,2023-10-25 22:00:00,5,0,2,0
IMG_006921,images/IMG_006921.jpg,2023-09-06 15:00:00,3,2,0,1
IMG_006922,images/IMG_006922.png,2023-10-25 23:00:00,5,3,3,1
IMG_006923,images/IMG_006923.png,2023-09-06 16:00:00,3,2,0,1
IMG_006924,images/IMG_006924.png,2023-10-26 00:00:00,5,3,3,1
IMG_006925,images/IMG_006925.jpg,2023-10-26 01:00:00,5,0,2,0
IMG_006926,images/IMG_006926.jpg,2023-10-26 02:00:00,5,0,2,0
IMG_006927,images/IMG_006927.jpg,2023-10-07 23:00:00,4,0,0,0
IMG_006928,images/IMG_006928.jpg,2023-10-08 00:00:00,4,0,0,0
IMG_006929,images/IMG_006929.jpg,2023-10-08 01:00:00,4,0,0,0
IMG_006930,images/IMG_006930.jpg,2023-07-10 09:00:00,1,0,0,0
IMG_006931,images/IMG_006931.jpg,2023-10-08 02:00:00,4,0,0,0
IMG_006932,images/IMG_006932.jpg,2023-07-10 10:00:00,1,0,0,0
IMG_006933,images/IMG_006933.png,2023-10-26 03:00:00,5,1,1,1
IMG_006934,images/IMG_006934.png,2023-08-07 20:00:00,2,0,0,0
IMG_006935,images/IMG_006935.png,2023-10-26 04:00:00,5,3,3,1
IMG_006936,images/IMG_006936.png,2023-10-26 05:00:00,5,3,3,1
IMG_006937,images/IMG_006937.jpg,2023-10-08 03:00:00,4,0,0,0
IMG_006938,images/IMG_006938.jpg,2023-10-08 04:00:00,4,0,0,0
IMG_006939,images/IMG_006939.png,2023-09-06 17:00:00,3,2,0,1
IMG_006940,images/IMG_006940.png,2023-10-26 06:00:00,5,0,2,0
IMG_006941,images/IMG_006941.jpg,2023-10-08 05:00:00,4,0,0,0
IMG_006942,images/IMG_006942.jpg,2023-08-07 21:00:00,2,2,0,1
IMG_006943,images/IMG_006943.png,2023-09-06 18:00:00,3,2,0,1
IMG_006944,images/IMG_006944.png,2023-10-26 07:00:00,5,3,3,1
IMG_006945,images/IMG_006945.jpg,2023-10-08 06:00:00,4,0,0,0
IMG_006946,images/IMG_006946.png,2023-09-06 19:00:00,3,0,0,0
IMG_006947,images/IMG_006947.jpg,2023-08-07 22:00:00,2,2,0,1
IMG_006948,images/IMG_006948.png,2023-08-07 23:00:00,2,0,0,0
IMG_006949,images/IMG_006949.jpg,2023-10-08 07:00:00,4,0,0,0
IMG_006950,images/IMG_006950.png,2023-08-08 00:00:00,2,2,0,1
IMG_006951,images/IMG_006951.jpg,2023-10-08 08:00:00,4,0,0,0
IMG_006952,images/IMG_006952.png,2023-10-26 08:00:00,5,0,2,0
IMG_006953,images/IMG_006953.png,2023-07-10 11:00:00,1,0,0,0
IMG_006954,images/IMG_006954.jpg,2023-10-26 09:00:00,5,0,2,0
IMG_006955,images/IMG_006955.png,2023-07-10 12:00:00,1,0,0,0
IMG_006956,images/IMG_006956.png,2023-09-06 20:00:00,3,1,0,1
IMG_006957,images/IMG_006957.png,2023-09-06 21:00:00,3,2,0,1
IMG_006958,images/IMG_006958.png,2023-09-06 22:00:00,3,2,0,1
IMG_006959,images/IMG_006959.jpg,2023-10-08 09:00:00,4,0,0,0
IMG_006960,images/IMG_006960.jpg,2023-10-08 10:00:00,4,0,0,0
IMG_006961,images/IMG_006961.jpg,2023-06-10 15:00:00,0,0,0,0
IMG_006962,images/IMG_006962.png,2023-10-26 10:00:00,5,3,3,1
IMG_006963,images/IMG_006963.png,2023-08-08 01:00:00,2,1,0,1
IMG_006964,images/IMG_006964.png,2023-08-08 02:00:00,2,0,0,0
IMG_006965,images/IMG_006965.jpg,2023-08-08 03:00:00,2,2,0,1
IMG_006966,images/IMG_006966.png,2023-10-26 11:00:00,5,3,3,1
IMG_006967,images/IMG_006967.png,2023-06-10 16:00:00,0,0,0,0
IMG_006968,images/IMG_006968.png,2023-07-10 13:00:00,1,1,0,1
IMG_006969,images/IMG_006969.jpg,2023-10-08 11:00:00,4,0,0,0
IMG_006970,images/IMG_006970.jpg,2023-10-08 12:00:00,4,0,0,0
IMG_006971,images/IMG_006971.jpg,2023-10-26 12:00:00,5,0,2,0
IMG_006972,images/IMG_006972.jpg,2023-10-26 13:00:00,5,0,2,0
IMG_006973,images/IMG_006973.jpg,2023-09-06 23:00:00,3,2,0,1
IMG_006974,images/IMG_006974.jpg,2023-07-10 14:00:00,1,0,0,0
IMG_006975,images/IMG_006975.jpg,2023-10-08 13:00:00,4,0,0,0
IMG_006976,images/IMG_006976.png,2023-10-26 14:00:00,5,3,3,1
IMG_006977,images/IMG_006977.jpg,2023-10-08 14:00:00,4,0,0,0
IMG_006978,images/IMG_006978.png,2023-10-26 15:00:00,5,1,1,1
IMG_006979,images/IMG_006979.jpg,2023-10-08 15:00:00,4,0,0,0
IMG_006980,images/IMG_006980.jpg,2023-09-07 00:00:00,3,2,0,1
IMG_006981,images/IMG_006981.jpg,2023-10-26 16:00:00,5,0,2,0
IMG_006982,images/IMG_006982.jpg,2023-10-26 17:00:00,5,0,2,0
IMG_006983,images/IMG_006983.jpg,2023-10-26 18:00:00,5,0,2,0
IMG_006984,images/IMG_006984.png,2023-07-10 15:00:00,1,1,0,1
IMG_006985,images/IMG_006985.jpg,2023-09-07 01:00:00,3,0,0,0
IMG_006986,images/IMG_006986.png,2023-07-10 16:00:00,1,1,0,1
IMG_006987,images/IMG_006987.png,2023-08-08 04:00:00,2,1,0,1
IMG_006988,images/IMG_006988.png,2023-09-07 02:00:00,3,2,0,1
IMG_006989,images/IMG_006989.png,2023-08-08 05:00:00,2,0,0,0
IMG_006990,images/IMG_006990.jpg,2023-10-26 19:00:00,5,0,2,0
IMG_006991,images/IMG_006991.png,2023-09-07 03:00:00,3,1,0,1
IMG_006992,images/IMG_006992.png,2023-08-08 06:00:00,2,1,0,1
IMG_006993,images/IMG_006993.jpg,2023-10-08 16:00:00,4,0,0,0
IMG_006994,images/IMG_006994.jpg,2023-06-10 17:00:00,0,0,0,0
IMG_006995,images/IMG_006995.jpg,2023-07-10 17:00:00,1,0,0,0
IMG_006996,images/IMG_006996.png,2023-08-08 07:00:00,2,1,0,1
IMG_006997,images/IMG_006997.jpg,2023-08-08 08:00:00,2,2,0,1
IMG_006998,images/IMG_006998.png,2023-10-26 20:00:00,5,3,3,1
IMG_006999,images/IMG_006999.jpg,2023-10-08 17:00:00,4,0,0,0
IMG_007000,images/IMG_007000.png,2023-08-08 09:00:00,2,0,0,0
IMG_007001,images/IMG_007001.png,2023-08-08 10:00:00,2,1,0,1
IMG_007002,images/IMG_007002.png,2023-10-26 21:00:00,5,1,1,1
IMG_007003,images/IMG_007003.png,2023-07-10 18:00:00,1,0,0,0
IMG_007004,images/IMG_007004.png,2023-10-26 22:00:00,5,3,3,1
IMG_007005,images/IMG_007005.jpg,2023-10-26 23:00:00,5,0,2,0
IMG_007006,images/IMG_007006.png,2023-09-07 04:00:00,3,1,0,1
IMG_007007,images/IMG_007007.png,2023-10-27 00:00:00,5,3,3,1
IMG_007008,images/IMG_007008.jpg,2023-10-27 01:00:00,5,0,2,0
IMG_007009,images/IMG_007009.jpg,2023-10-27 02:00:00,5,0,2,0
IMG_007010,images/IMG_007010.png,2023-07-10 19:00:00,1,0,0,0
IMG_007011,images/IMG_007011.png,2023-08-08 11:00:00,2,0,0,0
IMG_007012,images/IMG_007012.jpg,2023-10-27 03:00:00,5,0,2,0
IMG_007013,images/IMG_007013.jpg,2023-10-08 18:00:00,4,0,0,0
IMG_007014,images/IMG_007014.png,2023-10-27 04:00:00,5,0,2,0
IMG_007015,images/IMG_007015.jpg,2023-10-08 19:00:00,4,0,0,0
IMG_007016,images/IMG_007016.png,2023-10-27 05:00:00,5,3,3,1
IMG_007017,images/IMG_007017.png,2023-10-27 06:00:00,5,3,3,1
IMG_007018,images/IMG_007018.png,2023-10-27 07:00:00,5,3,3,1
IMG_007019,images/IMG_007019.png,2023-10-27 08:00:00,5,3,3,1
IMG_007020,images/IMG_007020.jpg,2023-10-08 20:00:00,4,0,0,0
IMG_007021,images/IMG_007021.png,2023-09-07 05:00:00,3,1,0,1
IMG_007022,images/IMG_007022.jpg,2023-10-27 09:00:00,5,0,2,0
IMG_007023,images/IMG_007023.jpg,2023-10-27 10:00:00,5,0,2,0
IMG_007024,images/IMG_007024.jpg,2023-10-27 11:00:00,5,0,2,0
IMG_007025,images/IMG_007025.jpg,2023-09-07 06:00:00,3,0,0,0
IMG_007026,images/IMG_007026.jpg,2023-10-27 12:00:00,5,0,2,0
IMG_007027,images/IMG_007027.png,2023-07-10 20:00:00,1,0,0,0
IMG_007028,images/IMG_007028.jpg,2023-10-08 21:00:00,4,0,0,0
IMG_007029,images/IMG_007029.png,2023-09-07 07:00:00,3,2,0,1
IMG_007030,images/IMG_007030.jpg,2023-09-07 08:00:00,3,2,0,1
IMG_007031,images/IMG_007031.png,2023-08-08 12:00:00,2,2,0,1
IMG_007032,images/IMG_007032.png,2023-08-08 13:00:00,2,1,0,1
IMG_007033,images/IMG_007033.png,2023-10-27 13:00:00,5,0,2,0
IMG_007034,images/IMG_007034.png,2023-10-27 14:00:00,5,0,2,0
IMG_007035,images/IMG_007035.png,2023-09-07 09:00:00,3,2,0,1
IMG_007036,images/IMG_007036.png,2023-08-08 14:00:00,2,0,0,0
IMG_007037,images/IMG_007037.png,2023-07-10 21:00:00,1,0,0,0
IMG_007038,images/IMG_007038.jpg,2023-10-27 15:00:00,5,0,2,0
IMG_007039,images/IMG_007039.jpg,2023-08-08 15:00:00,2,2,0,1
IMG_007040,images/IMG_007040.png,2023-10-27 16:00:00,5,3,3,1
IMG_007041,images/IMG_007041.png,2023-10-27 17:00:00,5,3,3,1
IMG_007042,images/IMG_007042.png,2023-09-07 10:00:00,3,1,0,1
IMG_007043,images/IMG_007043.jpg,2023-10-08 22:00:00,4,0,0,0
IMG_007044,images/IMG_007044.jpg,2023-10-27 18:00:00,5,0,2,0
IMG_007045,images/IMG_007045.png,2023-09-07 11:00:00,3,1,0,1
IMG_007046,images/IMG_007046.png,2023-10-27 19:00:00,5,1,1,1
IMG_007047,images/IMG_007047.jpg,2023-10-08 23:00:00,4,0,0,0
IMG_007048,images/IMG_007048.jpg,2023-10-27 20:00:00,5,0,2,0
IMG_007049,images/IMG_007049.jpg,2023-06-10 18:00:00,0,0,0,0
IMG_007050,images/IMG_007050.png,2023-10-27 21:00:00,5,0,2,0
IMG_007051,images/IMG_007051.jpg,2023-08-08 16:00:00,2,2,0,1
IMG_007052,images/IMG_007052.jpg,2023-10-09 00:00:00,4,0,0,0
IMG_007053,images/IMG_007053.png,2023-08-08 17:00:00,2,1,0,1
IMG_007054,images/IMG_007054.png,2023-10-27 22:00:00,5,1,1,1
IMG_007055,images/IMG_007055.jpg,2023-10-27 23:00:00,5,0,2,0
IMG_007056,images/IMG_007056.png,2023-10-28 00:00:00,5,0,2,0
IMG_007057,images/IMG_007057.png,2023-08-08 18:00:00,2,2,0,1
IMG_007058,images/IMG_007058.jpg,2023-10-09 01:00:00,4,0,0,0
IMG_007059,images/IMG_007059.jpg,2023-10-09 02:00:00,4,0,0,0
IMG_007060,images/IMG_007060.jpg,2023-10-28 01:00:00,5,0,2,0
IMG_007061,images/IMG_007061.jpg,2023-10-09 03:00:00,4,0,0,0
IMG_007062,images/IMG_007062.png,2023-10-28 02:00:00,5,1,1,1
IMG_007063,images/IMG_007063.png,2023-08-08 19:00:00,2,2,0,1
IMG_007064,images/IMG_007064.png,2023-10-28 03:00:00,5,1,1,1
IMG_007065,images/IMG_007065.jpg,2023-10-09 04:00:00,4,0,0,0
IMG_007066,images/IMG_007066.png,2023-10-28 04:00:00,5,0,2,0
IMG_007067,images/IMG_007067.jpg,2023-10-28 05:00:00,5,0,2,0
IMG_007068,images/IMG_007068.jpg,2023-10-28 06:00:00,5,0,2,0
IMG_007069,images/IMG_007069.jpg,2023-10-09 05:00:00,4,0,0,0
IMG_007070,images/IMG_007070.png,2023-10-28 07:00:00,5,0,2,0
IMG_007071,images/IMG_007071.jpg,2023-10-28 08:00:00,5,0,2,0
IMG_007072,images/IMG_007072.jpg,2023-07-10 22:00:00,1,0,0,0
IMG_007073,images/IMG_007073.jpg,2023-09-07 12:00:00,3,2,0,1
IMG_007074,images/IMG_007074.jpg,2023-10-09 06:00:00,4,0,0,0
IMG_007075,images/IMG_007075.png,2023-10-28 09:00:00,5,3,3,1
IMG_007076,images/IMG_007076.png,2023-10-28 10:00:00,5,1,1,1
IMG_007077,images/IMG_007077.png,2023-08-08 20:00:00,2,1,0,1
IMG_007078,images/IMG_007078.jpg,2023-10-09 07:00:00,4,0,0,0
IMG_007079,images/IMG_007079.png,2023-10-28 11:00:00,5,3,3,1
IMG_007080,images/IMG_007080.jpg,2023-10-09 08:00:00,4,0,0,0
IMG_007081,images/IMG_007081.jpg,2023-10-09 09:00:00,4,0,0,0
IMG_007082,images/IMG_007082.jpg,2023-10-09 10:00:00,4,0,0,0
IMG_007083,images/IMG_007083.jpg,2023-10-28 12:00:00,5,0,2,0
IMG_007084,images/IMG_007084.png,2023-10-28 13:00:00,5,3,3,1
IMG_007085,images/IMG_007085.jpg,2023-10-28 14:00:00,5,0,2,0
IMG_007086,images/IMG_007086.jpg,2023-09-07 13:00:00,3,2,0,1
IMG_007087,images/IMG_007087.jpg,2023-10-09 11:00:00,4,0,0,0
IMG_007088,images/IMG_007088.jpg,2023-10-28 15:00:00,5,0,2,0
IMG_007089,images/IMG_007089.jpg,2023-10-09 12:00:00,4,0,0,0
IMG_007090,images/IMG_007090.png,2023-08-08 21:00:00,2,1,0,1
IMG_007091,images/IMG_007091.png,2023-10-28 16:00:00,5,3,3,1
IMG_007092,images/IMG_007092.jpg,2023-10-09 13:00:00,4,0,0,0
IMG_007093,images/IMG_007093.png,2023-08-08 22:00:00,2,2,0,1
IMG_007094,images/IMG_007094.png,2023-07-10 23:00:00,1,0,0,0
IMG_007095,images/IMG_007095.png,2023-10-28 17:00:00,5,1,1,1
IMG_007096,images/IMG_007096.jpg,2023-10-28 18:00:00,5,0,2,0
IMG_007097,images/IMG_007097.png,2023-09-07 14:00:00,3,2,0,1
IMG_007098,images/IMG_007098.jpg,2023-10-28 19:00:00,5,0,2,0
IMG_007099,images/IMG_007099.jpg,2023-10-28 20:00:00,5,0,2,0
IMG_007100,images/IMG_007100.jpg,2023-10-09 14:00:00,4,0,0,0
IMG_007101,images/IMG_007101.jpg,2023-09-07 15:00:00,3,2,0,1
IMG_007102,images/IMG_007102.png,2023-06-10 19:00:00,0,0,0,0
IMG_007103,images/IMG_007103.jpg,2023-09-07 16:00:00,3,2,0,1
IMG_007104,images/IMG_007104.png,2023-10-28 21:00:00,5,0,2,0
IMG_007105,images/IMG_007105.png,2023-09-07 17:00:00,3,0,0,0
IMG_007106,images/IMG_007106.png,2023-08-08 23:00:00,2,2,0,1
IMG_007107,images/IMG_007107.png,2023-09-07 18:00:00,3,2,0,1
IMG_007108,images/IMG_007108.png,2023-08-09 00:00:00,2,2,0,1
IMG_007109,images/IMG_007109.jpg,2023-10-28 22:00:00,5,0,2,0
IMG_007110,images/IMG_007110.jpg,2023-10-28 23:00:00,5,0,2,0
IMG_007111,images/IMG_007111.png,2023-09-07 19:00:00,3,2,0,1
IMG_007112,images/IMG_007112.png,2023-07-11 00:00:00,1,1,0,1
IMG_007113,images/IMG_007113.jpg,2023-10-29 00:00:00,5,0,2,0
IMG_007114,images/IMG_007114.jpg,2023-10-09 15:00:00,4,0,0,0
IMG_007115,images/IMG_007115.jpg,2023-10-29 01:00:00,5,0,2,0
IMG_007116,images/IMG_007116.png,2023-08-09 01:00:00,2,1,0,1
IMG_007117,images/IMG_007117.png,2023-07-11 01:00:00,1,1,0,1
IMG_007118,images/IMG_007118.png,2023-10-29 02:00:00,5,0,2,0
IMG_007119,images/IMG_007119.jpg,2023-08-09 02:00:00,2,2,0,1
IMG_007120,images/IMG_007120.png,2023-10-29 03:00:00,5,3,3,1
IMG_007121,images/IMG_007121.jpg,2023-10-29 04:00:00,5,0,2,0
IMG_007122,images/IMG_007122.jpg,2023-08-09 03:00:00,2,0,0,0
IMG_007123,images/IMG_007123.jpg,2023-09-07 20:00:00,3,2,0,1
IMG_007124,images/IMG_007124.png,2023-09-07 21:00:00,3,1,0,1
IMG_007125,images/IMG_007125.jpg,2023-10-29 05:00:00,5,0,2,0
IMG_007126,images/IMG_007126.jpg,2023-10-09 16:00:00,4,0,0,0
IMG_007127,images/IMG_007127.jpg,2023-10-29 06:00:00,5,0,2,0
IMG_007128,images/IMG_007128.jpg,2023-10-29 07:00:00,5,0,2,0
IMG_007129,images/IMG_007129.jpg,2023-10-09 17:00:00,4,0,0,0
IMG_007130,images/IMG_007130.jpg,2023-08-09 04:00:00,2,2,0,1
IMG_007131,images/IMG_007131.jpg,2023-10-29 08:00:00,5,0,2,0
IMG_007132,images/IMG_007132.jpg,2023-10-29 09:00:00,5,0,2,0
IMG_007133,images/IMG_007133.jpg,2023-09-07 22:00:00,3,2,0,1
IMG_007134,images/IMG_007134.jpg,2023-10-09 18:00:00,4,0,0,0
IMG_007135,images/IMG_007135.png,2023-09-07 23:00:00,3,2,0,1
IMG_007136,images/IMG_007136.png,2023-10-29 10:00:00,5,0,2,0
IMG_007137,images/IMG_007137.png,2023-10-29 11:00:00,5,1,1,1
IMG_007138,images/IMG_007138.png,2023-10-29 12:00:00,5,0,2,0
IMG_007139,images/IMG_007139.png,2023-10-29 13:00:00,5,3,3,1
IMG_007140,images/IMG_007140.png,2023-10-29 14:00:00,5,3,3,1
IMG_007141,images/IMG_007141.png,2023-09-08 00:00:00,3,2,0,1
IMG_007142,images/IMG_007142.jpg,2023-10-29 15:00:00,5,0,2,0
IMG_007143,images/IMG_007143.png,2023-10-29 16:00:00,5,0,2,0
IMG_007144,images/IMG_007144.jpg,2023-10-29 17:00:00,5,0,2,0
IMG_007145,images/IMG_007145.png,2023-09-08 01:00:00,3,1,0,1
IMG_007146,images/IMG_007146.png,2023-10-29 18:00:00,5,3,3,1
IMG_007147,images/IMG_007147.jpg,2023-10-29 19:00:00,5,0,2,0
IMG_007148,images/IMG_007148.jpg,2023-10-29 20:00:00,5,0,2,0
IMG_007149,images/IMG_007149.jpg,2023-10-09 19:00:00,4,0,0,0
IMG_007150,images/IMG_007150.png,2023-08-09 05:00:00,2,2,0,1
IMG_007151,images/IMG_007151.png,2023-09-08 02:00:00,3,2,0,1
IMG_007152,images/IMG_007152.png,2023-09-08 03:00:00,3,1,0,1
IMG_007153,images/IMG_007153.jpg,2023-10-29 21:00:00,5,0,2,0
IMG_007154,images/IMG_007154.png,2023-10-29 22:00:00,5,0,2,0
IMG_007155,images/IMG_007155.jpg,2023-10-09 20:00:00,4,0,0,0
IMG_007156,images/IMG_007156.png,2023-08-09 06:00:00,2,1,0,1
IMG_007157,images/IMG_007157.jpg,2023-08-09 07:00:00,2,2,0,1
IMG_007158,images/IMG_007158.jpg,2023-10-09 21:00:00,4,0,0,0
IMG_007159,images/IMG_007159.jpg,2023-10-29 23:00:00,5,0,2,0
IMG_007160,images/IMG_007160.jpg,2023-10-30 00:00:00,5,0,2,0
IMG_007161,images/IMG_007161.png,2023-10-30 01:00:00,5,1,1,1
IMG_007162,images/IMG_007162.jpg,2023-10-09 22:00:00,4,0,0,0
IMG_007163,images/IMG_007163.png,2023-09-08 04:00:00,3,2,0,1
IMG_007164,images/IMG_007164.png,2023-10-30 02:00:00,5,0,2,0
IMG_007165,images/IMG_007165.jpg,2023-10-09 23:00:00,4,0,0,0
IMG_007166,images/IMG_007166.png,2023-08-09 08:00:00,2,0,0,0
IMG_007167,images/IMG_007167.jpg,2023-10-30 03:00:00,5,0,2,0
IMG_007168,images/IMG_007168.png,2023-10-30 04:00:00,5,0,2,0
IMG_007169,images/IMG_007169.jpg,2023-10-30 05:00:00,5,0,2,0
IMG_007170,images/IMG_007170.jpg,2023-10-10 00:00:00,4,0,0,0
IMG_007171,images/IMG_007171.png,2023-08-09 09:00:00,2,1,0,1
IMG_007172,images/IMG_007172.jpg,2023-10-10 01:00:00,4,0,0,0
IMG_007173,images/IMG_007173.png,2023-09-08 05:00:00,3,2,0,1
IMG_007174,images/IMG_007174.jpg,2023-10-10 02:00:00,4,0,0,0
IMG_007175,images/IMG_007175.png,2023-10-30 06:00:00,5,3,3,1
IMG_007176,images/IMG_007176.jpg,2023-08-09 10:00:00,2,2,0,1
IMG_007177,images/IMG_007177.jpg,2023-10-10 03:00:00,4,0,0,0
IMG_007178,images/IMG_007178.png,2023-10-30 07:00:00,5,3,3,1
IMG_007179,images/IMG_007179.jpg,2023-10-10 04:00:00,4,0,0,0
IMG_007180,images/IMG_007180.jpg,2023-06-10 20:00:00,0,0,0,0
IMG_007181,images/IMG_007181.jpg,2023-10-30 08:00:00,5,0,2,0
IMG_007182,images/IMG_007182.jpg,2023-10-10 05:00:00,4,0,0,0
IMG_007183,images/IMG_007183.png,2023-09-08 06:00:00,3,2,0,1
IMG_007184,images/IMG_007184.png,2023-08-09 11:00:00,2,1,0,1
IMG_007185,images/IMG_007185.jpg,2023-10-10 06:00:00,4,0,0,0
IMG_007186,images/IMG_007186.jpg,2023-10-10 07:00:00,4,0,0,0
IMG_007187,images/IMG_007187.png,2023-10-30 09:00:00,5,0,2,0
IMG_007188,images/IMG_007188.jpg,2023-10-10 08:00:00,4,0,0,0
IMG_007189,images/IMG_007189.png,2023-10-30 10:00:00,5,3,3,1
IMG_007190,images/IMG_007190.png,2023-08-09 12:00:00,2,2,0,1
IMG_007191,images/IMG_007191.jpg,2023-09-08 07:00:00,3,2,0,1
IMG_007192,images/IMG_007192.jpg,2023-09-08 08:00:00,3,2,0,1
IMG_007193,images/IMG_007193.png,2023-09-08 09:00:00,3,2,0,1
IMG_007194,images/IMG_007194.jpg,2023-09-08 10:00:00,3,2,0,1
IMG_007195,images/IMG_007195.png,2023-07-11 02:00:00,1,1,0,1
IMG_007196,images/IMG_007196.png,2023-10-30 11:00:00,5,1,1,1
IMG_007197,images/IMG_007197.png,2023-09-08 11:00:00,3,2,0,1
IMG_007198,images/IMG_007198.png,2023-07-11 03:00:00,1,0,0,0
IMG_007199,images/IMG_007199.png,2023-10-30 12:00:00,5,1,1,1
IMG_007200,images/IMG_007200.jpg,2023-10-10 09:00:00,4,0,0,0
IMG_007201,images/IMG_007201.jpg,2023-10-10 10:00:00,4,0,0,0
IMG_007202,images/IMG_007202.jpg,2023-08-09 13:00:00,2,2,0,1
IMG_007203,images/IMG_007203.jpg,2023-09-08 12:00:00,3,2,0,1
IMG_007204,images/IMG_007204.png,2023-10-30 13:00:00,5,3,3,1
IMG_007205,images/IMG_007205.png,2023-10-30 14:00:00,5,3,3,1
IMG_007206,images/IMG_007206.png,2023-08-09 14:00:00,2,2,0,1
IMG_007207,images/IMG_007207.jpg,2023-10-10 11:00:00,4,0,0,0
IMG_007208,images/IMG_007208.jpg,2023-10-10 12:00:00,4,0,0,0
IMG_007209,images/IMG_007209.png,2023-07-11 04:00:00,1,1,0,1
IMG_007210,images/IMG_007210.png,2023-10-30 15:00:00,5,0,2,0
IMG_007211,images/IMG_007211.png,2023-10-30 16:00:00,5,3,3,1
IMG_007212,images/IMG_007212.jpg,2023-10-10 13:00:00,4,0,0,0
IMG_007213,images/IMG_007213.jpg,2023-06-10 21:00:00,0,0,0,0
IMG_007214,images/IMG_007214.jpg,2023-10-10 14:00:00,4,0,0,0
IMG_007215,images/IMG_007215.png,2023-08-09 15:00:00,2,1,0,1
IMG_007216,images/IMG_007216.png,2023-09-08 13:00:00,3,2,0,1
IMG_007217,images/IMG_007217.jpg,2023-10-30 17:00:00,5,0,2,0
IMG_007218,images/IMG_007218.jpg,2023-10-10 15:00:00,4,0,0,0
IMG_007219,images/IMG_007219.jpg,2023-10-10 16:00:00,4,0,0,0
IMG_007220,images/IMG_007220.jpg,2023-10-10 17:00:00,4,0,0,0
IMG_007221,images/IMG_007221.jpg,2023-10-10 18:00:00,4,0,0,0
IMG_007222,images/IMG_007222.jpg,2023-08-09 16:00:00,2,2,0,1
IMG_007223,images/IMG_007223.png,2023-10-30 18:00:00,5,3,3,1
IMG_007224,images/IMG_007224.png,2023-08-09 17:00:00,2,2,0,1
IMG_007225,images/IMG_007225.png,2023-08-09 18:00:00,2,0,0,0
IMG_007226,images/IMG_007226.png,2023-10-30 19:00:00,5,1,1,1
IMG_007227,images/IMG_007227.jpg,2023-10-10 19:00:00,4,0,0,0
IMG_007228,images/IMG_007228.png,2023-07-11 05:00:00,1,0,0,0
IMG_007229,images/IMG_007229.png,2023-10-30 20:00:00,5,1,1,1
IMG_007230,images/IMG_007230.jpg,2023-10-10 20:00:00,4,0,0,0
IMG_007231,images/IMG_007231.jpg,2023-09-08 14:00:00,3,2,0,1
IMG_007232,images/IMG_007232.jpg,2023-10-10 21:00:00,4,0,0,0
IMG_007233,images/IMG_007233.jpg,2023-10-10 22:00:00,4,0,0,0
IMG_007234,images/IMG_007234.png,2023-10-30 21:00:00,5,1,1,1
IMG_007235,images/IMG_007235.png,2023-10-30 22:00:00,5,0,2,0
IMG_007236,images/IMG_007236.png,2023-07-11 06:00:00,1,0,0,0
IMG_007237,images/IMG_007237.jpg,2023-09-08 15:00:00,3,2,0,1
IMG_007238,images/IMG_007238.png,2023-10-30 23:00:00,5,1,1,1
IMG_007239,images/IMG_007239.png,2023-10-31 00:00:00,5,0,2,0
IMG_007240,images/IMG_007240.png,2023-09-08 16:00:00,3,1,0,1
IMG_007241,images/IMG_007241.png,2023-07-11 07:00:00,1,1,0,1
IMG_007242,images/IMG_007242.jpg,2023-10-10 23:00:00,4,0,0,0
IMG_007243,images/IMG_007243.png,2023-10-31 01:00:00,5,3,3,1
IMG_007244,images/IMG_007244.png,2023-10-31 02:00:00,5,0,2,0
IMG_007245,images/IMG_007245.png,2023-09-08 17:00:00,3,2,0,1
IMG_007246,images/IMG_007246.png,2023-08-09 19:00:00,2,1,0,1
IMG_007247,images/IMG_007247.jpg,2023-10-31 03:00:00,5,0,2,0
IMG_007248,images/IMG_007248.jpg,2023-10-11 00:00:00,4,0,0,0
IMG_007249,images/IMG_007249.png,2023-10-31 04:00:00,5,0,2,0
IMG_007250,images/IMG_007250.png,2023-07-11 08:00:00,1,1,0,1
IMG_007251,images/IMG_007251.jpg,2023-10-31 05:00:00,5,0,2,0
IMG_007252,images/IMG_007252.jpg,2023-10-11 01:00:00,4,0,0,0
IMG_007253,images/IMG_007253.png,2023-10-31 06:00:00,5,3,3,1
IMG_007254,images/IMG_007254.png,2023-08-09 20:00:00,2,0,0,0
IMG_007255,images/IMG_007255.jpg,2023-07-11 09:00:00,1,0,0,0
IMG_007256,images/IMG_007256.jpg,2023-10-11 02:00:00,4,0,0,0
IMG_007257,images/IMG_007257.jpg,2023-10-11 03:00:00,4,0,0,0
IMG_007258,images/IMG_007258.png,2023-09-08 18:00:00,3,1,0,1
IMG_007259,images/IMG_007259.png,2023-07-11 10:00:00,1,1,0,1
IMG_007260,images/IMG_007260.jpg,2023-09-08 19:00:00,3,2,0,1
IMG_007261,images/IMG_007261.jpg,2023-10-31 07:00:00,5,0,2,0
IMG_007262,images/IMG_007262.png,2023-10-31 08:00:00,5,0,2,0
IMG_007263,images/IMG_007263.png,2023-10-31 09:00:00,5,1,1,1
IMG_007264,images/IMG_007264.jpg,2023-10-11 04:00:00,4,0,0,0
IMG_007265,images/IMG_007265.png,2023-09-08 20:00:00,3,0,0,0
IMG_007266,images/IMG_007266.jpg,2023-09-08 21:00:00,3,2,0,1
IMG_007267,images/IMG_007267.png,2023-10-31 10:00:00,5,1,1,1
IMG_007268,images/IMG_007268.jpg,2023-10-11 05:00:00,4,0,0,0
IMG_007269,images/IMG_007269.png,2023-07-11 11:00:00,1,1,0,1
IMG_007270,images/IMG_007270.png,2023-09-08 22:00:00,3,0,0,0
IMG_007271,images/IMG_007271.png,2023-09-08 23:00:00,3,1,0,1
IMG_007272,images/IMG_007272.png,2023-08-09 21:00:00,2,2,0,1
IMG_007273,images/IMG_007273.png,2023-09-09 00:00:00,3,2,0,1
IMG_007274,images/IMG_007274.jpg,2023-09-09 01:00:00,3,0,0,0
IMG_007275,images/IMG_007275.png,2023-10-31 11:00:00,5,1,1,1
IMG_007276,images/IMG_007276.jpg,2023-09-09 02:00:00,3,0,0,0
IMG_007277,images/IMG_007277.jpg,2023-09-09 03:00:00,3,2,0,1
IMG_007278,images/IMG_007278.png,2023-06-10 22:00:00,0,0,0,0
IMG_007279,images/IMG_007279.png,2023-09-09 04:00:00,3,2,0,1
IMG_007280,images/IMG_007280.png,2023-08-09 22:00:00,2,2,0,1
IMG_007281,images/IMG_007281.png,2023-09-09 05:00:00,3,2,0,1
IMG_007282,images/IMG_007282.png,2023-08-09 23:00:00,2,1,0,1
IMG_007283,images/IMG_007283.jpg,2023-07-11 12:00:00,1,0,0,0
IMG_007284,images/IMG_007284.jpg,2023-10-11 06:00:00,4,0,0,0
IMG_007285,images/IMG_007285.jpg,2023-09-09 06:00:00,3,2,0,1
IMG_007286,images/IMG_007286.png,2023-07-11 13:00:00,1,1,0,1
IMG_007287,images/IMG_007287.jpg,2023-10-31 12:00:00,5,0,2,0
IMG_007288,images/IMG_007288.jpg,2023-10-31 13:00:00,5,0,2,0
IMG_007289,images/IMG_007289.png,2023-08-10 00:00:00,2,2,0,1
IMG_007290,images/IMG_007290.png,2023-10-31 14:00:00,5,0,2,0
IMG_007291,images/IMG_007291.jpg,2023-10-11 07:00:00,4,0,0,0
IMG_007292,images/IMG_007292.jpg,2023-08-10 01:00:00,2,2,0,1
IMG_007293,images/IMG_007293.png,2023-10-31 15:00:00,5,1,1,1
IMG_007294,images/IMG_007294.png,2023-10-31 16:00:00,5,1,1,1
IMG_007295,images/IMG_007295.jpg,2023-08-10 02:00:00,2,2,0,1
IMG_007296,images/IMG_007296.jpg,2023-10-31 17:00:00,5,0,2,0
IMG_007297,images/IMG_007297.png,2023-09-09 07:00:00,3,0,0,0
IMG_007298,images/IMG_007298.png,2023-08-10 03:00:00,2,2,0,1
IMG_007299,images/IMG_007299.png,2023-06-10 23:00:00,0,0,0,0
IMG_007300,images/IMG_007300.jpg,2023-10-31 18:00:00,5,0,2,0
IMG_007301,images/IMG_007301.png,2023-09-09 08:00:00,3,1,0,1
IMG_007302,images/IMG_007302.png,2023-07-11 14:00:00,1,1,0,1
IMG_007303,images/IMG_007303.jpg,2023-10-11 08:00:00,4,0,0,0
IMG_007304,images/IMG_007304.jpg,2023-08-10 04:00:00,2,0,0,0
IMG_007305,images/IMG_007305.png,2023-06-11 00:00:00,0,0,0,0
IMG_007306,images/IMG_007306.png,2023-10-31 19:00:00,5,0,2,0
IMG_007307,images/IMG_007307.jpg,2023-10-11 09:00:00,4,0,0,0
IMG_007308,images/IMG_007308.png,2023-09-09 09:00:00,3,2,0,1
IMG_007309,images/IMG_007309.jpg,2023-10-11 10:00:00,4,0,0,0
IMG_007310,images/IMG_007310.png,2023-08-10 05:00:00,2,2,0,1
IMG_007311,images/IMG_007311.png,2023-10-31 20:00:00,5,3,3,1
IMG_007312,images/IMG_007312.jpg,2023-09-09 10:00:00,3,2,0,1
IMG_007313,images/IMG_007313.jpg,2023-10-31 21:00:00,5,0,2,0
IMG_007314,images/IMG_007314.jpg,2023-10-31 22:00:00,5,0,2,0
IMG_007315,images/IMG_007315.png,2023-07-11 15:00:00,1,1,0,1
IMG_007316,images/IMG_007316.png,2023-10-31 23:00:00,5,0,2,0
IMG_007317,images/IMG_007317.jpg,2023-08-10 06:00:00,2,2,0,1
IMG_007318,images/IMG_007318.jpg,2023-11-01 00:00:00,5,0,2,0
IMG_007319,images/IMG_007319.png,2023-09-09 11:00:00,3,2,0,1
IMG_007320,images/IMG_007320.png,2023-07-11 16:00:00,1,1,0,1
IMG_007321,images/IMG_007321.jpg,2023-10-11 11:00:00,4,0,0,0
IMG_007322,images/IMG_007322.png,2023-07-11 17:00:00,1,1,0,1
IMG_007323,images/IMG_007323.jpg,2023-11-01 01:00:00,5,0,2,0
IMG_007324,images/IMG_007324.jpg,2023-10-11 12:00:00,4,0,0,0
IMG_007325,images/IMG_007325.jpg,2023-11-01 02:00:00,5,0,2,0
IMG_007326,images/IMG_007326.png,2023-07-11 18:00:00,1,0,0,0
IMG_007327,images/IMG_007327.jpg,2023-08-10 07:00:00,2,0,0,0
IMG_007328,images/IMG_007328.jpg,2023-08-10 08:00:00,2,2,0,1
IMG_007329,images/IMG_007329.png,2023-11-01 03:00:00,5,3,3,1
IMG_007330,images/IMG_007330.png,2023-08-10 09:00:00,2,2,0,1
IMG_007331,images/IMG_007331.png,2023-09-09 12:00:00,3,2,0,1
IMG_007332,images/IMG_007332.jpg,2023-10-11 13:00:00,4,0,0,0
IMG_007333,images/IMG_007333.jpg,2023-09-09 13:00:00,3,2,0,1
IMG_007334,images/IMG_007334.jpg,2023-10-11 14:00:00,4,0,0,0
IMG_007335,images/IMG_007335.jpg,2023-11-01 04:00:00,5,0,2,0
IMG_007336,images/IMG_007336.png,2023-11-01 05:00:00,5,0,2,0
IMG_007337,images/IMG_007337.png,2023-09-09 14:00:00,3,2,0,1
IMG_007338,images/IMG_007338.jpg,2023-08-10 10:00:00,2,2,0,1
IMG_007339,images/IMG_007339.png,2023-11-01 06:00:00,5,3,3,1
IMG_007340,images/IMG_007340.png,2023-11-01 07:00:00,5,3,3,1
IMG_007341,images/IMG_007341.png,2023-09-09 15:00:00,3,2,0,1
IMG_007342,images/IMG_007342.png,2023-11-01 08:00:00,5,3,3,1
IMG_007343,images/IMG_007343.jpg,2023-11-01 09:00:00,5,0,2,0
IMG_007344,images/IMG_007344.jpg,2023-11-01 10:00:00,5,0,2,0
IMG_007345,images/IMG_007345.jpg,2023-11-01 11:00:00,5,0,2,0
IMG_007346,images/IMG_007346.jpg,2023-09-09 16:00:00,3,0,0,0
IMG_007347,images/IMG_007347.png,2023-08-10 11:00:00,2,2,0,1
IMG_007348,images/IMG_007348.jpg,2023-10-11 15:00:00,4,0,0,0
IMG_007349,images/IMG_007349.jpg,2023-11-01 12:00:00,5,0,2,0
IMG_007350,images/IMG_007350.jpg,2023-08-10 12:00:00,2,0,0,0
IMG_007351,images/IMG_007351.jpg,2023-11-01 13:00:00,5,0,2,0
IMG_007352,images/IMG_007352.png,2023-09-09 17:00:00,3,2,0,1
IMG_007353,images/IMG_007353.png,2023-08-10 13:00:00,2,1,0,1
IMG_007354,images/IMG_007354.png,2023-11-01 14:00:00,5,0,2,0
IMG_007355,images/IMG_007355.jpg,2023-09-09 18:00:00,3,2,0,1
IMG_007356,images/IMG_007356.png,2023-08-10 14:00:00,2,2,0,1
IMG_007357,images/IMG_007357.png,2023-06-11 01:00:00,0,0,0,0
IMG_007358,images/IMG_007358.png,2023-09-09 19:00:00,3,2,0,1
IMG_007359,images/IMG_007359.png,2023-09-09 20:00:00,3,1,0,1
IMG_007360,images/IMG_007360.png,2023-11-01 15:00:00,5,0,2,0
IMG_007361,images/IMG_007361.jpg,2023-09-09 21:00:00,3,2,0,1
IMG_007362,images/IMG_007362.jpg,2023-11-01 16:00:00,5,0,2,0
IMG_007363,images/IMG_007363.png,2023-11-01 17:00:00,5,0,2,0
IMG_007364,images/IMG_007364.png,2023-09-09 22:00:00,3,2,0,1
IMG_007365,images/IMG_007365.png,2023-06-11 02:00:00,0,0,0,0
IMG_007366,images/IMG_007366.png,2023-11-01 18:00:00,5,3,3,1
IMG_007367,images/IMG_007367.jpg,2023-11-01 19:00:00,5,0,2,0
IMG_007368,images/IMG_007368.png,2023-08-10 15:00:00,2,2,0,1
IMG_007369,images/IMG_007369.jpg,2023-10-11 16:00:00,4,0,0,0
IMG_007370,images/IMG_007370.png,2023-11-01 20:00:00,5,0,2,0
IMG_007371,images/IMG_007371.jpg,2023-11-01 21:00:00,5,0,2,0
IMG_007372,images/IMG_007372.jpg,2023-11-01 22:00:00,5,0,2,0
IMG_007373,images/IMG_007373.jpg,2023-10-11 17:00:00,4,0,0,0
IMG_007374,images/IMG_007374.jpg,2023-11-01 23:00:00,5,0,2,0
IMG_007375,images/IMG_007375.jpg,2023-11-02 00:00:00,5,0,2,0
IMG_007376,images/IMG_007376.jpg,2023-10-11 18:00:00,4,0,0,0
IMG_007377,images/IMG_007377.png,2023-11-02 01:00:00,5,0,2,0
IMG_007378,images/IMG_007378.png,2023-09-09 23:00:00,3,2,0,1
IMG_007379,images/IMG_007379.jpg,2023-11-02 02:00:00,5,0,2,0
IMG_007380,images/IMG_007380.jpg,2023-09-10 00:00:00,3,2,0,1
IMG_007381,images/IMG_007381.jpg,2023-11-02 03:00:00,5,0,2,0
IMG_007382,images/IMG_007382.png,2023-07-11 19:00:00,1,1,0,1
IMG_007383,images/IMG_007383.png,2023-11-02 04:00:00,5,3,3,1
IMG_007384,images/IMG_007384.png,2023-09-10 01:00:00,3,1,0,1
IMG_007385,images/IMG_007385.jpg,2023-10-11 19:00:00,4,0,0,0
IMG_007386,images/IMG_007386.png,2023-09-10 02:00:00,3,2,0,1
IMG_007387,images/IMG_007387.jpg,2023-11-02 05:00:00,5,0,2,0
IMG_007388,images/IMG_007388.jpg,2023-08-10 16:00:00,2,2,0,1
IMG_007389,images/IMG_007389.png,2023-11-02 06:00:00,5,3,3,1
IMG_007390,images/IMG_007390.png,2023-11-02 07:00:00,5,3,3,1
IMG_007391,images/IMG_007391.jpg,2023-07-11 20:00:00,1,0,0,0
IMG_007392,images/IMG_007392.jpg,2023-10-11 20:00:00,4,0,0,0
IMG_007393,images/IMG_007393.jpg,2023-08-10 17:00:00,2,2,0,1
IMG_007394,images/IMG_007394.jpg,2023-08-10 18:00:00,2,2,0,1
IMG_007395,images/IMG_007395.jpg,2023-10-11 21:00:00,4,0,0,0
IMG_007396,images/IMG_007396.jpg,2023-10-11 22:00:00,4,0,0,0
IMG_007397,images/IMG_007397.png,2023-07-11 21:00:00,1,1,0,1
IMG_007398,images/IMG_007398.jpg,2023-08-10 19:00:00,2,2,0,1
IMG_007399,images/IMG_007399.png,2023-07-11 22:00:00,1,0,0,0
IMG_007400,images/IMG_007400.png,2023-09-10 03:00:00,3,2,0,1
IMG_007401,images/IMG_007401.jpg,2023-10-11 23:00:00,4,0,0,0
IMG_007402,images/IMG_007402.jpg,2023-09-10 04:00:00,3,2,0,1
IMG_007403,images/IMG_007403.png,2023-11-02 08:00:00,5,1,1,1
IMG_007404,images/IMG_007404.jpg,2023-09-10 05:00:00,3,2,0,1
IMG_007405,images/IMG_007405.png,2023-09-10 06:00:00,3,2,0,1
IMG_007406,images/IMG_007406.jpg,2023-11-02 09:00:00,5,0,2,0
IMG_007407,images/IMG_007407.jpg,2023-11-02 10:00:00,5,0,2,0
IMG_007408,images/IMG_007408.png,2023-08-10 20:00:00,2,2,0,1
IMG_007409,images/IMG_007409.jpg,2023-10-12 00:00:00,4,0,0,0
IMG_007410,images/IMG_007410.jpg,2023-08-10 21:00:00,2,2,0,1
IMG_007411,images/IMG_007411.png,2023-11-02 11:00:00,5,0,2,0
IMG_007412,images/IMG_007412.jpg,2023-11-02 12:00:00,5,0,2,0
IMG_007413,images/IMG_007413.png,2023-11-02 13:00:00,5,3,3,1
IMG_007414,images/IMG_007414.png,2023-08-10 22:00:00,2,2,0,1
IMG_007415,images/IMG_007415.png,2023-09-10 07:00:00,3,0,0,0
IMG_007416,images/IMG_007416.png,2023-11-02 14:00:00,5,0,2,0
IMG_007417,images/IMG_007417.png,2023-11-02 15:00:00,5,1,1,1
IMG_007418,images/IMG_007418.png,2023-08-10 23:00:00,2,2,0,1
IMG_007419,images/IMG_007419.png,2023-11-02 16:00:00,5,1,1,1
IMG_007420,images/IMG_007420.png,2023-06-11 03:00:00,0,0,0,0
IMG_007421,images/IMG_007421.jpg,2023-11-02 17:00:00,5,0,2,0
IMG_007422,images/IMG_007422.jpg,2023-11-02 18:00:00,5,0,2,0
IMG_007423,images/IMG_007423.jpg,2023-10-12 01:00:00,4,0,0,0
IMG_007424,images/IMG_007424.png,2023-07-11 23:00:00,1,0,0,0
IMG_007425,images/IMG_007425.png,2023-07-12 00:00:00,1,0,0,0
IMG_007426,images/IMG_007426.png,2023-11-02 19:00:00,5,0,2,0
IMG_007427,images/IMG_007427.png,2023-09-10 08:00:00,3,1,0,1
IMG_007428,images/IMG_007428.png,2023-09-10 09:00:00,3,2,0,1
IMG_007429,images/IMG_007429.jpg,2023-11-02 20:00:00,5,0,2,0
IMG_007430,images/IMG_007430.jpg,2023-10-12 02:00:00,4,0,0,0
IMG_007431,images/IMG_007431.png,2023-07-12 01:00:00,1,1,0,1
IMG_007432,images/IMG_007432.png,2023-08-11 00:00:00,2,1,0,1
IMG_007433,images/IMG_007433.png,2023-11-02 21:00:00,5,0,2,0
IMG_007434,images/IMG_007434.jpg,2023-11-02 22:00:00,5,0,2,0
IMG_007435,images/IMG_007435.png,2023-11-02 23:00:00,5,3,3,1
IMG_007436,images/IMG_007436.jpg,2023-08-11 01:00:00,2,2,0,1
IMG_007437,images/IMG_007437.png,2023-11-03 00:00:00,5,0,2,0
IMG_007438,images/IMG_007438.png,2023-08-11 02:00:00,2,2,0,1
IMG_007439,images/IMG_007439.jpg,2023-10-12 03:00:00,4,0,0,0
IMG_007440,images/IMG_007440.png,2023-08-11 03:00:00,2,2,0,1
IMG_007441,images/IMG_007441.png,2023-11-03 01:00:00,5,1,1,1
IMG_007442,images/IMG_007442.jpg,2023-11-03 02:00:00,5,0,2,0
IMG_007443,images/IMG_007443.jpg,2023-10-12 04:00:00,4,0,0,0
IMG_007444,images/IMG_007444.jpg,2023-10-12 05:00:00,4,0,0,0
IMG_007445,images/IMG_007445.jpg,2023-11-03 03:00:00,5,0,2,0
IMG_007446,images/IMG_007446.png,2023-07-12 02:00:00,1,0,0,0
IMG_007447,images/IMG_007447.jpg,2023-10-12 06:00:00,4,0,0,0
IMG_007448,images/IMG_007448.png,2023-11-03 04:00:00,5,1,1,1
IMG_007449,images/IMG_007449.png,2023-09-10 10:00:00,3,1,0,1
IMG_007450,images/IMG_007450.png,2023-08-11 04:00:00,2,2,0,1
IMG_007451,images/IMG_007451.png,2023-07-12 03:00:00,1,1,0,1
IMG_007452,images/IMG_007452.png,2023-11-03 05:00:00,5,0,2,0
IMG_007453,images/IMG_007453.jpg,2023-11-03 06:00:00,5,0,2,0
IMG_007454,images/IMG_007454.png,2023-09-10 11:00:00,3,2,0,1
IMG_007455,images/IMG_007455.jpg,2023-08-11 05:00:00,2,2,0,1
IMG_007456,images/IMG_007456.jpg,2023-11-03 07:00:00,5,0,2,0
IMG_007457,images/IMG_007457.png,2023-09-10 12:00:00,3,1,0,1
IMG_007458,images/IMG_007458.png,2023-09-10 13:00:00,3,1,0,1
IMG_007459,images/IMG_007459.png,2023-11-03 08:00:00,5,1,1,1
IMG_007460,images/IMG_007460.jpg,2023-09-10 14:00:00,3,2,0,1
IMG_007461,images/IMG_007461.png,2023-11-03 09:00:00,5,3,3,1
IMG_007462,images/IMG_007462.jpg,2023-10-12 07:00:00,4,0,0,0
IMG_007463,images/IMG_007463.png,2023-07-12 04:00:00,1,0,0,0
IMG_007464,images/IMG_007464.jpg,2023-10-12 08:00:00,4,0,0,0
IMG_007465,images/IMG_007465.jpg,2023-11-03 10:00:00,5,0,2,0
IMG_007466,images/IMG_007466.jpg,2023-10-12 09:00:00,4,0,0,0
IMG_007467,images/IMG_007467.png,2023-09-10 15:00:00,3,1,0,1
IMG_007468,images/IMG_007468.png,2023-07-12 05:00:00,1,1,0,1
IMG_007469,images/IMG_007469.jpg,2023-08-11 06:00:00,2,2,0,1
IMG_007470,images/IMG_007470.png,2023-08-11 07:00:00,2,0,0,0
IMG_007471,images/IMG_007471.jpg,2023-10-12 10:00:00,4,0,0,0
IMG_007472,images/IMG_007472.png,2023-09-10 16:00:00,3,2,0,1
IMG_007473,images/IMG_007473.jpg,2023-11-03 11:00:00,5,0,2,0
IMG_007474,images/IMG_007474.jpg,2023-11-03 12:00:00,5,0,2,0
IMG_007475,images/IMG_007475.jpg,2023-10-12 11:00:00,4,0,0,0
IMG_007476,images/IMG_007476.jpg,2023-11-03 13:00:00,5,0,2,0
IMG_007477,images/IMG_007477.jpg,2023-11-03 14:00:00,5,0,2,0
IMG_007478,images/IMG_007478.png,2023-11-03 15:00:00,5,1,1,1
IMG_007479,images/IMG_007479.jpg,2023-11-03 16:00:00,5,0,2,0
IMG_007480,images/IMG_007480.png,2023-11-03 17:00:00,5,3,3,1
IMG_007481,images/IMG_007481.png,2023-11-03 18:00:00,5,3,3,1
IMG_007482,images/IMG_007482.png,2023-11-03 19:00:00,5,1,1,1
IMG_007483,images/IMG_007483.png,2023-09-10 17:00:00,3,2,0,1
IMG_007484,images/IMG_007484.png,2023-11-03 20:00:00,5,1,1,1
IMG_007485,images/IMG_007485.png,2023-08-11 08:00:00,2,1,0,1
IMG_007486,images/IMG_007486.jpg,2023-11-03 21:00:00,5,0,2,0
IMG_007487,images/IMG_007487.jpg,2023-08-11 09:00:00,2,2,0,1
IMG_007488,images/IMG_007488.jpg,2023-09-10 18:00:00,3,2,0,1
IMG_007489,images/IMG_007489.png,2023-11-03 22:00:00,5,0,2,0
IMG_007490,images/IMG_007490.png,2023-08-11 10:00:00,2,2,0,1
IMG_007491,images/IMG_007491.jpg,2023-11-03 23:00:00,5,0,2,0
IMG_007492,images/IMG_007492.jpg,2023-08-11 11:00:00,2,2,0,1
IMG_007493,images/IMG_007493.jpg,2023-11-04 00:00:00,5,0,2,0
IMG_007494,images/IMG_007494.png,2023-11-04 01:00:00,5,1,1,1
IMG_007495,images/IMG_007495.png,2023-08-11 12:00:00,2,0,0,0
IMG_007496,images/IMG_007496.jpg,2023-08-11 13:00:00,2,0,0,0
IMG_007497,images/IMG_007497.jpg,2023-10-12 12:00:00,4,0,0,0
IMG_007498,images/IMG_007498.png,2023-08-11 14:00:00,2,2,0,1
IMG_007499,images/IMG_007499.jpg,2023-10-12 13:00:00,4,0,0,0
IMG_007500,images/IMG_007500.jpg,2023-11-04 02:00:00,5,0,2,0
IMG_007501,images/IMG_007501.jpg,2023-10-12 14:00:00,4,0,0,0
IMG_007502,images/IMG_007502.jpg,2023-11-04 03:00:00,5,0,2,0
IMG_007503,images/IMG_007503.png,2023-09-10 19:00:00,3,2,0,1
IMG_007504,images/IMG_007504.jpg,2023-10-12 15:00:00,4,0,0,0
IMG_007505,images/IMG_007505.jpg,2023-11-04 04:00:00,5,0,2,0
IMG_007506,images/IMG_007506.png,2023-07-12 06:00:00,1,0,0,0
IMG_007507,images/IMG_007507.png,2023-09-10 20:00:00,3,1,0,1
IMG_007508,images/IMG_007508.png,2023-09-10 21:00:00,3,1,0,1
IMG_007509,images/IMG_007509.jpg,2023-10-12 16:00:00,4,0,0,0
IMG_007510,images/IMG_007510.jpg,2023-09-10 22:00:00,3,2,0,1
IMG_007511,images/IMG_007511.jpg,2023-06-11 04:00:00,0,0,0,0
IMG_007512,images/IMG_007512.png,2023-11-04 05:00:00,5,3,3,1
IMG_007513,images/IMG_007513.jpg,2023-11-04 06:00:00,5,0,2,0
IMG_007514,images/IMG_007514.jpg,2023-07-12 07:00:00,1,0,0,0
IMG_007515,images/IMG_007515.png,2023-09-10 23:00:00,3,1,0,1
IMG_007516,images/IMG_007516.jpg,2023-11-04 07:00:00,5,0,2,0
IMG_007517,images/IMG_007517.png,2023-09-11 00:00:00,3,2,0,1
IMG_007518,images/IMG_007518.png,2023-07-12 08:00:00,1,0,0,0
IMG_007519,images/IMG_007519.png,2023-11-04 08:00:00,5,1,1,1
IMG_007520,images/IMG_007520.png,2023-11-04 09:00:00,5,3,3,1
IMG_007521,images/IMG_007521.jpg,2023-08-11 15:00:00,2,2,0,1
IMG_007522,images/IMG_007522.jpg,2023-09-11 01:00:00,3,2,0,1
IMG_007523,images/IMG_007523.jpg,2023-11-04 10:00:00,5,0,2,0
IMG_007524,images/IMG_007524.jpg,2023-10-12 17:00:00,4,0,0,0
IMG_007525,images/IMG_007525.png,2023-11-04 11:00:00,5,3,3,1
IMG_007526,images/IMG_007526.png,2023-11-04 12:00:00,5,1,1,1
IMG_007527,images/IMG_007527.jpg,2023-10-12 18:00:00,4,0,0,0
IMG_007528,images/IMG_007528.png,2023-11-04 13:00:00,5,1,1,1
IMG_007529,images/IMG_007529.jpg,2023-08-11 16:00:00,2,2,0,1
IMG_007530,images/IMG_007530.png,2023-07-12 09:00:00,1,1,0,1
IMG_007531,images/IMG_007531.jpg,2023-07-12 10:00:00,1,0,0,0
IMG_007532,images/IMG_007532.jpg,2023-10-12 19:00:00,4,0,0,0
IMG_007533,images/IMG_007533.png,2023-11-04 14:00:00,5,0,2,0
IMG_007534,images/IMG_007534.png,2023-11-04 15:00:00,5,1,1,1
IMG_007535,images/IMG_007535.jpg,2023-11-04 16:00:00,5,0,2,0
IMG_007536,images/IMG_007536.jpg,2023-09-11 02:00:00,3,2,0,1
IMG_007537,images/IMG_007537.png,2023-11-04 17:00:00,5,3,3,1
IMG_007538,images/IMG_007538.png,2023-09-11 03:00:00,3,0,0,0
IMG_007539,images/IMG_007539.png,2023-11-04 18:00:00,5,3,3,1
IMG_007540,images/IMG_007540.jpg,2023-10-12 20:00:00,4,0,0,0
IMG_007541,images/IMG_007541.jpg,2023-11-04 19:00:00,5,0,2,0
IMG_007542,images/IMG_007542.jpg,2023-10-12 21:00:00,4,0,0,0
IMG_007543,images/IMG_007543.png,2023-09-11 04:00:00,3,0,0,0
IMG_007544,images/IMG_007544.png,2023-11-04 20:00:00,5,3,3,1
IMG_007545,images/IMG_007545.jpg,2023-09-11 05:00:00,3,0,0,0
IMG_007546,images/IMG_007546.png,2023-11-04 21:00:00,5,0,2,0
IMG_007547,images/IMG_007547.jpg,2023-11-04 22:00:00,5,0,2,0
IMG_007548,images/IMG_007548.png,2023-11-04 23:00:00,5,1,1,1
IMG_007549,images/IMG_007549.jpg,2023-10-12 22:00:00,4,0,0,0
IMG_007550,images/IMG_007550.png,2023-07-12 11:00:00,1,1,0,1
IMG_007551,images/IMG_007551.png,2023-09-11 06:00:00,3,1,0,1
IMG_007552,images/IMG_007552.jpg,2023-08-11 17:00:00,2,2,0,1
IMG_007553,images/IMG_007553.png,2023-11-05 00:00:00,5,1,1,1
IMG_007554,images/IMG_007554.jpg,2023-11-05 01:00:00,5,0,2,0
IMG_007555,images/IMG_007555.jpg,2023-09-11 07:00:00,3,2,0,1
IMG_007556,images/IMG_007556.jpg,2023-11-05 02:00:00,5,0,2,0
IMG_007557,images/IMG_007557.png,2023-09-11 08:00:00,3,1,0,1
IMG_007558,images/IMG_007558.jpg,2023-10-12 23:00:00,4,0,0,0
IMG_007559,images/IMG_007559.png,2023-08-11 18:00:00,2,2,0,1
IMG_007560,images/IMG_007560.png,2023-11-05 03:00:00,5,0,2,0
IMG_007561,images/IMG_007561.jpg,2023-10-13 00:00:00,4,0,0,0
IMG_007562,images/IMG_007562.jpg,2023-10-13 01:00:00,4,0,0,0
IMG_007563,images/IMG_007563.png,2023-11-05 04:00:00,5,3,3,1
IMG_007564,images/IMG_007564.png,2023-11-05 05:00:00,5,1,1,1
IMG_007565,images/IMG_007565.jpg,2023-11-05 06:00:00,5,0,2,0
IMG_007566,images/IMG_007566.jpg,2023-10-13 02:00:00,4,0,0,0
IMG_007567,images/IMG_007567.png,2023-08-11 19:00:00,2,2,0,1
IMG_007568,images/IMG_007568.png,2023-08-11 20:00:00,2,1,0,1
IMG_007569,images/IMG_007569.png,2023-11-05 07:00:00,5,3,3,1
IMG_007570,images/IMG_007570.png,2023-07-12 12:00:00,1,0,0,0
IMG_007571,images/IMG_007571.jpg,2023-10-13 03:00:00,4,0,0,0
IMG_007572,images/IMG_007572.png,2023-11-05 08:00:00,5,3,3,1
IMG_007573,images/IMG_007573.jpg,2023-10-13 04:00:00,4,0,0,0
IMG_007574,images/IMG_007574.png,2023-11-05 09:00:00,5,3,3,1
IMG_007575,images/IMG_007575.jpg,2023-11-05 10:00:00,5,0,2,0
IMG_007576,images/IMG_007576.jpg,2023-11-05 11:00:00,5,0,2,0
IMG_007577,images/IMG_007577.jpg,2023-09-11 09:00:00,3,2,0,1
IMG_007578,images/IMG_007578.png,2023-11-05 12:00:00,5,3,3,1
IMG_007579,images/IMG_007579.png,2023-07-12 13:00:00,1,1,0,1
IMG_007580,images/IMG_007580.png,2023-06-11 05:00:00,0,0,0,0
IMG_007581,images/IMG_007581.jpg,2023-10-13 05:00:00,4,0,0,0
IMG_007582,images/IMG_007582.png,2023-08-11 21:00:00,2,0,0,0
IMG_007583,images/IMG_007583.png,2023-08-11 22:00:00,2,2,0,1
IMG_007584,images/IMG_007584.png,2023-11-05 13:00:00,5,3,3,1
IMG_007585,images/IMG_007585.png,2023-09-11 10:00:00,3,0,0,0
IMG_007586,images/IMG_007586.jpg,2023-11-05 14:00:00,5,0,2,0
IMG_007587,images/IMG_007587.png,2023-06-11 06:00:00,0,0,0,0
IMG_007588,images/IMG_007588.jpg,2023-10-13 06:00:00,4,0,0,0
IMG_007589,images/IMG_007589.jpg,2023-09-11 11:00:00,3,2,0,1
IMG_007590,images/IMG_007590.png,2023-09-11 12:00:00,3,1,0,1
IMG_007591,images/IMG_007591.png,2023-11-05 15:00:00,5,3,3,1
IMG_007592,images/IMG_007592.jpg,2023-10-13 07:00:00,4,0,0,0
IMG_007593,images/IMG_007593.png,2023-07-12 14:00:00,1,0,0,0
IMG_007594,images/IMG_007594.jpg,2023-11-05 16:00:00,5,0,2,0
IMG_007595,images/IMG_007595.jpg,2023-11-05 17:00:00,5,0,2,0
IMG_007596,images/IMG_007596.jpg,2023-10-13 08:00:00,4,0,0,0
IMG_007597,images/IMG_007597.jpg,2023-11-05 18:00:00,5,0,2,0
IMG_007598,images/IMG_007598.jpg,2023-11-05 19:00:00,5,0,2,0
IMG_007599,images/IMG_007599.png,2023-11-05 20:00:00,5,0,2,0
IMG_007600,images/IMG_007600.jpg,2023-10-13 09:00:00,4,0,0,0
IMG_007601,images/IMG_007601.jpg,2023-08-11 23:00:00,2,2,0,1
IMG_007602,images/IMG_007602.jpg,2023-10-13 10:00:00,4,0,0,0
IMG_007603,images/IMG_007603.jpg,2023-11-05 21:00:00,5,0,2,0
IMG_007604,images/IMG_007604.jpg,2023-08-12 00:00:00,2,2,0,1
IMG_007605,images/IMG_007605.png,2023-11-05 22:00:00,5,1,1,1
IMG_007606,images/IMG_007606.jpg,2023-08-12 01:00:00,2,2,0,1
IMG_007607,images/IMG_007607.jpg,2023-08-12 02:00:00,2,2,0,1
IMG_007608,images/IMG_007608.png,2023-09-11 13:00:00,3,2,0,1
IMG_007609,images/IMG_007609.jpg,2023-11-05 23:00:00,5,0,2,0
IMG_007610,images/IMG_007610.png,2023-07-12 15:00:00,1,1,0,1
IMG_007611,images/IMG_007611.png,2023-09-11 14:00:00,3,0,0,0
IMG_007612,images/IMG_007612.png,2023-11-06 00:00:00,5,3,3,1
IMG_007613,images/IMG_007613.png,2023-11-06 01:00:00,5,3,3,1
IMG_007614,images/IMG_007614.png,2023-08-12 03:00:00,2,0,0,0
IMG_007615,images/IMG_007615.png,2023-11-06 02:00:00,5,3,3,1
IMG_007616,images/IMG_007616.png,2023-11-06 03:00:00,5,1,1,1
IMG_007617,images/IMG_007617.jpg,2023-09-11 15:00:00,3,2,0,1
IMG_007618,images/IMG_007618.png,2023-08-12 04:00:00,2,2,0,1
IMG_007619,images/IMG_007619.png,2023-09-11 16:00:00,3,2,0,1
IMG_007620,images/IMG_007620.png,2023-09-11 17:00:00,3,1,0,1
IMG_007621,images/IMG_007621.png,2023-09-11 18:00:00,3,2,0,1
IMG_007622,images/IMG_007622.png,2023-11-06 04:00:00,5,3,3,1
IMG_007623,images/IMG_007623.jpg,2023-08-12 05:00:00,2,2,0,1
IMG_007624,images/IMG_007624.png,2023-11-06 05:00:00,5,0,2,0
IMG_007625,images/IMG_007625.jpg,2023-09-11 19:00:00,3,2,0,1
IMG_007626,images/IMG_007626.png,2023-09-11 20:00:00,3,0,0,0
IMG_007627,images/IMG_007627.png,2023-08-12 06:00:00,2,2,0,1
IMG_007628,images/IMG_007628.png,2023-08-12 07:00:00,2,2,0,1
IMG_007629,images/IMG_007629.png,2023-09-11 21:00:00,3,2,0,1
IMG_007630,images/IMG_007630.jpg,2023-08-12 08:00:00,2,2,0,1
IMG_007631,images/IMG_007631.jpg,2023-09-11 22:00:00,3,2,0,1
IMG_007632,images/IMG_007632.png,2023-08-12 09:00:00,2,2,0,1
IMG_007633,images/IMG_007633.jpg,2023-10-13 11:00:00,4,0,0,0
IMG_007634,images/IMG_007634.png,2023-07-12 16:00:00,1,1,0,1
IMG_007635,images/IMG_007635.jpg,2023-10-13 12:00:00,4,0,0,0
IMG_007636,images/IMG_007636.jpg,2023-10-13 13:00:00,4,0,0,0
IMG_007637,images/IMG_007637.png,2023-11-06 06:00:00,5,1,1,1
IMG_007638,images/IMG_007638.jpg,2023-10-13 14:00:00,4,0,0,0
IMG_007639,images/IMG_007639.jpg,2023-11-06 07:00:00,5,0,2,0
IMG_007640,images/IMG_007640.jpg,2023-11-06 08:00:00,5,0,2,0
IMG_007641,images/IMG_007641.jpg,2023-08-12 10:00:00,2,0,0,0
IMG_007642,images/IMG_007642.png,2023-11-06 09:00:00,5,0,2,0
IMG_007643,images/IMG_007643.png,2023-11-06 10:00:00,5,0,2,0
IMG_007644,images/IMG_007644.jpg,2023-10-13 15:00:00,4,0,0,0
IMG_007645,images/IMG_007645.jpg,2023-10-13 16:00:00,4,0,0,0
IMG_007646,images/IMG_007646.png,2023-08-12 11:00:00,2,2,0,1
IMG_007647,images/IMG_007647.jpg,2023-10-13 17:00:00,4,0,0,0
IMG_007648,images/IMG_007648.png,2023-11-06 11:00:00,5,0,2,0
IMG_007649,images/IMG_007649.png,2023-07-12 17:00:00,1,1,0,1
IMG_007650,images/IMG_007650.jpg,2023-10-13 18:00:00,4,0,0,0
IMG_007651,images/IMG_007651.jpg,2023-10-13 19:00:00,4,0,0,0
IMG_007652,images/IMG_007652.png,2023-09-11 23:00:00,3,0,0,0
IMG_007653,images/IMG_007653.png,2023-09-12 00:00:00,3,2,0,1
IMG_007654,images/IMG_007654.png,2023-11-06 12:00:00,5,0,2,0
IMG_007655,images/IMG_007655.png,2023-07-12 18:00:00,1,0,0,0
IMG_007656,images/IMG_007656.jpg,2023-10-13 20:00:00,4,0,0,0
IMG_007657,images/IMG_007657.jpg,2023-11-06 13:00:00,5,0,2,0
IMG_007658,images/IMG_007658.png,2023-07-12 19:00:00,1,0,0,0
IMG_007659,images/IMG_007659.jpg,2023-06-11 07:00:00,0,0,0,0
IMG_007660,images/IMG_007660.png,2023-11-06 14:00:00,5,0,2,0
IMG_007661,images/IMG_007661.png,2023-11-06 15:00:00,5,0,2,0
IMG_007662,images/IMG_007662.png,2023-11-06 16:00:00,5,0,2,0
IMG_007663,images/IMG_007663.jpg,2023-09-12 01:00:00,3,2,0,1
IMG_007664,images/IMG_007664.png,2023-11-06 17:00:00,5,1,1,1
IMG_007665,images/IMG_007665.jpg,2023-09-12 02:00:00,3,2,0,1
IMG_007666,images/IMG_007666.png,2023-08-12 12:00:00,2,2,0,1
IMG_007667,images/IMG_007667.png,2023-11-06 18:00:00,5,0,2,0
IMG_007668,images/IMG_007668.png,2023-06-11 08:00:00,0,0,0,0
IMG_007669,images/IMG_007669.jpg,2023-09-12 03:00:00,3,2,0,1
IMG_007670,images/IMG_007670.png,2023-11-06 19:00:00,5,3,3,1
IMG_007671,images/IMG_007671.png,2023-11-06 20:00:00,5,3,3,1
IMG_007672,images/IMG_007672.png,2023-11-06 21:00:00,5,1,1,1
IMG_007673,images/IMG_007673.png,2023-11-06 22:00:00,5,1,1,1
IMG_007674,images/IMG_007674.jpg,2023-10-13 21:00:00,4,0,0,0
IMG_007675,images/IMG_007675.jpg,2023-10-13 22:00:00,4,0,0,0
IMG_007676,images/IMG_007676.jpg,2023-11-06 23:00:00,5,0,2,0
IMG_007677,images/IMG_007677.png,2023-09-12 04:00:00,3,0,0,0
IMG_007678,images/IMG_007678.png,2023-11-07 00:00:00,5,3,3,1
IMG_007679,images/IMG_007679.png,2023-07-12 20:00:00,1,1,0,1
IMG_007680,images/IMG_007680.png,2023-09-12 05:00:00,3,2,0,1
IMG_007681,images/IMG_007681.jpg,2023-11-07 01:00:00,5,0,2,0
IMG_007682,images/IMG_007682.png,2023-11-07 02:00:00,5,1,1,1
IMG_007683,images/IMG_007683.png,2023-11-07 03:00:00,5,3,3,1
IMG_007684,images/IMG_007684.jpg,2023-10-13 23:00:00,4,0,0,0
IMG_007685,images/IMG_007685.png,2023-11-07 04:00:00,5,3,3,1
IMG_007686,images/IMG_007686.png,2023-11-07 05:00:00,5,3,3,1
IMG_007687,images/IMG_007687.png,2023-11-07 06:00:00,5,0,2,0
IMG_007688,images/IMG_007688.jpg,2023-09-12 06:00:00,3,2,0,1
IMG_007689,images/IMG_007689.jpg,2023-08-12 13:00:00,2,2,0,1
IMG_007690,images/IMG_007690.jpg,2023-08-12 14:00:00,2,2,0,1
IMG_007691,images/IMG_007691.png,2023-08-12 15:00:00,2,0,0,0
IMG_007692,images/IMG_007692.png,2023-11-07 07:00:00,5,1,1,1
IMG_007693,images/IMG_007693.jpg,2023-11-07 08:00:00,5,0,2,0
IMG_007694,images/IMG_007694.png,2023-09-12 07:00:00,3,1,0,1
IMG_007695,images/IMG_007695.png,2023-09-12 08:00:00,3,2,0,1
IMG_007696,images/IMG_007696.png,2023-11-07 09:00:00,5,1,1,1
IMG_007697,images/IMG_007697.jpg,2023-08-12 16:00:00,2,2,0,1
IMG_007698,images/IMG_007698.jpg,2023-11-07 10:00:00,5,0,2,0
IMG_007699,images/IMG_007699.png,2023-11-07 11:00:00,5,1,1,1
IMG_007700,images/IMG_007700.jpg,2023-09-12 09:00:00,3,0,0,0
IMG_007701,images/IMG_007701.png,2023-11-07 12:00:00,5,1,1,1
IMG_007702,images/IMG_007702.jpg,2023-11-07 13:00:00,5,0,2,0
IMG_007703,images/IMG_007703.png,2023-08-12 17:00:00,2,2,0,1
IMG_007704,images/IMG_007704.jpg,2023-10-14 00:00:00,4,0,0,0
IMG_007705,images/IMG_007705.png,2023-08-12 18:00:00,2,0,0,0
IMG_007706,images/IMG_007706.png,2023-09-12 10:00:00,3,2,0,1
IMG_007707,images/IMG_007707.jpg,2023-11-07 14:00:00,5,0,2,0
IMG_007708,images/IMG_007708.png,2023-11-07 15:00:00,5,3,3,1
IMG_007709,images/IMG_007709.jpg,2023-11-07 16:00:00,5,0,2,0
IMG_007710,images/IMG_007710.png,2023-11-07 17:00:00,5,1,1,1
IMG_007711,images/IMG_007711.jpg,2023-11-07 18:00:00,5,0,2,0
IMG_007712,images/IMG_007712.jpg,2023-08-12 19:00:00,2,2,0,1
IMG_007713,images/IMG_007713.png,2023-09-12 11:00:00,3,2,0,1
IMG_007714,images/IMG_007714.png,2023-11-07 19:00:00,5,3,3,1
IMG_007715,images/IMG_007715.jpg,2023-10-14 01:00:00,4,0,0,0
IMG_007716,images/IMG_007716.png,2023-11-07 20:00:00,5,1,1,1
IMG_007717,images/IMG_007717.png,2023-11-07 21:00:00,5,3,3,1
IMG_007718,images/IMG_007718.png,2023-07-12 21:00:00,1,0,0,0
IMG_007719,images/IMG_007719.jpg,2023-09-12 12:00:00,3,2,0,1
IMG_007720,images/IMG_007720.png,2023-08-12 20:00:00,2,0,0,0
IMG_007721,images/IMG_007721.jpg,2023-10-14 02:00:00,4,0,0,0
IMG_007722,images/IMG_007722.jpg,2023-10-14 03:00:00,4,0,0,0
IMG_007723,images/IMG_007723.png,2023-08-12 21:00:00,2,1,0,1
IMG_007724,images/IMG_007724.png,2023-08-12 22:00:00,2,2,0,1
IMG_007725,images/IMG_007725.jpg,2023-07-12 22:00:00,1,0,0,0
IMG_007726,images/IMG_007726.png,2023-11-07 22:00:00,5,1,1,1
IMG_007727,images/IMG_007727.jpg,2023-07-12 23:00:00,1,0,0,0
IMG_007728,images/IMG_007728.jpg,2023-11-07 23:00:00,5,0,2,0
IMG_007729,images/IMG_007729.png,2023-09-12 13:00:00,3,1,0,1
IMG_007730,images/IMG_007730.jpg,2023-09-12 14:00:00,3,2,0,1
IMG_007731,images/IMG_007731.png,2023-07-13 00:00:00,1,1,0,1
IMG_007732,images/IMG_007732.png,2023-11-08 00:00:00,5,3,3,1
IMG_007733,images/IMG_007733.png,2023-08-12 23:00:00,2,0,0,0
IMG_007734,images/IMG_007734.png,2023-11-08 01:00:00,5,0,2,0
IMG_007735,images/IMG_007735.jpg,2023-10-14 04:00:00,4,0,0,0
IMG_007736,images/IMG_007736.png,2023-11-08 02:00:00,5,0,2,0
IMG_007737,images/IMG_007737.jpg,2023-10-14 05:00:00,4,0,0,0
IMG_007738,images/IMG_007738.png,2023-08-13 00:00:00,2,1,0,1
IMG_007739,images/IMG_007739.jpg,2023-11-08 03:00:00,5,0,2,0
IMG_007740,images/IMG_007740.png,2023-11-08 04:00:00,5,3,3,1
IMG_007741,images/IMG_007741.png,2023-07-13 01:00:00,1,1,0,1
IMG_007742,images/IMG_007742.png,2023-09-12 15:00:00,3,2,0,1
IMG_007743,images/IMG_007743.png,2023-09-12 16:00:00,3,2,0,1
IMG_007744,images/IMG_007744.jpg,2023-08-13 01:00:00,2,2,0,1
IMG_007745,images/IMG_007745.png,2023-08-13 02:00:00,2,2,0,1
IMG_007746,images/IMG_007746.png,2023-06-11 09:00:00,0,0,0,0
IMG_007747,images/IMG_007747.jpg,2023-06-11 10:00:00,0,0,0,0
IMG_007748,images/IMG_007748.png,2023-09-12 17:00:00,3,1,0,1
IMG_007749,images/IMG_007749.png,2023-08-13 03:00:00,2,1,0,1
IMG_007750,images/IMG_007750.jpg,2023-10-14 06:00:00,4,0,0,0
IMG_007751,images/IMG_007751.jpg,2023-09-12 18:00:00,3,2,0,1
IMG_007752,images/IMG_007752.png,2023-09-12 19:00:00,3,2,0,1
IMG_007753,images/IMG_007753.png,2023-11-08 05:00:00,5,0,2,0
IMG_007754,images/IMG_007754.jpg,2023-11-08 06:00:00,5,0,2,0
IMG_007755,images/IMG_007755.jpg,2023-08-13 04:00:00,2,2,0,1
IMG_007756,images/IMG_007756.png,2023-11-08 07:00:00,5,1,1,1
IMG_007757,images/IMG_007757.png,2023-08-13 05:00:00,2,1,0,1
IMG_007758,images/IMG_007758.png,2023-11-08 08:00:00,5,3,3,1
IMG_007759,images/IMG_007759.jpg,2023-11-08 09:00:00,5,0,2,0
IMG_007760,images/IMG_007760.png,2023-11-08 10:00:00,5,1,1,1
IMG_007761,images/IMG_007761.png,2023-09-12 20:00:00,3,2,0,1
IMG_007762,images/IMG_007762.jpg,2023-11-08 11:00:00,5,0,2,0
IMG_007763,images/IMG_007763.jpg,2023-08-13 06:00:00,2,2,0,1
IMG_007764,images/IMG_007764.jpg,2023-10-14 07:00:00,4,0,0,0
IMG_007765,images/IMG_007765.png,2023-11-08 12:00:00,5,1,1,1
IMG_007766,images/IMG_007766.jpg,2023-10-14 08:00:00,4,0,0,0
IMG_007767,images/IMG_007767.png,2023-08-13 07:00:00,2,0,0,0
IMG_007768,images/IMG_007768.jpg,2023-10-14 09:00:00,4,0,0,0
IMG_007769,images/IMG_007769.png,2023-08-13 08:00:00,2,2,0,1
IMG_007770,images/IMG_007770.png,2023-11-08 13:00:00,5,0,2,0
IMG_007771,images/IMG_007771.jpg,2023-11-08 14:00:00,5,0,2,0
IMG_007772,images/IMG_007772.jpg,2023-11-08 15:00:00,5,0,2,0
IMG_007773,images/IMG_007773.png,2023-06-11 11:00:00,0,0,0,0
IMG_007774,images/IMG_007774.png,2023-06-11 12:00:00,0,0,0,0
IMG_007775,images/IMG_007775.jpg,2023-11-08 16:00:00,5,0,2,0
IMG_007776,images/IMG_007776.png,2023-06-11 13:00:00,0,0,0,0
IMG_007777,images/IMG_007777.png,2023-11-08 17:00:00,5,1,1,1
IMG_007778,images/IMG_007778.png,2023-08-13 09:00:00,2,2,0,1
IMG_007779,images/IMG_007779.jpg,2023-10-14 10:00:00,4,0,0,0
IMG_007780,images/IMG_007780.jpg,2023-10-14 11:00:00,4,0,0,0
IMG_007781,images/IMG_007781.png,2023-08-13 10:00:00,2,1,0,1
IMG_007782,images/IMG_007782.png,2023-07-13 02:00:00,1,0,0,0
IMG_007783,images/IMG_007783.jpg,2023-11-08 18:00:00,5,0,2,0
IMG_007784,images/IMG_007784.png,2023-06-11 14:00:00,0,0,0,0
IMG_007785,images/IMG_007785.jpg,2023-11-08 19:00:00,5,0,2,0
IMG_007786,images/IMG_007786.png,2023-11-08 20:00:00,5,3,3,1
IMG_007787,images/IMG_007787.jpg,2023-11-08 21:00:00,5,0,2,0
IMG_007788,images/IMG_007788.jpg,2023-11-08 22:00:00,5,0,2,0
IMG_007789,images/IMG_007789.jpg,2023-11-08 23:00:00,5,0,2,0
IMG_007790,images/IMG_007790.jpg,2023-08-13 11:00:00,2,2,0,1
IMG_007791,images/IMG_007791.jpg,2023-10-14 12:00:00,4,0,0,0
IMG_007792,images/IMG_007792.png,2023-11-09 00:00:00,5,0,2,0
IMG_007793,images/IMG_007793.jpg,2023-10-14 13:00:00,4,0,0,0
IMG_007794,images/IMG_007794.png,2023-09-12 21:00:00,3,0,0,0
IMG_007795,images/IMG_007795.jpg,2023-11-09 01:00:00,5,0,2,0
IMG_007796,images/IMG_007796.jpg,2023-10-14 14:00:00,4,0,0,0
IMG_007797,images/IMG_007797.png,2023-08-13 12:00:00,2,0,0,0
IMG_007798,images/IMG_007798.jpg,2023-11-09 02:00:00,5,0,2,0
IMG_007799,images/IMG_007799.jpg,2023-10-14 15:00:00,4,0,0,0
IMG_007800,images/IMG_007800.png,2023-11-09 03:00:00,5,1,1,1
IMG_007801,images/IMG_007801.jpg,2023-11-09 04:00:00,5,0,2,0
IMG_007802,images/IMG_007802.png,2023-11-09 05:00:00,5,0,2,0
IMG_007803,images/IMG_007803.jpg,2023-10-14 16:00:00,4,0,0,0
IMG_007804,images/IMG_007804.png,2023-07-13 03:00:00,1,0,0,0
IMG_007805,images/IMG_007805.jpg,2023-08-13 13:00:00,2,0,0,0
IMG_007806,images/IMG_007806.jpg,2023-11-09 06:00:00,5,0,2,0
IMG_007807,images/IMG_007807.jpg,2023-11-09 07:00:00,5,0,2,0
IMG_007808,images/IMG_007808.png,2023-06-11 15:00:00,0,0,0,0
IMG_007809,images/IMG_007809.png,2023-08-13 14:00:00,2,0,0,0
IMG_007810,images/IMG_007810.jpg,2023-11-09 08:00:00,5,0,2,0
IMG_007811,images/IMG_007811.jpg,2023-10-14 17:00:00,4,0,0,0
IMG_007812,images/IMG_007812.jpg,2023-11-09 09:00:00,5,0,2,0
IMG_007813,images/IMG_007813.jpg,2023-11-09 10:00:00,5,0,2,0
IMG_007814,images/IMG_007814.png,2023-11-09 11:00:00,5,1,1,1
IMG_007815,images/IMG_007815.png,2023-08-13 15:00:00,2,2,0,1
IMG_007816,images/IMG_007816.jpg,2023-09-12 22:00:00,3,2,0,1
IMG_007817,images/IMG_007817.png,2023-09-12 23:00:00,3,1,0,1
IMG_007818,images/IMG_007818.jpg,2023-08-13 16:00:00,2,2,0,1
IMG_007819,images/IMG_007819.jpg,2023-10-14 18:00:00,4,0,0,0
IMG_007820,images/IMG_007820.jpg,2023-09-13 00:00:00,3,2,0,1
IMG_007821,images/IMG_007821.png,2023-09-13 01:00:00,3,0,0,0
IMG_007822,images/IMG_007822.png,2023-11-09 12:00:00,5,1,1,1
IMG_007823,images/IMG_007823.jpg,2023-08-13 17:00:00,2,2,0,1
IMG_007824,images/IMG_007824.jpg,2023-11-09 13:00:00,5,0,2,0
IMG_007825,images/IMG_007825.jpg,2023-10-14 19:00:00,4,0,0,0
IMG_007826,images/IMG_007826.png,2023-08-13 18:00:00,2,2,0,1
IMG_007827,images/IMG_007827.png,2023-11-09 14:00:00,5,3,3,1
IMG_007828,images/IMG_007828.jpg,2023-08-13 19:00:00,2,2,0,1
IMG_007829,images/IMG_007829.jpg,2023-10-14 20:00:00,4,0,0,0
IMG_007830,images/IMG_007830.png,2023-11-09 15:00:00,5,0,2,0
IMG_007831,images/IMG_007831.jpg,2023-10-14 21:00:00,4,0,0,0
IMG_007832,images/IMG_007832.jpg,2023-11-09 16:00:00,5,0,2,0
IMG_007833,images/IMG_007833.jpg,2023-11-09 17:00:00,5,0,2,0
IMG_007834,images/IMG_007834.jpg,2023-09-13 02:00:00,3,2,0,1
IMG_007835,images/IMG_007835.png,2023-09-13 03:00:00,3,1,0,1
IMG_007836,images/IMG_007836.jpg,2023-10-14 22:00:00,4,0,0,0
IMG_007837,images/IMG_007837.png,2023-11-09 18:00:00,5,3,3,1
IMG_007838,images/IMG_007838.png,2023-11-09 19:00:00,5,0,2,0
IMG_007839,images/IMG_007839.jpg,2023-10-14 23:00:00,4,0,0,0
IMG_007840,images/IMG_007840.png,2023-08-13 20:00:00,2,2,0,1
IMG_007841,images/IMG_007841.png,2023-11-09 20:00:00,5,3,3,1
IMG_007842,images/IMG_007842.jpg,2023-10-15 00:00:00,4,0,0,0
IMG_007843,images/IMG_007843.jpg,2023-08-13 21:00:00,2,2,0,1
IMG_007844,images/IMG_007844.jpg,2023-10-15 01:00:00,4,0,0,0
IMG_007845,images/IMG_007845.png,2023-11-09 21:00:00,5,1,1,1
IMG_007846,images/IMG_007846.png,2023-09-13 04:00:00,3,2,0,1
IMG_007847,images/IMG_007847.jpg,2023-11-09 22:00:00,5,0,2,0
IMG_007848,images/IMG_007848.jpg,2023-08-13 22:00:00,2,2,0,1
IMG_007849,images/IMG_007849.png,2023-08-13 23:00:00,2,0,0,0
IMG_007850,images/IMG_007850.png,2023-09-13 05:00:00,3,2,0,1
IMG_007851,images/IMG_007851.jpg,2023-11-09 23:00:00,5,0,2,0
IMG_007852,images/IMG_007852.png,2023-11-10 00:00:00,5,3,3,1
IMG_007853,images/IMG_007853.png,2023-11-10 01:00:00,5,0,2,0
IMG_007854,images/IMG_007854.png,2023-11-10 02:00:00,5,1,1,1
IMG_007855,images/IMG_007855.png,2023-11-10 03:00:00,5,3,3,1
IMG_007856,images/IMG_007856.jpg,2023-10-15 02:00:00,4,0,0,0
IMG_007857,images/IMG_007857.png,2023-11-10 04:00:00,5,3,3,1
IMG_007858,images/IMG_007858.jpg,2023-10-15 03:00:00,4,0,0,0
IMG_007859,images/IMG_007859.jpg,2023-10-15 04:00:00,4,0,0,0
IMG_007860,images/IMG_007860.png,2023-11-10 05:00:00,5,0,2,0
IMG_007861,images/IMG_007861.jpg,2023-10-15 05:00:00,4,0,0,0
IMG_007862,images/IMG_007862.png,2023-11-10 06:00:00,5,1,1,1
IMG_007863,images/IMG_007863.jpg,2023-11-10 07:00:00,5,0,2,0
IMG_007864,images/IMG_007864.png,2023-11-10 08:00:00,5,1,1,1
IMG_007865,images/IMG_007865.jpg,2023-10-15 06:00:00,4,0,0,0
IMG_007866,images/IMG_007866.png,2023-11-10 09:00:00,5,3,3,1
IMG_007867,images/IMG_007867.png,2023-09-13 06:00:00,3,2,0,1
IMG_007868,images/IMG_007868.png,2023-09-13 07:00:00,3,0,0,0
IMG_007869,images/IMG_007869.jpg,2023-11-10 10:00:00,5,0,2,0
IMG_007870,images/IMG_007870.png,2023-11-10 11:00:00,5,0,2,0
IMG_007871,images/IMG_007871.jpg,2023-10-15 07:00:00,4,0,0,0
IMG_007872,images/IMG_007872.jpg,2023-09-13 08:00:00,3,2,0,1
IMG_007873,images/IMG_007873.jpg,2023-09-13 09:00:00,3,0,0,0
IMG_007874,images/IMG_007874.jpg,2023-08-14 00:00:00,2,2,0,1
IMG_007875,images/IMG_007875.jpg,2023-10-15 08:00:00,4,0,0,0
IMG_007876,images/IMG_007876.png,2023-11-10 12:00:00,5,3,3,1
IMG_007877,images/IMG_007877.jpg,2023-10-15 09:00:00,4,0,0,0
IMG_007878,images/IMG_007878.jpg,2023-11-10 13:00:00,5,0,2,0
IMG_007879,images/IMG_007879.jpg,2023-11-10 14:00:00,5,0,2,0
IMG_007880,images/IMG_007880.jpg,2023-11-10 15:00:00,5,0,2,0
IMG_007881,images/IMG_007881.png,2023-11-10 16:00:00,5,3,3,1
IMG_007882,images/IMG_007882.jpg,2023-10-15 10:00:00,4,0,0,0
IMG_007883,images/IMG_007883.jpg,2023-11-10 17:00:00,5,0,2,0
IMG_007884,images/IMG_007884.jpg,2023-11-10 18:00:00,5,0,2,0
IMG_007885,images/IMG_007885.jpg,2023-10-15 11:00:00,4,0,0,0
IMG_007886,images/IMG_007886.png,2023-11-10 19:00:00,5,1,1,1
IMG_007887,images/IMG_007887.png,2023-11-10 20:00:00,5,1,1,1
IMG_007888,images/IMG_007888.png,2023-07-13 04:00:00,1,1,0,1
IMG_007889,images/IMG_007889.jpg,2023-10-15 12:00:00,4,0,0,0
IMG_007890,images/IMG_007890.png,2023-11-10 21:00:00,5,3,3,1
IMG_007891,images/IMG_007891.jpg,2023-11-10 22:00:00,5,0,2,0
IMG_007892,images/IMG_007892.png,2023-09-13 10:00:00,3,2,0,1
IMG_007893,images/IMG_007893.jpg,2023-10-15 13:00:00,4,0,0,0
IMG_007894,images/IMG_007894.jpg,2023-11-10 23:00:00,5,0,2,0
IMG_007895,images/IMG_007895.jpg,2023-08-14 01:00:00,2,2,0,1
IMG_007896,images/IMG_007896.png,2023-11-11 00:00:00,5,0,2,0
IMG_007897,images/IMG_007897.png,2023-11-11 01:00:00,5,1,1,1
IMG_007898,images/IMG_007898.png,2023-08-14 02:00:00,2,2,0,1
IMG_007899,images/IMG_007899.png,2023-08-14 03:00:00,2,2,0,1
IMG_007900,images/IMG_007900.png,2023-08-14 04:00:00,2,1,0,1
IMG_007901,images/IMG_007901.jpg,2023-10-15 14:00:00,4,0,0,0
IMG_007902,images/IMG_007902.png,2023-11-11 02:00:00,5,1,1,1
IMG_007903,images/IMG_007903.jpg,2023-11-11 03:00:00,5,0,2,0
IMG_007904,images/IMG_007904.jpg,2023-11-11 04:00:00,5,0,2,0
IMG_007905,images/IMG_007905.png,2023-08-14 05:00:00,2,2,0,1
IMG_007906,images/IMG_007906.jpg,2023-10-15 15:00:00,4,0,0,0
IMG_007907,images/IMG_007907.jpg,2023-10-15 16:00:00,4,0,0,0
IMG_007908,images/IMG_007908.png,2023-07-13 05:00:00,1,1,0,1
IMG_007909,images/IMG_007909.png,2023-11-11 05:00:00,5,3,3,1
IMG_007910,images/IMG_007910.jpg,2023-11-11 06:00:00,5,0,2,0
IMG_007911,images/IMG_007911.jpg,2023-10-15 17:00:00,4,0,0,0
IMG_007912,images/IMG_007912.png,2023-11-11 07:00:00,5,0,2,0
IMG_007913,images/IMG_007913.jpg,2023-09-13 11:00:00,3,2,0,1
IMG_007914,images/IMG_007914.png,2023-11-11 08:00:00,5,1,1,1
IMG_007915,images/IMG_007915.png,2023-06-11 16:00:00,0,0,0,0
IMG_007916,images/IMG_007916.png,2023-09-13 12:00:00,3,2,0,1
IMG_007917,images/IMG_007917.png,2023-07-13 06:00:00,1,1,0,1
IMG_007918,images/IMG_007918.jpg,2023-10-15 18:00:00,4,0,0,0
IMG_007919,images/IMG_007919.png,2023-11-11 09:00:00,5,1,1,1
IMG_007920,images/IMG_007920.jpg,2023-10-15 19:00:00,4,0,0,0
IMG_007921,images/IMG_007921.jpg,2023-09-13 13:00:00,3,2,0,1
IMG_007922,images/IMG_007922.jpg,2023-08-14 06:00:00,2,2,0,1
IMG_007923,images/IMG_007923.jpg,2023-08-14 07:00:00,2,2,0,1
IMG_007924,images/IMG_007924.png,2023-11-11 10:00:00,5,1,1,1
IMG_007925,images/IMG_007925.png,2023-09-13 14:00:00,3,2,0,1
IMG_007926,images/IMG_007926.jpg,2023-10-15 20:00:00,4,0,0,0
IMG_007927,images/IMG_007927.png,2023-09-13 15:00:00,3,2,0,1
IMG_007928,images/IMG_007928.png,2023-09-13 16:00:00,3,1,0,1
IMG_007929,images/IMG_007929.png,2023-08-14 08:00:00,2,2,0,1
IMG_007930,images/IMG_007930.jpg,2023-08-14 09:00:00,2,0,0,0
IMG_007931,images/IMG_007931.png,2023-08-14 10:00:00,2,2,0,1
IMG_007932,images/IMG_007932.png,2023-08-14 11:00:00,2,0,0,0
IMG_007933,images/IMG_007933.png,2023-11-11 11:00:00,5,3,3,1
IMG_007934,images/IMG_007934.jpg,2023-10-15 21:00:00,4,0,0,0
IMG_007935,images/IMG_007935.png,2023-11-11 12:00:00,5,1,1,1
IMG_007936,images/IMG_007936.png,2023-08-14 12:00:00,2,2,0,1
IMG_007937,images/IMG_007937.png,2023-11-11 13:00:00,5,0,2,0
IMG_007938,images/IMG_007938.png,2023-11-11 14:00:00,5,1,1,1
IMG_007939,images/IMG_007939.jpg,2023-08-14 13:00:00,2,0,0,0
IMG_007940,images/IMG_007940.png,2023-08-14 14:00:00,2,2,0,1
IMG_007941,images/IMG_007941.png,2023-11-11 15:00:00,5,1,1,1
IMG_007942,images/IMG_007942.jpg,2023-10-15 22:00:00,4,0,0,0
IMG_007943,images/IMG_007943.jpg,2023-10-15 23:00:00,4,0,0,0
IMG_007944,images/IMG_007944.png,2023-08-14 15:00:00,2,2,0,1
IMG_007945,images/IMG_007945.png,2023-09-13 17:00:00,3,2,0,1
IMG_007946,images/IMG_007946.jpg,2023-10-16 00:00:00,4,0,0,0
IMG_007947,images/IMG_007947.jpg,2023-10-16 01:00:00,4,0,0,0
IMG_007948,images/IMG_007948.png,2023-11-11 16:00:00,5,0,2,0
IMG_007949,images/IMG_007949.jpg,2023-09-13 18:00:00,3,2,0,1
IMG_007950,images/IMG_007950.png,2023-08-14 16:00:00,2,2,0,1
IMG_007951,images/IMG_007951.png,2023-11-11 17:00:00,5,3,3,1
IMG_007952,images/IMG_007952.png,2023-11-11 18:00:00,5,1,1,1
IMG_007953,images/IMG_007953.jpg,2023-08-14 17:00:00,2,2,0,1
IMG_007954,images/IMG_007954.png,2023-11-11 19:00:00,5,1,1,1
IMG_007955,images/IMG_007955.png,2023-11-11 20:00:00,5,1,1,1
IMG_007956,images/IMG_007956.png,2023-11-11 21:00:00,5,0,2,0
IMG_007957,images/IMG_007957.jpg,2023-08-14 18:00:00,2,0,0,0
IMG_007958,images/IMG_007958.jpg,2023-11-11 22:00:00,5,0,2,0
IMG_007959,images/IMG_007959.png,2023-06-11 17:00:00,0,0,0,0
IMG_007960,images/IMG_007960.png,2023-11-11 23:00:00,5,1,1,1
IMG_007961,images/IMG_007961.jpg,2023-11-12 00:00:00,5,0,2,0
IMG_007962,images/IMG_007962.png,2023-07-13 07:00:00,1,0,0,0
IMG_007963,images/IMG_007963.png,2023-11-12 01:00:00,5,0,2,0
IMG_007964,images/IMG_007964.png,2023-09-13 19:00:00,3,1,0,1
IMG_007965,images/IMG_007965.png,2023-11-12 02:00:00,5,3,3,1
IMG_007966,images/IMG_007966.jpg,2023-11-12 03:00:00,5,0,2,0
IMG_007967,images/IMG_007967.jpg,2023-11-12 04:00:00,5,0,2,0
IMG_007968,images/IMG_007968.jpg,2023-10-16 02:00:00,4,0,0,0
IMG_007969,images/IMG_007969.png,2023-09-13 20:00:00,3,1,0,1
IMG_007970,images/IMG_007970.jpg,2023-10-16 03:00:00,4,0,0,0
IMG_007971,images/IMG_007971.jpg,2023-10-16 04:00:00,4,0,0,0
IMG_007972,images/IMG_007972.png,2023-09-13 21:00:00,3,0,0,0
IMG_007973,images/IMG_007973.png,2023-08-14 19:00:00,2,1,0,1
IMG_007974,images/IMG_007974.png,2023-06-11 18:00:00,0,0,0,0
IMG_007975,images/IMG_007975.jpg,2023-09-13 22:00:00,3,2,0,1
IMG_007976,images/IMG_007976.png,2023-09-13 23:00:00,3,2,0,1
IMG_007977,images/IMG_007977.png,2023-09-14 00:00:00,3,0,0,0
IMG_007978,images/IMG_007978.png,2023-11-12 05:00:00,5,1,1,1
IMG_007979,images/IMG_007979.jpg,2023-11-12 06:00:00,5,0,2,0
IMG_007980,images/IMG_007980.png,2023-08-14 20:00:00,2,1,0,1
IMG_007981,images/IMG_007981.jpg,2023-08-14 21:00:00,2,2,0,1
IMG_007982,images/IMG_007982.png,2023-11-12 07:00:00,5,3,3,1
IMG_007983,images/IMG_007983.png,2023-11-12 08:00:00,5,3,3,1
IMG_007984,images/IMG_007984.png,2023-11-12 09:00:00,5,1,1,1
IMG_007985,images/IMG_007985.png,2023-11-12 10:00:00,5,0,2,0
IMG_007986,images/IMG_007986.png,2023-11-12 11:00:00,5,3,3,1
IMG_007987,images/IMG_007987.jpg,2023-11-12 12:00:00,5,0,2,0
IMG_007988,images/IMG_007988.png,2023-08-14 22:00:00,2,2,0,1
IMG_007989,images/IMG_007989.png,2023-09-14 01:00:00,3,2,0,1
IMG_007990,images/IMG_007990.png,2023-11-12 13:00:00,5,0,2,0
IMG_007991,images/IMG_007991.png,2023-08-14 23:00:00,2,2,0,1
IMG_007992,images/IMG_007992.jpg,2023-11-12 14:00:00,5,0,2,0
IMG_007993,images/IMG_007993.jpg,2023-08-15 00:00:00,2,2,0,1
IMG_007994,images/IMG_007994.png,2023-11-12 15:00:00,5,0,2,0
IMG_007995,images/IMG_007995.jpg,2023-08-15 01:00:00,2,0,0,0
IMG_007996,images/IMG_007996.jpg,2023-08-15 02:00:00,2,2,0,1
IMG_007997,images/IMG_007997.png,2023-11-12 16:00:00,5,0,2,0
IMG_007998,images/IMG_007998.jpg,2023-11-12 17:00:00,5,0,2,0
IMG_007999,images/IMG_007999.jpg,2023-09-14 02:00:00,3,2,0,1
IMG_008000,images/IMG_008000.jpg,2023-10-16 05:00:00,4,0,0,0
IMG_008001,images/IMG_008001.jpg,2023-10-16 06:00:00,4,0,0,0
IMG_008002,images/IMG_008002.png,2023-07-13 08:00:00,1,1,0,1
IMG_008003,images/IMG_008003.jpg,2023-10-16 07:00:00,4,0,0,0
IMG_008004,images/IMG_008004.jpg,2023-11-12 18:00:00,5,0,2,0
IMG_008005,images/IMG_008005.png,2023-08-15 03:00:00,2,2,0,1
IMG_008006,images/IMG_008006.jpg,2023-10-16 08:00:00,4,0,0,0
IMG_008007,images/IMG_008007.jpg,2023-11-12 19:00:00,5,0,2,0
IMG_008008,images/IMG_008008.jpg,2023-10-16 09:00:00,4,0,0,0
IMG_008009,images/IMG_008009.png,2023-11-12 20:00:00,5,1,1,1
IMG_008010,images/IMG_008010.png,2023-11-12 21:00:00,5,0,2,0
IMG_008011,images/IMG_008011.jpg,2023-11-12 22:00:00,5,0,2,0
IMG_008012,images/IMG_008012.jpg,2023-09-14 03:00:00,3,2,0,1
IMG_008013,images/IMG_008013.png,2023-09-14 04:00:00,3,0,0,0
IMG_008014,images/IMG_008014.png,2023-11-12 23:00:00,5,3,3,1
IMG_008015,images/IMG_008015.png,2023-09-14 05:00:00,3,2,0,1
IMG_008016,images/IMG_008016.jpg,2023-10-16 10:00:00,4,0,0,0
IMG_008017,images/IMG_008017.jpg,2023-10-16 11:00:00,4,0,0,0
IMG_008018,images/IMG_008018.jpg,2023-10-16 12:00:00,4,0,0,0
IMG_008019,images/IMG_008019.jpg,2023-06-11 19:00:00,0,0,0,0
IMG_008020,images/IMG_008020.png,2023-08-15 04:00:00,2,2,0,1
IMG_008021,images/IMG_008021.jpg,2023-07-13 09:00:00,1,0,0,0
IMG_008022,images/IMG_008022.png,2023-09-14 06:00:00,3,1,0,1
IMG_008023,images/IMG_008023.jpg,2023-09-14 07:00:00,3,0,0,0
IMG_008024,images/IMG_008024.png,2023-09-14 08:00:00,3,2,0,1
IMG_008025,images/IMG_008025.jpg,2023-11-13 00:00:00,5,0,2,0
IMG_008026,images/IMG_008026.png,2023-09-14 09:00:00,3,2,0,1
IMG_008027,images/IMG_008027.jpg,2023-09-14 10:00:00,3,2,0,1
IMG_008028,images/IMG_008028.jpg,2023-09-14 11:00:00,3,2,0,1
IMG_008029,images/IMG_008029.png,2023-09-14 12:00:00,3,0,0,0
IMG_008030,images/IMG_008030.png,2023-08-15 05:00:00,2,2,0,1
IMG_008031,images/IMG_008031.png,2023-11-13 01:00:00,5,3,3,1
IMG_008032,images/IMG_008032.jpg,2023-10-16 13:00:00,4,0,0,0
IMG_008033,images/IMG_008033.png,2023-11-13 02:00:00,5,0,2,0
IMG_008034,images/IMG_008034.png,2023-08-15 06:00:00,2,0,0,0
IMG_008035,images/IMG_008035.png,2023-11-13 03:00:00,5,1,1,1
IMG_008036,images/IMG_008036.png,2023-11-13 04:00:00,5,1,1,1
IMG_008037,images/IMG_008037.jpg,2023-10-16 14:00:00,4,0,0,0
IMG_008038,images/IMG_008038.png,2023-11-13 05:00:00,5,0,2,0
IMG_008039,images/IMG_008039.jpg,2023-10-16 15:00:00,4,0,0,0
IMG_008040,images/IMG_008040.jpg,2023-10-16 16:00:00,4,0,0,0
IMG_008041,images/IMG_008041.png,2023-08-15 07:00:00,2,2,0,1
IMG_008042,images/IMG_008042.png,2023-08-15 08:00:00,2,0,0,0
IMG_008043,images/IMG_008043.jpg,2023-08-15 09:00:00,2,2,0,1
IMG_008044,images/IMG_008044.jpg,2023-10-16 17:00:00,4,0,0,0
IMG_008045,images/IMG_008045.png,2023-06-11 20:00:00,0,0,0,0
IMG_008046,images/IMG_008046.png,2023-11-13 06:00:00,5,3,3,1
IMG_008047,images/IMG_008047.jpg,2023-11-13 07:00:00,5,0,2,0
IMG_008048,images/IMG_008048.png,2023-09-14 13:00:00,3,2,0,1
IMG_008049,images/IMG_008049.jpg,2023-11-13 08:00:00,5,0,2,0
IMG_008050,images/IMG_008050.png,2023-11-13 09:00:00,5,1,1,1
IMG_008051,images/IMG_008051.png,2023-09-14 14:00:00,3,2,0,1
IMG_008052,images/IMG_008052.png,2023-08-15 10:00:00,2,2,0,1
IMG_008053,images/IMG_008053.jpg,2023-10-16 18:00:00,4,0,0,0
IMG_008054,images/IMG_008054.png,2023-08-15 11:00:00,2,0,0,0
IMG_008055,images/IMG_008055.jpg,2023-10-16 19:00:00,4,0,0,0
IMG_008056,images/IMG_008056.jpg,2023-11-13 10:00:00,5,0,2,0
IMG_008057,images/IMG_008057.png,2023-09-14 15:00:00,3,2,0,1
IMG_008058,images/IMG_008058.png,2023-11-13 11:00:00,5,3,3,1
IMG_008059,images/IMG_008059.png,2023-11-13 12:00:00,5,3,3,1
IMG_008060,images/IMG_008060.jpg,2023-10-16 20:00:00,4,0,0,0
IMG_008061,images/IMG_008061.jpg,2023-10-16 21:00:00,4,0,0,0
IMG_008062,images/IMG_008062.png,2023-06-11 21:00:00,0,0,0,0
IMG_008063,images/IMG_008063.png,2023-07-13 10:00:00,1,0,0,0
IMG_008064,images/IMG_008064.jpg,2023-09-14 16:00:00,3,2,0,1
IMG_008065,images/IMG_008065.jpg,2023-10-16 22:00:00,4,0,0,0
IMG_008066,images/IMG_008066.png,2023-07-13 11:00:00,1,0,0,0
IMG_008067,images/IMG_008067.png,2023-11-13 13:00:00,5,3,3,1
IMG_008068,images/IMG_008068.png,2023-11-13 14:00:00,5,0,2,0
IMG_008069,images/IMG_008069.jpg,2023-08-15 12:00:00,2,2,0,1
IMG_008070,images/IMG_008070.jpg,2023-08-15 13:00:00,2,2,0,1
IMG_008071,images/IMG_008071.jpg,2023-11-13 15:00:00,5,0,2,0
IMG_008072,images/IMG_008072.jpg,2023-09-14 17:00:00,3,2,0,1
IMG_008073,images/IMG_008073.png,2023-09-14 18:00:00,3,2,0,1
IMG_008074,images/IMG_008074.jpg,2023-08-15 14:00:00,2,2,0,1
IMG_008075,images/IMG_008075.jpg,2023-11-13 16:00:00,5,0,2,0
IMG_008076,images/IMG_008076.jpg,2023-08-15 15:00:00,2,2,0,1
IMG_008077,images/IMG_008077.jpg,2023-11-13 17:00:00,5,0,2,0
IMG_008078,images/IMG_008078.png,2023-08-15 16:00:00,2,2,0,1
IMG_008079,images/IMG_008079.png,2023-11-13 18:00:00,5,1,1,1
IMG_008080,images/IMG_008080.jpg,2023-09-14 19:00:00,3,2,0,1
IMG_008081,images/IMG_008081.jpg,2023-11-13 19:00:00,5,0,2,0
IMG_008082,images/IMG_008082.jpg,2023-11-13 20:00:00,5,0,2,0
IMG_008083,images/IMG_008083.jpg,2023-08-15 17:00:00,2,2,0,1
IMG_008084,images/IMG_008084.png,2023-11-13 21:00:00,5,0,2,0
IMG_008085,images/IMG_008085.jpg,2023-10-16 23:00:00,4,0,0,0
IMG_008086,images/IMG_008086.jpg,2023-11-13 22:00:00,5,0,2,0
IMG_008087,images/IMG_008087.jpg,2023-11-13 23:00:00,5,0,2,0
IMG_008088,images/IMG_008088.png,2023-11-14 00:00:00,5,1,1,1
IMG_008089,images/IMG_008089.png,2023-11-14 01:00:00,5,1,1,1
IMG_008090,images/IMG_008090.png,2023-08-15 18:00:00,2,2,0,1
IMG_008091,images/IMG_008091.jpg,2023-10-17 00:00:00,4,0,0,0
IMG_008092,images/IMG_008092.png,2023-09-14 20:00:00,3,2,0,1
IMG_008093,images/IMG_008093.png,2023-11-14 02:00:00,5,3,3,1
IMG_008094,images/IMG_008094.jpg,2023-08-15 19:00:00,2,2,0,1
IMG_008095,images/IMG_008095.jpg,2023-11-14 03:00:00,5,0,2,0
IMG_008096,images/IMG_008096.jpg,2023-11-14 04:00:00,5,0,2,0
IMG_008097,images/IMG_008097.jpg,2023-10-17 01:00:00,4,0,0,0
IMG_008098,images/IMG_008098.jpg,2023-08-15 20:00:00,2,2,0,1
IMG_008099,images/IMG_008099.png,2023-07-13 12:00:00,1,0,0,0
IMG_008100,images/IMG_008100.jpg,2023-11-14 05:00:00,5,0,2,0
IMG_008101,images/IMG_008101.png,2023-07-13 13:00:00,1,0,0,0
IMG_008102,images/IMG_008102.jpg,2023-10-17 02:00:00,4,0,0,0
IMG_008103,images/IMG_008103.png,2023-08-15 21:00:00,2,1,0,1
IMG_008104,images/IMG_008104.jpg,2023-11-14 06:00:00,5,0,2,0
IMG_008105,images/IMG_008105.jpg,2023-10-17 03:00:00,4,0,0,0
IMG_008106,images/IMG_008106.jpg,2023-10-17 04:00:00,4,0,0,0
IMG_008107,images/IMG_008107.png,2023-08-15 22:00:00,2,2,0,1
IMG_008108,images/IMG_008108.png,2023-08-15 23:00:00,2,2,0,1
IMG_008109,images/IMG_008109.jpg,2023-09-14 21:00:00,3,2,0,1
IMG_008110,images/IMG_008110.png,2023-11-14 07:00:00,5,3,3,1
IMG_008111,images/IMG_008111.png,2023-08-16 00:00:00,2,2,0,1
IMG_008112,images/IMG_008112.png,2023-11-14 08:00:00,5,3,3,1
IMG_008113,images/IMG_008113.jpg,2023-10-17 05:00:00,4,0,0,0
IMG_008114,images/IMG_008114.jpg,2023-10-17 06:00:00,4,0,0,0
IMG_008115,images/IMG_008115.jpg,2023-09-14 22:00:00,3,2,0,1
IMG_008116,images/IMG_008116.png,2023-11-14 09:00:00,5,0,2,0
IMG_008117,images/IMG_008117.png,2023-11-14 10:00:00,5,3,3,1
IMG_008118,images/IMG_008118.png,2023-08-16 01:00:00,2,0,0,0
IMG_008119,images/IMG_008119.jpg,2023-08-16 02:00:00,2,2,0,1
IMG_008120,images/IMG_008120.jpg,2023-10-17 07:00:00,4,0,0,0
IMG_008121,images/IMG_008121.jpg,2023-11-14 11:00:00,5,0,2,0
IMG_008122,images/IMG_008122.jpg,2023-11-14 12:00:00,5,0,2,0
IMG_008123,images/IMG_008123.jpg,2023-08-16 03:00:00,2,2,0,1
IMG_008124,images/IMG_008124.png,2023-08-16 04:00:00,2,0,0,0
IMG_008125,images/IMG_008125.png,2023-09-14 23:00:00,3,2,0,1
IMG_008126,images/IMG_008126.jpg,2023-11-14 13:00:00,5,0,2,0
IMG_008127,images/IMG_008127.png,2023-11-14 14:00:00,5,3,3,1
IMG_008128,images/IMG_008128.jpg,2023-09-15 00:00:00,3,2,0,1
IMG_008129,images/IMG_008129.jpg,2023-09-15 01:00:00,3,2,0,1
IMG_008130,images/IMG_008130.png,2023-08-16 05:00:00,2,2,0,1
IMG_008131,images/IMG_008131.jpg,2023-11-14 15:00:00,5,0,2,0
IMG_008132,images/IMG_008132.jpg,2023-11-14 16:00:00,5,0,2,0
IMG_008133,images/IMG_008133.jpg,2023-09-15 02:00:00,3,2,0,1
IMG_008134,images/IMG_008134.jpg,2023-10-17 08:00:00,4,0,0,0
IMG_008135,images/IMG_008135.png,2023-11-14 17:00:00,5,0,2,0
IMG_008136,images/IMG_008136.png,2023-08-16 06:00:00,2,2,0,1
IMG_008137,images/IMG_008137.jpg,2023-11-14 18:00:00,5,0,2,0
IMG_008138,images/IMG_008138.jpg,2023-08-16 07:00:00,2,2,0,1
IMG_008139,images/IMG_008139.png,2023-07-13 14:00:00,1,0,0,0
IMG_008140,images/IMG_008140.jpg,2023-10-17 09:00:00,4,0,0,0
IMG_008141,images/IMG_008141.png,2023-11-14 19:00:00,5,3,3,1
IMG_008142,images/IMG_008142.jpg,2023-09-15 03:00:00,3,0,0,0
IMG_008143,images/IMG_008143.png,2023-11-14 20:00:00,5,0,2,0
IMG_008144,images/IMG_008144.jpg,2023-11-14 21:00:00,5,0,2,0
IMG_008145,images/IMG_008145.png,2023-08-16 08:00:00,2,1,0,1
IMG_008146,images/IMG_008146.png,2023-09-15 04:00:00,3,0,0,0
IMG_008147,images/IMG_008147.jpg,2023-11-14 22:00:00,5,0,2,0
IMG_008148,images/IMG_008148.jpg,2023-10-17 10:00:00,4,0,0,0
IMG_008149,images/IMG_008149.png,2023-11-14 23:00:00,5,3,3,1
IMG_008150,images/IMG_008150.png,2023-09-15 05:00:00,3,0,0,0
IMG_008151,images/IMG_008151.png,2023-11-15 00:00:00,5,1,1,1
IMG_008152,images/IMG_008152.jpg,2023-11-15 01:00:00,5,0,2,0
IMG_008153,images/IMG_008153.jpg,2023-10-17 11:00:00,4,0,0,0
IMG_008154,images/IMG_008154.png,2023-11-15 02:00:00,5,1,1,1
IMG_008155,images/IMG_008155.jpg,2023-07-13 15:00:00,1,0,0,0
IMG_008156,images/IMG_008156.png,2023-09-15 06:00:00,3,1,0,1
IMG_008157,images/IMG_008157.jpg,2023-11-15 03:00:00,5,0,2,0
IMG_008158,images/IMG_008158.jpg,2023-11-15 04:00:00,5,0,2,0
IMG_008159,images/IMG_008159.jpg,2023-11-15 05:00:00,5,0,2,0
IMG_008160,images/IMG_008160.jpg,2023-11-15 06:00:00,5,0,2,0
IMG_008161,images/IMG_008161.jpg,2023-10-17 12:00:00,4,0,0,0
IMG_008162,images/IMG_008162.jpg,2023-11-15 07:00:00,5,0,2,0
IMG_008163,images/IMG_008163.jpg,2023-11-15 08:00:00,5,0,2,0
IMG_008164,images/IMG_008164.jpg,2023-10-17 13:00:00,4,0,0,0
IMG_008165,images/IMG_008165.png,2023-11-15 09:00:00,5,1,1,1
IMG_008166,images/IMG_008166.jpg,2023-10-17 14:00:00,4,0,0,0
IMG_008167,images/IMG_008167.png,2023-09-15 07:00:00,3,1,0,1
IMG_008168,images/IMG_008168.png,2023-11-15 10:00:00,5,3,3,1
IMG_008169,images/IMG_008169.png,2023-11-15 11:00:00,5,1,1,1
IMG_008170,images/IMG_008170.png,2023-08-16 09:00:00,2,0,0,0
IMG_008171,images/IMG_008171.png,2023-08-16 10:00:00,2,1,0,1
IMG_008172,images/IMG_008172.jpg,2023-10-17 15:00:00,4,0,0,0
IMG_008173,images/IMG_008173.jpg,2023-08-16 11:00:00,2,0,0,0
IMG_008174,images/IMG_008174.png,2023-11-15 12:00:00,5,0,2,0
IMG_008175,images/IMG_008175.jpg,2023-10-17 16:00:00,4,0,0,0
IMG_008176,images/IMG_008176.jpg,2023-10-17 17:00:00,4,0,0,0
IMG_008177,images/IMG_008177.png,2023-09-15 08:00:00,3,2,0,1
IMG_008178,images/IMG_008178.png,2023-11-15 13:00:00,5,1,1,1
IMG_008179,images/IMG_008179.png,2023-09-15 09:00:00,3,1,0,1
IMG_008180,images/IMG_008180.png,2023-09-15 10:00:00,3,2,0,1
IMG_008181,images/IMG_008181.png,2023-08-16 12:00:00,2,1,0,1
IMG_008182,images/IMG_008182.jpg,2023-09-15 11:00:00,3,2,0,1
IMG_008183,images/IMG_008183.jpg,2023-10-17 18:00:00,4,0,0,0
IMG_008184,images/IMG_008184.jpg,2023-10-17 19:00:00,4,0,0,0
IMG_008185,images/IMG_008185.jpg,2023-10-17 20:00:00,4,0,0,0
IMG_008186,images/IMG_008186.png,2023-11-15 14:00:00,5,1,1,1
IMG_008187,images/IMG_008187.jpg,2023-11-15 15:00:00,5,0,2,0
IMG_008188,images/IMG_008188.jpg,2023-08-16 13:00:00,2,0,0,0
IMG_008189,images/IMG_008189.jpg,2023-09-15 12:00:00,3,2,0,1
IMG_008190,images/IMG_008190.jpg,2023-06-11 22:00:00,0,0,0,0
IMG_008191,images/IMG_008191.jpg,2023-10-17 21:00:00,4,0,0,0
IMG_008192,images/IMG_008192.png,2023-08-16 14:00:00,2,2,0,1
IMG_008193,images/IMG_008193.jpg,2023-11-15 16:00:00,5,0,2,0
IMG_008194,images/IMG_008194.png,2023-11-15 17:00:00,5,0,2,0
IMG_008195,images/IMG_008195.png,2023-08-16 15:00:00,2,2,0,1
IMG_008196,images/IMG_008196.jpg,2023-10-17 22:00:00,4,0,0,0
IMG_008197,images/IMG_008197.png,2023-11-15 18:00:00,5,1,1,1
IMG_008198,images/IMG_008198.jpg,2023-10-17 23:00:00,4,0,0,0
IMG_008199,images/IMG_008199.png,2023-11-15 19:00:00,5,3,3,1
IMG_008200,images/IMG_008200.jpg,2023-10-18 00:00:00,4,0,0,0
IMG_008201,images/IMG_008201.png,2023-11-15 20:00:00,5,3,3,1
IMG_008202,images/IMG_008202.png,2023-08-16 16:00:00,2,1,0,1
IMG_008203,images/IMG_008203.jpg,2023-11-15 21:00:00,5,0,2,0
IMG_008204,images/IMG_008204.jpg,2023-11-15 22:00:00,5,0,2,0
IMG_008205,images/IMG_008205.jpg,2023-11-15 23:00:00,5,0,2,0
IMG_008206,images/IMG_008206.jpg,2023-10-18 01:00:00,4,0,0,0
IMG_008207,images/IMG_008207.jpg,2023-10-18 02:00:00,4,0,0,0
IMG_008208,images/IMG_008208.png,2023-08-16 17:00:00,2,0,0,0
IMG_008209,images/IMG_008209.jpg,2023-10-18 03:00:00,4,0,0,0
IMG_008210,images/IMG_008210.png,2023-11-16 00:00:00,5,0,2,0
IMG_008211,images/IMG_008211.png,2023-11-16 01:00:00,5,0,2,0
IMG_008212,images/IMG_008212.jpg,2023-11-16 02:00:00,5,0,2,0
IMG_008213,images/IMG_008213.png,2023-11-16 03:00:00,5,0,2,0
IMG_008214,images/IMG_008214.png,2023-11-16 04:00:00,5,3,3,1
IMG_008215,images/IMG_008215.jpg,2023-11-16 05:00:00,5,0,2,0
IMG_008216,images/IMG_008216.jpg,2023-11-16 06:00:00,5,0,2,0
IMG_008217,images/IMG_008217.png,2023-09-15 13:00:00,3,2,0,1
IMG_008218,images/IMG_008218.jpg,2023-11-16 07:00:00,5,0,2,0
IMG_008219,images/IMG_008219.png,2023-09-15 14:00:00,3,1,0,1
IMG_008220,images/IMG_008220.jpg,2023-11-16 08:00:00,5,0,2,0
IMG_008221,images/IMG_008221.jpg,2023-11-16 09:00:00,5,0,2,0
IMG_008222,images/IMG_008222.png,2023-11-16 10:00:00,5,3,3,1
IMG_008223,images/IMG_008223.jpg,2023-10-18 04:00:00,4,0,0,0
IMG_008224,images/IMG_008224.jpg,2023-10-18 05:00:00,4,0,0,0
IMG_008225,images/IMG_008225.png,2023-11-16 11:00:00,5,0,2,0
IMG_008226,images/IMG_008226.png,2023-08-16 18:00:00,2,1,0,1
IMG_008227,images/IMG_008227.jpg,2023-10-18 06:00:00,4,0,0,0
IMG_008228,images/IMG_008228.png,2023-06-11 23:00:00,0,0,0,0
IMG_008229,images/IMG_008229.png,2023-11-16 12:00:00,5,1,1,1
IMG_008230,images/IMG_008230.jpg,2023-11-16 13:00:00,5,0,2,0
IMG_008231,images/IMG_008231.jpg,2023-10-18 07:00:00,4,0,0,0
IMG_008232,images/IMG_008232.jpg,2023-09-15 15:00:00,3,2,0,1
IMG_008233,images/IMG_008233.jpg,2023-10-18 08:00:00,4,0,0,0
IMG_008234,images/IMG_008234.png,2023-08-16 19:00:00,2,1,0,1
IMG_008235,images/IMG_008235.jpg,2023-11-16 14:00:00,5,0,2,0
IMG_008236,images/IMG_008236.jpg,2023-10-18 09:00:00,4,0,0,0
IMG_008237,images/IMG_008237.png,2023-11-16 15:00:00,5,0,2,0
IMG_008238,images/IMG_008238.png,2023-06-12 00:00:00,0,0,0,0
IMG_008239,images/IMG_008239.jpg,2023-09-15 16:00:00,3,0,0,0
IMG_008240,images/IMG_008240.jpg,2023-11-16 16:00:00,5,0,2,0
IMG_008241,images/IMG_008241.png,2023-08-16 20:00:00,2,0,0,0
IMG_008242,images/IMG_008242.png,2023-11-16 17:00:00,5,0,2,0
IMG_008243,images/IMG_008243.png,2023-09-15 17:00:00,3,0,0,0
IMG_008244,images/IMG_008244.jpg,2023-11-16 18:00:00,5,0,2,0
IMG_008245,images/IMG_008245.jpg,2023-11-16 19:00:00,5,0,2,0
IMG_008246,images/IMG_008246.jpg,2023-10-18 10:00:00,4,0,0,0
IMG_008247,images/IMG_008247.jpg,2023-11-16 20:00:00,5,0,2,0
IMG_008248,images/IMG_008248.jpg,2023-10-18 11:00:00,4,0,0,0
IMG_008249,images/IMG_008249.jpg,2023-09-15 18:00:00,3,2,0,1
IMG_008250,images/IMG_008250.jpg,2023-08-16 21:00:00,2,2,0,1
IMG_008251,images/IMG_008251.jpg,2023-10-18 12:00:00,4,0,0,0
IMG_008252,images/IMG_008252.jpg,2023-11-16 21:00:00,5,0,2,0
IMG_008253,images/IMG_008253.jpg,2023-10-18 13:00:00,4,0,0,0
IMG_008254,images/IMG_008254.png,2023-08-16 22:00:00,2,0,0,0
IMG_008255,images/IMG_008255.jpg,2023-10-18 14:00:00,4,0,0,0
IMG_008256,images/IMG_008256.png,2023-09-15 19:00:00,3,2,0,1
IMG_008257,images/IMG_008257.jpg,2023-09-15 20:00:00,3,0,0,0
IMG_008258,images/IMG_008258.png,2023-09-15 21:00:00,3,2,0,1
IMG_008259,images/IMG_008259.png,2023-06-12 01:00:00,0,0,0,0
IMG_008260,images/IMG_008260.jpg,2023-11-16 22:00:00,5,0,2,0
IMG_008261,images/IMG_008261.png,2023-11-16 23:00:00,5,3,3,1
IMG_008262,images/IMG_008262.png,2023-11-17 00:00:00,5,1,1,1
IMG_008263,images/IMG_008263.jpg,2023-10-18 15:00:00,4,0,0,0
IMG_008264,images/IMG_008264.jpg,2023-06-12 02:00:00,0,0,0,0
IMG_008265,images/IMG_008265.jpg,2023-09-15 22:00:00,3,0,0,0
IMG_008266,images/IMG_008266.png,2023-07-13 16:00:00,1,0,0,0
IMG_008267,images/IMG_008267.jpg,2023-11-17 01:00:00,5,0,2,0
IMG_008268,images/IMG_008268.jpg,2023-11-17 02:00:00,5,0,2,0
IMG_008269,images/IMG_008269.jpg,2023-10-18 16:00:00,4,0,0,0
IMG_008270,images/IMG_008270.jpg,2023-09-15 23:00:00,3,2,0,1
IMG_008271,images/IMG_008271.jpg,2023-10-18 17:00:00,4,0,0,0
IMG_008272,images/IMG_008272.png,2023-08-16 23:00:00,2,2,0,1
IMG_008273,images/IMG_008273.png,2023-08-17 00:00:00,2,2,0,1
IMG_008274,images/IMG_008274.jpg,2023-11-17 03:00:00,5,0,2,0
IMG_008275,images/IMG_008275.png,2023-09-16 00:00:00,3,1,0,1
IMG_008276,images/IMG_008276.jpg,2023-10-18 18:00:00,4,0,0,0
IMG_008277,images/IMG_008277.jpg,2023-11-17 04:00:00,5,0,2,0
IMG_008278,images/IMG_008278.jpg,2023-10-18 19:00:00,4,0,0,0
IMG_008279,images/IMG_008279.png,2023-06-12 03:00:00,0,0,0,0
IMG_008280,images/IMG_008280.png,2023-09-16 01:00:00,3,0,0,0
IMG_008281,images/IMG_008281.jpg,2023-10-18 20:00:00,4,0,0,0
IMG_008282,images/IMG_008282.png,2023-09-16 02:00:00,3,2,0,1
IMG_008283,images/IMG_008283.png,2023-08-17 01:00:00,2,0,0,0
IMG_008284,images/IMG_008284.jpg,2023-09-16 03:00:00,3,2,0,1
IMG_008285,images/IMG_008285.png,2023-11-17 05:00:00,5,0,2,0
IMG_008286,images/IMG_008286.png,2023-11-17 06:00:00,5,3,3,1
IMG_008287,images/IMG_008287.jpg,2023-11-17 07:00:00,5,0,2,0
IMG_008288,images/IMG_008288.png,2023-09-16 04:00:00,3,2,0,1
IMG_008289,images/IMG_008289.png,2023-07-13 17:00:00,1,1,0,1
IMG_008290,images/IMG_008290.png,2023-11-17 08:00:00,5,0,2,0
IMG_008291,images/IMG_008291.jpg,2023-10-18 21:00:00,4,0,0,0
IMG_008292,images/IMG_008292.jpg,2023-08-17 02:00:00,2,2,0,1
IMG_008293,images/IMG_008293.png,2023-11-17 09:00:00,5,0,2,0
IMG_008294,images/IMG_008294.jpg,2023-09-16 05:00:00,3,2,0,1
IMG_008295,images/IMG_008295.png,2023-08-17 03:00:00,2,2,0,1
IMG_008296,images/IMG_008296.png,2023-06-12 04:00:00,0,0,0,0
IMG_008297,images/IMG_008297.jpg,2023-08-17 04:00:00,2,2,0,1
IMG_008298,images/IMG_008298.jpg,2023-11-17 10:00:00,5,0,2,0
IMG_008299,images/IMG_008299.png,2023-09-16 06:00:00,3,2,0,1
IMG_008300,images/IMG_008300.jpg,2023-11-17 11:00:00,5,0,2,0
IMG_008301,images/IMG_008301.jpg,2023-11-17 12:00:00,5,0,2,0
IMG_008302,images/IMG_008302.jpg,2023-11-17 13:00:00,5,0,2,0
IMG_008303,images/IMG_008303.png,2023-11-17 14:00:00,5,1,1,1
IMG_008304,images/IMG_008304.jpg,2023-10-18 22:00:00,4,0,0,0
IMG_008305,images/IMG_008305.jpg,2023-11-17 15:00:00,5,0,2,0
IMG_008306,images/IMG_008306.png,2023-08-17 05:00:00,2,2,0,1
IMG_008307,images/IMG_008307.png,2023-11-17 16:00:00,5,1,1,1
IMG_008308,images/IMG_008308.jpg,2023-09-16 07:00:00,3,0,0,0
IMG_008309,images/IMG_008309.jpg,2023-10-18 23:00:00,4,0,0,0
IMG_008310,images/IMG_008310.jpg,2023-07-13 18:00:00,1,0,0,0
IMG_008311,images/IMG_008311.jpg,2023-11-17 17:00:00,5,0,2,0
IMG_008312,images/IMG_008312.png,2023-11-17 18:00:00,5,0,2,0
IMG_008313,images/IMG_008313.png,2023-08-17 06:00:00,2,0,0,0
IMG_008314,images/IMG_008314.png,2023-11-17 19:00:00,5,1,1,1
IMG_008315,images/IMG_008315.jpg,2023-10-19 00:00:00,4,0,0,0
IMG_008316,images/IMG_008316.jpg,2023-10-19 01:00:00,4,0,0,0
IMG_008317,images/IMG_008317.png,2023-09-16 08:00:00,3,2,0,1
IMG_008318,images/IMG_008318.jpg,2023-11-17 20:00:00,5,0,2,0
IMG_008319,images/IMG_008319.jpg,2023-10-19 02:00:00,4,0,0,0
IMG_008320,images/IMG_008320.jpg,2023-11-17 21:00:00,5,0,2,0
IMG_008321,images/IMG_008321.png,2023-08-17 07:00:00,2,1,0,1
IMG_008322,images/IMG_008322.png,2023-08-17 08:00:00,2,2,0,1
IMG_008323,images/IMG_008323.jpg,2023-10-19 03:00:00,4,0,0,0
IMG_008324,images/IMG_008324.png,2023-11-17 22:00:00,5,3,3,1
IMG_008325,images/IMG_008325.png,2023-08-17 09:00:00,2,0,0,0
IMG_008326,images/IMG_008326.png,2023-08-17 10:00:00,2,0,0,0
IMG_008327,images/IMG_008327.png,2023-11-17 23:00:00,5,0,2,0
IMG_008328,images/IMG_008328.jpg,2023-11-18 00:00:00,5,0,2,0
IMG_008329,images/IMG_008329.jpg,2023-09-16 09:00:00,3,2,0,1
IMG_008330,images/IMG_008330.jpg,2023-10-19 04:00:00,4,0,0,0
IMG_008331,images/IMG_008331.jpg,2023-11-18 01:00:00,5,0,2,0
IMG_008332,images/IMG_008332.jpg,2023-08-17 11:00:00,2,2,0,1
IMG_008333,images/IMG_008333.jpg,2023-11-18 02:00:00,5,0,2,0
IMG_008334,images/IMG_008334.png,2023-11-18 03:00:00,5,0,2,0
IMG_008335,images/IMG_008335.png,2023-08-17 12:00:00,2,1,0,1
IMG_008336,images/IMG_008336.jpg,2023-10-19 05:00:00,4,0,0,0
IMG_008337,images/IMG_008337.jpg,2023-11-18 04:00:00,5,0,2,0
IMG_008338,images/IMG_008338.jpg,2023-09-16 10:00:00,3,2,0,1
IMG_008339,images/IMG_008339.jpg,2023-11-18 05:00:00,5,0,2,0
IMG_008340,images/IMG_008340.jpg,2023-11-18 06:00:00,5,0,2,0
IMG_008341,images/IMG_008341.jpg,2023-11-18 07:00:00,5,0,2,0
IMG_008342,images/IMG_008342.png,2023-09-16 11:00:00,3,0,0,0
IMG_008343,images/IMG_008343.png,2023-07-13 19:00:00,1,1,0,1
IMG_008344,images/IMG_008344.png,2023-09-16 12:00:00,3,1,0,1
IMG_008345,images/IMG_008345.jpg,2023-10-19 06:00:00,4,0,0,0
IMG_008346,images/IMG_008346.jpg,2023-11-18 08:00:00,5,0,2,0
IMG_008347,images/IMG_008347.png,2023-11-18 09:00:00,5,3,3,1
IMG_008348,images/IMG_008348.jpg,2023-11-18 10:00:00,5,0,2,0
IMG_008349,images/IMG_008349.jpg,2023-11-18 11:00:00,5,0,2,0
IMG_008350,images/IMG_008350.jpg,2023-11-18 12:00:00,5,0,2,0
IMG_008351,images/IMG_008351.png,2023-07-13 20:00:00,1,0,0,0
IMG_008352,images/IMG_008352.jpg,2023-10-19 07:00:00,4,0,0,0
IMG_008353,images/IMG_008353.jpg,2023-11-18 13:00:00,5,0,2,0
IMG_008354,images/IMG_008354.jpg,2023-11-18 14:00:00,5,0,2,0
IMG_008355,images/IMG_008355.jpg,2023-11-18 15:00:00,5,0,2,0
IMG_008356,images/IMG_008356.png,2023-07-13 21:00:00,1,1,0,1
IMG_008357,images/IMG_008357.jpg,2023-10-19 08:00:00,4,0,0,0
IMG_008358,images/IMG_008358.jpg,2023-08-17 13:00:00,2,2,0,1
IMG_008359,images/IMG_008359.jpg,2023-10-19 09:00:00,4,0,0,0
IMG_008360,images/IMG_008360.jpg,2023-08-17 14:00:00,2,2,0,1
IMG_008361,images/IMG_008361.png,2023-11-18 16:00:00,5,1,1,1
IMG_008362,images/IMG_008362.jpg,2023-11-18 17:00:00,5,0,2,0
IMG_008363,images/IMG_008363.png,2023-11-18 18:00:00,5,0,2,0
IMG_008364,images/IMG_008364.png,2023-11-18 19:00:00,5,1,1,1
IMG_008365,images/IMG_008365.jpg,2023-09-16 13:00:00,3,2,0,1
IMG_008366,images/IMG_008366.jpg,2023-11-18 20:00:00,5,0,2,0
IMG_008367,images/IMG_008367.png,2023-11-18 21:00:00,5,1,1,1
IMG_008368,images/IMG_008368.jpg,2023-09-16 14:00:00,3,0,0,0
IMG_008369,images/IMG_008369.jpg,2023-10-19 10:00:00,4,0,0,0
IMG_008370,images/IMG_008370.jpg,2023-10-19 11:00:00,4,0,0,0
IMG_008371,images/IMG_008371.png,2023-09-16 15:00:00,3,2,0,1
IMG_008372,images/IMG_008372.jpg,2023-10-19 12:00:00,4,0,0,0
IMG_008373,images/IMG_008373.png,2023-11-18 22:00:00,5,3,3,1
IMG_008374,images/IMG_008374.png,2023-11-18 23:00:00,5,1,1,1
IMG_008375,images/IMG_008375.jpg,2023-10-19 13:00:00,4,0,0,0
IMG_008376,images/IMG_008376.png,2023-08-17 15:00:00,2,2,0,1
IMG_008377,images/IMG_008377.png,2023-09-16 16:00:00,3,1,0,1
IMG_008378,images/IMG_008378.jpg,2023-10-19 14:00:00,4,0,0,0
IMG_008379,images/IMG_008379.jpg,2023-11-19 00:00:00,5,0,2,0
IMG_008380,images/IMG_008380.png,2023-11-19 01:00:00,5,0,2,0
IMG_008381,images/IMG_008381.jpg,2023-08-17 16:00:00,2,2,0,1
IMG_008382,images/IMG_008382.jpg,2023-11-19 02:00:00,5,0,2,0
IMG_008383,images/IMG_008383.jpg,2023-08-17 17:00:00,2,2,0,1
IMG_008384,images/IMG_008384.png,2023-11-19 03:00:00,5,3,3,1
IMG_008385,images/IMG_008385.jpg,2023-10-19 15:00:00,4,0,0,0
IMG_008386,images/IMG_008386.jpg,2023-11-19 04:00:00,5,0,2,0
IMG_008387,images/IMG_008387.jpg,2023-11-19 05:00:00,5,0,2,0
IMG_008388,images/IMG_008388.jpg,2023-10-19 16:00:00,4,0,0,0
IMG_008389,images/IMG_008389.jpg,2023-08-17 18:00:00,2,2,0,1
IMG_008390,images/IMG_008390.png,2023-11-19 06:00:00,5,1,1,1
IMG_008391,images/IMG_008391.png,2023-11-19 07:00:00,5,1,1,1
IMG_008392,images/IMG_008392.png,2023-08-17 19:00:00,2,0,0,0
IMG_008393,images/IMG_008393.jpg,2023-10-19 17:00:00,4,0,0,0
IMG_008394,images/IMG_008394.jpg,2023-10-19 18:00:00,4,0,0,0
IMG_008395,images/IMG_008395.png,2023-07-13 22:00:00,1,1,0,1
IMG_008396,images/IMG_008396.jpg,2023-10-19 19:00:00,4,0,0,0
IMG_008397,images/IMG_008397.png,2023-06-12 05:00:00,0,0,0,0
IMG_008398,images/IMG_008398.jpg,2023-10-19 20:00:00,4,0,0,0
IMG_008399,images/IMG_008399.jpg,2023-10-19 21:00:00,4,0,0,0
IMG_008400,images/IMG_008400.jpg,2023-10-19 22:00:00,4,0,0,0
IMG_008401,images/IMG_008401.png,2023-11-19 08:00:00,5,0,2,0
IMG_008402,images/IMG_008402.jpg,2023-10-19 23:00:00,4,0,0,0
IMG_008403,images/IMG_008403.png,2023-11-19 09:00:00,5,0,2,0
IMG_008404,images/IMG_008404.jpg,2023-11-19 10:00:00,5,0,2,0
IMG_008405,images/IMG_008405.jpg,2023-11-19 11:00:00,5,0,2,0
IMG_008406,images/IMG_008406.png,2023-06-12 06:00:00,0,0,0,0
IMG_008407,images/IMG_008407.jpg,2023-07-13 23:00:00,1,0,0,0
IMG_008408,images/IMG_008408.png,2023-11-19 12:00:00,5,3,3,1
IMG_008409,images/IMG_008409.png,2023-09-16 17:00:00,3,1,0,1
IMG_008410,images/IMG_008410.jpg,2023-10-20 00:00:00,4,0,0,0
IMG_008411,images/IMG_008411.png,2023-11-19 13:00:00,5,3,3,1
IMG_008412,images/IMG_008412.png,2023-08-17 20:00:00,2,0,0,0
IMG_008413,images/IMG_008413.png,2023-11-19 14:00:00,5,1,1,1
IMG_008414,images/IMG_008414.png,2023-11-19 15:00:00,5,0,2,0
IMG_008415,images/IMG_008415.png,2023-07-14 00:00:00,1,0,0,0
IMG_008416,images/IMG_008416.jpg,2023-10-20 01:00:00,4,0,0,0
IMG_008417,images/IMG_008417.png,2023-06-12 07:00:00,0,0,0,0
IMG_008418,images/IMG_008418.jpg,2023-11-19 16:00:00,5,0,2,0
IMG_008419,images/IMG_008419.png,2023-09-16 18:00:00,3,0,0,0
IMG_008420,images/IMG_008420.png,2023-11-19 17:00:00,5,1,1,1
IMG_008421,images/IMG_008421.jpg,2023-09-16 19:00:00,3,2,0,1
IMG_008422,images/IMG_008422.png,2023-09-16 20:00:00,3,2,0,1
IMG_008423,images/IMG_008423.jpg,2023-08-17 21:00:00,2,2,0,1
IMG_008424,images/IMG_008424.png,2023-08-17 22:00:00,2,0,0,0
IMG_008425,images/IMG_008425.jpg,2023-11-19 18:00:00,5,0,2,0
IMG_008426,images/IMG_008426.jpg,2023-11-19 19:00:00,5,0,2,0
IMG_008427,images/IMG_008427.jpg,2023-11-19 20:00:00,5,0,2,0
IMG_008428,images/IMG_008428.png,2023-11-19 21:00:00,5,1,1,1
IMG_008429,images/IMG_008429.jpg,2023-10-20 02:00:00,4,0,0,0
IMG_008430,images/IMG_008430.png,2023-11-19 22:00:00,5,0,2,0
IMG_008431,images/IMG_008431.jpg,2023-10-20 03:00:00,4,0,0,0
IMG_008432,images/IMG_008432.png,2023-11-19 23:00:00,5,1,1,1
IMG_008433,images/IMG_008433.png,2023-08-17 23:00:00,2,2,0,1
IMG_008434,images/IMG_008434.jpg,2023-09-16 21:00:00,3,2,0,1
IMG_008435,images/IMG_008435.jpg,2023-08-18 00:00:00,2,2,0,1
IMG_008436,images/IMG_008436.jpg,2023-09-16 22:00:00,3,0,0,0
IMG_008437,images/IMG_008437.jpg,2023-11-20 00:00:00,5,0,2,0
IMG_008438,images/IMG_008438.png,2023-11-20 01:00:00,5,3,3,1
IMG_008439,images/IMG_008439.png,2023-11-20 02:00:00,5,3,3,1
IMG_008440,images/IMG_008440.jpg,2023-08-18 01:00:00,2,2,0,1
IMG_008441,images/IMG_008441.jpg,2023-10-20 04:00:00,4,0,0,0
IMG_008442,images/IMG_008442.jpg,2023-10-20 05:00:00,4,0,0,0
IMG_008443,images/IMG_008443.png,2023-08-18 02:00:00,2,1,0,1
IMG_008444,images/IMG_008444.jpg,2023-08-18 03:00:00,2,2,0,1
IMG_008445,images/IMG_008445.png,2023-11-20 03:00:00,5,3,3,1
IMG_008446,images/IMG_008446.png,2023-11-20 04:00:00,5,0,2,0
IMG_008447,images/IMG_008447.jpg,2023-06-12 08:00:00,0,0,0,0
IMG_008448,images/IMG_008448.jpg,2023-09-16 23:00:00,3,2,0,1
IMG_008449,images/IMG_008449.png,2023-09-17 00:00:00,3,2,0,1
IMG_008450,images/IMG_008450.png,2023-11-20 05:00:00,5,0,2,0
IMG_008451,images/IMG_008451.png,2023-07-14 01:00:00,1,0,0,0
IMG_008452,images/IMG_008452.png,2023-08-18 04:00:00,2,0,0,0
IMG_008453,images/IMG_008453.png,2023-09-17 01:00:00,3,0,0,0
IMG_008454,images/IMG_008454.jpg,2023-11-20 06:00:00,5,0,2,0
IMG_008455,images/IMG_008455.png,2023-08-18 05:00:00,2,2,0,1
IMG_008456,images/IMG_008456.png,2023-07-14 02:00:00,1,0,0,0
IMG_008457,images/IMG_008457.png,2023-11-20 07:00:00,5,3,3,1
IMG_008458,images/IMG_008458.jpg,2023-11-20 08:00:00,5,0,2,0
IMG_008459,images/IMG_008459.jpg,2023-08-18 06:00:00,2,2,0,1
IMG_008460,images/IMG_008460.png,2023-11-20 09:00:00,5,3,3,1
IMG_008461,images/IMG_008461.jpg,2023-10-20 06:00:00,4,0,0,0
IMG_008462,images/IMG_008462.png,2023-11-20 10:00:00,5,1,1,1
IMG_008463,images/IMG_008463.png,2023-11-20 11:00:00,5,3,3,1
IMG_008464,images/IMG_008464.jpg,2023-10-20 07:00:00,4,0,0,0
IMG_008465,images/IMG_008465.png,2023-09-17 02:00:00,3,2,0,1
IMG_008466,images/IMG_008466.png,2023-11-20 12:00:00,5,0,2,0
IMG_008467,images/IMG_008467.jpg,2023-09-17 03:00:00,3,2,0,1
IMG_008468,images/IMG_008468.png,2023-07-14 03:00:00,1,1,0,1
IMG_008469,images/IMG_008469.jpg,2023-09-17 04:00:00,3,2,0,1
IMG_008470,images/IMG_008470.jpg,2023-11-20 13:00:00,5,0,2,0
IMG_008471,images/IMG_008471.png,2023-11-20 14:00:00,5,3,3,1
IMG_008472,images/IMG_008472.jpg,2023-08-18 07:00:00,2,2,0,1
IMG_008473,images/IMG_008473.png,2023-08-18 08:00:00,2,2,0,1
IMG_008474,images/IMG_008474.png,2023-11-20 15:00:00,5,0,2,0
IMG_008475,images/IMG_008475.jpg,2023-08-18 09:00:00,2,0,0,0
IMG_008476,images/IMG_008476.jpg,2023-11-20 16:00:00,5,0,2,0
IMG_008477,images/IMG_008477.png,2023-08-18 10:00:00,2,0,0,0
IMG_008478,images/IMG_008478.jpg,2023-09-17 05:00:00,3,2,0,1
IMG_008479,images/IMG_008479.jpg,2023-11-20 17:00:00,5,0,2,0
IMG_008480,images/IMG_008480.png,2023-09-17 06:00:00,3,0,0,0
IMG_008481,images/IMG_008481.png,2023-08-18 11:00:00,2,2,0,1
IMG_008482,images/IMG_008482.png,2023-09-17 07:00:00,3,0,0,0
IMG_008483,images/IMG_008483.jpg,2023-08-18 12:00:00,2,2,0,1
IMG_008484,images/IMG_008484.jpg,2023-11-20 18:00:00,5,0,2,0
IMG_008485,images/IMG_008485.png,2023-11-20 19:00:00,5,1,1,1
IMG_008486,images/IMG_008486.png,2023-07-14 04:00:00,1,1,0,1
IMG_008487,images/IMG_008487.jpg,2023-10-20 08:00:00,4,0,0,0
IMG_008488,images/IMG_008488.png,2023-11-20 20:00:00,5,0,2,0
IMG_008489,images/IMG_008489.jpg,2023-11-20 21:00:00,5,0,2,0
IMG_008490,images/IMG_008490.jpg,2023-11-20 22:00:00,5,0,2,0
IMG_008491,images/IMG_008491.png,2023-09-17 08:00:00,3,0,0,0
IMG_008492,images/IMG_008492.png,2023-11-20 23:00:00,5,0,2,0
IMG_008493,images/IMG_008493.jpg,2023-09-17 09:00:00,3,2,0,1
IMG_008494,images/IMG_008494.jpg,2023-10-20 09:00:00,4,0,0,0
IMG_008495,images/IMG_008495.jpg,2023-11-21 00:00:00,5,0,2,0
IMG_008496,images/IMG_008496.jpg,2023-11-21 01:00:00,5,0,2,0
IMG_008497,images/IMG_008497.jpg,2023-10-20 10:00:00,4,0,0,0
IMG_008498,images/IMG_008498.jpg,2023-09-17 10:00:00,3,2,0,1
IMG_008499,images/IMG_008499.jpg,2023-10-20 11:00:00,4,0,0,0
IMG_008500,images/IMG_008500.png,2023-11-21 02:00:00,5,1,1,1
IMG_008501,images/IMG_008501.png,2023-09-17 11:00:00,3,2,0,1
IMG_008502,images/IMG_008502.png,2023-11-21 03:00:00,5,3,3,1
IMG_008503,images/IMG_008503.png,2023-11-21 04:00:00,5,0,2,0
IMG_008504,images/IMG_008504.png,2023-08-18 13:00:00,2,0,0,0
IMG_008505,images/IMG_008505.jpg,2023-11-21 05:00:00,5,0,2,0
IMG_008506,images/IMG_008506.jpg,2023-09-17 12:00:00,3,2,0,1
IMG_008507,images/IMG_008507.png,2023-07-14 05:00:00,1,0,0,0
IMG_008508,images/IMG_008508.png,2023-06-12 09:00:00,0,0,0,0
IMG_008509,images/IMG_008509.png,2023-09-17 13:00:00,3,1,0,1
IMG_008510,images/IMG_008510.png,2023-11-21 06:00:00,5,3,3,1
IMG_008511,images/IMG_008511.png,2023-09-17 14:00:00,3,1,0,1
IMG_008512,images/IMG_008512.png,2023-11-21 07:00:00,5,3,3,1
IMG_008513,images/IMG_008513.jpg,2023-11-21 08:00:00,5,0,2,0
IMG_008514,images/IMG_008514.png,2023-08-18 14:00:00,2,2,0,1
IMG_008515,images/IMG_008515.jpg,2023-11-21 09:00:00,5,0,2,0
IMG_008516,images/IMG_008516.jpg,2023-08-18 15:00:00,2,2,0,1
IMG_008517,images/IMG_008517.png,2023-11-21 10:00:00,5,3,3,1
IMG_008518,images/IMG_008518.jpg,2023-11-21 11:00:00,5,0,2,0
IMG_008519,images/IMG_008519.jpg,2023-09-17 15:00:00,3,2,0,1
IMG_008520,images/IMG_008520.png,2023-09-17 16:00:00,3,2,0,1
IMG_008521,images/IMG_008521.jpg,2023-10-20 12:00:00,4,0,0,0
IMG_008522,images/IMG_008522.jpg,2023-10-20 13:00:00,4,0,0,0
IMG_008523,images/IMG_008523.png,2023-09-17 17:00:00,3,2,0,1
IMG_008524,images/IMG_008524.png,2023-11-21 12:00:00,5,1,1,1
IMG_008525,images/IMG_008525.jpg,2023-09-17 18:00:00,3,2,0,1
IMG_008526,images/IMG_008526.jpg,2023-10-20 14:00:00,4,0,0,0
IMG_008527,images/IMG_008527.png,2023-11-21 13:00:00,5,0,2,0
IMG_008528,images/IMG_008528.png,2023-11-21 14:00:00,5,0,2,0
IMG_008529,images/IMG_008529.jpg,2023-11-21 15:00:00,5,0,2,0
IMG_008530,images/IMG_008530.jpg,2023-11-21 16:00:00,5,0,2,0
IMG_008531,images/IMG_008531.png,2023-08-18 16:00:00,2,2,0,1
IMG_008532,images/IMG_008532.jpg,2023-09-17 19:00:00,3,2,0,1
IMG_008533,images/IMG_008533.jpg,2023-11-21 17:00:00,5,0,2,0
IMG_008534,images/IMG_008534.jpg,2023-10-20 15:00:00,4,0,0,0
IMG_008535,images/IMG_008535.jpg,2023-10-20 16:00:00,4,0,0,0
IMG_008536,images/IMG_008536.png,2023-11-21 18:00:00,5,0,2,0
IMG_008537,images/IMG_008537.png,2023-08-18 17:00:00,2,0,0,0
IMG_008538,images/IMG_008538.png,2023-11-21 19:00:00,5,1,1,1
IMG_008539,images/IMG_008539.jpg,2023-08-18 18:00:00,2,2,0,1
IMG_008540,images/IMG_008540.png,2023-08-18 19:00:00,2,2,0,1
IMG_008541,images/IMG_008541.png,2023-09-17 20:00:00,3,0,0,0
IMG_008542,images/IMG_008542.jpg,2023-10-20 17:00:00,4,0,0,0
IMG_008543,images/IMG_008543.jpg,2023-07-14 06:00:00,1,0,0,0
IMG_008544,images/IMG_008544.jpg,2023-08-18 20:00:00,2,2,0,1
IMG_008545,images/IMG_008545.png,2023-07-14 07:00:00,1,1,0,1
IMG_008546,images/IMG_008546.png,2023-11-21 20:00:00,5,0,2,0
IMG_008547,images/IMG_008547.jpg,2023-08-18 21:00:00,2,2,0,1
IMG_008548,images/IMG_008548.png,2023-11-21 21:00:00,5,1,1,1
IMG_008549,images/IMG_008549.png,2023-09-17 21:00:00,3,2,0,1
IMG_008550,images/IMG_008550.png,2023-09-17 22:00:00,3,1,0,1
IMG_008551,images/IMG_008551.png,2023-09-17 23:00:00,3,1,0,1
IMG_008552,images/IMG_008552.jpg,2023-11-21 22:00:00,5,0,2,0
IMG_008553,images/IMG_008553.jpg,2023-10-20 18:00:00,4,0,0,0
IMG_008554,images/IMG_008554.jpg,2023-11-21 23:00:00,5,0,2,0
IMG_008555,images/IMG_008555.jpg,2023-10-20 19:00:00,4,0,0,0
IMG_008556,images/IMG_008556.png,2023-06-12 10:00:00,0,0,0,0
IMG_008557,images/IMG_008557.png,2023-11-22 00:00:00,5,3,3,1
IMG_008558,images/IMG_008558.png,2023-11-22 01:00:00,5,1,1,1
IMG_008559,images/IMG_008559.jpg,2023-10-20 20:00:00,4,0,0,0
IMG_008560,images/IMG_008560.jpg,2023-11-22 02:00:00,5,0,2,0
IMG_008561,images/IMG_008561.jpg,2023-11-22 03:00:00,5,0,2,0
IMG_008562,images/IMG_008562.png,2023-08-18 22:00:00,2,1,0,1
IMG_008563,images/IMG_008563.jpg,2023-11-22 04:00:00,5,0,2,0
IMG_008564,images/IMG_008564.png,2023-11-22 05:00:00,5,0,2,0
IMG_008565,images/IMG_008565.jpg,2023-09-18 00:00:00,3,2,0,1
IMG_008566,images/IMG_008566.jpg,2023-11-22 06:00:00,5,0,2,0
IMG_008567,images/IMG_008567.jpg,2023-08-18 23:00:00,2,2,0,1
IMG_008568,images/IMG_008568.png,2023-08-19 00:00:00,2,2,0,1
IMG_008569,images/IMG_008569.png,2023-09-18 01:00:00,3,2,0,1
IMG_008570,images/IMG_008570.png,2023-07-14 08:00:00,1,0,0,0
IMG_008571,images/IMG_008571.jpg,2023-10-20 21:00:00,4,0,0,0
IMG_008572,images/IMG_008572.jpg,2023-09-18 02:00:00,3,2,0,1
IMG_008573,images/IMG_008573.png,2023-09-18 03:00:00,3,2,0,1
IMG_008574,images/IMG_008574.png,2023-09-18 04:00:00,3,2,0,1
IMG_008575,images/IMG_008575.png,2023-11-22 07:00:00,5,1,1,1
IMG_008576,images/IMG_008576.jpg,2023-11-22 08:00:00,5,0,2,0
IMG_008577,images/IMG_008577.png,2023-08-19 01:00:00,2,2,0,1
IMG_008578,images/IMG_008578.jpg,2023-10-20 22:00:00,4,0,0,0
IMG_008579,images/IMG_008579.png,2023-11-22 09:00:00,5,0,2,0
IMG_008580,images/IMG_008580.png,2023-11-22 10:00:00,5,1,1,1
IMG_008581,images/IMG_008581.png,2023-08-19 02:00:00,2,2,0,1
IMG_008582,images/IMG_008582.jpg,2023-11-22 11:00:00,5,0,2,0
IMG_008583,images/IMG_008583.jpg,2023-08-19 03:00:00,2,2,0,1
IMG_008584,images/IMG_008584.png,2023-07-14 09:00:00,1,1,0,1
IMG_008585,images/IMG_008585.png,2023-11-22 12:00:00,5,0,2,0
IMG_008586,images/IMG_008586.jpg,2023-11-22 13:00:00,5,0,2,0
IMG_008587,images/IMG_008587.jpg,2023-11-22 14:00:00,5,0,2,0
IMG_008588,images/IMG_008588.jpg,2023-11-22 15:00:00,5,0,2,0
IMG_008589,images/IMG_008589.jpg,2023-10-20 23:00:00,4,0,0,0
IMG_008590,images/IMG_008590.jpg,2023-10-21 00:00:00,4,0,0,0
IMG_008591,images/IMG_008591.jpg,2023-10-21 01:00:00,4,0,0,0
IMG_008592,images/IMG_008592.jpg,2023-11-22 16:00:00,5,0,2,0
IMG_008593,images/IMG_008593.jpg,2023-09-18 22:00:00,4,0,0,0
IMG_008594,images/IMG_008594.png,2023-11-22 17:00:00,5,0,2,0
IMG_008595,images/IMG_008595.png,2023-07-14 10:00:00,1,1,0,1
IMG_008596,images/IMG_008596.jpg,2023-11-22 18:00:00,5,0,2,0
IMG_008597,images/IMG_008597.png,2023-08-19 04:00:00,2,2,0,1
IMG_008598,images/IMG_008598.jpg,2023-08-19 05:00:00,2,2,0,1
IMG_008599,images/IMG_008599.jpg,2023-11-22 19:00:00,5,0,2,0
IMG_008600,images/IMG_008600.jpg,2023-11-22 20:00:00,5,0,2,0
IMG_008601,images/IMG_008601.png,2023-11-22 21:00:00,5,1,1,1
IMG_008602,images/IMG_008602.jpg,2023-09-18 23:00:00,4,0,0,0
IMG_008603,images/IMG_008603.jpg,2023-09-19 00:00:00,4,0,0,0
IMG_008604,images/IMG_008604.png,2023-11-22 22:00:00,5,0,2,0
IMG_008605,images/IMG_008605.jpg,2023-09-19 01:00:00,4,0,0,0
IMG_008606,images/IMG_008606.jpg,2023-09-19 02:00:00,4,0,0,0
IMG_008607,images/IMG_008607.jpg,2023-09-18 05:00:00,3,2,0,1
IMG_008608,images/IMG_008608.png,2023-07-14 11:00:00,1,0,0,0
IMG_008609,images/IMG_008609.jpg,2023-11-22 23:00:00,5,0,2,0
IMG_008610,images/IMG_008610.png,2023-09-18 06:00:00,3,2,0,1
IMG_008611,images/IMG_008611.png,2023-09-18 07:00:00,3,2,0,1
IMG_008612,images/IMG_008612.jpg,2023-09-18 08:00:00,3,0,0,0
IMG_008613,images/IMG_008613.jpg,2023-11-23 00:00:00,5,0,2,0
IMG_008614,images/IMG_008614.jpg,2023-08-19 06:00:00,2,2,0,1
IMG_008615,images/IMG_008615.png,2023-09-18 09:00:00,3,2,0,1
IMG_008616,images/IMG_008616.jpg,2023-09-19 03:00:00,4,0,0,0
IMG_008617,images/IMG_008617.png,2023-11-23 01:00:00,5,0,2,0
IMG_008618,images/IMG_008618.png,2023-08-19 07:00:00,2,1,0,1
IMG_008619,images/IMG_008619.jpg,2023-11-23 02:00:00,5,0,2,0
IMG_008620,images/IMG_008620.png,2023-11-23 03:00:00,5,3,3,1
IMG_008621,images/IMG_008621.jpg,2023-11-23 04:00:00,5,0,2,0
IMG_008622,images/IMG_008622.jpg,2023-08-19 08:00:00,2,2,0,1
IMG_008623,images/IMG_008623.jpg,2023-11-23 05:00:00,5,0,2,0
IMG_008624,images/IMG_008624.png,2023-11-23 06:00:00,5,1,1,1
IMG_008625,images/IMG_008625.png,2023-11-23 07:00:00,5,0,2,0
IMG_008626,images/IMG_008626.png,2023-11-23 08:00:00,5,1,1,1
IMG_008627,images/IMG_008627.jpg,2023-08-19 09:00:00,2,2,0,1
IMG_008628,images/IMG_008628.jpg,2023-09-18 10:00:00,3,2,0,1
IMG_008629,images/IMG_008629.png,2023-11-23 09:00:00,5,3,3,1
IMG_008630,images/IMG_008630.jpg,2023-11-23 10:00:00,5,0,2,0
IMG_008631,images/IMG_008631.png,2023-11-23 11:00:00,5,3,3,1
IMG_008632,images/IMG_008632.png,2023-09-18 11:00:00,3,0,0,0
IMG_008633,images/IMG_008633.jpg,2023-11-23 12:00:00,5,0,2,0
IMG_008634,images/IMG_008634.jpg,2023-08-19 10:00:00,2,2,0,1
IMG_008635,images/IMG_008635.jpg,2023-11-23 13:00:00,5,0,2,0
IMG_008636,images/IMG_008636.jpg,2023-09-19 04:00:00,4,0,0,0
IMG_008637,images/IMG_008637.jpg,2023-11-23 14:00:00,5,0,2,0
IMG_008638,images/IMG_008638.jpg,2023-08-19 11:00:00,2,2,0,1
IMG_008639,images/IMG_008639.png,2023-11-23 15:00:00,5,0,2,0
IMG_008640,images/IMG_008640.jpg,2023-07-14 12:00:00,1,0,0,0
IMG_008641,images/IMG_008641.png,2023-11-23 16:00:00,5,3,3,1
IMG_008642,images/IMG_008642.png,2023-06-12 11:00:00,0,0,0,0
IMG_008643,images/IMG_008643.png,2023-11-23 17:00:00,5,3,3,1
IMG_008644,images/IMG_008644.jpg,2023-09-18 12:00:00,3,2,0,1
IMG_008645,images/IMG_008645.png,2023-08-19 12:00:00,2,1,0,1
IMG_008646,images/IMG_008646.png,2023-09-18 13:00:00,3,0,0,0
IMG_008647,images/IMG_008647.jpg,2023-11-23 18:00:00,5,0,2,0
IMG_008648,images/IMG_008648.jpg,2023-09-19 05:00:00,4,0,0,0
IMG_008649,images/IMG_008649.jpg,2023-09-19 06:00:00,4,0,0,0
IMG_008650,images/IMG_008650.png,2023-11-23 19:00:00,5,1,1,1
IMG_008651,images/IMG_008651.jpg,2023-11-23 20:00:00,5,0,2,0
IMG_008652,images/IMG_008652.png,2023-11-23 21:00:00,5,0,2,0
IMG_008653,images/IMG_008653.png,2023-08-19 13:00:00,2,2,0,1
IMG_008654,images/IMG_008654.png,2023-11-23 22:00:00,5,3,3,1
IMG_008655,images/IMG_008655.jpg,2023-11-23 23:00:00,5,0,2,0
IMG_008656,images/IMG_008656.jpg,2023-11-24 00:00:00,5,0,2,0
IMG_008657,images/IMG_008657.jpg,2023-08-19 14:00:00,2,2,0,1
IMG_008658,images/IMG_008658.png,2023-11-24 01:00:00,5,3,3,1
IMG_008659,images/IMG_008659.jpg,2023-09-19 07:00:00,4,0,0,0
IMG_008660,images/IMG_008660.jpg,2023-11-24 02:00:00,5,0,2,0
IMG_008661,images/IMG_008661.jpg,2023-09-18 14:00:00,3,2,0,1
IMG_008662,images/IMG_008662.png,2023-11-24 03:00:00,5,0,2,0
IMG_008663,images/IMG_008663.jpg,2023-11-24 04:00:00,5,0,2,0
IMG_008664,images/IMG_008664.jpg,2023-06-12 12:00:00,0,0,0,0
IMG_008665,images/IMG_008665.jpg,2023-11-24 05:00:00,5,0,2,0
IMG_008666,images/IMG_008666.png,2023-09-18 15:00:00,3,0,0,0
IMG_008667,images/IMG_008667.jpg,2023-07-14 13:00:00,1,0,0,0
IMG_008668,images/IMG_008668.png,2023-11-24 06:00:00,5,3,3,1
IMG_008669,images/IMG_008669.jpg,2023-11-24 07:00:00,5,0,2,0
IMG_008670,images/IMG_008670.jpg,2023-09-19 08:00:00,4,0,0,0
IMG_008671,images/IMG_008671.png,2023-08-19 15:00:00,2,0,0,0
IMG_008672,images/IMG_008672.jpg,2023-09-19 09:00:00,4,0,0,0
IMG_008673,images/IMG_008673.jpg,2023-09-19 10:00:00,4,0,0,0
IMG_008674,images/IMG_008674.jpg,2023-11-24 08:00:00,5,0,2,0
IMG_008675,images/IMG_008675.jpg,2023-09-19 11:00:00,4,0,0,0
IMG_008676,images/IMG_008676.png,2023-11-24 09:00:00,5,1,1,1
IMG_008677,images/IMG_008677.png,2023-11-24 10:00:00,5,3,3,1
IMG_008678,images/IMG_008678.png,2023-11-24 11:00:00,5,0,2,0
IMG_008679,images/IMG_008679.png,2023-11-24 12:00:00,5,0,2,0
IMG_008680,images/IMG_008680.png,2023-11-24 13:00:00,5,0,2,0
IMG_008681,images/IMG_008681.png,2023-11-24 14:00:00,5,0,2,0
IMG_008682,images/IMG_008682.jpg,2023-09-19 12:00:00,4,0,0,0
IMG_008683,images/IMG_008683.png,2023-09-18 16:00:00,3,2,0,1
IMG_008684,images/IMG_008684.jpg,2023-11-24 15:00:00,5,0,2,0
IMG_008685,images/IMG_008685.jpg,2023-08-19 16:00:00,2,2,0,1
IMG_008686,images/IMG_008686.jpg,2023-09-19 13:00:00,4,0,0,0
IMG_008687,images/IMG_008687.jpg,2023-09-19 14:00:00,4,0,0,0
IMG_008688,images/IMG_008688.jpg,2023-11-24 16:00:00,5,0,2,0
IMG_008689,images/IMG_008689.png,2023-09-18 17:00:00,3,2,0,1
IMG_008690,images/IMG_008690.jpg,2023-11-24 17:00:00,5,0,2,0
IMG_008691,images/IMG_008691.png,2023-08-19 17:00:00,2,1,0,1
IMG_008692,images/IMG_008692.png,2023-11-24 18:00:00,5,0,2,0
IMG_008693,images/IMG_008693.png,2023-11-24 19:00:00,5,0,2,0
IMG_008694,images/IMG_008694.png,2023-11-24 20:00:00,5,1,1,1
IMG_008695,images/IMG_008695.jpg,2023-09-19 15:00:00,4,0,0,0
IMG_008696,images/IMG_008696.png,2023-11-24 21:00:00,5,0,2,0
IMG_008697,images/IMG_008697.png,2023-09-18 18:00:00,3,0,0,0
IMG_008698,images/IMG_008698.jpg,2023-09-19 16:00:00,4,0,0,0
IMG_008699,images/IMG_008699.png,2023-09-18 19:00:00,3,0,0,0
IMG_008700,images/IMG_008700.png,2023-11-24 22:00:00,5,1,1,1
IMG_008701,images/IMG_008701.png,2023-11-24 23:00:00,5,0,2,0
IMG_008702,images/IMG_008702.jpg,2023-08-19 18:00:00,2,2,0,1
IMG_008703,images/IMG_008703.jpg,2023-09-19 17:00:00,4,0,0,0
IMG_008704,images/IMG_008704.png,2023-09-18 20:00:00,3,2,0,1
IMG_008705,images/IMG_008705.png,2023-09-18 21:00:00,3,0,0,0
IMG_008706,images/IMG_008706.png,2023-11-25 00:00:00,5,0,2,0
IMG_008707,images/IMG_008707.png,2023-11-25 01:00:00,5,1,1,1
IMG_008708,images/IMG_008708.png,2023-08-21 07:00:00,3,2,0,1
IMG_008709,images/IMG_008709.jpg,2023-11-25 02:00:00,5,0,2,0
IMG_008710,images/IMG_008710.jpg,2023-09-19 18:00:00,4,0,0,0
IMG_008711,images/IMG_008711.jpg,2023-08-19 19:00:00,2,2,0,1
IMG_008712,images/IMG_008712.jpg,2023-08-21 08:00:00,3,2,0,1
IMG_008713,images/IMG_008713.jpg,2023-08-19 20:00:00,2,2,0,1
IMG_008714,images/IMG_008714.png,2023-08-19 21:00:00,2,2,0,1
IMG_008715,images/IMG_008715.jpg,2023-08-19 22:00:00,2,0,0,0
IMG_008716,images/IMG_008716.png,2023-11-25 03:00:00,5,3,3,1
IMG_008717,images/IMG_008717.jpg,2023-09-19 19:00:00,4,0,0,0
IMG_008718,images/IMG_008718.png,2023-08-19 23:00:00,2,1,0,1
IMG_008719,images/IMG_008719.png,2023-06-12 13:00:00,0,0,0,0
IMG_008720,images/IMG_008720.jpg,2023-11-25 04:00:00,5,0,2,0
IMG_008721,images/IMG_008721.jpg,2023-08-21 09:00:00,3,2,0,1
IMG_008722,images/IMG_008722.png,2023-11-25 05:00:00,5,1,1,1
IMG_008723,images/IMG_008723.jpg,2023-11-25 06:00:00,5,0,2,0
IMG_008724,images/IMG_008724.jpg,2023-08-21 10:00:00,3,2,0,1
IMG_008725,images/IMG_008725.jpg,2023-09-19 20:00:00,4,0,0,0
IMG_008726,images/IMG_008726.jpg,2023-11-25 07:00:00,5,0,2,0
IMG_008727,images/IMG_008727.png,2023-11-25 08:00:00,5,1,1,1
IMG_008728,images/IMG_008728.jpg,2023-09-19 21:00:00,4,0,0,0
IMG_008729,images/IMG_008729.png,2023-11-25 09:00:00,5,3,3,1
IMG_008730,images/IMG_008730.jpg,2023-09-19 22:00:00,4,0,0,0
IMG_008731,images/IMG_008731.png,2023-07-14 14:00:00,1,1,0,1
IMG_008732,images/IMG_008732.jpg,2023-11-25 10:00:00,5,0,2,0
IMG_008733,images/IMG_008733.jpg,2023-08-20 00:00:00,2,2,0,1
IMG_008734,images/IMG_008734.jpg,2023-09-19 23:00:00,4,0,0,0
IMG_008735,images/IMG_008735.jpg,2023-09-20 00:00:00,4,0,0,0
IMG_008736,images/IMG_008736.jpg,2023-09-20 01:00:00,4,0,0,0
IMG_008737,images/IMG_008737.png,2023-08-21 11:00:00,3,1,0,1
IMG_008738,images/IMG_008738.jpg,2023-11-25 11:00:00,5,0,2,0
IMG_008739,images/IMG_008739.png,2023-08-20 01:00:00,2,2,0,1
IMG_008740,images/IMG_008740.png,2023-07-14 15:00:00,1,1,0,1
IMG_008741,images/IMG_008741.png,2023-11-25 12:00:00,5,3,3,1
IMG_008742,images/IMG_008742.jpg,2023-09-20 02:00:00,4,0,0,0
IMG_008743,images/IMG_008743.png,2023-08-20 02:00:00,2,2,0,1
IMG_008744,images/IMG_008744.jpg,2023-09-20 03:00:00,4,0,0,0
IMG_008745,images/IMG_008745.png,2023-11-25 13:00:00,5,3,3,1
IMG_008746,images/IMG_008746.jpg,2023-11-25 14:00:00,5,0,2,0
IMG_008747,images/IMG_008747.jpg,2023-09-20 04:00:00,4,0,0,0
IMG_008748,images/IMG_008748.jpg,2023-11-25 15:00:00,5,0,2,0
IMG_008749,images/IMG_008749.jpg,2023-11-25 16:00:00,5,0,2,0
IMG_008750,images/IMG_008750.png,2023-08-21 12:00:00,3,2,0,1
IMG_008751,images/IMG_008751.jpg,2023-09-20 05:00:00,4,0,0,0
IMG_008752,images/IMG_008752.jpg,2023-09-20 06:00:00,4,0,0,0
IMG_008753,images/IMG_008753.png,2023-07-14 16:00:00,1,1,0,1
IMG_008754,images/IMG_008754.jpg,2023-08-21 13:00:00,3,2,0,1
IMG_008755,images/IMG_008755.jpg,2023-08-21 14:00:00,3,2,0,1
IMG_008756,images/IMG_008756.jpg,2023-11-25 17:00:00,5,0,2,0
IMG_008757,images/IMG_008757.jpg,2023-08-21 15:00:00,3,0,0,0
IMG_008758,images/IMG_008758.png,2023-07-14 17:00:00,1,0,0,0
IMG_008759,images/IMG_008759.png,2023-08-20 03:00:00,2,2,0,1
IMG_008760,images/IMG_008760.jpg,2023-11-25 18:00:00,5,0,2,0
IMG_008761,images/IMG_008761.png,2023-11-25 19:00:00,5,3,3,1
IMG_008762,images/IMG_008762.png,2023-08-21 16:00:00,3,1,0,1
IMG_008763,images/IMG_008763.png,2023-11-25 20:00:00,5,0,2,0
IMG_008764,images/IMG_008764.jpg,2023-06-12 14:00:00,0,0,0,0
IMG_008765,images/IMG_008765.jpg,2023-11-25 21:00:00,5,0,2,0
IMG_008766,images/IMG_008766.jpg,2023-08-20 04:00:00,2,0,0,0
IMG_008767,images/IMG_008767.png,2023-08-21 17:00:00,3,2,0,1
IMG_008768,images/IMG_008768.jpg,2023-08-20 05:00:00,2,0,0,0
IMG_008769,images/IMG_008769.png,2023-07-14 18:00:00,1,1,0,1
IMG_008770,images/IMG_008770.png,2023-08-20 06:00:00,2,0,0,0
IMG_008771,images/IMG_008771.png,2023-08-21 18:00:00,3,1,0,1
IMG_008772,images/IMG_008772.jpg,2023-09-20 07:00:00,4,0,0,0
IMG_008773,images/IMG_008773.png,2023-11-25 22:00:00,5,1,1,1
IMG_008774,images/IMG_008774.png,2023-11-25 23:00:00,5,3,3,1
IMG_008775,images/IMG_008775.png,2023-11-26 00:00:00,5,3,3,1
IMG_008776,images/IMG_008776.jpg,2023-08-21 19:00:00,3,2,0,1
IMG_008777,images/IMG_008777.png,2023-08-20 07:00:00,2,2,0,1
IMG_008778,images/IMG_008778.png,2023-08-20 08:00:00,2,1,0,1
IMG_008779,images/IMG_008779.jpg,2023-09-20 08:00:00,4,0,0,0
IMG_008780,images/IMG_008780.jpg,2023-08-21 20:00:00,3,2,0,1
IMG_008781,images/IMG_008781.jpg,2023-11-26 01:00:00,5,0,2,0
IMG_008782,images/IMG_008782.jpg,2023-08-21 21:00:00,3,2,0,1
IMG_008783,images/IMG_008783.jpg,2023-09-20 09:00:00,4,0,0,0
IMG_008784,images/IMG_008784.png,2023-07-14 19:00:00,1,0,0,0
IMG_008785,images/IMG_008785.png,2023-11-26 02:00:00,5,3,3,1
IMG_008786,images/IMG_008786.png,2023-11-26 03:00:00,5,0,2,0
IMG_008787,images/IMG_008787.png,2023-11-26 04:00:00,5,3,3,1
IMG_008788,images/IMG_008788.png,2023-11-26 05:00:00,5,3,3,1
IMG_008789,images/IMG_008789.jpg,2023-08-20 09:00:00,2,2,0,1
IMG_008790,images/IMG_008790.jpg,2023-08-21 22:00:00,3,2,0,1
IMG_008791,images/IMG_008791.jpg,2023-09-20 10:00:00,4,0,0,0
IMG_008792,images/IMG_008792.jpg,2023-11-26 06:00:00,5,0,2,0
IMG_008793,images/IMG_008793.jpg,2023-08-21 23:00:00,3,2,0,1
IMG_008794,images/IMG_008794.jpg,2023-09-20 11:00:00,4,0,0,0
IMG_008795,images/IMG_008795.jpg,2023-09-20 12:00:00,4,0,0,0
IMG_008796,images/IMG_008796.jpg,2023-08-20 10:00:00,2,0,0,0
IMG_008797,images/IMG_008797.png,2023-06-12 15:00:00,0,0,0,0
IMG_008798,images/IMG_008798.png,2023-11-26 07:00:00,5,0,2,0
IMG_008799,images/IMG_008799.png,2023-11-26 08:00:00,5,3,3,1
IMG_008800,images/IMG_008800.png,2023-11-26 09:00:00,5,3,3,1
IMG_008801,images/IMG_008801.jpg,2023-11-26 10:00:00,5,0,2,0
IMG_008802,images/IMG_008802.jpg,2023-08-22 00:00:00,3,2,0,1
IMG_008803,images/IMG_008803.png,2023-08-22 01:00:00,3,2,0,1
IMG_008804,images/IMG_008804.png,2023-11-26 11:00:00,5,0,2,0
IMG_008805,images/IMG_008805.png,2023-07-14 20:00:00,1,1,0,1
IMG_008806,images/IMG_008806.jpg,2023-11-26 12:00:00,5,0,2,0
IMG_008807,images/IMG_008807.jpg,2023-11-26 13:00:00,5,0,2,0
IMG_008808,images/IMG_008808.jpg,2023-11-26 14:00:00,5,0,2,0
IMG_008809,images/IMG_008809.jpg,2023-09-20 13:00:00,4,0,0,0
IMG_008810,images/IMG_008810.png,2023-07-14 21:00:00,1,1,0,1
IMG_008811,images/IMG_008811.jpg,2023-09-20 14:00:00,4,0,0,0
IMG_008812,images/IMG_008812.jpg,2023-08-20 11:00:00,2,2,0,1
IMG_008813,images/IMG_008813.jpg,2023-09-20 15:00:00,4,0,0,0
IMG_008814,images/IMG_008814.jpg,2023-09-20 16:00:00,4,0,0,0
IMG_008815,images/IMG_008815.jpg,2023-11-26 15:00:00,5,0,2,0
IMG_008816,images/IMG_008816.png,2023-11-26 16:00:00,5,0,2,0
IMG_008817,images/IMG_008817.png,2023-07-14 22:00:00,1,1,0,1
IMG_008818,images/IMG_008818.jpg,2023-07-14 23:00:00,1,0,0,0
IMG_008819,images/IMG_008819.jpg,2023-08-20 12:00:00,2,2,0,1
IMG_008820,images/IMG_008820.png,2023-08-20 13:00:00,2,1,0,1
IMG_008821,images/IMG_008821.png,2023-08-20 14:00:00,2,1,0,1
IMG_008822,images/IMG_008822.png,2023-11-26 17:00:00,5,3,3,1
IMG_008823,images/IMG_008823.jpg,2023-09-20 17:00:00,4,0,0,0
IMG_008824,images/IMG_008824.png,2023-07-15 00:00:00,1,0,0,0
IMG_008825,images/IMG_008825.png,2023-11-26 18:00:00,5,0,2,0
IMG_008826,images/IMG_008826.jpg,2023-09-20 18:00:00,4,0,0,0
IMG_008827,images/IMG_008827.jpg,2023-08-22 02:00:00,3,2,0,1
IMG_008828,images/IMG_008828.jpg,2023-11-26 19:00:00,5,0,2,0
IMG_008829,images/IMG_008829.jpg,2023-09-20 19:00:00,4,0,0,0
IMG_008830,images/IMG_008830.png,2023-08-22 03:00:00,3,2,0,1
IMG_008831,images/IMG_008831.png,2023-11-26 20:00:00,5,0,2,0
IMG_008832,images/IMG_008832.jpg,2023-11-26 21:00:00,5,0,2,0
IMG_008833,images/IMG_008833.png,2023-11-26 22:00:00,5,0,2,0
IMG_008834,images/IMG_008834.png,2023-08-20 15:00:00,2,1,0,1
IMG_008835,images/IMG_008835.png,2023-11-26 23:00:00,5,1,1,1
IMG_008836,images/IMG_008836.png,2023-08-20 16:00:00,2,2,0,1
IMG_008837,images/IMG_008837.jpg,2023-09-20 20:00:00,4,0,0,0
IMG_008838,images/IMG_008838.png,2023-11-27 00:00:00,5,3,3,1
IMG_008839,images/IMG_008839.png,2023-08-22 04:00:00,3,2,0,1
IMG_008840,images/IMG_008840.png,2023-07-15 01:00:00,1,0,0,0
IMG_008841,images/IMG_008841.jpg,2023-09-20 21:00:00,4,0,0,0
IMG_008842,images/IMG_008842.png,2023-11-27 01:00:00,5,0,2,0
IMG_008843,images/IMG_008843.png,2023-11-27 02:00:00,5,1,1,1
IMG_008844,images/IMG_008844.png,2023-11-27 03:00:00,5,1,1,1
IMG_008845,images/IMG_008845.jpg,2023-11-27 04:00:00,5,0,2,0
IMG_008846,images/IMG_008846.jpg,2023-09-20 22:00:00,4,0,0,0
IMG_008847,images/IMG_008847.png,2023-11-27 05:00:00,5,3,3,1
IMG_008848,images/IMG_008848.png,2023-11-27 06:00:00,5,3,3,1
IMG_008849,images/IMG_008849.jpg,2023-11-27 07:00:00,5,0,2,0
IMG_008850,images/IMG_008850.png,2023-06-12 16:00:00,0,0,0,0
IMG_008851,images/IMG_008851.png,2023-08-22 05:00:00,3,2,0,1
IMG_008852,images/IMG_008852.jpg,2023-09-20 23:00:00,4,0,0,0
IMG_008853,images/IMG_008853.jpg,2023-09-21 00:00:00,4,0,0,0
IMG_008854,images/IMG_008854.png,2023-06-12 17:00:00,0,0,0,0
IMG_008855,images/IMG_008855.jpg,2023-11-27 08:00:00,5,0,2,0
IMG_008856,images/IMG_008856.jpg,2023-09-21 01:00:00,4,0,0,0
IMG_008857,images/IMG_008857.png,2023-08-20 17:00:00,2,2,0,1
IMG_008858,images/IMG_008858.jpg,2023-08-22 06:00:00,3,2,0,1
IMG_008859,images/IMG_008859.jpg,2023-08-22 07:00:00,3,2,0,1
IMG_008860,images/IMG_008860.png,2023-06-12 18:00:00,0,0,0,0
IMG_008861,images/IMG_008861.png,2023-11-27 09:00:00,5,0,2,0
IMG_008862,images/IMG_008862.jpg,2023-11-27 10:00:00,5,0,2,0
IMG_008863,images/IMG_008863.png,2023-11-27 11:00:00,5,0,2,0
IMG_008864,images/IMG_008864.png,2023-08-20 18:00:00,2,1,0,1
IMG_008865,images/IMG_008865.png,2023-11-27 12:00:00,5,3,3,1
IMG_008866,images/IMG_008866.png,2023-08-22 08:00:00,3,1,0,1
IMG_008867,images/IMG_008867.png,2023-07-15 02:00:00,1,1,0,1
IMG_008868,images/IMG_008868.png,2023-11-27 13:00:00,5,0,2,0
IMG_008869,images/IMG_008869.jpg,2023-11-27 14:00:00,5,0,2,0
IMG_008870,images/IMG_008870.jpg,2023-09-21 02:00:00,4,0,0,0
IMG_008871,images/IMG_008871.png,2023-08-22 09:00:00,3,0,0,0
IMG_008872,images/IMG_008872.png,2023-11-27 15:00:00,5,0,2,0
IMG_008873,images/IMG_008873.png,2023-11-27 16:00:00,5,3,3,1
IMG_008874,images/IMG_008874.jpg,2023-09-21 03:00:00,4,0,0,0
IMG_008875,images/IMG_008875.png,2023-08-20 19:00:00,2,2,0,1
IMG_008876,images/IMG_008876.jpg,2023-11-27 17:00:00,5,0,2,0
IMG_008877,images/IMG_008877.jpg,2023-08-20 20:00:00,2,2,0,1
IMG_008878,images/IMG_008878.jpg,2023-09-21 04:00:00,4,0,0,0
IMG_008879,images/IMG_008879.jpg,2023-09-21 05:00:00,4,0,0,0
IMG_008880,images/IMG_008880.jpg,2023-11-27 18:00:00,5,0,2,0
IMG_008881,images/IMG_008881.png,2023-11-27 19:00:00,5,1,1,1
IMG_008882,images/IMG_008882.png,2023-08-20 21:00:00,2,1,0,1
IMG_008883,images/IMG_008883.png,2023-11-27 20:00:00,5,0,2,0
IMG_008884,images/IMG_008884.jpg,2023-11-27 21:00:00,5,0,2,0
IMG_008885,images/IMG_008885.jpg,2023-11-27 22:00:00,5,0,2,0
IMG_008886,images/IMG_008886.jpg,2023-09-21 06:00:00,4,0,0,0
IMG_008887,images/IMG_008887.png,2023-06-12 19:00:00,0,0,0,0
IMG_008888,images/IMG_008888.png,2023-08-20 22:00:00,2,1,0,1
IMG_008889,images/IMG_008889.jpg,2023-09-21 07:00:00,4,0,0,0
IMG_008890,images/IMG_008890.png,2023-08-20 23:00:00,2,0,0,0
IMG_008891,images/IMG_008891.png,2023-11-27 23:00:00,5,1,1,1
IMG_008892,images/IMG_008892.png,2023-11-28 00:00:00,5,0,2,0
IMG_008893,images/IMG_008893.jpg,2023-11-28 01:00:00,5,0,2,0
IMG_008894,images/IMG_008894.jpg,2023-11-28 02:00:00,5,0,2,0
IMG_008895,images/IMG_008895.png,2023-07-15 03:00:00,1,1,0,1
IMG_008896,images/IMG_008896.jpg,2023-11-28 03:00:00,5,0,2,0
IMG_008897,images/IMG_008897.png,2023-11-28 04:00:00,5,3,3,1
IMG_008898,images/IMG_008898.jpg,2023-08-21 00:00:00,2,2,0,1
IMG_008899,images/IMG_008899.png,2023-08-22 10:00:00,3,2,0,1
IMG_008900,images/IMG_008900.png,2023-11-28 05:00:00,5,3,3,1
IMG_008901,images/IMG_008901.png,2023-11-28 06:00:00,5,0,2,0
IMG_008902,images/IMG_008902.jpg,2023-09-21 08:00:00,4,0,0,0
IMG_008903,images/IMG_008903.jpg,2023-08-21 01:00:00,2,0,0,0
IMG_008904,images/IMG_008904.jpg,2023-09-21 09:00:00,4,0,0,0
IMG_008905,images/IMG_008905.png,2023-08-21 02:00:00,2,0,0,0
IMG_008906,images/IMG_008906.jpg,2023-08-21 03:00:00,2,2,0,1
IMG_008907,images/IMG_008907.jpg,2023-11-28 07:00:00,5,0,2,0
IMG_008908,images/IMG_008908.png,2023-08-21 04:00:00,2,0,0,0
IMG_008909,images/IMG_008909.jpg,2023-07-15 04:00:00,1,0,0,0
IMG_008910,images/IMG_008910.png,2023-11-28 08:00:00,5,3,3,1
IMG_008911,images/IMG_008911.png,2023-08-21 05:00:00,2,2,0,1
IMG_008912,images/IMG_008912.png,2023-08-21 06:00:00,2,2,0,1
IMG_008913,images/IMG_008913.png,2023-11-28 09:00:00,5,1,1,1
IMG_008914,images/IMG_008914.png,2023-11-28 10:00:00,5,1,1,1
IMG_008915,images/IMG_008915.png,2023-11-28 11:00:00,5,0,2,0
IMG_008916,images/IMG_008916.png,2023-11-28 12:00:00,5,0,2,0
IMG_008917,images/IMG_008917.jpg,2023-11-28 13:00:00,5,0,2,0
IMG_008918,images/IMG_008918.jpg,2023-11-28 14:00:00,5,0,2,0
IMG_008919,images/IMG_008919.png,2023-11-28 15:00:00,5,1,1,1
IMG_008920,images/IMG_008920.png,2023-11-28 16:00:00,5,3,3,1
IMG_008921,images/IMG_008921.png,2023-07-15 05:00:00,1,0,0,0
IMG_008922,images/IMG_008922.jpg,2023-09-21 10:00:00,4,0,0,0
IMG_008923,images/IMG_008923.jpg,2023-09-21 11:00:00,4,0,0,0
IMG_008924,images/IMG_008924.jpg,2023-09-21 12:00:00,4,0,0,0
IMG_008925,images/IMG_008925.jpg,2023-08-22 11:00:00,3,2,0,1
IMG_008926,images/IMG_008926.jpg,2023-09-21 13:00:00,4,0,0,0
IMG_008927,images/IMG_008927.jpg,2023-09-21 14:00:00,4,0,0,0
IMG_008928,images/IMG_008928.jpg,2023-11-28 17:00:00,5,0,2,0
IMG_008929,images/IMG_008929.png,2023-11-28 18:00:00,5,3,3,1
IMG_008930,images/IMG_008930.png,2023-06-12 20:00:00,0,0,0,0
IMG_008931,images/IMG_008931.png,2023-07-22 01:00:00,2,2,0,1
IMG_008932,images/IMG_008932.jpg,2023-09-21 15:00:00,4,0,0,0
IMG_008933,images/IMG_008933.jpg,2023-11-28 19:00:00,5,0,2,0
IMG_008934,images/IMG_008934.jpg,2023-08-22 12:00:00,3,2,0,1
IMG_008935,images/IMG_008935.jpg,2023-11-28 20:00:00,5,0,2,0
IMG_008936,images/IMG_008936.png,2023-07-15 06:00:00,1,1,0,1
IMG_008937,images/IMG_008937.png,2023-11-28 21:00:00,5,0,2,0
IMG_008938,images/IMG_008938.png,2023-07-22 02:00:00,2,0,0,0
IMG_008939,images/IMG_008939.jpg,2023-07-22 03:00:00,2,2,0,1
IMG_008940,images/IMG_008940.png,2023-07-22 04:00:00,2,0,0,0
IMG_008941,images/IMG_008941.png,2023-11-28 22:00:00,5,3,3,1
IMG_008942,images/IMG_008942.jpg,2023-11-28 23:00:00,5,0,2,0
IMG_008943,images/IMG_008943.jpg,2023-09-21 16:00:00,4,0,0,0
IMG_008944,images/IMG_008944.png,2023-11-29 00:00:00,5,1,1,1
IMG_008945,images/IMG_008945.jpg,2023-08-22 13:00:00,3,2,0,1
IMG_008946,images/IMG_008946.jpg,2023-11-29 01:00:00,5,0,2,0
IMG_008947,images/IMG_008947.png,2023-07-22 05:00:00,2,0,0,0
IMG_008948,images/IMG_008948.jpg,2023-09-21 17:00:00,4,0,0,0
IMG_008949,images/IMG_008949.jpg,2023-09-21 18:00:00,4,0,0,0
IMG_008950,images/IMG_008950.png,2023-07-22 06:00:00,2,1,0,1
IMG_008951,images/IMG_008951.jpg,2023-11-29 02:00:00,5,0,2,0
IMG_008952,images/IMG_008952.png,2023-08-22 14:00:00,3,2,0,1
IMG_008953,images/IMG_008953.jpg,2023-08-22 15:00:00,3,2,0,1
IMG_008954,images/IMG_008954.png,2023-11-29 03:00:00,5,3,3,1
IMG_008955,images/IMG_008955.jpg,2023-09-21 19:00:00,4,0,0,0
IMG_008956,images/IMG_008956.jpg,2023-09-21 20:00:00,4,0,0,0
IMG_008957,images/IMG_008957.jpg,2023-11-29 04:00:00,5,0,2,0
IMG_008958,images/IMG_008958.png,2023-11-29 05:00:00,5,3,3,1
IMG_008959,images/IMG_008959.png,2023-07-22 07:00:00,2,2,0,1
IMG_008960,images/IMG_008960.png,2023-11-29 06:00:00,5,3,3,1
IMG_008961,images/IMG_008961.jpg,2023-07-22 08:00:00,2,2,0,1
IMG_008962,images/IMG_008962.jpg,2023-09-21 21:00:00,4,0,0,0
IMG_008963,images/IMG_008963.png,2023-11-29 07:00:00,5,1,1,1
IMG_008964,images/IMG_008964.png,2023-08-22 16:00:00,3,1,0,1
IMG_008965,images/IMG_008965.png,2023-08-22 17:00:00,3,2,0,1
IMG_008966,images/IMG_008966.jpg,2023-09-21 22:00:00,4,0,0,0
IMG_008967,images/IMG_008967.png,2023-11-29 08:00:00,5,0,2,0
IMG_008968,images/IMG_008968.jpg,2023-09-21 23:00:00,4,0,0,0
IMG_008969,images/IMG_008969.png,2023-11-29 09:00:00,5,0,2,0
IMG_008970,images/IMG_008970.jpg,2023-09-22 00:00:00,4,0,0,0
IMG_008971,images/IMG_008971.png,2023-07-15 07:00:00,1,1,0,1
IMG_008972,images/IMG_008972.jpg,2023-09-22 01:00:00,4,0,0,0
IMG_008973,images/IMG_008973.jpg,2023-07-15 08:00:00,1,0,0,0
IMG_008974,images/IMG_008974.jpg,2023-09-22 02:00:00,4,0,0,0
IMG_008975,images/IMG_008975.png,2023-10-21 02:00:00,5,1,1,1
IMG_008976,images/IMG_008976.png,2023-10-21 03:00:00,5,0,2,0
IMG_008977,images/IMG_008977.jpg,2023-07-15 09:00:00,1,0,0,0
IMG_008978,images/IMG_008978.png,2023-10-21 04:00:00,5,1,1,1
IMG_008979,images/IMG_008979.png,2023-08-22 18:00:00,3,1,0,1
IMG_008980,images/IMG_008980.jpg,2023-09-22 03:00:00,4,0,0,0
IMG_008981,images/IMG_008981.jpg,2023-08-22 19:00:00,3,2,0,1
IMG_008982,images/IMG_008982.jpg,2023-10-21 05:00:00,5,0,2,0
IMG_008983,images/IMG_008983.png,2023-08-22 20:00:00,3,1,0,1
IMG_008984,images/IMG_008984.png,2023-10-21 06:00:00,5,0,2,0
IMG_008985,images/IMG_008985.jpg,2023-10-21 07:00:00,5,0,2,0
IMG_008986,images/IMG_008986.png,2023-10-21 08:00:00,5,0,2,0
IMG_008987,images/IMG_008987.jpg,2023-09-22 04:00:00,4,0,0,0
IMG_008988,images/IMG_008988.png,2023-10-21 09:00:00,5,3,3,1
IMG_008989,images/IMG_008989.jpg,2023-09-22 05:00:00,4,0,0,0
IMG_008990,images/IMG_008990.png,2023-07-15 10:00:00,1,1,0,1
IMG_008991,images/IMG_008991.png,2023-10-21 10:00:00,5,1,1,1
IMG_008992,images/IMG_008992.jpg,2023-09-22 06:00:00,4,0,0,0
IMG_008993,images/IMG_008993.png,2023-07-22 09:00:00,2,0,0,0
IMG_008994,images/IMG_008994.jpg,2023-08-22 21:00:00,3,2,0,1
IMG_008995,images/IMG_008995.png,2023-10-21 11:00:00,5,0,2,0
IMG_008996,images/IMG_008996.png,2023-10-21 12:00:00,5,0,2,0
IMG_008997,images/IMG_008997.jpg,2023-09-22 07:00:00,4,0,0,0
IMG_008998,images/IMG_008998.png,2023-07-22 10:00:00,2,0,0,0
IMG_008999,images/IMG_008999.png,2023-07-22 11:00:00,2,2,0,1
IMG_009000,images/IMG_009000.jpg,2023-10-21 13:00:00,5,0,2,0
IMG_009001,images/IMG_009001.png,2023-08-22 22:00:00,3,2,0,1
IMG_009002,images/IMG_009002.png,2023-10-21 14:00:00,5,1,1,1
IMG_009003,images/IMG_009003.png,2023-07-22 12:00:00,2,1,0,1
IMG_009004,images/IMG_009004.png,2023-10-21 15:00:00,5,3,3,1
IMG_009005,images/IMG_009005.jpg,2023-08-22 23:00:00,3,2,0,1
IMG_009006,images/IMG_009006.png,2023-07-22 13:00:00,2,2,0,1
IMG_009007,images/IMG_009007.png,2023-07-15 11:00:00,1,1,0,1
IMG_009008,images/IMG_009008.png,2023-10-21 16:00:00,5,0,2,0
IMG_009009,images/IMG_009009.png,2023-10-21 17:00:00,5,0,2,0
IMG_009010,images/IMG_009010.png,2023-10-21 18:00:00,5,0,2,0
IMG_009011,images/IMG_009011.png,2023-10-21 19:00:00,5,3,3,1
IMG_009012,images/IMG_009012.png,2023-06-12 21:00:00,0,0,0,0
IMG_009013,images/IMG_009013.jpg,2023-10-21 20:00:00,5,0,2,0
IMG_009014,images/IMG_009014.jpg,2023-10-21 21:00:00,5,0,2,0
IMG_009015,images/IMG_009015.png,2023-10-21 22:00:00,5,0,2,0
IMG_009016,images/IMG_009016.jpg,2023-10-21 23:00:00,5,0,2,0
IMG_009017,images/IMG_009017.png,2023-10-22 00:00:00,5,0,2,0
IMG_009018,images/IMG_009018.jpg,2023-10-22 01:00:00,5,0,2,0
IMG_009019,images/IMG_009019.png,2023-10-22 02:00:00,5,0,2,0
IMG_009020,images/IMG_009020.png,2023-10-22 03:00:00,5,1,1,1
IMG_009021,images/IMG_009021.png,2023-07-15 12:00:00,1,1,0,1
IMG_009022,images/IMG_009022.jpg,2023-10-22 04:00:00,5,0,2,0
IMG_009023,images/IMG_009023.png,2023-10-22 05:00:00,5,0,2,0
IMG_009024,images/IMG_009024.png,2023-08-23 00:00:00,3,1,0,1
IMG_009025,images/IMG_009025.png,2023-08-23 01:00:00,3,2,0,1
IMG_009026,images/IMG_009026.png,2023-10-22 06:00:00,5,0,2,0
IMG_009027,images/IMG_009027.jpg,2023-10-22 07:00:00,5,0,2,0
IMG_009028,images/IMG_009028.jpg,2023-10-22 08:00:00,5,0,2,0
IMG_009029,images/IMG_009029.png,2023-07-22 14:00:00,2,2,0,1
IMG_009030,images/IMG_009030.jpg,2023-07-22 15:00:00,2,2,0,1
IMG_009031,images/IMG_009031.png,2023-07-22 16:00:00,2,2,0,1
IMG_009032,images/IMG_009032.png,2023-10-22 09:00:00,5,0,2,0
IMG_009033,images/IMG_009033.png,2023-07-22 17:00:00,2,0,0,0
IMG_009034,images/IMG_009034.png,2023-08-23 02:00:00,3,2,0,1
IMG_009035,images/IMG_009035.jpg,2023-09-22 08:00:00,4,0,0,0
IMG_009036,images/IMG_009036.jpg,2023-10-22 10:00:00,5,0,2,0
IMG_009037,images/IMG_009037.jpg,2023-09-22 09:00:00,4,0,0,0
IMG_009038,images/IMG_009038.jpg,2023-10-22 11:00:00,5,0,2,0
IMG_009039,images/IMG_009039.jpg,2023-09-22 10:00:00,4,0,0,0
IMG_009040,images/IMG_009040.png,2023-08-23 03:00:00,3,2,0,1
IMG_009041,images/IMG_009041.png,2023-08-23 04:00:00,3,1,0,1
IMG_009042,images/IMG_009042.png,2023-07-22 18:00:00,2,2,0,1
IMG_009043,images/IMG_009043.png,2023-07-15 13:00:00,1,1,0,1
IMG_009044,images/IMG_009044.jpg,2023-09-22 11:00:00,4,0,0,0
IMG_009045,images/IMG_009045.png,2023-08-23 05:00:00,3,0,0,0
IMG_009046,images/IMG_009046.jpg,2023-07-15 14:00:00,1,0,0,0
IMG_009047,images/IMG_009047.jpg,2023-07-15 15:00:00,1,0,0,0
IMG_009048,images/IMG_009048.png,2023-10-22 12:00:00,5,3,3,1
IMG_009049,images/IMG_009049.jpg,2023-09-22 12:00:00,4,0,0,0
IMG_009050,images/IMG_009050.png,2023-08-23 06:00:00,3,0,0,0
IMG_009051,images/IMG_009051.jpg,2023-06-12 22:00:00,0,0,0,0
IMG_009052,images/IMG_009052.png,2023-08-23 07:00:00,3,0,0,0
IMG_009053,images/IMG_009053.jpg,2023-10-22 13:00:00,5,0,2,0
IMG_009054,images/IMG_009054.jpg,2023-10-22 14:00:00,5,0,2,0
IMG_009055,images/IMG_009055.png,2023-08-23 08:00:00,3,0,0,0
IMG_009056,images/IMG_009056.png,2023-08-23 09:00:00,3,1,0,1
IMG_009057,images/IMG_009057.png,2023-08-23 10:00:00,3,2,0,1
IMG_009058,images/IMG_009058.jpg,2023-09-22 13:00:00,4,0,0,0
IMG_009059,images/IMG_009059.jpg,2023-09-22 14:00:00,4,0,0,0
IMG_009060,images/IMG_009060.png,2023-07-22 19:00:00,2,2,0,1
IMG_009061,images/IMG_009061.png,2023-08-23 11:00:00,3,2,0,1
IMG_009062,images/IMG_009062.jpg,2023-09-22 15:00:00,4,0,0,0
IMG_009063,images/IMG_009063.png,2023-10-22 15:00:00,5,0,2,0
IMG_009064,images/IMG_009064.jpg,2023-09-22 16:00:00,4,0,0,0
IMG_009065,images/IMG_009065.png,2023-07-22 20:00:00,2,2,0,1
IMG_009066,images/IMG_009066.jpg,2023-09-22 17:00:00,4,0,0,0
IMG_009067,images/IMG_009067.jpg,2023-07-15 16:00:00,1,0,0,0
IMG_009068,images/IMG_009068.png,2023-08-23 12:00:00,3,2,0,1
IMG_009069,images/IMG_009069.png,2023-07-22 21:00:00,2,2,0,1
IMG_009070,images/IMG_009070.jpg,2023-07-15 17:00:00,1,0,0,0
IMG_009071,images/IMG_009071.png,2023-10-22 16:00:00,5,0,2,0
IMG_009072,images/IMG_009072.jpg,2023-09-22 18:00:00,4,0,0,0
IMG_009073,images/IMG_009073.png,2023-07-22 22:00:00,2,0,0,0
IMG_009074,images/IMG_009074.jpg,2023-08-23 13:00:00,3,2,0,1
IMG_009075,images/IMG_009075.png,2023-08-23 14:00:00,3,2,0,1
IMG_009076,images/IMG_009076.jpg,2023-10-22 17:00:00,5,0,2,0
IMG_009077,images/IMG_009077.png,2023-10-22 18:00:00,5,1,1,1
IMG_009078,images/IMG_009078.png,2023-10-22 19:00:00,5,0,2,0
IMG_009079,images/IMG_009079.png,2023-10-22 20:00:00,5,1,1,1
IMG_009080,images/IMG_009080.jpg,2023-10-22 21:00:00,5,0,2,0
IMG_009081,images/IMG_009081.png,2023-07-15 18:00:00,1,0,0,0
IMG_009082,images/IMG_009082.jpg,2023-10-22 22:00:00,5,0,2,0
IMG_009083,images/IMG_009083.jpg,2023-09-22 19:00:00,4,0,0,0
IMG_009084,images/IMG_009084.png,2023-10-22 23:00:00,5,1,1,1
IMG_009085,images/IMG_009085.png,2023-07-22 23:00:00,2,2,0,1
IMG_009086,images/IMG_009086.png,2023-08-23 15:00:00,3,0,0,0
IMG_009087,images/IMG_009087.jpg,2023-10-23 00:00:00,5,0,2,0
IMG_009088,images/IMG_009088.png,2023-07-23 00:00:00,2,1,0,1
IMG_009089,images/IMG_009089.png,2023-10-23 01:00:00,5,1,1,1
IMG_009090,images/IMG_009090.jpg,2023-08-23 16:00:00,3,0,0,0
IMG_009091,images/IMG_009091.jpg,2023-09-22 20:00:00,4,0,0,0
IMG_009092,images/IMG_009092.png,2023-07-15 19:00:00,1,1,0,1
IMG_009093,images/IMG_009093.jpg,2023-09-22 21:00:00,4,0,0,0
IMG_009094,images/IMG_009094.png,2023-07-23 01:00:00,2,2,0,1
IMG_009095,images/IMG_009095.png,2023-10-23 02:00:00,5,0,2,0
IMG_009096,images/IMG_009096.png,2023-06-12 23:00:00,0,0,0,0
IMG_009097,images/IMG_009097.jpg,2023-07-23 02:00:00,2,2,0,1
IMG_009098,images/IMG_009098.png,2023-08-23 17:00:00,3,0,0,0
IMG_009099,images/IMG_009099.png,2023-08-23 18:00:00,3,0,0,0
IMG_009100,images/IMG_009100.png,2023-07-23 03:00:00,2,1,0,1
IMG_009101,images/IMG_009101.jpg,2023-10-23 03:00:00,5,0,2,0
IMG_009102,images/IMG_009102.png,2023-10-23 04:00:00,5,1,1,1
IMG_009103,images/IMG_009103.jpg,2023-09-22 22:00:00,4,0,0,0
IMG_009104,images/IMG_009104.jpg,2023-10-23 05:00:00,5,0,2,0
IMG_009105,images/IMG_009105.png,2023-08-23 19:00:00,3,2,0,1
IMG_009106,images/IMG_009106.jpg,2023-08-23 20:00:00,3,0,0,0
IMG_009107,images/IMG_009107.png,2023-10-23 06:00:00,5,0,2,0
IMG_009108,images/IMG_009108.png,2023-08-23 21:00:00,3,1,0,1
IMG_009109,images/IMG_009109.png,2023-10-23 07:00:00,5,1,1,1
IMG_009110,images/IMG_009110.jpg,2023-08-23 22:00:00,3,2,0,1
IMG_009111,images/IMG_009111.png,2023-07-15 20:00:00,1,0,0,0
IMG_009112,images/IMG_009112.jpg,2023-07-15 21:00:00,1,0,0,0
IMG_009113,images/IMG_009113.jpg,2023-09-22 23:00:00,4,0,0,0
IMG_009114,images/IMG_009114.png,2023-10-23 08:00:00,5,3,3,1
IMG_009115,images/IMG_009115.jpg,2023-10-23 09:00:00,5,0,2,0
IMG_009116,images/IMG_009116.png,2023-06-13 00:00:00,0,0,0,0
IMG_009117,images/IMG_009117.png,2023-08-23 23:00:00,3,2,0,1
IMG_009118,images/IMG_009118.png,2023-08-24 00:00:00,3,2,0,1
IMG_009119,images/IMG_009119.jpg,2023-10-23 10:00:00,5,0,2,0
IMG_009120,images/IMG_009120.png,2023-10-23 11:00:00,5,0,2,0
IMG_009121,images/IMG_009121.png,2023-10-23 12:00:00,5,1,1,1
IMG_009122,images/IMG_009122.jpg,2023-08-24 01:00:00,3,0,0,0
IMG_009123,images/IMG_009123.png,2023-08-24 02:00:00,3,1,0,1
IMG_009124,images/IMG_009124.jpg,2023-07-23 04:00:00,2,2,0,1
IMG_009125,images/IMG_009125.jpg,2023-08-24 03:00:00,3,2,0,1
IMG_009126,images/IMG_009126.jpg,2023-09-23 00:00:00,4,0,0,0
IMG_009127,images/IMG_009127.png,2023-07-15 22:00:00,1,1,0,1
IMG_009128,images/IMG_009128.jpg,2023-08-24 04:00:00,3,0,0,0
IMG_009129,images/IMG_009129.jpg,2023-07-23 05:00:00,2,2,0,1
IMG_009130,images/IMG_009130.png,2023-10-23 13:00:00,5,0,2,0
IMG_009131,images/IMG_009131.jpg,2023-09-23 01:00:00,4,0,0,0
IMG_009132,images/IMG_009132.jpg,2023-10-23 14:00:00,5,0,2,0
IMG_009133,images/IMG_009133.jpg,2023-09-23 02:00:00,4,0,0,0
IMG_009134,images/IMG_009134.jpg,2023-10-23 15:00:00,5,0,2,0
IMG_009135,images/IMG_009135.png,2023-07-23 06:00:00,2,2,0,1
IMG_009136,images/IMG_009136.png,2023-06-13 01:00:00,0,0,0,0
IMG_009137,images/IMG_009137.png,2023-07-15 23:00:00,1,1,0,1
IMG_009138,images/IMG_009138.png,2023-08-24 05:00:00,3,2,0,1
IMG_009139,images/IMG_009139.jpg,2023-09-23 03:00:00,4,0,0,0
IMG_009140,images/IMG_009140.jpg,2023-10-23 16:00:00,5,0,2,0
IMG_009141,images/IMG_009141.png,2023-10-23 17:00:00,5,3,3,1
IMG_009142,images/IMG_009142.jpg,2023-09-23 04:00:00,4,0,0,0
IMG_009143,images/IMG_009143.png,2023-07-23 07:00:00,2,2,0,1
IMG_009144,images/IMG_009144.png,2023-10-23 18:00:00,5,1,1,1
IMG_009145,images/IMG_009145.png,2023-07-16 00:00:00,1,0,0,0
IMG_009146,images/IMG_009146.jpg,2023-10-23 19:00:00,5,0,2,0
IMG_009147,images/IMG_009147.png,2023-07-23 08:00:00,2,1,0,1
IMG_009148,images/IMG_009148.png,2023-10-23 20:00:00,5,3,3,1
IMG_009149,images/IMG_009149.jpg,2023-07-23 09:00:00,2,2,0,1
IMG_009150,images/IMG_009150.png,2023-07-16 01:00:00,1,1,0,1
IMG_009151,images/IMG_009151.png,2023-10-23 21:00:00,5,1,1,1
IMG_009152,images/IMG_009152.png,2023-08-24 06:00:00,3,2,0,1
IMG_009153,images/IMG_009153.png,2023-08-24 07:00:00,3,2,0,1
IMG_009154,images/IMG_009154.jpg,2023-07-23 10:00:00,2,2,0,1
IMG_009155,images/IMG_009155.png,2023-07-23 11:00:00,2,0,0,0
IMG_009156,images/IMG_009156.png,2023-10-23 22:00:00,5,0,2,0
IMG_009157,images/IMG_009157.png,2023-10-23 23:00:00,5,0,2,0
IMG_009158,images/IMG_009158.png,2023-10-24 00:00:00,5,0,2,0
IMG_009159,images/IMG_009159.jpg,2023-10-24 01:00:00,5,0,2,0
IMG_009160,images/IMG_009160.jpg,2023-07-23 12:00:00,2,2,0,1
IMG_009161,images/IMG_009161.jpg,2023-09-23 05:00:00,4,0,0,0
IMG_009162,images/IMG_009162.png,2023-08-24 08:00:00,3,2,0,1
IMG_009163,images/IMG_009163.jpg,2023-08-24 09:00:00,3,2,0,1
IMG_009164,images/IMG_009164.jpg,2023-07-23 13:00:00,2,2,0,1
IMG_009165,images/IMG_009165.png,2023-10-24 02:00:00,5,3,3,1
IMG_009166,images/IMG_009166.jpg,2023-07-23 14:00:00,2,2,0,1
IMG_009167,images/IMG_009167.png,2023-10-24 03:00:00,5,0,2,0
IMG_009168,images/IMG_009168.png,2023-06-13 02:00:00,0,0,0,0
IMG_009169,images/IMG_009169.png,2023-10-24 04:00:00,5,3,3,1
IMG_009170,images/IMG_009170.png,2023-07-23 15:00:00,2,0,0,0
IMG_009171,images/IMG_009171.jpg,2023-09-23 06:00:00,4,0,0,0
IMG_009172,images/IMG_009172.png,2023-08-24 10:00:00,3,0,0,0
IMG_009173,images/IMG_009173.jpg,2023-10-24 05:00:00,5,0,2,0
IMG_009174,images/IMG_009174.jpg,2023-10-24 06:00:00,5,0,2,0
IMG_009175,images/IMG_009175.png,2023-07-23 16:00:00,2,2,0,1
IMG_009176,images/IMG_009176.jpg,2023-10-24 07:00:00,5,0,2,0
IMG_009177,images/IMG_009177.jpg,2023-08-24 11:00:00,3,2,0,1
IMG_009178,images/IMG_009178.png,2023-07-16 02:00:00,1,1,0,1
IMG_009179,images/IMG_009179.jpg,2023-09-23 07:00:00,4,0,0,0
IMG_009180,images/IMG_009180.jpg,2023-09-23 08:00:00,4,0,0,0
IMG_009181,images/IMG_009181.png,2023-10-24 08:00:00,5,0,2,0
IMG_009182,images/IMG_009182.jpg,2023-10-24 09:00:00,5,0,2,0
IMG_009183,images/IMG_009183.png,2023-08-24 12:00:00,3,0,0,0
IMG_009184,images/IMG_009184.png,2023-07-16 03:00:00,1,1,0,1
IMG_009185,images/IMG_009185.png,2023-07-16 04:00:00,1,1,0,1
IMG_009186,images/IMG_009186.jpg,2023-10-24 10:00:00,5,0,2,0
IMG_009187,images/IMG_009187.jpg,2023-08-24 13:00:00,3,2,0,1
IMG_009188,images/IMG_009188.jpg,2023-10-24 11:00:00,5,0,2,0
IMG_009189,images/IMG_009189.png,2023-07-16 05:00:00,1,1,0,1
IMG_009190,images/IMG_009190.jpg,2023-09-23 09:00:00,4,0,0,0
IMG_009191,images/IMG_009191.jpg,2023-09-23 10:00:00,4,0,0,0
IMG_009192,images/IMG_009192.jpg,2023-06-13 03:00:00,0,0,0,0
IMG_009193,images/IMG_009193.jpg,2023-09-23 11:00:00,4,0,0,0
IMG_009194,images/IMG_009194.jpg,2023-08-24 14:00:00,3,0,0,0
IMG_009195,images/IMG_009195.jpg,2023-08-24 15:00:00,3,2,0,1
IMG_009196,images/IMG_009196.png,2023-08-24 16:00:00,3,2,0,1
IMG_009197,images/IMG_009197.png,2023-08-24 17:00:00,3,1,0,1
IMG_009198,images/IMG_009198.jpg,2023-09-23 12:00:00,4,0,0,0
IMG_009199,images/IMG_009199.jpg,2023-09-23 13:00:00,4,0,0,0
IMG_009200,images/IMG_009200.jpg,2023-10-24 12:00:00,5,0,2,0
IMG_009201,images/IMG_009201.jpg,2023-07-23 17:00:00,2,2,0,1
IMG_009202,images/IMG_009202.png,2023-08-24 18:00:00,3,2,0,1
IMG_009203,images/IMG_009203.jpg,2023-09-23 14:00:00,4,0,0,0
IMG_009204,images/IMG_009204.jpg,2023-10-24 13:00:00,5,0,2,0
IMG_009205,images/IMG_009205.jpg,2023-09-23 15:00:00,4,0,0,0
IMG_009206,images/IMG_009206.png,2023-10-24 14:00:00,5,1,1,1
IMG_009207,images/IMG_009207.jpg,2023-09-23 16:00:00,4,0,0,0
IMG_009208,images/IMG_009208.png,2023-06-13 04:00:00,0,0,0,0
IMG_009209,images/IMG_009209.jpg,2023-10-24 15:00:00,5,0,2,0
IMG_009210,images/IMG_009210.jpg,2023-09-23 17:00:00,4,0,0,0
IMG_009211,images/IMG_009211.png,2023-07-16 06:00:00,1,0,0,0
IMG_009212,images/IMG_009212.png,2023-10-24 16:00:00,5,1,1,1
IMG_009213,images/IMG_009213.png,2023-07-23 18:00:00,2,2,0,1
IMG_009214,images/IMG_009214.png,2023-08-24 19:00:00,3,0,0,0
IMG_009215,images/IMG_009215.png,2023-08-24 20:00:00,3,2,0,1
IMG_009216,images/IMG_009216.jpg,2023-10-24 17:00:00,5,0,2,0
IMG_009217,images/IMG_009217.jpg,2023-10-24 18:00:00,5,0,2,0
IMG_009218,images/IMG_009218.png,2023-10-24 19:00:00,5,0,2,0
IMG_009219,images/IMG_009219.jpg,2023-10-24 20:00:00,5,0,2,0
IMG_009220,images/IMG_009220.jpg,2023-10-24 21:00:00,5,0,2,0
IMG_009221,images/IMG_009221.jpg,2023-09-23 18:00:00,4,0,0,0
IMG_009222,images/IMG_009222.jpg,2023-08-24 21:00:00,3,2,0,1
IMG_009223,images/IMG_009223.jpg,2023-10-24 22:00:00,5,0,2,0
IMG_009224,images/IMG_009224.jpg,2023-09-23 19:00:00,4,0,0,0
IMG_009225,images/IMG_009225.jpg,2023-09-23 20:00:00,4,0,0,0
IMG_009226,images/IMG_009226.png,2023-10-24 23:00:00,5,1,1,1
IMG_009227,images/IMG_009227.png,2023-10-25 00:00:00,5,1,1,1
IMG_009228,images/IMG_009228.png,2023-07-16 07:00:00,1,0,0,0
IMG_009229,images/IMG_009229.png,2023-10-25 01:00:00,5,3,3,1
IMG_009230,images/IMG_009230.png,2023-10-25 02:00:00,5,0,2,0
IMG_009231,images/IMG_009231.png,2023-10-25 03:00:00,5,0,2,0
IMG_009232,images/IMG_009232.png,2023-06-13 05:00:00,0,0,0,0
IMG_009233,images/IMG_009233.png,2023-10-25 04:00:00,5,0,2,0
IMG_009234,images/IMG_009234.png,2023-10-25 05:00:00,5,3,3,1
IMG_009235,images/IMG_009235.jpg,2023-09-23 21:00:00,4,0,0,0
IMG_009236,images/IMG_009236.png,2023-06-13 06:00:00,0,0,0,0
IMG_009237,images/IMG_009237.png,2023-10-25 06:00:00,5,0,2,0
IMG_009238,images/IMG_009238.jpg,2023-09-23 22:00:00,4,0,0,0
IMG_009239,images/IMG_009239.jpg,2023-09-23 23:00:00,4,0,0,0
IMG_009240,images/IMG_009240.jpg,2023-09-24 00:00:00,4,0,0,0
IMG_009241,images/IMG_009241.png,2023-08-24 22:00:00,3,2,0,1
IMG_009242,images/IMG_009242.png,2023-08-24 23:00:00,3,1,0,1
IMG_009243,images/IMG_009243.jpg,2023-08-25 00:00:00,3,2,0,1
IMG_009244,images/IMG_009244.jpg,2023-10-25 07:00:00,5,0,2,0
IMG_009245,images/IMG_009245.png,2023-07-23 19:00:00,2,1,0,1
IMG_009246,images/IMG_009246.jpg,2023-08-25 01:00:00,3,0,0,0
IMG_009247,images/IMG_009247.jpg,2023-08-25 02:00:00,3,2,0,1
IMG_009248,images/IMG_009248.jpg,2023-10-25 08:00:00,5,0,2,0
IMG_009249,images/IMG_009249.png,2023-10-25 09:00:00,5,1,1,1
IMG_009250,images/IMG_009250.png,2023-07-23 20:00:00,2,1,0,1
IMG_009251,images/IMG_009251.png,2023-08-25 03:00:00,3,2,0,1
IMG_009252,images/IMG_009252.jpg,2023-10-25 10:00:00,5,0,2,0
IMG_009253,images/IMG_009253.jpg,2023-09-24 01:00:00,4,0,0,0
IMG_009254,images/IMG_009254.png,2023-07-23 21:00:00,2,2,0,1
IMG_009255,images/IMG_009255.jpg,2023-07-23 22:00:00,2,2,0,1
IMG_009256,images/IMG_009256.jpg,2023-09-24 02:00:00,4,0,0,0
IMG_009257,images/IMG_009257.png,2023-10-25 11:00:00,5,3,3,1
IMG_009258,images/IMG_009258.png,2023-10-25 12:00:00,5,0,2,0
IMG_009259,images/IMG_009259.png,2023-07-23 23:00:00,2,0,0,0
IMG_009260,images/IMG_009260.png,2023-10-25 13:00:00,5,1,1,1
IMG_009261,images/IMG_009261.jpg,2023-10-25 14:00:00,5,0,2,0
IMG_009262,images/IMG_009262.png,2023-10-25 15:00:00,5,1,1,1
IMG_009263,images/IMG_009263.png,2023-10-25 16:00:00,5,3,3,1
IMG_009264,images/IMG_009264.jpg,2023-07-24 00:00:00,2,2,0,1
IMG_009265,images/IMG_009265.jpg,2023-07-24 01:00:00,2,2,0,1
IMG_009266,images/IMG_009266.jpg,2023-10-25 17:00:00,5,0,2,0
IMG_009267,images/IMG_009267.png,2023-10-25 18:00:00,5,3,3,1
IMG_009268,images/IMG_009268.png,2023-10-25 19:00:00,5,0,2,0
IMG_009269,images/IMG_009269.jpg,2023-08-25 04:00:00,3,2,0,1
IMG_009270,images/IMG_009270.png,2023-10-25 20:00:00,5,1,1,1
IMG_009271,images/IMG_009271.png,2023-08-25 05:00:00,3,1,0,1
IMG_009272,images/IMG_009272.png,2023-10-25 21:00:00,5,1,1,1
IMG_009273,images/IMG_009273.jpg,2023-07-24 02:00:00,2,2,0,1
IMG_009274,images/IMG_009274.png,2023-07-24 03:00:00,2,2,0,1
IMG_009275,images/IMG_009275.jpg,2023-09-24 03:00:00,4,0,0,0
IMG_009276,images/IMG_009276.png,2023-10-25 22:00:00,5,1,1,1
IMG_009277,images/IMG_009277.jpg,2023-08-25 06:00:00,3,2,0,1
IMG_009278,images/IMG_009278.jpg,2023-10-25 23:00:00,5,0,2,0
IMG_009279,images/IMG_009279.png,2023-10-26 00:00:00,5,0,2,0
IMG_009280,images/IMG_009280.png,2023-10-26 01:00:00,5,3,3,1
IMG_009281,images/IMG_009281.jpg,2023-08-25 07:00:00,3,2,0,1
IMG_009282,images/IMG_009282.png,2023-10-26 02:00:00,5,1,1,1
IMG_009283,images/IMG_009283.jpg,2023-10-26 03:00:00,5,0,2,0
IMG_009284,images/IMG_009284.png,2023-06-13 07:00:00,0,0,0,0
IMG_009285,images/IMG_009285.jpg,2023-09-24 04:00:00,4,0,0,0
IMG_009286,images/IMG_009286.jpg,2023-09-24 05:00:00,4,0,0,0
IMG_009287,images/IMG_009287.jpg,2023-10-26 04:00:00,5,0,2,0
IMG_009288,images/IMG_009288.jpg,2023-08-25 08:00:00,3,2,0,1
IMG_009289,images/IMG_009289.jpg,2023-09-24 06:00:00,4,0,0,0
IMG_009290,images/IMG_009290.jpg,2023-09-24 07:00:00,4,0,0,0
IMG_009291,images/IMG_009291.jpg,2023-07-24 04:00:00,2,2,0,1
IMG_009292,images/IMG_009292.jpg,2023-10-26 05:00:00,5,0,2,0
IMG_009293,images/IMG_009293.jpg,2023-09-24 08:00:00,4,0,0,0
IMG_009294,images/IMG_009294.png,2023-10-26 06:00:00,5,3,3,1
IMG_009295,images/IMG_009295.png,2023-10-26 07:00:00,5,0,2,0
IMG_009296,images/IMG_009296.png,2023-06-13 08:00:00,0,0,0,0
IMG_009297,images/IMG_009297.png,2023-07-16 08:00:00,1,0,0,0
IMG_009298,images/IMG_009298.jpg,2023-10-26 08:00:00,5,0,2,0
IMG_009299,images/IMG_009299.jpg,2023-06-13 09:00:00,0,0,0,0
IMG_009300,images/IMG_009300.jpg,2023-07-24 05:00:00,2,2,0,1
IMG_009301,images/IMG_009301.png,2023-07-24 06:00:00,2,2,0,1
IMG_009302,images/IMG_009302.png,2023-07-24 07:00:00,2,0,0,0
IMG_009303,images/IMG_009303.png,2023-10-26 09:00:00,5,3,3,1
IMG_009304,images/IMG_009304.jpg,2023-09-24 09:00:00,4,0,0,0
IMG_009305,images/IMG_009305.jpg,2023-08-25 09:00:00,3,2,0,1
IMG_009306,images/IMG_009306.jpg,2023-09-24 10:00:00,4,0,0,0
IMG_009307,images/IMG_009307.jpg,2023-10-26 10:00:00,5,0,2,0
IMG_009308,images/IMG_009308.jpg,2023-07-24 08:00:00,2,0,0,0
IMG_009309,images/IMG_009309.png,2023-08-25 10:00:00,3,1,0,1
IMG_009310,images/IMG_009310.jpg,2023-07-24 09:00:00,2,2,0,1
IMG_009311,images/IMG_009311.png,2023-10-26 11:00:00,5,3,3,1
IMG_009312,images/IMG_009312.png,2023-10-26 12:00:00,5,0,2,0
IMG_009313,images/IMG_009313.png,2023-10-26 13:00:00,5,3,3,1
IMG_009314,images/IMG_009314.png,2023-08-25 11:00:00,3,0,0,0
IMG_009315,images/IMG_009315.jpg,2023-09-24 11:00:00,4,0,0,0
IMG_009316,images/IMG_009316.png,2023-10-26 14:00:00,5,0,2,0
IMG_009317,images/IMG_009317.jpg,2023-10-26 15:00:00,5,0,2,0
IMG_009318,images/IMG_009318.jpg,2023-10-26 16:00:00,5,0,2,0
IMG_009319,images/IMG_009319.png,2023-10-26 17:00:00,5,0,2,0
IMG_009320,images/IMG_009320.png,2023-10-26 18:00:00,5,1,1,1
IMG_009321,images/IMG_009321.jpg,2023-08-25 12:00:00,3,2,0,1
IMG_009322,images/IMG_009322.png,2023-08-25 13:00:00,3,2,0,1
IMG_009323,images/IMG_009323.jpg,2023-09-24 12:00:00,4,0,0,0
IMG_009324,images/IMG_009324.png,2023-07-24 10:00:00,2,0,0,0
IMG_009325,images/IMG_009325.jpg,2023-10-26 19:00:00,5,0,2,0
IMG_009326,images/IMG_009326.png,2023-10-26 20:00:00,5,0,2,0
IMG_009327,images/IMG_009327.jpg,2023-10-26 21:00:00,5,0,2,0
IMG_009328,images/IMG_009328.jpg,2023-06-13 10:00:00,0,0,0,0
IMG_009329,images/IMG_009329.jpg,2023-10-26 22:00:00,5,0,2,0
IMG_009330,images/IMG_009330.jpg,2023-10-26 23:00:00,5,0,2,0
IMG_009331,images/IMG_009331.png,2023-10-27 00:00:00,5,1,1,1
IMG_009332,images/IMG_009332.png,2023-08-25 14:00:00,3,2,0,1
IMG_009333,images/IMG_009333.jpg,2023-07-24 11:00:00,2,2,0,1
IMG_009334,images/IMG_009334.jpg,2023-09-24 13:00:00,4,0,0,0
IMG_009335,images/IMG_009335.jpg,2023-09-24 14:00:00,4,0,0,0
IMG_009336,images/IMG_009336.jpg,2023-09-24 15:00:00,4,0,0,0
IMG_009337,images/IMG_009337.jpg,2023-08-25 15:00:00,3,2,0,1
IMG_009338,images/IMG_009338.png,2023-07-24 12:00:00,2,0,0,0
IMG_009339,images/IMG_009339.jpg,2023-08-25 16:00:00,3,2,0,1
IMG_009340,images/IMG_009340.jpg,2023-07-24 13:00:00,2,2,0,1
IMG_009341,images/IMG_009341.png,2023-07-24 14:00:00,2,1,0,1
IMG_009342,images/IMG_009342.png,2023-10-27 01:00:00,5,0,2,0
IMG_009343,images/IMG_009343.jpg,2023-10-27 02:00:00,5,0,2,0
IMG_009344,images/IMG_009344.jpg,2023-08-25 17:00:00,3,2,0,1
IMG_009345,images/IMG_009345.jpg,2023-10-27 03:00:00,5,0,2,0
IMG_009346,images/IMG_009346.jpg,2023-09-24 16:00:00,4,0,0,0
IMG_009347,images/IMG_009347.jpg,2023-07-24 15:00:00,2,2,0,1
IMG_009348,images/IMG_009348.png,2023-08-25 18:00:00,3,2,0,1
IMG_009349,images/IMG_009349.png,2023-10-27 04:00:00,5,3,3,1
IMG_009350,images/IMG_009350.jpg,2023-09-24 17:00:00,4,0,0,0
IMG_009351,images/IMG_009351.png,2023-10-27 05:00:00,5,1,1,1
IMG_009352,images/IMG_009352.png,2023-07-24 16:00:00,2,2,0,1
IMG_009353,images/IMG_009353.jpg,2023-09-24 18:00:00,4,0,0,0
IMG_009354,images/IMG_009354.jpg,2023-08-25 19:00:00,3,2,0,1
IMG_009355,images/IMG_009355.jpg,2023-08-25 20:00:00,3,2,0,1
IMG_009356,images/IMG_009356.png,2023-10-27 06:00:00,5,1,1,1
IMG_009357,images/IMG_009357.jpg,2023-10-27 07:00:00,5,0,2,0
IMG_009358,images/IMG_009358.jpg,2023-10-27 08:00:00,5,0,2,0
IMG_009359,images/IMG_009359.png,2023-07-24 17:00:00,2,1,0,1
IMG_009360,images/IMG_009360.jpg,2023-07-24 18:00:00,2,2,0,1
IMG_009361,images/IMG_009361.png,2023-10-27 09:00:00,5,3,3,1
IMG_009362,images/IMG_009362.jpg,2023-09-24 19:00:00,4,0,0,0
IMG_009363,images/IMG_009363.png,2023-10-27 10:00:00,5,1,1,1
IMG_009364,images/IMG_009364.png,2023-06-13 11:00:00,0,0,0,0
IMG_009365,images/IMG_009365.jpg,2023-07-24 19:00:00,2,2,0,1
IMG_009366,images/IMG_009366.png,2023-08-25 21:00:00,3,1,0,1
IMG_009367,images/IMG_009367.png,2023-07-16 09:00:00,1,1,0,1
IMG_009368,images/IMG_009368.jpg,2023-08-25 22:00:00,3,0,0,0
IMG_009369,images/IMG_009369.png,2023-10-27 11:00:00,5,1,1,1
IMG_009370,images/IMG_009370.png,2023-08-25 23:00:00,3,1,0,1
IMG_009371,images/IMG_009371.png,2023-07-24 20:00:00,2,2,0,1
IMG_009372,images/IMG_009372.png,2023-08-26 00:00:00,3,2,0,1
IMG_009373,images/IMG_009373.jpg,2023-09-24 20:00:00,4,0,0,0
IMG_009374,images/IMG_009374.jpg,2023-08-26 01:00:00,3,2,0,1
IMG_009375,images/IMG_009375.jpg,2023-09-24 21:00:00,4,0,0,0
IMG_009376,images/IMG_009376.jpg,2023-09-24 22:00:00,4,0,0,0
IMG_009377,images/IMG_009377.jpg,2023-10-27 12:00:00,5,0,2,0
IMG_009378,images/IMG_009378.png,2023-07-24 21:00:00,2,1,0,1
IMG_009379,images/IMG_009379.jpg,2023-09-24 23:00:00,4,0,0,0
IMG_009380,images/IMG_009380.jpg,2023-10-27 13:00:00,5,0,2,0
IMG_009381,images/IMG_009381.jpg,2023-10-27 14:00:00,5,0,2,0
IMG_009382,images/IMG_009382.jpg,2023-09-25 00:00:00,4,0,0,0
IMG_009383,images/IMG_009383.png,2023-07-24 22:00:00,2,2,0,1
IMG_009384,images/IMG_009384.png,2023-07-24 23:00:00,2,2,0,1
IMG_009385,images/IMG_009385.jpg,2023-10-27 15:00:00,5,0,2,0
IMG_009386,images/IMG_009386.png,2023-07-25 00:00:00,2,2,0,1
IMG_009387,images/IMG_009387.png,2023-10-27 16:00:00,5,1,1,1
IMG_009388,images/IMG_009388.png,2023-08-26 02:00:00,3,1,0,1
IMG_009389,images/IMG_009389.png,2023-10-27 17:00:00,5,1,1,1
IMG_009390,images/IMG_009390.jpg,2023-09-25 01:00:00,4,0,0,0
IMG_009391,images/IMG_009391.jpg,2023-10-27 18:00:00,5,0,2,0
IMG_009392,images/IMG_009392.png,2023-10-27 19:00:00,5,3,3,1
IMG_009393,images/IMG_009393.jpg,2023-10-27 20:00:00,5,0,2,0
IMG_009394,images/IMG_009394.png,2023-10-27 21:00:00,5,1,1,1
IMG_009395,images/IMG_009395.png,2023-10-27 22:00:00,5,1,1,1
IMG_009396,images/IMG_009396.png,2023-10-27 23:00:00,5,0,2,0
IMG_009397,images/IMG_009397.jpg,2023-10-28 00:00:00,5,0,2,0
IMG_009398,images/IMG_009398.jpg,2023-09-25 02:00:00,4,0,0,0
IMG_009399,images/IMG_009399.jpg,2023-09-25 03:00:00,4,0,0,0
IMG_009400,images/IMG_009400.png,2023-10-28 01:00:00,5,0,2,0
IMG_009401,images/IMG_009401.jpg,2023-07-25 01:00:00,2,0,0,0
IMG_009402,images/IMG_009402.jpg,2023-08-26 03:00:00,3,2,0,1
IMG_009403,images/IMG_009403.png,2023-07-16 10:00:00,1,0,0,0
IMG_009404,images/IMG_009404.jpg,2023-09-25 04:00:00,4,0,0,0
IMG_009405,images/IMG_009405.jpg,2023-10-28 02:00:00,5,0,2,0
IMG_009406,images/IMG_009406.png,2023-07-16 11:00:00,1,1,0,1
IMG_009407,images/IMG_009407.png,2023-10-28 03:00:00,5,3,3,1
IMG_009408,images/IMG_009408.png,2023-07-25 02:00:00,2,2,0,1
IMG_009409,images/IMG_009409.png,2023-07-25 03:00:00,2,1,0,1
IMG_009410,images/IMG_009410.png,2023-06-13 12:00:00,0,0,0,0
IMG_009411,images/IMG_009411.png,2023-08-26 04:00:00,3,2,0,1
IMG_009412,images/IMG_009412.jpg,2023-09-25 05:00:00,4,0,0,0
IMG_009413,images/IMG_009413.jpg,2023-10-28 04:00:00,5,0,2,0
IMG_009414,images/IMG_009414.jpg,2023-07-25 04:00:00,2,2,0,1
IMG_009415,images/IMG_009415.png,2023-10-28 05:00:00,5,3,3,1
IMG_009416,images/IMG_009416.png,2023-08-26 05:00:00,3,1,0,1
IMG_009417,images/IMG_009417.png,2023-07-25 05:00:00,2,2,0,1
IMG_009418,images/IMG_009418.jpg,2023-10-28 06:00:00,5,0,2,0
IMG_009419,images/IMG_009419.jpg,2023-10-28 07:00:00,5,0,2,0
IMG_009420,images/IMG_009420.png,2023-10-28 08:00:00,5,1,1,1
IMG_009421,images/IMG_009421.jpg,2023-07-25 06:00:00,2,2,0,1
IMG_009422,images/IMG_009422.png,2023-07-16 12:00:00,1,1,0,1
IMG_009423,images/IMG_009423.jpg,2023-07-25 07:00:00,2,0,0,0
IMG_009424,images/IMG_009424.jpg,2023-09-25 06:00:00,4,0,0,0
IMG_009425,images/IMG_009425.png,2023-08-26 06:00:00,3,1,0,1
IMG_009426,images/IMG_009426.jpg,2023-09-25 07:00:00,4,0,0,0
IMG_009427,images/IMG_009427.png,2023-08-26 07:00:00,3,1,0,1
IMG_009428,images/IMG_009428.png,2023-10-28 09:00:00,5,0,2,0
IMG_009429,images/IMG_009429.jpg,2023-09-25 08:00:00,4,0,0,0
IMG_009430,images/IMG_009430.png,2023-10-28 10:00:00,5,3,3,1
IMG_009431,images/IMG_009431.jpg,2023-08-26 08:00:00,3,2,0,1
IMG_009432,images/IMG_009432.jpg,2023-09-25 09:00:00,4,0,0,0
IMG_009433,images/IMG_009433.png,2023-07-16 13:00:00,1,1,0,1
IMG_009434,images/IMG_009434.png,2023-07-25 08:00:00,2,1,0,1
IMG_009435,images/IMG_009435.png,2023-07-25 09:00:00,2,1,0,1
IMG_009436,images/IMG_009436.jpg,2023-07-25 10:00:00,2,2,0,1
IMG_009437,images/IMG_009437.jpg,2023-08-26 09:00:00,3,2,0,1
IMG_009438,images/IMG_009438.jpg,2023-09-25 10:00:00,4,0,0,0
IMG_009439,images/IMG_009439.jpg,2023-08-26 10:00:00,3,2,0,1
IMG_009440,images/IMG_009440.jpg,2023-09-25 11:00:00,4,0,0,0
IMG_009441,images/IMG_009441.png,2023-08-26 11:00:00,3,0,0,0
IMG_009442,images/IMG_009442.png,2023-10-28 11:00:00,5,3,3,1
IMG_009443,images/IMG_009443.png,2023-10-28 12:00:00,5,3,3,1
IMG_009444,images/IMG_009444.png,2023-10-28 13:00:00,5,1,1,1
IMG_009445,images/IMG_009445.png,2023-10-28 14:00:00,5,0,2,0
IMG_009446,images/IMG_009446.jpg,2023-10-28 15:00:00,5,0,2,0
IMG_009447,images/IMG_009447.png,2023-07-25 11:00:00,2,1,0,1
IMG_009448,images/IMG_009448.jpg,2023-10-28 16:00:00,5,0,2,0
IMG_009449,images/IMG_009449.png,2023-07-16 14:00:00,1,1,0,1
IMG_009450,images/IMG_009450.png,2023-10-28 17:00:00,5,1,1,1
IMG_009451,images/IMG_009451.jpg,2023-09-25 12:00:00,4,0,0,0
IMG_009452,images/IMG_009452.jpg,2023-10-28 18:00:00,5,0,2,0
IMG_009453,images/IMG_009453.jpg,2023-09-25 13:00:00,4,0,0,0
IMG_009454,images/IMG_009454.png,2023-10-28 19:00:00,5,3,3,1
IMG_009455,images/IMG_009455.png,2023-10-28 20:00:00,5,3,3,1
IMG_009456,images/IMG_009456.png,2023-10-28 21:00:00,5,1,1,1
IMG_009457,images/IMG_009457.jpg,2023-08-26 12:00:00,3,2,0,1
IMG_009458,images/IMG_009458.png,2023-10-28 22:00:00,5,3,3,1
IMG_009459,images/IMG_009459.jpg,2023-10-28 23:00:00,5,0,2,0
IMG_009460,images/IMG_009460.jpg,2023-10-29 00:00:00,5,0,2,0
IMG_009461,images/IMG_009461.jpg,2023-10-29 01:00:00,5,0,2,0
IMG_009462,images/IMG_009462.png,2023-10-29 02:00:00,5,3,3,1
IMG_009463,images/IMG_009463.jpg,2023-07-25 12:00:00,2,2,0,1
IMG_009464,images/IMG_009464.jpg,2023-07-25 13:00:00,2,2,0,1
IMG_009465,images/IMG_009465.png,2023-07-16 15:00:00,1,1,0,1
IMG_009466,images/IMG_009466.jpg,2023-09-25 14:00:00,4,0,0,0
IMG_009467,images/IMG_009467.jpg,2023-09-25 15:00:00,4,0,0,0
IMG_009468,images/IMG_009468.png,2023-10-29 03:00:00,5,1,1,1
IMG_009469,images/IMG_009469.png,2023-07-16 16:00:00,1,1,0,1
IMG_009470,images/IMG_009470.jpg,2023-09-25 16:00:00,4,0,0,0
IMG_009471,images/IMG_009471.png,2023-10-29 04:00:00,5,3,3,1
IMG_009472,images/IMG_009472.jpg,2023-09-25 17:00:00,4,0,0,0
IMG_009473,images/IMG_009473.jpg,2023-07-16 17:00:00,1,0,0,0
IMG_009474,images/IMG_009474.png,2023-10-29 05:00:00,5,1,1,1
IMG_009475,images/IMG_009475.jpg,2023-10-29 06:00:00,5,0,2,0
IMG_009476,images/IMG_009476.png,2023-06-13 13:00:00,0,0,0,0
IMG_009477,images/IMG_009477.jpg,2023-10-29 07:00:00,5,0,2,0
IMG_009478,images/IMG_009478.jpg,2023-09-25 18:00:00,4,0,0,0
IMG_009479,images/IMG_009479.png,2023-10-29 08:00:00,5,0,2,0
IMG_009480,images/IMG_009480.png,2023-07-25 14:00:00,2,1,0,1
IMG_009481,images/IMG_009481.jpg,2023-09-25 19:00:00,4,0,0,0
IMG_009482,images/IMG_009482.jpg,2023-08-26 13:00:00,3,2,0,1
IMG_009483,images/IMG_009483.jpg,2023-07-25 15:00:00,2,2,0,1
IMG_009484,images/IMG_009484.jpg,2023-08-26 14:00:00,3,0,0,0
IMG_009485,images/IMG_009485.jpg,2023-07-25 16:00:00,2,2,0,1
IMG_009486,images/IMG_009486.png,2023-07-25 17:00:00,2,1,0,1
IMG_009487,images/IMG_009487.jpg,2023-09-25 20:00:00,4,0,0,0
IMG_009488,images/IMG_009488.png,2023-08-26 15:00:00,3,1,0,1
IMG_009489,images/IMG_009489.png,2023-07-25 18:00:00,2,2,0,1
IMG_009490,images/IMG_009490.jpg,2023-09-25 21:00:00,4,0,0,0
IMG_009491,images/IMG_009491.png,2023-08-26 16:00:00,3,2,0,1
IMG_009492,images/IMG_009492.jpg,2023-10-29 09:00:00,5,0,2,0
IMG_009493,images/IMG_009493.png,2023-07-16 18:00:00,1,1,0,1
IMG_009494,images/IMG_009494.jpg,2023-10-29 10:00:00,5,0,2,0
IMG_009495,images/IMG_009495.png,2023-10-29 11:00:00,5,3,3,1
IMG_009496,images/IMG_009496.jpg,2023-10-29 12:00:00,5,0,2,0
IMG_009497,images/IMG_009497.jpg,2023-07-25 19:00:00,2,0,0,0
IMG_009498,images/IMG_009498.png,2023-07-16 19:00:00,1,1,0,1
IMG_009499,images/IMG_009499.png,2023-10-29 13:00:00,5,1,1,1
IMG_009500,images/IMG_009500.png,2023-10-29 14:00:00,5,3,3,1
IMG_009501,images/IMG_009501.jpg,2023-09-25 22:00:00,4,0,0,0
IMG_009502,images/IMG_009502.jpg,2023-07-16 20:00:00,1,0,0,0
IMG_009503,images/IMG_009503.jpg,2023-10-29 15:00:00,5,0,2,0
IMG_009504,images/IMG_009504.png,2023-07-25 20:00:00,2,0,0,0
IMG_009505,images/IMG_009505.jpg,2023-07-16 21:00:00,1,0,0,0
IMG_009506,images/IMG_009506.png,2023-10-29 16:00:00,5,0,2,0
IMG_009507,images/IMG_009507.jpg,2023-09-25 23:00:00,4,0,0,0
IMG_009508,images/IMG_009508.jpg,2023-09-26 00:00:00,4,0,0,0
IMG_009509,images/IMG_009509.png,2023-07-25 21:00:00,2,0,0,0
IMG_009510,images/IMG_009510.png,2023-10-29 17:00:00,5,3,3,1
IMG_009511,images/IMG_009511.jpg,2023-10-29 18:00:00,5,0,2,0
IMG_009512,images/IMG_009512.jpg,2023-09-26 01:00:00,4,0,0,0
IMG_009513,images/IMG_009513.png,2023-08-26 17:00:00,3,2,0,1
IMG_009514,images/IMG_009514.jpg,2023-09-26 02:00:00,4,0,0,0
IMG_009515,images/IMG_009515.jpg,2023-09-26 03:00:00,4,0,0,0
IMG_009516,images/IMG_009516.jpg,2023-10-29 19:00:00,5,0,2,0
IMG_009517,images/IMG_009517.png,2023-08-26 18:00:00,3,1,0,1
IMG_009518,images/IMG_009518.png,2023-10-29 20:00:00,5,0,2,0
IMG_009519,images/IMG_009519.jpg,2023-07-16 22:00:00,1,0,0,0
IMG_009520,images/IMG_009520.jpg,2023-09-26 04:00:00,4,0,0,0
IMG_009521,images/IMG_009521.png,2023-10-29 21:00:00,5,3,3,1
IMG_009522,images/IMG_009522.jpg,2023-09-26 05:00:00,4,0,0,0
IMG_009523,images/IMG_009523.jpg,2023-07-25 22:00:00,2,2,0,1
IMG_009524,images/IMG_009524.png,2023-10-29 22:00:00,5,3,3,1
IMG_009525,images/IMG_009525.jpg,2023-10-29 23:00:00,5,0,2,0
IMG_009526,images/IMG_009526.jpg,2023-09-26 06:00:00,4,0,0,0
IMG_009527,images/IMG_009527.jpg,2023-09-26 07:00:00,4,0,0,0
IMG_009528,images/IMG_009528.jpg,2023-07-25 23:00:00,2,2,0,1
IMG_009529,images/IMG_009529.jpg,2023-07-26 00:00:00,2,2,0,1
IMG_009530,images/IMG_009530.jpg,2023-08-26 19:00:00,3,2,0,1
IMG_009531,images/IMG_009531.png,2023-07-26 01:00:00,2,0,0,0
IMG_009532,images/IMG_009532.png,2023-08-26 20:00:00,3,2,0,1
IMG_009533,images/IMG_009533.jpg,2023-10-30 00:00:00,5,0,2,0
IMG_009534,images/IMG_009534.jpg,2023-09-26 08:00:00,4,0,0,0
IMG_009535,images/IMG_009535.jpg,2023-09-26 09:00:00,4,0,0,0
IMG_009536,images/IMG_009536.png,2023-10-30 01:00:00,5,3,3,1
IMG_009537,images/IMG_009537.jpg,2023-09-26 10:00:00,4,0,0,0
IMG_009538,images/IMG_009538.jpg,2023-08-26 21:00:00,3,2,0,1
IMG_009539,images/IMG_009539.jpg,2023-10-30 02:00:00,5,0,2,0
IMG_009540,images/IMG_009540.jpg,2023-08-26 22:00:00,3,2,0,1
IMG_009541,images/IMG_009541.jpg,2023-09-26 11:00:00,4,0,0,0
IMG_009542,images/IMG_009542.jpg,2023-10-30 03:00:00,5,0,2,0
IMG_009543,images/IMG_009543.png,2023-07-16 23:00:00,1,1,0,1
IMG_009544,images/IMG_009544.png,2023-06-13 14:00:00,0,0,0,0
IMG_009545,images/IMG_009545.jpg,2023-10-30 04:00:00,5,0,2,0
IMG_009546,images/IMG_009546.jpg,2023-10-30 05:00:00,5,0,2,0
IMG_009547,images/IMG_009547.jpg,2023-10-30 06:00:00,5,0,2,0
IMG_009548,images/IMG_009548.jpg,2023-09-26 12:00:00,4,0,0,0
IMG_009549,images/IMG_009549.png,2023-07-26 02:00:00,2,2,0,1
IMG_009550,images/IMG_009550.png,2023-10-30 07:00:00,5,3,3,1
IMG_009551,images/IMG_009551.png,2023-10-30 08:00:00,5,0,2,0
IMG_009552,images/IMG_009552.jpg,2023-09-26 13:00:00,4,0,0,0
IMG_009553,images/IMG_009553.png,2023-07-17 00:00:00,1,1,0,1
IMG_009554,images/IMG_009554.png,2023-07-26 03:00:00,2,1,0,1
IMG_009555,images/IMG_009555.png,2023-07-26 04:00:00,2,1,0,1
IMG_009556,images/IMG_009556.png,2023-10-30 09:00:00,5,0,2,0
IMG_009557,images/IMG_009557.jpg,2023-09-26 14:00:00,4,0,0,0
IMG_009558,images/IMG_009558.png,2023-10-30 10:00:00,5,1,1,1
IMG_009559,images/IMG_009559.jpg,2023-07-26 05:00:00,2,2,0,1
IMG_009560,images/IMG_009560.png,2023-10-30 11:00:00,5,3,3,1
IMG_009561,images/IMG_009561.jpg,2023-10-30 12:00:00,5,0,2,0
IMG_009562,images/IMG_009562.jpg,2023-10-30 13:00:00,5,0,2,0
IMG_009563,images/IMG_009563.jpg,2023-09-26 15:00:00,4,0,0,0
IMG_009564,images/IMG_009564.jpg,2023-07-26 06:00:00,2,2,0,1
IMG_009565,images/IMG_009565.jpg,2023-08-26 23:00:00,3,2,0,1
IMG_009566,images/IMG_009566.png,2023-07-26 07:00:00,2,1,0,1
IMG_009567,images/IMG_009567.jpg,2023-10-30 14:00:00,5,0,2,0
IMG_009568,images/IMG_009568.png,2023-10-30 15:00:00,5,1,1,1
IMG_009569,images/IMG_009569.png,2023-10-30 16:00:00,5,0,2,0
IMG_009570,images/IMG_009570.png,2023-07-17 01:00:00,1,0,0,0
IMG_009571,images/IMG_009571.png,2023-10-30 17:00:00,5,1,1,1
IMG_009572,images/IMG_009572.png,2023-07-17 02:00:00,1,1,0,1
IMG_009573,images/IMG_009573.png,2023-06-13 15:00:00,0,0,0,0
IMG_009574,images/IMG_009574.png,2023-08-27 00:00:00,3,1,0,1
IMG_009575,images/IMG_009575.jpg,2023-08-27 01:00:00,3,2,0,1
IMG_009576,images/IMG_009576.jpg,2023-09-26 16:00:00,4,0,0,0
IMG_009577,images/IMG_009577.jpg,2023-09-26 17:00:00,4,0,0,0
IMG_009578,images/IMG_009578.png,2023-08-27 02:00:00,3,2,0,1
IMG_009579,images/IMG_009579.jpg,2023-09-26 18:00:00,4,0,0,0
IMG_009580,images/IMG_009580.png,2023-10-30 18:00:00,5,0,2,0
IMG_009581,images/IMG_009581.png,2023-10-30 19:00:00,5,0,2,0
IMG_009582,images/IMG_009582.jpg,2023-07-26 08:00:00,2,2,0,1
IMG_009583,images/IMG_009583.jpg,2023-09-26 19:00:00,4,0,0,0
IMG_009584,images/IMG_009584.jpg,2023-07-17 03:00:00,1,0,0,0
IMG_009585,images/IMG_009585.png,2023-07-17 04:00:00,1,0,0,0
IMG_009586,images/IMG_009586.png,2023-07-26 09:00:00,2,0,0,0
IMG_009587,images/IMG_009587.png,2023-07-26 10:00:00,2,1,0,1
IMG_009588,images/IMG_009588.jpg,2023-09-26 20:00:00,4,0,0,0
IMG_009589,images/IMG_009589.jpg,2023-09-26 21:00:00,4,0,0,0
IMG_009590,images/IMG_009590.png,2023-10-30 20:00:00,5,3,3,1
IMG_009591,images/IMG_009591.png,2023-07-26 11:00:00,2,2,0,1
IMG_009592,images/IMG_009592.jpg,2023-09-26 22:00:00,4,0,0,0
IMG_009593,images/IMG_009593.png,2023-10-30 21:00:00,5,3,3,1
IMG_009594,images/IMG_009594.jpg,2023-10-30 22:00:00,5,0,2,0
IMG_009595,images/IMG_009595.png,2023-07-26 12:00:00,2,0,0,0
IMG_009596,images/IMG_009596.jpg,2023-09-26 23:00:00,4,0,0,0
IMG_009597,images/IMG_009597.jpg,2023-09-27 00:00:00,4,0,0,0
IMG_009598,images/IMG_009598.png,2023-10-30 23:00:00,5,1,1,1
IMG_009599,images/IMG_009599.png,2023-10-31 00:00:00,5,1,1,1
IMG_009600,images/IMG_009600.png,2023-07-17 05:00:00,1,0,0,0
IMG_009601,images/IMG_009601.jpg,2023-10-31 01:00:00,5,0,2,0
IMG_009602,images/IMG_009602.jpg,2023-10-31 02:00:00,5,0,2,0
IMG_009603,images/IMG_009603.png,2023-10-31 03:00:00,5,1,1,1
IMG_009604,images/IMG_009604.jpg,2023-10-31 04:00:00,5,0,2,0
IMG_009605,images/IMG_009605.png,2023-07-17 06:00:00,1,1,0,1
IMG_009606,images/IMG_009606.png,2023-10-31 05:00:00,5,3,3,1
IMG_009607,images/IMG_009607.jpg,2023-07-26 13:00:00,2,2,0,1
IMG_009608,images/IMG_009608.png,2023-07-26 14:00:00,2,2,0,1
IMG_009609,images/IMG_009609.jpg,2023-09-27 01:00:00,4,0,0,0
IMG_009610,images/IMG_009610.png,2023-08-27 03:00:00,3,2,0,1
IMG_009611,images/IMG_009611.jpg,2023-10-31 06:00:00,5,0,2,0
IMG_009612,images/IMG_009612.jpg,2023-09-27 02:00:00,4,0,0,0
IMG_009613,images/IMG_009613.jpg,2023-10-31 07:00:00,5,0,2,0
IMG_009614,images/IMG_009614.jpg,2023-10-31 08:00:00,5,0,2,0
IMG_009615,images/IMG_009615.jpg,2023-10-31 09:00:00,5,0,2,0
IMG_009616,images/IMG_009616.jpg,2023-08-27 04:00:00,3,2,0,1
IMG_009617,images/IMG_009617.jpg,2023-07-17 07:00:00,1,0,0,0
IMG_009618,images/IMG_009618.png,2023-10-31 10:00:00,5,3,3,1
IMG_009619,images/IMG_009619.jpg,2023-09-27 03:00:00,4,0,0,0
IMG_009620,images/IMG_009620.png,2023-07-17 08:00:00,1,0,0,0
IMG_009621,images/IMG_009621.jpg,2023-08-27 05:00:00,3,2,0,1
IMG_009622,images/IMG_009622.jpg,2023-10-31 11:00:00,5,0,2,0
IMG_009623,images/IMG_009623.jpg,2023-08-27 06:00:00,3,2,0,1
IMG_009624,images/IMG_009624.png,2023-07-26 15:00:00,2,0,0,0
IMG_009625,images/IMG_009625.png,2023-10-31 12:00:00,5,3,3,1
IMG_009626,images/IMG_009626.png,2023-10-31 13:00:00,5,3,3,1
IMG_009627,images/IMG_009627.jpg,2023-09-27 04:00:00,4,0,0,0
IMG_009628,images/IMG_009628.jpg,2023-07-26 16:00:00,2,0,0,0
IMG_009629,images/IMG_009629.png,2023-07-26 17:00:00,2,1,0,1
IMG_009630,images/IMG_009630.png,2023-10-31 14:00:00,5,0,2,0
IMG_009631,images/IMG_009631.jpg,2023-09-27 05:00:00,4,0,0,0
IMG_009632,images/IMG_009632.jpg,2023-09-27 06:00:00,4,0,0,0
IMG_009633,images/IMG_009633.png,2023-07-26 18:00:00,2,2,0,1
IMG_009634,images/IMG_009634.jpg,2023-09-27 07:00:00,4,0,0,0
IMG_009635,images/IMG_009635.jpg,2023-09-27 08:00:00,4,0,0,0
IMG_009636,images/IMG_009636.jpg,2023-08-27 07:00:00,3,2,0,1
IMG_009637,images/IMG_009637.jpg,2023-09-27 09:00:00,4,0,0,0
IMG_009638,images/IMG_009638.png,2023-07-26 19:00:00,2,2,0,1
IMG_009639,images/IMG_009639.png,2023-07-17 09:00:00,1,1,0,1
IMG_009640,images/IMG_009640.png,2023-07-26 20:00:00,2,2,0,1
IMG_009641,images/IMG_009641.jpg,2023-09-27 10:00:00,4,0,0,0
IMG_009642,images/IMG_009642.jpg,2023-10-31 15:00:00,5,0,2,0
IMG_009643,images/IMG_009643.png,2023-08-27 08:00:00,3,1,0,1
IMG_009644,images/IMG_009644.png,2023-10-31 16:00:00,5,3,3,1
IMG_009645,images/IMG_009645.png,2023-10-31 17:00:00,5,0,2,0
IMG_009646,images/IMG_009646.png,2023-10-31 18:00:00,5,0,2,0
IMG_009647,images/IMG_009647.png,2023-10-31 19:00:00,5,0,2,0
IMG_009648,images/IMG_009648.jpg,2023-09-27 11:00:00,4,0,0,0
IMG_009649,images/IMG_009649.jpg,2023-09-27 12:00:00,4,0,0,0
IMG_009650,images/IMG_009650.png,2023-06-13 16:00:00,0,0,0,0
IMG_009651,images/IMG_009651.jpg,2023-10-31 20:00:00,5,0,2,0
IMG_009652,images/IMG_009652.jpg,2023-10-31 21:00:00,5,0,2,0
IMG_009653,images/IMG_009653.jpg,2023-09-27 13:00:00,4,0,0,0
IMG_009654,images/IMG_009654.png,2023-10-31 22:00:00,5,3,3,1
IMG_009655,images/IMG_009655.jpg,2023-09-27 14:00:00,4,0,0,0
IMG_009656,images/IMG_009656.png,2023-08-27 09:00:00,3,0,0,0
IMG_009657,images/IMG_009657.jpg,2023-09-27 15:00:00,4,0,0,0
IMG_009658,images/IMG_009658.jpg,2023-10-31 23:00:00,5,0,2,0
IMG_009659,images/IMG_009659.png,2023-11-01 00:00:00,5,0,2,0
IMG_009660,images/IMG_009660.jpg,2023-11-01 01:00:00,5,0,2,0
IMG_009661,images/IMG_009661.jpg,2023-11-01 02:00:00,5,0,2,0
IMG_009662,images/IMG_009662.png,2023-08-27 10:00:00,3,1,0,1
IMG_009663,images/IMG_009663.jpg,2023-08-27 11:00:00,3,2,0,1
IMG_009664,images/IMG_009664.png,2023-11-01 03:00:00,5,3,3,1
IMG_009665,images/IMG_009665.png,2023-08-27 12:00:00,3,2,0,1
IMG_009666,images/IMG_009666.jpg,2023-08-27 13:00:00,3,2,0,1
IMG_009667,images/IMG_009667.jpg,2023-08-27 14:00:00,3,2,0,1
IMG_009668,images/IMG_009668.png,2023-11-01 04:00:00,5,3,3,1
IMG_009669,images/IMG_009669.jpg,2023-07-26 21:00:00,2,2,0,1
IMG_009670,images/IMG_009670.jpg,2023-11-01 05:00:00,5,0,2,0
IMG_009671,images/IMG_009671.png,2023-07-26 22:00:00,2,2,0,1
IMG_009672,images/IMG_009672.png,2023-11-01 06:00:00,5,3,3,1
IMG_009673,images/IMG_009673.jpg,2023-09-27 16:00:00,4,0,0,0
IMG_009674,images/IMG_009674.png,2023-07-26 23:00:00,2,2,0,1
IMG_009675,images/IMG_009675.png,2023-11-01 07:00:00,5,3,3,1
IMG_009676,images/IMG_009676.jpg,2023-11-01 08:00:00,5,0,2,0
IMG_009677,images/IMG_009677.jpg,2023-08-27 15:00:00,3,2,0,1
IMG_009678,images/IMG_009678.png,2023-11-01 09:00:00,5,1,1,1
IMG_009679,images/IMG_009679.jpg,2023-08-27 16:00:00,3,2,0,1
IMG_009680,images/IMG_009680.png,2023-08-27 17:00:00,3,1,0,1
IMG_009681,images/IMG_009681.png,2023-08-27 18:00:00,3,2,0,1
IMG_009682,images/IMG_009682.png,2023-11-01 10:00:00,5,0,2,0
IMG_009683,images/IMG_009683.png,2023-11-01 11:00:00,5,0,2,0
IMG_009684,images/IMG_009684.jpg,2023-09-27 17:00:00,4,0,0,0
IMG_009685,images/IMG_009685.png,2023-11-01 12:00:00,5,3,3,1
IMG_009686,images/IMG_009686.png,2023-11-01 13:00:00,5,1,1,1
IMG_009687,images/IMG_009687.jpg,2023-09-27 18:00:00,4,0,0,0
IMG_009688,images/IMG_009688.png,2023-07-27 00:00:00,2,2,0,1
IMG_009689,images/IMG_009689.jpg,2023-07-27 01:00:00,2,0,0,0
IMG_009690,images/IMG_009690.png,2023-07-27 02:00:00,2,2,0,1
IMG_009691,images/IMG_009691.jpg,2023-11-01 14:00:00,5,0,2,0
IMG_009692,images/IMG_009692.jpg,2023-08-27 19:00:00,3,2,0,1
IMG_009693,images/IMG_009693.jpg,2023-09-27 19:00:00,4,0,0,0
IMG_009694,images/IMG_009694.jpg,2023-09-27 20:00:00,4,0,0,0
IMG_009695,images/IMG_009695.png,2023-07-27 03:00:00,2,2,0,1
IMG_009696,images/IMG_009696.png,2023-08-27 20:00:00,3,2,0,1
IMG_009697,images/IMG_009697.jpg,2023-11-01 15:00:00,5,0,2,0
IMG_009698,images/IMG_009698.png,2023-11-01 16:00:00,5,0,2,0
IMG_009699,images/IMG_009699.png,2023-11-01 17:00:00,5,1,1,1
IMG_009700,images/IMG_009700.jpg,2023-07-27 04:00:00,2,2,0,1
IMG_009701,images/IMG_009701.png,2023-11-01 18:00:00,5,1,1,1
IMG_009702,images/IMG_009702.jpg,2023-11-01 19:00:00,5,0,2,0
IMG_009703,images/IMG_009703.jpg,2023-09-27 21:00:00,4,0,0,0
IMG_009704,images/IMG_009704.png,2023-07-17 10:00:00,1,0,0,0
IMG_009705,images/IMG_009705.png,2023-08-27 21:00:00,3,2,0,1
IMG_009706,images/IMG_009706.png,2023-11-01 20:00:00,5,1,1,1
IMG_009707,images/IMG_009707.png,2023-11-01 21:00:00,5,0,2,0
IMG_009708,images/IMG_009708.png,2023-11-01 22:00:00,5,1,1,1
IMG_009709,images/IMG_009709.jpg,2023-09-27 22:00:00,4,0,0,0
IMG_009710,images/IMG_009710.png,2023-07-17 11:00:00,1,1,0,1
IMG_009711,images/IMG_009711.jpg,2023-08-27 22:00:00,3,2,0,1
IMG_009712,images/IMG_009712.png,2023-07-17 12:00:00,1,0,0,0
IMG_009713,images/IMG_009713.png,2023-11-01 23:00:00,5,3,3,1
IMG_009714,images/IMG_009714.jpg,2023-11-02 00:00:00,5,0,2,0
IMG_009715,images/IMG_009715.png,2023-07-27 05:00:00,2,2,0,1
IMG_009716,images/IMG_009716.png,2023-11-02 01:00:00,5,3,3,1
IMG_009717,images/IMG_009717.png,2023-11-02 02:00:00,5,3,3,1
IMG_009718,images/IMG_009718.png,2023-11-02 03:00:00,5,3,3,1
IMG_009719,images/IMG_009719.jpg,2023-11-02 04:00:00,5,0,2,0
IMG_009720,images/IMG_009720.png,2023-11-02 05:00:00,5,3,3,1
IMG_009721,images/IMG_009721.png,2023-08-27 23:00:00,3,1,0,1
IMG_009722,images/IMG_009722.png,2023-11-02 06:00:00,5,3,3,1
IMG_009723,images/IMG_009723.png,2023-07-17 13:00:00,1,1,0,1
IMG_009724,images/IMG_009724.png,2023-11-02 07:00:00,5,3,3,1
IMG_009725,images/IMG_009725.jpg,2023-11-02 08:00:00,5,0,2,0
IMG_009726,images/IMG_009726.png,2023-08-28 00:00:00,3,2,0,1
IMG_009727,images/IMG_009727.png,2023-08-28 01:00:00,3,2,0,1
IMG_009728,images/IMG_009728.png,2023-11-02 09:00:00,5,3,3,1
IMG_009729,images/IMG_009729.jpg,2023-11-02 10:00:00,5,0,2,0
IMG_009730,images/IMG_009730.jpg,2023-09-27 23:00:00,4,0,0,0
IMG_009731,images/IMG_009731.jpg,2023-11-02 11:00:00,5,0,2,0
IMG_009732,images/IMG_009732.png,2023-07-27 06:00:00,2,0,0,0
IMG_009733,images/IMG_009733.png,2023-07-27 07:00:00,2,2,0,1
IMG_009734,images/IMG_009734.png,2023-07-27 08:00:00,2,1,0,1
IMG_009735,images/IMG_009735.png,2023-08-28 02:00:00,3,0,0,0
IMG_009736,images/IMG_009736.png,2023-07-27 09:00:00,2,2,0,1
IMG_009737,images/IMG_009737.jpg,2023-09-28 00:00:00,4,0,0,0
IMG_009738,images/IMG_009738.jpg,2023-07-27 10:00:00,2,2,0,1
IMG_009739,images/IMG_009739.jpg,2023-07-27 11:00:00,2,2,0,1
IMG_009740,images/IMG_009740.png,2023-11-02 12:00:00,5,0,2,0
IMG_009741,images/IMG_009741.png,2023-11-02 13:00:00,5,3,3,1
IMG_009742,images/IMG_009742.png,2023-11-02 14:00:00,5,3,3,1
IMG_009743,images/IMG_009743.jpg,2023-11-02 15:00:00,5,0,2,0
IMG_009744,images/IMG_009744.jpg,2023-11-02 16:00:00,5,0,2,0
IMG_009745,images/IMG_009745.png,2023-08-28 03:00:00,3,2,0,1
IMG_009746,images/IMG_009746.png,2023-11-02 17:00:00,5,1,1,1
IMG_009747,images/IMG_009747.jpg,2023-08-28 04:00:00,3,2,0,1
IMG_009748,images/IMG_009748.jpg,2023-09-28 01:00:00,4,0,0,0
IMG_009749,images/IMG_009749.png,2023-11-02 18:00:00,5,1,1,1
IMG_009750,images/IMG_009750.jpg,2023-09-28 02:00:00,4,0,0,0
IMG_009751,images/IMG_009751.jpg,2023-11-02 19:00:00,5,0,2,0
IMG_009752,images/IMG_009752.png,2023-08-28 05:00:00,3,2,0,1
IMG_009753,images/IMG_009753.jpg,2023-11-02 20:00:00,5,0,2,0
IMG_009754,images/IMG_009754.png,2023-11-02 21:00:00,5,0,2,0
IMG_009755,images/IMG_009755.jpg,2023-09-28 03:00:00,4,0,0,0
IMG_009756,images/IMG_009756.jpg,2023-11-02 22:00:00,5,0,2,0
IMG_009757,images/IMG_009757.png,2023-11-02 23:00:00,5,0,2,0
IMG_009758,images/IMG_009758.jpg,2023-09-28 04:00:00,4,0,0,0
IMG_009759,images/IMG_009759.png,2023-11-03 00:00:00,5,0,2,0
IMG_009760,images/IMG_009760.png,2023-11-03 01:00:00,5,0,2,0
IMG_009761,images/IMG_009761.png,2023-07-27 12:00:00,2,1,0,1
IMG_009762,images/IMG_009762.png,2023-08-28 06:00:00,3,2,0,1
IMG_009763,images/IMG_009763.png,2023-11-03 02:00:00,5,1,1,1
IMG_009764,images/IMG_009764.png,2023-07-27 13:00:00,2,1,0,1
IMG_009765,images/IMG_009765.png,2023-11-03 03:00:00,5,1,1,1
IMG_009766,images/IMG_009766.jpg,2023-11-03 04:00:00,5,0,2,0
IMG_009767,images/IMG_009767.jpg,2023-07-27 14:00:00,2,2,0,1
IMG_009768,images/IMG_009768.png,2023-11-03 05:00:00,5,0,2,0
IMG_009769,images/IMG_009769.jpg,2023-11-03 06:00:00,5,0,2,0
IMG_009770,images/IMG_009770.png,2023-11-03 07:00:00,5,1,1,1
IMG_009771,images/IMG_009771.jpg,2023-09-28 05:00:00,4,0,0,0
IMG_009772,images/IMG_009772.png,2023-11-03 08:00:00,5,0,2,0
IMG_009773,images/IMG_009773.jpg,2023-11-03 09:00:00,5,0,2,0
IMG_009774,images/IMG_009774.png,2023-07-17 14:00:00,1,1,0,1
IMG_009775,images/IMG_009775.jpg,2023-11-03 10:00:00,5,0,2,0
IMG_009776,images/IMG_009776.png,2023-11-03 11:00:00,5,0,2,0
IMG_009777,images/IMG_009777.jpg,2023-06-13 17:00:00,0,0,0,0
IMG_009778,images/IMG_009778.png,2023-06-13 18:00:00,0,0,0,0
IMG_009779,images/IMG_009779.jpg,2023-09-28 06:00:00,4,0,0,0
IMG_009780,images/IMG_009780.jpg,2023-07-27 15:00:00,2,2,0,1
IMG_009781,images/IMG_009781.png,2023-11-03 12:00:00,5,1,1,1
IMG_009782,images/IMG_009782.jpg,2023-09-28 07:00:00,4,0,0,0
IMG_009783,images/IMG_009783.jpg,2023-11-03 13:00:00,5,0,2,0
IMG_009784,images/IMG_009784.png,2023-11-03 14:00:00,5,3,3,1
IMG_009785,images/IMG_009785.jpg,2023-07-27 16:00:00,2,2,0,1
IMG_009786,images/IMG_009786.jpg,2023-11-03 15:00:00,5,0,2,0
IMG_009787,images/IMG_009787.jpg,2023-11-03 16:00:00,5,0,2,0
IMG_009788,images/IMG_009788.jpg,2023-07-27 17:00:00,2,2,0,1
IMG_009789,images/IMG_009789.png,2023-07-27 18:00:00,2,1,0,1
IMG_009790,images/IMG_009790.jpg,2023-11-03 17:00:00,5,0,2,0
IMG_009791,images/IMG_009791.jpg,2023-07-17 15:00:00,1,0,0,0
IMG_009792,images/IMG_009792.png,2023-08-28 07:00:00,3,2,0,1
IMG_009793,images/IMG_009793.png,2023-08-28 08:00:00,3,2,0,1
IMG_009794,images/IMG_009794.png,2023-11-03 18:00:00,5,3,3,1
IMG_009795,images/IMG_009795.png,2023-07-17 16:00:00,1,1,0,1
IMG_009796,images/IMG_009796.png,2023-11-03 19:00:00,5,3,3,1
IMG_009797,images/IMG_009797.jpg,2023-11-03 20:00:00,5,0,2,0
IMG_009798,images/IMG_009798.jpg,2023-11-03 21:00:00,5,0,2,0
IMG_009799,images/IMG_009799.png,2023-11-03 22:00:00,5,3,3,1
IMG_009800,images/IMG_009800.jpg,2023-09-28 08:00:00,4,0,0,0
IMG_009801,images/IMG_009801.jpg,2023-08-28 09:00:00,3,2,0,1
IMG_009802,images/IMG_009802.jpg,2023-11-03 23:00:00,5,0,2,0
IMG_009803,images/IMG_009803.png,2023-11-04 00:00:00,5,0,2,0
IMG_009804,images/IMG_009804.png,2023-07-17 17:00:00,1,0,0,0
IMG_009805,images/IMG_009805.jpg,2023-11-04 01:00:00,5,0,2,0
IMG_009806,images/IMG_009806.jpg,2023-09-28 09:00:00,4,0,0,0
IMG_009807,images/IMG_009807.jpg,2023-11-04 02:00:00,5,0,2,0
IMG_009808,images/IMG_009808.jpg,2023-11-04 03:00:00,5,0,2,0
IMG_009809,images/IMG_009809.jpg,2023-09-28 10:00:00,4,0,0,0
IMG_009810,images/IMG_009810.png,2023-11-04 04:00:00,5,3,3,1
IMG_009811,images/IMG_009811.png,2023-08-28 10:00:00,3,1,0,1
IMG_009812,images/IMG_009812.png,2023-07-27 19:00:00,2,1,0,1
IMG_009813,images/IMG_009813.jpg,2023-08-28 11:00:00,3,2,0,1
IMG_009814,images/IMG_009814.png,2023-11-04 05:00:00,5,0,2,0
IMG_009815,images/IMG_009815.png,2023-11-04 06:00:00,5,3,3,1
IMG_009816,images/IMG_009816.png,2023-08-28 12:00:00,3,2,0,1
IMG_009817,images/IMG_009817.png,2023-11-04 07:00:00,5,0,2,0
IMG_009818,images/IMG_009818.png,2023-11-04 08:00:00,5,3,3,1
IMG_009819,images/IMG_009819.jpg,2023-09-28 11:00:00,4,0,0,0
IMG_009820,images/IMG_009820.png,2023-08-28 13:00:00,3,1,0,1
IMG_009821,images/IMG_009821.png,2023-07-27 20:00:00,2,0,0,0
IMG_009822,images/IMG_009822.png,2023-11-04 09:00:00,5,0,2,0
IMG_009823,images/IMG_009823.png,2023-11-04 10:00:00,5,0,2,0
IMG_009824,images/IMG_009824.png,2023-11-04 11:00:00,5,0,2,0
IMG_009825,images/IMG_009825.jpg,2023-11-04 12:00:00,5,0,2,0
IMG_009826,images/IMG_009826.png,2023-11-04 13:00:00,5,1,1,1
IMG_009827,images/IMG_009827.jpg,2023-09-28 12:00:00,4,0,0,0
IMG_009828,images/IMG_009828.jpg,2023-08-28 14:00:00,3,0,0,0
IMG_009829,images/IMG_009829.png,2023-11-04 14:00:00,5,1,1,1
IMG_009830,images/IMG_009830.png,2023-07-27 21:00:00,2,2,0,1
IMG_009831,images/IMG_009831.jpg,2023-11-04 15:00:00,5,0,2,0
IMG_009832,images/IMG_009832.png,2023-11-04 16:00:00,5,0,2,0
IMG_009833,images/IMG_009833.jpg,2023-08-28 15:00:00,3,2,0,1
IMG_009834,images/IMG_009834.png,2023-08-28 16:00:00,3,2,0,1
IMG_009835,images/IMG_009835.png,2023-11-04 17:00:00,5,3,3,1
IMG_009836,images/IMG_009836.png,2023-06-13 19:00:00,0,0,0,0
IMG_009837,images/IMG_009837.png,2023-11-04 18:00:00,5,0,2,0
IMG_009838,images/IMG_009838.jpg,2023-06-13 20:00:00,0,0,0,0
IMG_009839,images/IMG_009839.png,2023-11-04 19:00:00,5,1,1,1
IMG_009840,images/IMG_009840.png,2023-07-27 22:00:00,2,0,0,0
IMG_009841,images/IMG_009841.png,2023-11-04 20:00:00,5,3,3,1
IMG_009842,images/IMG_009842.jpg,2023-09-28 13:00:00,4,0,0,0
IMG_009843,images/IMG_009843.png,2023-11-04 21:00:00,5,3,3,1
IMG_009844,images/IMG_009844.png,2023-06-13 21:00:00,0,0,0,0
IMG_009845,images/IMG_009845.png,2023-11-04 22:00:00,5,3,3,1
IMG_009846,images/IMG_009846.png,2023-06-13 22:00:00,0,0,0,0
IMG_009847,images/IMG_009847.jpg,2023-11-04 23:00:00,5,0,2,0
IMG_009848,images/IMG_009848.jpg,2023-08-28 17:00:00,3,2,0,1
IMG_009849,images/IMG_009849.jpg,2023-07-27 23:00:00,2,0,0,0
IMG_009850,images/IMG_009850.png,2023-08-28 18:00:00,3,1,0,1
IMG_009851,images/IMG_009851.jpg,2023-08-28 19:00:00,3,0,0,0
IMG_009852,images/IMG_009852.png,2023-11-05 00:00:00,5,0,2,0
IMG_009853,images/IMG_009853.jpg,2023-11-05 01:00:00,5,0,2,0
IMG_009854,images/IMG_009854.png,2023-11-05 02:00:00,5,1,1,1
IMG_009855,images/IMG_009855.png,2023-08-28 20:00:00,3,1,0,1
IMG_009856,images/IMG_009856.jpg,2023-06-13 23:00:00,0,0,0,0
IMG_009857,images/IMG_009857.jpg,2023-11-05 03:00:00,5,0,2,0
IMG_009858,images/IMG_009858.png,2023-07-28 00:00:00,2,2,0,1
IMG_009859,images/IMG_009859.png,2023-06-14 00:00:00,0,0,0,0
IMG_009860,images/IMG_009860.jpg,2023-11-05 04:00:00,5,0,2,0
IMG_009861,images/IMG_009861.png,2023-07-28 01:00:00,2,2,0,1
IMG_009862,images/IMG_009862.png,2023-11-05 05:00:00,5,3,3,1
IMG_009863,images/IMG_009863.png,2023-08-28 21:00:00,3,1,0,1
IMG_009864,images/IMG_009864.jpg,2023-11-05 06:00:00,5,0,2,0
IMG_009865,images/IMG_009865.jpg,2023-07-28 02:00:00,2,2,0,1
IMG_009866,images/IMG_009866.jpg,2023-07-28 03:00:00,2,2,0,1
IMG_009867,images/IMG_009867.jpg,2023-11-05 07:00:00,5,0,2,0
IMG_009868,images/IMG_009868.jpg,2023-09-28 14:00:00,4,0,0,0
IMG_009869,images/IMG_009869.png,2023-11-05 08:00:00,5,1,1,1
IMG_009870,images/IMG_009870.png,2023-11-05 09:00:00,5,0,2,0
IMG_009871,images/IMG_009871.jpg,2023-07-28 04:00:00,2,0,0,0
IMG_009872,images/IMG_009872.png,2023-08-28 22:00:00,3,2,0,1
IMG_009873,images/IMG_009873.jpg,2023-11-05 10:00:00,5,0,2,0
IMG_009874,images/IMG_009874.jpg,2023-09-28 15:00:00,4,0,0,0
IMG_009875,images/IMG_009875.png,2023-11-05 11:00:00,5,3,3,1
IMG_009876,images/IMG_009876.png,2023-07-17 18:00:00,1,0,0,0
IMG_009877,images/IMG_009877.jpg,2023-11-05 12:00:00,5,0,2,0
IMG_009878,images/IMG_009878.jpg,2023-11-05 13:00:00,5,0,2,0
IMG_009879,images/IMG_009879.png,2023-11-05 14:00:00,5,0,2,0
IMG_009880,images/IMG_009880.jpg,2023-08-28 23:00:00,3,0,0,0
IMG_009881,images/IMG_009881.png,2023-11-05 15:00:00,5,0,2,0
IMG_009882,images/IMG_009882.jpg,2023-11-05 16:00:00,5,0,2,0
IMG_009883,images/IMG_009883.png,2023-08-29 00:00:00,3,2,0,1
IMG_009884,images/IMG_009884.png,2023-11-05 17:00:00,5,3,3,1
IMG_009885,images/IMG_009885.jpg,2023-09-28 16:00:00,4,0,0,0
IMG_009886,images/IMG_009886.png,2023-08-29 01:00:00,3,2,0,1
IMG_009887,images/IMG_009887.jpg,2023-11-05 18:00:00,5,0,2,0
IMG_009888,images/IMG_009888.jpg,2023-09-28 17:00:00,4,0,0,0
IMG_009889,images/IMG_009889.jpg,2023-09-28 18:00:00,4,0,0,0
IMG_009890,images/IMG_009890.jpg,2023-11-05 19:00:00,5,0,2,0
IMG_009891,images/IMG_009891.png,2023-07-17 19:00:00,1,0,0,0
IMG_009892,images/IMG_009892.jpg,2023-09-28 19:00:00,4,0,0,0
IMG_009893,images/IMG_009893.jpg,2023-09-28 20:00:00,4,0,0,0
IMG_009894,images/IMG_009894.png,2023-11-05 20:00:00,5,3,3,1
IMG_009895,images/IMG_009895.png,2023-11-05 21:00:00,5,1,1,1
IMG_009896,images/IMG_009896.png,2023-08-29 02:00:00,3,0,0,0
IMG_009897,images/IMG_009897.png,2023-11-05 22:00:00,5,0,2,0
IMG_009898,images/IMG_009898.jpg,2023-09-28 21:00:00,4,0,0,0
IMG_009899,images/IMG_009899.jpg,2023-11-05 23:00:00,5,0,2,0
IMG_009900,images/IMG_009900.jpg,2023-07-28 05:00:00,2,2,0,1
IMG_009901,images/IMG_009901.png,2023-11-06 00:00:00,5,3,3,1
IMG_009902,images/IMG_009902.png,2023-11-06 01:00:00,5,0,2,0
IMG_009903,images/IMG_009903.png,2023-08-29 03:00:00,3,1,0,1
IMG_009904,images/IMG_009904.jpg,2023-09-28 22:00:00,4,0,0,0
IMG_009905,images/IMG_009905.jpg,2023-07-28 06:00:00,2,2,0,1
IMG_009906,images/IMG_009906.png,2023-11-06 02:00:00,5,1,1,1
IMG_009907,images/IMG_009907.jpg,2023-11-06 03:00:00,5,0,2,0
IMG_009908,images/IMG_009908.png,2023-07-28 07:00:00,2,1,0,1
IMG_009909,images/IMG_009909.png,2023-11-06 04:00:00,5,3,3,1
IMG_009910,images/IMG_009910.jpg,2023-11-06 05:00:00,5,0,2,0
IMG_009911,images/IMG_009911.jpg,2023-09-28 23:00:00,4,0,0,0
IMG_009912,images/IMG_009912.jpg,2023-08-29 04:00:00,3,0,0,0
IMG_009913,images/IMG_009913.png,2023-06-14 01:00:00,0,0,0,0
IMG_009914,images/IMG_009914.jpg,2023-06-14 02:00:00,0,0,0,0
IMG_009915,images/IMG_009915.jpg,2023-08-29 05:00:00,3,2,0,1
IMG_009916,images/IMG_009916.png,2023-11-06 06:00:00,5,3,3,1
IMG_009917,images/IMG_009917.jpg,2023-07-28 08:00:00,2,2,0,1
IMG_009918,images/IMG_009918.png,2023-11-06 07:00:00,5,0,2,0
IMG_009919,images/IMG_009919.png,2023-07-17 20:00:00,1,1,0,1
IMG_009920,images/IMG_009920.png,2023-11-06 08:00:00,5,3,3,1
IMG_009921,images/IMG_009921.jpg,2023-11-06 09:00:00,5,0,2,0
IMG_009922,images/IMG_009922.jpg,2023-07-17 21:00:00,1,0,0,0
IMG_009923,images/IMG_009923.jpg,2023-11-06 10:00:00,5,0,2,0
IMG_009924,images/IMG_009924.jpg,2023-11-06 11:00:00,5,0,2,0
IMG_009925,images/IMG_009925.png,2023-11-06 12:00:00,5,3,3,1
IMG_009926,images/IMG_009926.jpg,2023-11-06 13:00:00,5,0,2,0
IMG_009927,images/IMG_009927.jpg,2023-11-06 14:00:00,5,0,2,0
IMG_009928,images/IMG_009928.png,2023-08-29 06:00:00,3,1,0,1
IMG_009929,images/IMG_009929.png,2023-11-06 15:00:00,5,1,1,1
IMG_009930,images/IMG_009930.jpg,2023-11-06 16:00:00,5,0,2,0
IMG_009931,images/IMG_009931.jpg,2023-11-06 17:00:00,5,0,2,0
IMG_009932,images/IMG_009932.png,2023-11-06 18:00:00,5,1,1,1
IMG_009933,images/IMG_009933.jpg,2023-11-06 19:00:00,5,0,2,0
IMG_009934,images/IMG_009934.png,2023-07-17 22:00:00,1,1,0,1
IMG_009935,images/IMG_009935.png,2023-11-06 20:00:00,5,0,2,0
IMG_009936,images/IMG_009936.png,2023-11-06 21:00:00,5,3,3,1
IMG_009937,images/IMG_009937.jpg,2023-07-28 09:00:00,2,2,0,1
IMG_009938,images/IMG_009938.png,2023-07-28 10:00:00,2,2,0,1
IMG_009939,images/IMG_009939.png,2023-11-06 22:00:00,5,1,1,1
IMG_009940,images/IMG_009940.jpg,2023-08-29 07:00:00,3,2,0,1
IMG_009941,images/IMG_009941.jpg,2023-09-29 00:00:00,4,0,0,0
IMG_009942,images/IMG_009942.jpg,2023-07-28 11:00:00,2,2,0,1
IMG_009943,images/IMG_009943.png,2023-07-17 23:00:00,1,1,0,1
IMG_009944,images/IMG_009944.jpg,2023-07-28 12:00:00,2,0,0,0
IMG_009945,images/IMG_009945.jpg,2023-11-06 23:00:00,5,0,2,0
IMG_009946,images/IMG_009946.jpg,2023-09-29 01:00:00,4,0,0,0
IMG_009947,images/IMG_009947.png,2023-07-18 00:00:00,1,0,0,0
IMG_009948,images/IMG_009948.jpg,2023-11-07 00:00:00,5,0,2,0
IMG_009949,images/IMG_009949.png,2023-08-29 08:00:00,3,1,0,1
IMG_009950,images/IMG_009950.png,2023-07-28 13:00:00,2,2,0,1
IMG_009951,images/IMG_009951.png,2023-07-18 01:00:00,1,0,0,0
IMG_009952,images/IMG_009952.jpg,2023-11-07 01:00:00,5,0,2,0
IMG_009953,images/IMG_009953.jpg,2023-11-07 02:00:00,5,0,2,0
IMG_009954,images/IMG_009954.png,2023-07-28 14:00:00,2,2,0,1
IMG_009955,images/IMG_009955.jpg,2023-09-29 02:00:00,4,0,0,0
IMG_009956,images/IMG_009956.jpg,2023-11-07 03:00:00,5,0,2,0
IMG_009957,images/IMG_009957.png,2023-07-18 02:00:00,1,1,0,1
IMG_009958,images/IMG_009958.jpg,2023-09-29 03:00:00,4,0,0,0
IMG_009959,images/IMG_009959.png,2023-11-07 04:00:00,5,1,1,1
IMG_009960,images/IMG_009960.png,2023-11-07 05:00:00,5,3,3,1
IMG_009961,images/IMG_009961.png,2023-07-18 03:00:00,1,0,0,0
IMG_009962,images/IMG_009962.jpg,2023-07-18 04:00:00,1,0,0,0
IMG_009963,images/IMG_009963.png,2023-11-07 06:00:00,5,0,2,0
IMG_009964,images/IMG_009964.jpg,2023-08-29 09:00:00,3,2,0,1
IMG_009965,images/IMG_009965.jpg,2023-09-29 04:00:00,4,0,0,0
IMG_009966,images/IMG_009966.jpg,2023-11-07 07:00:00,5,0,2,0
IMG_009967,images/IMG_009967.png,2023-11-07 08:00:00,5,0,2,0
IMG_009968,images/IMG_009968.jpg,2023-09-29 05:00:00,4,0,0,0
IMG_009969,images/IMG_009969.png,2023-06-14 03:00:00,0,0,0,0
IMG_009970,images/IMG_009970.jpg,2023-08-29 10:00:00,3,2,0,1
IMG_009971,images/IMG_009971.jpg,2023-08-29 11:00:00,3,2,0,1
IMG_009972,images/IMG_009972.jpg,2023-11-07 09:00:00,5,0,2,0
IMG_009973,images/IMG_009973.jpg,2023-08-29 12:00:00,3,2,0,1
IMG_009974,images/IMG_009974.jpg,2023-09-29 06:00:00,4,0,0,0
IMG_009975,images/IMG_009975.jpg,2023-11-07 10:00:00,5,0,2,0
IMG_009976,images/IMG_009976.jpg,2023-11-07 11:00:00,5,0,2,0
IMG_009977,images/IMG_009977.jpg,2023-09-29 07:00:00,4,0,0,0
IMG_009978,images/IMG_009978.png,2023-08-29 13:00:00,3,2,0,1
IMG_009979,images/IMG_009979.png,2023-08-29 14:00:00,3,2,0,1
IMG_009980,images/IMG_009980.png,2023-11-07 12:00:00,5,3,3,1
IMG_009981,images/IMG_009981.png,2023-08-29 15:00:00,3,0,0,0
IMG_009982,images/IMG_009982.png,2023-07-28 15:00:00,2,1,0,1
IMG_009983,images/IMG_009983.jpg,2023-09-29 08:00:00,4,0,0,0
IMG_009984,images/IMG_009984.png,2023-07-18 05:00:00,1,0,0,0
IMG_009985,images/IMG_009985.png,2023-11-07 13:00:00,5,0,2,0
IMG_009986,images/IMG_009986.png,2023-11-07 14:00:00,5,1,1,1
IMG_009987,images/IMG_009987.jpg,2023-09-29 09:00:00,4,0,0,0
IMG_009988,images/IMG_009988.jpg,2023-09-29 10:00:00,4,0,0,0
IMG_009989,images/IMG_009989.png,2023-07-18 06:00:00,1,0,0,0
IMG_009990,images/IMG_009990.png,2023-08-29 16:00:00,3,0,0,0
IMG_009991,images/IMG_009991.jpg,2023-09-29 11:00:00,4,0,0,0
IMG_009992,images/IMG_009992.jpg,2023-07-28 16:00:00,2,0,0,0
IMG_009993,images/IMG_009993.jpg,2023-08-29 17:00:00,3,2,0,1
IMG_009994,images/IMG_009994.png,2023-07-18 07:00:00,1,0,0,0
IMG_009995,images/IMG_009995.png,2023-11-07 15:00:00,5,3,3,1
IMG_009996,images/IMG_009996.png,2023-07-28 17:00:00,2,1,0,1
IMG_009997,images/IMG_009997.jpg,2023-09-29 12:00:00,4,0,0,0
IMG_009998,images/IMG_009998.jpg,2023-09-29 13:00:00,4,0,0,0
IMG_009999,images/IMG_009999.png,2023-11-07 16:00:00,5,1,1,1
IMG_010000,images/IMG_010000.jpg,2023-11-07 17:00:00,5,0,2,0
