image_id,split
IMG_000001,test
IMG_000002,test
IMG_000003,train
IMG_000004,val
IMG_000005,val
IMG_000006,train
IMG_000007,train
IMG_000008,val
IMG_000009,test
IMG_000010,val
IMG_000011,val
IMG_000012,train
IMG_000013,train
IMG_000014,val
IMG_000015,train
IMG_000016,test
IMG_000017,val
IMG_000018,train
IMG_000019,test
IMG_000020,val
IMG_000021,test
IMG_000022,train
IMG_000023,train
IMG_000024,val
IMG_000025,train
IMG_000026,test
IMG_000027,train
IMG_000028,train
IMG_000029,val
IMG_000030,test
IMG_000031,val
IMG_000032,test
IMG_000033,test
IMG_000034,val
IMG_000035,val
IMG_000036,val
IMG_000037,test
IMG_000038,val
IMG_000039,train
IMG_000040,val
IMG_000041,train
IMG_000042,val
IMG_000043,val
IMG_000044,val
IMG_000045,val
IMG_000046,val
IMG_000047,val
IMG_000048,test
IMG_000049,test
IMG_000050,val
IMG_000051,val
IMG_000052,train
IMG_000053,val
IMG_000054,val
IMG_000055,train
IMG_000056,val
IMG_000057,val
IMG_000058,train
IMG_000059,val
IMG_000060,train
IMG_000061,train
IMG_000062,train
IMG_000063,test
IMG_000064,train
IMG_000065,test
IMG_000066,train
IMG_000067,train
IMG_000068,test
IMG_000069,train
IMG_000070,test
IMG_000071,train
IMG_000072,train
IMG_000073,val
IMG_000074,test
IMG_000075,val
IMG_000076,test
IMG_000077,train
IMG_000078,train
IMG_000079,test
IMG_000080,train
IMG_000081,train
IMG_000082,train
IMG_000083,test
IMG_000084,train
IMG_000085,test
IMG_000086,train
IMG_000087,val
IMG_000088,val
IMG_000089,val
IMG_000090,train
IMG_000091,train
IMG_000092,test
IMG_000093,train
IMG_000094,train
IMG_000095,train
IMG_000096,train
IMG_000097,val
IMG_000098,val
IMG_000099,test
IMG_000100,train
IMG_000101,train
IMG_000102,val
IMG_000103,val
IMG_000104,val
IMG_000105,test
IMG_000106,val
IMG_000107,val
IMG_000108,val
IMG_000109,train
IMG_000110,val
IMG_000111,train
IMG_000112,test
IMG_000113,val
IMG_000114,test
IMG_000115,test
IMG_000116,train
IMG_000117,train
IMG_000118,val
IMG_000119,train
IMG_000120,val
IMG_000121,val
IMG_000122,val
IMG_000123,val
IMG_000124,train
IMG_000125,test
IMG_000126,train
IMG_000127,test
IMG_000128,train
IMG_000129,val
IMG_000130,train
IMG_000131,test
IMG_000132,train
IMG_000133,train
IMG_000134,test
IMG_000135,val
IMG_000136,val
IMG_000137,train
IMG_000138,test
IMG_000139,train
IMG_000140,test
IMG_000141,test
IMG_000142,val
IMG_000143,val
IMG_000144,val
IMG_000145,val
IMG_000146,test
IMG_000147,test
IMG_000148,train
IMG_000149,test
IMG_000150,val
IMG_000151,train
IMG_000152,val
IMG_000153,val
IMG_000154,train
IMG_000155,val
IMG_000156,train
IMG_000157,train
IMG_000158,test
IMG_000159,val
IMG_000160,val
IMG_000161,test
IMG_000162,train
IMG_000163,val
IMG_000164,test
IMG_000165,val
IMG_000166,test
IMG_000167,train
IMG_000168,val
IMG_000169,val
IMG_000170,train
IMG_000171,val
IMG_000172,val
IMG_000173,val
IMG_000174,val
IMG_000175,test
IMG_000176,val
IMG_000177,val
IMG_000178,train
IMG_000179,train
IMG_000180,val
IMG_000181,train
IMG_000182,train
IMG_000183,test
IMG_000184,val
IMG_000185,val
IMG_000186,train
IMG_000187,val
IMG_000188,train
IMG_000189,val
IMG_000190,train
IMG_000191,train
IMG_000192,test
IMG_000193,val
IMG_000194,train
IMG_000195,val
IMG_000196,train
IMG_000197,train
IMG_000198,train
IMG_000199,test
IMG_000200,val
IMG_000201,train
IMG_000202,val
IMG_000203,test
IMG_000204,train
IMG_000205,train
IMG_000206,train
IMG_000207,val
IMG_000208,train
IMG_000209,train
IMG_000210,val
IMG_000211,val
IMG_000212,val
IMG_000213,val
IMG_000214,val
IMG_000215,val
IMG_000216,val
IMG_000217,val
IMG_000218,train
IMG_000219,val
IMG_000220,train
IMG_000221,val
IMG_000222,val
IMG_000223,val
IMG_000224,train
IMG_000225,val
IMG_000226,test
IMG_000227,test
IMG_000228,val
IMG_000229,val
IMG_000230,test
IMG_000231,val
IMG_000232,train
IMG_000233,test
IMG_000234,train
IMG_000235,test
IMG_000236,test
IMG_000237,train
IMG_000238,test
IMG_000239,val
IMG_000240,val
IMG_000241,val
IMG_000242,train
IMG_000243,test
IMG_000244,train
IMG_000245,val
IMG_000246,train
IMG_000247,test
IMG_000248,test
IMG_000249,val
IMG_000250,train
IMG_000251,val
IMG_000252,val
IMG_000253,train
IMG_000254,val
IMG_000255,val
IMG_000256,train
IMG_000257,train
IMG_000258,train
IMG_000259,test
IMG_000260,train
IMG_000261,train
IMG_000262,val
IMG_000263,train
IMG_000264,val
IMG_000265,train
IMG_000266,train
IMG_000267,val
IMG_000268,test
IMG_000269,val
IMG_000270,val
IMG_000271,test
IMG_000272,test
IMG_000273,train
IMG_000274,test
IMG_000275,val
IMG_000276,val
IMG_000277,test
IMG_000278,train
IMG_000279,val
IMG_000280,test
IMG_000281,val
IMG_000282,train
IMG_000283,train
IMG_000284,train
IMG_000285,val
IMG_000286,test
IMG_000287,val
IMG_000288,train
IMG_000289,val
IMG_000290,val
IMG_000291,val
IMG_000292,val
IMG_000293,train
IMG_000294,val
IMG_000295,train
IMG_000296,val
IMG_000297,val
IMG_000298,val
IMG_000299,val
IMG_000300,val
IMG_000301,train
IMG_000302,train
IMG_000303,val
IMG_000304,train
IMG_000305,test
IMG_000306,val
IMG_000307,val
IMG_000308,train
IMG_000309,train
IMG_000310,val
IMG_000311,test
IMG_000312,test
IMG_000313,train
IMG_000314,val
IMG_000315,val
IMG_000316,val
IMG_000317,val
IMG_000318,val
IMG_000319,val
IMG_000320,train
IMG_000321,test
IMG_000322,val
IMG_000323,test
IMG_000324,test
IMG_000325,train
IMG_000326,val
IMG_000327,train
IMG_000328,train
IMG_000329,train
IMG_000330,test
IMG_000331,val
IMG_000332,train
IMG_000333,val
IMG_000334,test
IMG_000335,train
IMG_000336,val
IMG_000337,val
IMG_000338,test
IMG_000339,val
IMG_000340,train
IMG_000341,val
IMG_000342,train
IMG_000343,val
IMG_000344,train
IMG_000345,train
IMG_000346,val
IMG_000347,val
IMG_000348,test
IMG_000349,train
IMG_000350,train
IMG_000351,test
IMG_000352,val
IMG_000353,test
IMG_000354,train
IMG_000355,test
IMG_000356,val
IMG_000357,val
IMG_000358,val
IMG_000359,train
IMG_000360,val
IMG_000361,test
IMG_000362,train
IMG_000363,test
IMG_000364,train
IMG_000365,test
IMG_000366,val
IMG_000367,val
IMG_000368,test
IMG_000369,train
IMG_000370,test
IMG_000371,val
IMG_000372,test
IMG_000373,val
IMG_000374,val
IMG_000375,train
IMG_000376,val
IMG_000377,val
IMG_000378,test
IMG_000379,test
IMG_000380,test
IMG_000381,train
IMG_000382,val
IMG_000383,train
IMG_000384,val
IMG_000385,test
IMG_000386,val
IMG_000387,test
IMG_000388,train
IMG_000389,train
IMG_000390,train
IMG_000391,val
IMG_000392,val
IMG_000393,train
IMG_000394,train
IMG_000395,train
IMG_000396,test
IMG_000397,val
IMG_000398,test
IMG_000399,val
IMG_000400,test
IMG_000401,val
IMG_000402,train
IMG_000403,train
IMG_000404,val
IMG_000405,train
IMG_000406,train
IMG_000407,val
IMG_000408,test
IMG_000409,train
IMG_000410,train
IMG_000411,train
IMG_000412,val
IMG_000413,val
IMG_000414,test
IMG_000415,val
IMG_000416,test
IMG_000417,train
IMG_000418,train
IMG_000419,train
IMG_000420,val
IMG_000421,train
IMG_000422,val
IMG_000423,train
IMG_000424,val
IMG_000425,val
IMG_000426,val
IMG_000427,train
IMG_000428,train
IMG_000429,val
IMG_000430,train
IMG_000431,val
IMG_000432,val
IMG_000433,test
IMG_000434,val
IMG_000435,val
IMG_000436,train
IMG_000437,val
IMG_000438,train
IMG_000439,test
IMG_000440,val
IMG_000441,train
IMG_000442,test
IMG_000443,test
IMG_000444,train
IMG_000445,val
IMG_000446,val
IMG_000447,train
IMG_000448,test
IMG_000449,test
IMG_000450,val
IMG_000451,train
IMG_000452,val
IMG_000453,val
IMG_000454,train
IMG_000455,test
IMG_000456,test
IMG_000457,val
IMG_000458,val
IMG_000459,train
IMG_000460,val
IMG_000461,val
IMG_000462,train
IMG_000463,test
IMG_000464,train
IMG_000465,test
IMG_000466,train
IMG_000467,train
IMG_000468,val
IMG_000469,test
IMG_000470,val
IMG_000471,val
IMG_000472,test
IMG_000473,val
IMG_000474,train
IMG_000475,train
IMG_000476,val
IMG_000477,val
IMG_000478,train
IMG_000479,val
IMG_000480,test
IMG_000481,train
IMG_000482,train
IMG_000483,train
IMG_000484,test
IMG_000485,val
IMG_000486,test
IMG_000487,train
IMG_000488,train
IMG_000489,test
IMG_000490,val
IMG_000491,test
IMG_000492,train
IMG_000493,train
IMG_000494,test
IMG_000495,test
IMG_000496,val
IMG_000497,train
IMG_000498,test
IMG_000499,val
IMG_000500,test
IMG_000501,val
IMG_000502,val
IMG_000503,train
IMG_000504,val
IMG_000505,train
IMG_000506,train
IMG_000507,test
IMG_000508,test
IMG_000509,val
IMG_000510,val
IMG_000511,train
IMG_000512,val
IMG_000513,train
IMG_000514,val
IMG_000515,val
IMG_000516,val
IMG_000517,test
IMG_000518,val
IMG_000519,val
IMG_000520,val
IMG_000521,test
IMG_000522,test
IMG_000523,val
IMG_000524,train
IMG_000525,train
IMG_000526,train
IMG_000527,train
IMG_000528,val
IMG_000529,test
IMG_000530,test
IMG_000531,train
IMG_000532,test
IMG_000533,train
IMG_000534,val
IMG_000535,train
IMG_000536,test
IMG_000537,test
IMG_000538,test
IMG_000539,test
IMG_000540,val
IMG_000541,val
IMG_000542,val
IMG_000543,val
IMG_000544,train
IMG_000545,val
IMG_000546,train
IMG_000547,val
IMG_000548,test
IMG_000549,test
IMG_000550,val
IMG_000551,train
IMG_000552,val
IMG_000553,val
IMG_000554,val
IMG_000555,val
IMG_000556,test
IMG_000557,val
IMG_000558,val
IMG_000559,train
IMG_000560,train
IMG_000561,test
IMG_000562,train
IMG_000563,val
IMG_000564,val
IMG_000565,val
IMG_000566,val
IMG_000567,val
IMG_000568,val
IMG_000569,val
IMG_000570,test
IMG_000571,train
IMG_000572,val
IMG_000573,val
IMG_000574,train
IMG_000575,val
IMG_000576,val
IMG_000577,val
IMG_000578,train
IMG_000579,val
IMG_000580,test
IMG_000581,test
IMG_000582,val
IMG_000583,train
IMG_000584,test
IMG_000585,train
IMG_000586,test
IMG_000587,train
IMG_000588,val
IMG_000589,test
IMG_000590,val
IMG_000591,train
IMG_000592,val
IMG_000593,val
IMG_000594,test
IMG_000595,val
IMG_000596,train
IMG_000597,val
IMG_000598,train
IMG_000599,test
IMG_000600,train
IMG_000601,test
IMG_000602,val
IMG_000603,test
IMG_000604,val
IMG_000605,val
IMG_000606,test
IMG_000607,test
IMG_000608,train
IMG_000609,val
IMG_000610,train
IMG_000611,val
IMG_000612,train
IMG_000613,test
IMG_000614,test
IMG_000615,test
IMG_000616,train
IMG_000617,train
IMG_000618,test
IMG_000619,train
IMG_000620,test
IMG_000621,train
IMG_000622,train
IMG_000623,train
IMG_000624,val
IMG_000625,train
IMG_000626,test
IMG_000627,val
IMG_000628,train
IMG_000629,val
IMG_000630,val
IMG_000631,val
IMG_000632,train
IMG_000633,test
IMG_000634,test
IMG_000635,train
IMG_000636,val
IMG_000637,test
IMG_000638,val
IMG_000639,val
IMG_000640,val
IMG_000641,train
IMG_000642,test
IMG_000643,test
IMG_000644,train
IMG_000645,test
IMG_000646,train
IMG_000647,train
IMG_000648,val
IMG_000649,val
IMG_000650,val
IMG_000651,train
IMG_000652,test
IMG_000653,test
IMG_000654,test
IMG_000655,train
IMG_000656,test
IMG_000657,val
IMG_000658,val
IMG_000659,test
IMG_000660,test
IMG_000661,train
IMG_000662,val
IMG_000663,train
IMG_000664,val
IMG_000665,val
IMG_000666,val
IMG_000667,val
IMG_000668,train
IMG_000669,val
IMG_000670,train
IMG_000671,val
IMG_000672,val
IMG_000673,val
IMG_000674,train
IMG_000675,test
IMG_000676,train
IMG_000677,train
IMG_000678,train
IMG_000679,val
IMG_000680,val
IMG_000681,train
IMG_000682,train
IMG_000683,val
IMG_000684,train
IMG_000685,test
IMG_000686,train
IMG_000687,val
IMG_000688,train
IMG_000689,test
IMG_000690,test
IMG_000691,val
IMG_000692,train
IMG_000693,train
IMG_000694,train
IMG_000695,train
IMG_000696,test
IMG_000697,train
IMG_000698,val
IMG_000699,test
IMG_000700,val
IMG_000701,val
IMG_000702,train
IMG_000703,val
IMG_000704,val
IMG_000705,val
IMG_000706,train
IMG_000707,val
IMG_000708,train
IMG_000709,train
IMG_000710,test
IMG_000711,train
IMG_000712,val
IMG_000713,val
IMG_000714,val
IMG_000715,val
IMG_000716,test
IMG_000717,train
IMG_000718,test
IMG_000719,train
IMG_000720,train
IMG_000721,test
IMG_000722,train
IMG_000723,test
IMG_000724,test
IMG_000725,val
IMG_000726,test
IMG_000727,train
IMG_000728,train
IMG_000729,test
IMG_000730,train
IMG_000731,val
IMG_000732,test
IMG_000733,test
IMG_000734,test
IMG_000735,val
IMG_000736,test
IMG_000737,train
IMG_000738,train
IMG_000739,val
IMG_000740,val
IMG_000741,val
IMG_000742,train
IMG_000743,train
IMG_000744,train
IMG_000745,val
IMG_000746,train
IMG_000747,train
IMG_000748,test
IMG_000749,train
IMG_000750,test
IMG_000751,val
IMG_000752,val
IMG_000753,val
IMG_000754,test
IMG_000755,test
IMG_000756,val
IMG_000757,train
IMG_000758,val
IMG_000759,test
IMG_000760,train
IMG_000761,test
IMG_000762,val
IMG_000763,train
IMG_000764,val
IMG_000765,val
IMG_000766,test
IMG_000767,train
IMG_000768,train
IMG_000769,val
IMG_000770,test
IMG_000771,val
IMG_000772,val
IMG_000773,val
IMG_000774,val
IMG_000775,train
IMG_000776,val
IMG_000777,train
IMG_000778,test
IMG_000779,val
IMG_000780,val
IMG_000781,train
IMG_000782,train
IMG_000783,train
IMG_000784,train
IMG_000785,test
IMG_000786,train
IMG_000787,train
IMG_000788,train
IMG_000789,test
IMG_000790,train
IMG_000791,train
IMG_000792,val
IMG_000793,train
IMG_000794,train
IMG_000795,val
IMG_000796,val
IMG_000797,test
IMG_000798,val
IMG_000799,val
IMG_000800,train
IMG_000801,val
IMG_000802,train
IMG_000803,train
IMG_000804,val
IMG_000805,val
IMG_000806,test
IMG_000807,val
IMG_000808,val
IMG_000809,train
IMG_000810,val
IMG_000811,train
IMG_000812,train
IMG_000813,train
IMG_000814,train
IMG_000815,val
IMG_000816,test
IMG_000817,val
IMG_000818,train
IMG_000819,train
IMG_000820,test
IMG_000821,test
IMG_000822,train
IMG_000823,train
IMG_000824,val
IMG_000825,val
IMG_000826,train
IMG_000827,train
IMG_000828,test
IMG_000829,val
IMG_000830,val
IMG_000831,val
IMG_000832,test
IMG_000833,val
IMG_000834,train
IMG_000835,test
IMG_000836,val
IMG_000837,test
IMG_000838,test
IMG_000839,train
IMG_000840,test
IMG_000841,test
IMG_000842,train
IMG_000843,val
IMG_000844,train
IMG_000845,train
IMG_000846,test
IMG_000847,train
IMG_000848,test
IMG_000849,test
IMG_000850,test
IMG_000851,test
IMG_000852,val
IMG_000853,test
IMG_000854,val
IMG_000855,test
IMG_000856,val
IMG_000857,test
IMG_000858,train
IMG_000859,train
IMG_000860,val
IMG_000861,val
IMG_000862,test
IMG_000863,train
IMG_000864,test
IMG_000865,val
IMG_000866,train
IMG_000867,train
IMG_000868,val
IMG_000869,train
IMG_000870,train
IMG_000871,test
IMG_000872,test
IMG_000873,test
IMG_000874,test
IMG_000875,val
IMG_000876,train
IMG_000877,train
IMG_000878,test
IMG_000879,test
IMG_000880,train
IMG_000881,val
IMG_000882,test
IMG_000883,test
IMG_000884,val
IMG_000885,test
IMG_000886,train
IMG_000887,test
IMG_000888,test
IMG_000889,val
IMG_000890,train
IMG_000891,train
IMG_000892,val
IMG_000893,train
IMG_000894,train
IMG_000895,val
IMG_000896,train
IMG_000897,val
IMG_000898,val
IMG_000899,test
IMG_000900,val
IMG_000901,train
IMG_000902,test
IMG_000903,val
IMG_000904,train
IMG_000905,val
IMG_000906,train
IMG_000907,val
IMG_000908,train
IMG_000909,val
IMG_000910,val
IMG_000911,train
IMG_000912,val
IMG_000913,train
IMG_000914,test
IMG_000915,val
IMG_000916,test
IMG_000917,train
IMG_000918,test
IMG_000919,train
IMG_000920,test
IMG_000921,val
IMG_000922,train
IMG_000923,test
IMG_000924,val
IMG_000925,val
IMG_000926,test
IMG_000927,test
IMG_000928,test
IMG_000929,val
IMG_000930,val
IMG_000931,val
IMG_000932,val
IMG_000933,test
IMG_000934,train
IMG_000935,val
IMG_000936,train
IMG_000937,test
IMG_000938,train
IMG_000939,val
IMG_000940,test
IMG_000941,train
IMG_000942,train
IMG_000943,test
IMG_000944,test
IMG_000945,val
IMG_000946,val
IMG_000947,test
IMG_000948,val
IMG_000949,test
IMG_000950,test
IMG_000951,test
IMG_000952,val
IMG_000953,val
IMG_000954,train
IMG_000955,val
IMG_000956,test
IMG_000957,test
IMG_000958,train
IMG_000959,val
IMG_000960,val
IMG_000961,train
IMG_000962,test
IMG_000963,train
IMG_000964,test
IMG_000965,val
IMG_000966,val
IMG_000967,val
IMG_000968,test
IMG_000969,train
IMG_000970,val
IMG_000971,train
IMG_000972,val
IMG_000973,val
IMG_000974,test
IMG_000975,test
IMG_000976,val
IMG_000977,train
IMG_000978,train
IMG_000979,test
IMG_000980,val
IMG_000981,val
IMG_000982,val
IMG_000983,train
IMG_000984,val
IMG_000985,test
IMG_000986,train
IMG_000987,val
IMG_000988,val
IMG_000989,val
IMG_000990,test
IMG_000991,val
IMG_000992,val
IMG_000993,test
IMG_000994,val
IMG_000995,val
IMG_000996,train
IMG_000997,val
IMG_000998,val
IMG_000999,val
IMG_001000,val
IMG_001001,val
IMG_001002,test
IMG_001003,train
IMG_001004,train
IMG_001005,test
IMG_001006,train
IMG_001007,train
IMG_001008,val
IMG_001009,val
IMG_001010,train
IMG_001011,test
IMG_001012,val
IMG_001013,train
IMG_001014,val
IMG_001015,train
IMG_001016,train
IMG_001017,test
IMG_001018,val
IMG_001019,val
IMG_001020,train
IMG_001021,train
IMG_001022,val
IMG_001023,test
IMG_001024,train
IMG_001025,val
IMG_001026,val
IMG_001027,train
IMG_001028,test
IMG_001029,val
IMG_001030,train
IMG_001031,test
IMG_001032,train
IMG_001033,test
IMG_001034,train
IMG_001035,test
IMG_001036,test
IMG_001037,test
IMG_001038,train
IMG_001039,train
IMG_001040,val
IMG_001041,val
IMG_001042,train
IMG_001043,val
IMG_001044,train
IMG_001045,train
IMG_001046,train
IMG_001047,val
IMG_001048,val
IMG_001049,val
IMG_001050,train
IMG_001051,val
IMG_001052,val
IMG_001053,val
IMG_001054,train
IMG_001055,val
IMG_001056,val
IMG_001057,val
IMG_001058,test
IMG_001059,val
IMG_001060,val
IMG_001061,train
IMG_001062,train
IMG_001063,train
IMG_001064,val
IMG_001065,test
IMG_001066,val
IMG_001067,train
IMG_001068,train
IMG_001069,val
IMG_001070,train
IMG_001071,val
IMG_001072,test
IMG_001073,test
IMG_001074,test
IMG_001075,val
IMG_001076,val
IMG_001077,train
IMG_001078,val
IMG_001079,train
IMG_001080,train
IMG_001081,val
IMG_001082,test
IMG_001083,test
IMG_001084,val
IMG_001085,val
IMG_001086,train
IMG_001087,val
IMG_001088,train
IMG_001089,val
IMG_001090,train
IMG_001091,train
IMG_001092,train
IMG_001093,val
IMG_001094,val
IMG_001095,test
IMG_001096,test
IMG_001097,val
IMG_001098,train
IMG_001099,train
IMG_001100,train
IMG_001101,val
IMG_001102,test
IMG_001103,val
IMG_001104,val
IMG_001105,train
IMG_001106,val
IMG_001107,test
IMG_001108,val
IMG_001109,train
IMG_001110,val
IMG_001111,val
IMG_001112,train
IMG_001113,test
IMG_001114,test
IMG_001115,val
IMG_001116,train
IMG_001117,val
IMG_001118,test
IMG_001119,val
IMG_001120,test
IMG_001121,train
IMG_001122,train
IMG_001123,test
IMG_001124,val
IMG_001125,val
IMG_001126,test
IMG_001127,val
IMG_001128,train
IMG_001129,val
IMG_001130,val
IMG_001131,val
IMG_001132,val
IMG_001133,test
IMG_001134,val
IMG_001135,val
IMG_001136,val
IMG_001137,val
IMG_001138,val
IMG_001139,val
IMG_001140,train
IMG_001141,test
IMG_001142,test
IMG_001143,val
IMG_001144,test
IMG_001145,val
IMG_001146,val
IMG_001147,test
IMG_001148,test
IMG_001149,train
IMG_001150,test
IMG_001151,train
IMG_001152,val
IMG_001153,test
IMG_001154,val
IMG_001155,test
IMG_001156,val
IMG_001157,train
IMG_001158,val
IMG_001159,test
IMG_001160,val
IMG_001161,train
IMG_001162,test
IMG_001163,val
IMG_001164,train
IMG_001165,test
IMG_001166,val
IMG_001167,train
IMG_001168,test
IMG_001169,train
IMG_001170,train
IMG_001171,test
IMG_001172,train
IMG_001173,train
IMG_001174,train
IMG_001175,val
IMG_001176,val
IMG_001177,val
IMG_001178,test
IMG_001179,val
IMG_001180,test
IMG_001181,val
IMG_001182,val
IMG_001183,train
IMG_001184,test
IMG_001185,test
IMG_001186,val
IMG_001187,val
IMG_001188,val
IMG_001189,val
IMG_001190,test
IMG_001191,train
IMG_001192,train
IMG_001193,val
IMG_001194,test
IMG_001195,val
IMG_001196,val
IMG_001197,val
IMG_001198,val
IMG_001199,train
IMG_001200,val
IMG_001201,val
IMG_001202,test
IMG_001203,val
IMG_001204,test
IMG_001205,train
IMG_001206,train
IMG_001207,val
IMG_001208,train
IMG_001209,test
IMG_001210,val
IMG_001211,val
IMG_001212,val
IMG_001213,test
IMG_001214,test
IMG_001215,val
IMG_001216,val
IMG_001217,val
IMG_001218,test
IMG_001219,val
IMG_001220,train
IMG_001221,val
IMG_001222,val
IMG_001223,val
IMG_001224,val
IMG_001225,train
IMG_001226,test
IMG_001227,val
IMG_001228,test
IMG_001229,val
IMG_001230,val
IMG_001231,test
IMG_001232,test
IMG_001233,test
IMG_001234,test
IMG_001235,train
IMG_001236,train
IMG_001237,val
IMG_001238,val
IMG_001239,test
IMG_001240,train
IMG_001241,test
IMG_001242,val
IMG_001243,val
IMG_001244,train
IMG_001245,test
IMG_001246,test
IMG_001247,train
IMG_001248,train
IMG_001249,train
IMG_001250,train
IMG_001251,val
IMG_001252,train
IMG_001253,train
IMG_001254,test
IMG_001255,val
IMG_001256,train
IMG_001257,val
IMG_001258,train
IMG_001259,test
IMG_001260,val
IMG_001261,test
IMG_001262,val
IMG_001263,test
IMG_001264,train
IMG_001265,test
IMG_001266,val
IMG_001267,val
IMG_001268,test
IMG_001269,val
IMG_001270,train
IMG_001271,test
IMG_001272,train
IMG_001273,val
IMG_001274,val
IMG_001275,test
IMG_001276,val
IMG_001277,val
IMG_001278,test
IMG_001279,test
IMG_001280,test
IMG_001281,train
IMG_001282,test
IMG_001283,test
IMG_001284,val
IMG_001285,val
IMG_001286,train
IMG_001287,val
IMG_001288,train
IMG_001289,val
IMG_001290,test
IMG_001291,train
IMG_001292,val
IMG_001293,train
IMG_001294,val
IMG_001295,test
IMG_001296,test
IMG_001297,val
IMG_001298,test
IMG_001299,train
IMG_001300,val
IMG_001301,val
IMG_001302,val
IMG_001303,train
IMG_001304,val
IMG_001305,val
IMG_001306,train
IMG_001307,train
IMG_001308,val
IMG_001309,test
IMG_001310,train
IMG_001311,val
IMG_001312,val
IMG_001313,val
IMG_001314,val
IMG_001315,val
IMG_001316,train
IMG_001317,val
IMG_001318,train
IMG_001319,val
IMG_001320,train
IMG_001321,train
IMG_001322,val
IMG_001323,train
IMG_001324,train
IMG_001325,test
IMG_001326,train
IMG_001327,val
IMG_001328,train
IMG_001329,val
IMG_001330,test
IMG_001331,val
IMG_001332,val
IMG_001333,val
IMG_001334,val
IMG_001335,train
IMG_001336,val
IMG_001337,val
IMG_001338,train
IMG_001339,train
IMG_001340,test
IMG_001341,val
IMG_001342,val
IMG_001343,val
IMG_001344,test
IMG_001345,val
IMG_001346,val
IMG_001347,train
IMG_001348,val
IMG_001349,val
IMG_001350,train
IMG_001351,test
IMG_001352,val
IMG_001353,val
IMG_001354,val
IMG_001355,test
IMG_001356,val
IMG_001357,test
IMG_001358,val
IMG_001359,val
IMG_001360,train
IMG_001361,train
IMG_001362,test
IMG_001363,val
IMG_001364,val
IMG_001365,val
IMG_001366,test
IMG_001367,train
IMG_001368,val
IMG_001369,train
IMG_001370,train
IMG_001371,train
IMG_001372,test
IMG_001373,val
IMG_001374,train
IMG_001375,val
IMG_001376,train
IMG_001377,train
IMG_001378,test
IMG_001379,train
IMG_001380,train
IMG_001381,test
IMG_001382,val
IMG_001383,test
IMG_001384,val
IMG_001385,train
IMG_001386,train
IMG_001387,val
IMG_001388,test
IMG_001389,val
IMG_001390,train
IMG_001391,train
IMG_001392,val
IMG_001393,test
IMG_001394,train
IMG_001395,val
IMG_001396,train
IMG_001397,val
IMG_001398,val
IMG_001399,val
IMG_001400,test
IMG_001401,train
IMG_001402,train
IMG_001403,val
IMG_001404,test
IMG_001405,test
IMG_001406,train
IMG_001407,train
IMG_001408,val
IMG_001409,train
IMG_001410,test
IMG_001411,val
IMG_001412,val
IMG_001413,train
IMG_001414,test
IMG_001415,train
IMG_001416,train
IMG_001417,val
IMG_001418,val
IMG_001419,val
IMG_001420,val
IMG_001421,val
IMG_001422,train
IMG_001423,train
IMG_001424,val
IMG_001425,train
IMG_001426,test
IMG_001427,test
IMG_001428,train
IMG_001429,train
IMG_001430,val
IMG_001431,val
IMG_001432,test
IMG_001433,val
IMG_001434,train
IMG_001435,train
IMG_001436,train
IMG_001437,train
IMG_001438,val
IMG_001439,val
IMG_001440,val
IMG_001441,train
IMG_001442,val
IMG_001443,val
IMG_001444,val
IMG_001445,test
IMG_001446,train
IMG_001447,test
IMG_001448,val
IMG_001449,val
IMG_001450,val
IMG_001451,train
IMG_001452,val
IMG_001453,test
IMG_001454,val
IMG_001455,test
IMG_001456,val
IMG_001457,test
IMG_001458,val
IMG_001459,train
IMG_001460,val
IMG_001461,train
IMG_001462,val
IMG_001463,test
IMG_001464,test
IMG_001465,train
IMG_001466,val
IMG_001467,val
IMG_001468,test
IMG_001469,train
IMG_001470,train
IMG_001471,val
IMG_001472,train
IMG_001473,train
IMG_001474,train
IMG_001475,test
IMG_001476,train
IMG_001477,train
IMG_001478,test
IMG_001479,val
IMG_001480,train
IMG_001481,val
IMG_001482,train
IMG_001483,train
IMG_001484,val
IMG_001485,val
IMG_001486,val
IMG_001487,val
IMG_001488,train
IMG_001489,val
IMG_001490,val
IMG_001491,test
IMG_001492,val
IMG_001493,test
IMG_001494,val
IMG_001495,val
IMG_001496,train
IMG_001497,train
IMG_001498,test
IMG_001499,val
IMG_001500,test
IMG_001501,val
IMG_001502,val
IMG_001503,val
IMG_001504,val
IMG_001505,train
IMG_001506,val
IMG_001507,train
IMG_001508,val
IMG_001509,val
IMG_001510,val
IMG_001511,train
IMG_001512,train
IMG_001513,train
IMG_001514,val
IMG_001515,train
IMG_001516,val
IMG_001517,train
IMG_001518,val
IMG_001519,test
IMG_001520,train
IMG_001521,test
IMG_001522,train
IMG_001523,val
IMG_001524,val
IMG_001525,val
IMG_001526,train
IMG_001527,val
IMG_001528,train
IMG_001529,val
IMG_001530,val
IMG_001531,val
IMG_001532,val
IMG_001533,val
IMG_001534,train
IMG_001535,train
IMG_001536,test
IMG_001537,val
IMG_001538,train
IMG_001539,test
IMG_001540,train
IMG_001541,train
IMG_001542,train
IMG_001543,train
IMG_001544,val
IMG_001545,val
IMG_001546,train
IMG_001547,val
IMG_001548,val
IMG_001549,train
IMG_001550,train
IMG_001551,test
IMG_001552,val
IMG_001553,test
IMG_001554,val
IMG_001555,val
IMG_001556,val
IMG_001557,val
IMG_001558,train
IMG_001559,train
IMG_001560,val
IMG_001561,val
IMG_001562,train
IMG_001563,train
IMG_001564,val
IMG_001565,val
IMG_001566,train
IMG_001567,train
IMG_001568,test
IMG_001569,val
IMG_001570,train
IMG_001571,train
IMG_001572,val
IMG_001573,val
IMG_001574,train
IMG_001575,val
IMG_001576,val
IMG_001577,test
IMG_001578,val
IMG_001579,val
IMG_001580,test
IMG_001581,train
IMG_001582,val
IMG_001583,test
IMG_001584,val
IMG_001585,val
IMG_001586,val
IMG_001587,test
IMG_001588,val
IMG_001589,test
IMG_001590,train
IMG_001591,train
IMG_001592,train
IMG_001593,train
IMG_001594,test
IMG_001595,val
IMG_001596,val
IMG_001597,val
IMG_001598,test
IMG_001599,test
IMG_001600,test
IMG_001601,val
IMG_001602,val
IMG_001603,test
IMG_001604,train
IMG_001605,val
IMG_001606,val
IMG_001607,val
IMG_001608,train
IMG_001609,train
IMG_001610,val
IMG_001611,val
IMG_001612,val
IMG_001613,train
IMG_001614,test
IMG_001615,val
IMG_001616,train
IMG_001617,val
IMG_001618,train
IMG_001619,test
IMG_001620,val
IMG_001621,train
IMG_001622,val
IMG_001623,train
IMG_001624,val
IMG_001625,train
IMG_001626,test
IMG_001627,val
IMG_001628,train
IMG_001629,val
IMG_001630,val
IMG_001631,train
IMG_001632,test
IMG_001633,train
IMG_001634,val
IMG_001635,test
IMG_001636,train
IMG_001637,train
IMG_001638,val
IMG_001639,train
IMG_001640,test
IMG_001641,val
IMG_001642,test
IMG_001643,val
IMG_001644,test
IMG_001645,train
IMG_001646,test
IMG_001647,train
IMG_001648,test
IMG_001649,train
IMG_001650,val
IMG_001651,test
IMG_001652,val
IMG_001653,val
IMG_001654,test
IMG_001655,val
IMG_001656,val
IMG_001657,val
IMG_001658,val
IMG_001659,val
IMG_001660,val
IMG_001661,val
IMG_001662,val
IMG_001663,val
IMG_001664,train
IMG_001665,test
IMG_001666,train
IMG_001667,test
IMG_001668,train
IMG_001669,train
IMG_001670,train
IMG_001671,test
IMG_001672,train
IMG_001673,train
IMG_001674,val
IMG_001675,val
IMG_001676,test
IMG_001677,train
IMG_001678,train
IMG_001679,val
IMG_001680,train
IMG_001681,test
IMG_001682,test
IMG_001683,val
IMG_001684,val
IMG_001685,test
IMG_001686,test
IMG_001687,val
IMG_001688,val
IMG_001689,val
IMG_001690,val
IMG_001691,val
IMG_001692,train
IMG_001693,train
IMG_001694,val
IMG_001695,test
IMG_001696,val
IMG_001697,train
IMG_001698,train
IMG_001699,val
IMG_001700,train
IMG_001701,test
IMG_001702,train
IMG_001703,train
IMG_001704,val
IMG_001705,test
IMG_001706,train
IMG_001707,val
IMG_001708,val
IMG_001709,val
IMG_001710,test
IMG_001711,train
IMG_001712,test
IMG_001713,test
IMG_001714,val
IMG_001715,train
IMG_001716,val
IMG_001717,test
IMG_001718,train
IMG_001719,train
IMG_001720,train
IMG_001721,val
IMG_001722,val
IMG_001723,val
IMG_001724,train
IMG_001725,train
IMG_001726,test
IMG_001727,train
IMG_001728,train
IMG_001729,val
IMG_001730,test
IMG_001731,train
IMG_001732,test
IMG_001733,train
IMG_001734,test
IMG_001735,val
IMG_001736,train
IMG_001737,train
IMG_001738,val
IMG_001739,val
IMG_001740,val
IMG_001741,train
IMG_001742,val
IMG_001743,train
IMG_001744,train
IMG_001745,val
IMG_001746,val
IMG_001747,val
IMG_001748,val
IMG_001749,val
IMG_001750,val
IMG_001751,val
IMG_001752,test
IMG_001753,val
IMG_001754,test
IMG_001755,test
IMG_001756,train
IMG_001757,test
IMG_001758,train
IMG_001759,train
IMG_001760,val
IMG_001761,val
IMG_001762,val
IMG_001763,val
IMG_001764,train
IMG_001765,val
IMG_001766,test
IMG_001767,test
IMG_001768,train
IMG_001769,test
IMG_001770,val
IMG_001771,val
IMG_001772,val
IMG_001773,val
IMG_001774,train
IMG_001775,val
IMG_001776,train
IMG_001777,val
IMG_001778,test
IMG_001779,train
IMG_001780,val
IMG_001781,train
IMG_001782,val
IMG_001783,train
IMG_001784,test
IMG_001785,val
IMG_001786,test
IMG_001787,test
IMG_001788,val
IMG_001789,train
IMG_001790,test
IMG_001791,val
IMG_001792,val
IMG_001793,val
IMG_001794,val
IMG_001795,val
IMG_001796,val
IMG_001797,val
IMG_001798,val
IMG_001799,val
IMG_001800,train
IMG_001801,train
IMG_001802,train
IMG_001803,val
IMG_001804,train
IMG_001805,val
IMG_001806,val
IMG_001807,train
IMG_001808,train
IMG_001809,val
IMG_001810,val
IMG_001811,train
IMG_001812,test
IMG_001813,val
IMG_001814,test
IMG_001815,val
IMG_001816,train
IMG_001817,train
IMG_001818,train
IMG_001819,test
IMG_001820,train
IMG_001821,val
IMG_001822,val
IMG_001823,test
IMG_001824,val
IMG_001825,val
IMG_001826,test
IMG_001827,test
IMG_001828,val
IMG_001829,train
IMG_001830,val
IMG_001831,train
IMG_001832,val
IMG_001833,test
IMG_001834,test
IMG_001835,val
IMG_001836,val
IMG_001837,train
IMG_001838,val
IMG_001839,val
IMG_001840,val
IMG_001841,train
IMG_001842,val
IMG_001843,test
IMG_001844,val
IMG_001845,test
IMG_001846,test
IMG_001847,train
IMG_001848,val
IMG_001849,val
IMG_001850,train
IMG_001851,test
IMG_001852,val
IMG_001853,val
IMG_001854,val
IMG_001855,val
IMG_001856,val
IMG_001857,train
IMG_001858,train
IMG_001859,val
IMG_001860,train
IMG_001861,train
IMG_001862,test
IMG_001863,train
IMG_001864,train
IMG_001865,val
IMG_001866,train
IMG_001867,test
IMG_001868,val
IMG_001869,train
IMG_001870,val
IMG_001871,train
IMG_001872,val
IMG_001873,train
IMG_001874,train
IMG_001875,train
IMG_001876,train
IMG_001877,test
IMG_001878,train
IMG_001879,test
IMG_001880,train
IMG_001881,val
IMG_001882,train
IMG_001883,val
IMG_001884,val
IMG_001885,val
IMG_001886,train
IMG_001887,test
IMG_001888,train
IMG_001889,val
IMG_001890,test
IMG_001891,test
IMG_001892,train
IMG_001893,train
IMG_001894,val
IMG_001895,test
IMG_001896,val
IMG_001897,train
IMG_001898,train
IMG_001899,train
IMG_001900,test
IMG_001901,train
IMG_001902,train
IMG_001903,test
IMG_001904,val
IMG_001905,val
IMG_001906,val
IMG_001907,train
IMG_001908,test
IMG_001909,test
IMG_001910,test
IMG_001911,train
IMG_001912,val
IMG_001913,test
IMG_001914,test
IMG_001915,test
IMG_001916,val
IMG_001917,train
IMG_001918,train
IMG_001919,train
IMG_001920,train
IMG_001921,test
IMG_001922,val
IMG_001923,test
IMG_001924,train
IMG_001925,test
IMG_001926,test
IMG_001927,val
IMG_001928,test
IMG_001929,train
IMG_001930,val
IMG_001931,train
IMG_001932,val
IMG_001933,val
IMG_001934,val
IMG_001935,train
IMG_001936,test
IMG_001937,val
IMG_001938,test
IMG_001939,val
IMG_001940,val
IMG_001941,test
IMG_001942,test
IMG_001943,val
IMG_001944,train
IMG_001945,train
IMG_001946,train
IMG_001947,val
IMG_001948,val
IMG_001949,test
IMG_001950,train
IMG_001951,train
IMG_001952,val
IMG_001953,train
IMG_001954,val
IMG_001955,test
IMG_001956,val
IMG_001957,train
IMG_001958,val
IMG_001959,val
IMG_001960,test
IMG_001961,train
IMG_001962,train
IMG_001963,test
IMG_001964,train
IMG_001965,test
IMG_001966,val
IMG_001967,train
IMG_001968,val
IMG_001969,val
IMG_001970,train
IMG_001971,val
IMG_001972,val
IMG_001973,val
IMG_001974,val
IMG_001975,val
IMG_001976,train
IMG_001977,val
IMG_001978,test
IMG_001979,train
IMG_001980,val
IMG_001981,train
IMG_001982,test
IMG_001983,val
IMG_001984,test
IMG_001985,val
IMG_001986,val
IMG_001987,test
IMG_001988,test
IMG_001989,test
IMG_001990,val
IMG_001991,val
IMG_001992,test
IMG_001993,test
IMG_001994,val
IMG_001995,val
IMG_001996,train
IMG_001997,val
IMG_001998,train
IMG_001999,train
IMG_002000,val
IMG_002001,test
IMG_002002,val
IMG_002003,test
IMG_002004,val
IMG_002005,val
IMG_002006,test
IMG_002007,train
IMG_002008,val
IMG_002009,train
IMG_002010,test
IMG_002011,val
IMG_002012,val
IMG_002013,val
IMG_002014,val
IMG_002015,val
IMG_002016,train
IMG_002017,test
IMG_002018,train
IMG_002019,val
IMG_002020,val
IMG_002021,train
IMG_002022,test
IMG_002023,train
IMG_002024,val
IMG_002025,val
IMG_002026,test
IMG_002027,test
IMG_002028,val
IMG_002029,train
IMG_002030,train
IMG_002031,val
IMG_002032,val
IMG_002033,train
IMG_002034,train
IMG_002035,test
IMG_002036,train
IMG_002037,train
IMG_002038,train
IMG_002039,test
IMG_002040,val
IMG_002041,test
IMG_002042,test
IMG_002043,train
IMG_002044,val
IMG_002045,val
IMG_002046,val
IMG_002047,train
IMG_002048,val
IMG_002049,test
IMG_002050,test
IMG_002051,val
IMG_002052,test
IMG_002053,val
IMG_002054,val
IMG_002055,val
IMG_002056,train
IMG_002057,train
IMG_002058,train
IMG_002059,train
IMG_002060,test
IMG_002061,val
IMG_002062,test
IMG_002063,val
IMG_002064,val
IMG_002065,train
IMG_002066,train
IMG_002067,val
IMG_002068,val
IMG_002069,val
IMG_002070,train
IMG_002071,val
IMG_002072,test
IMG_002073,train
IMG_002074,test
IMG_002075,val
IMG_002076,train
IMG_002077,val
IMG_002078,test
IMG_002079,train
IMG_002080,test
IMG_002081,test
IMG_002082,train
IMG_002083,test
IMG_002084,val
IMG_002085,test
IMG_002086,test
IMG_002087,val
IMG_002088,test
IMG_002089,val
IMG_002090,val
IMG_002091,train
IMG_002092,train
IMG_002093,test
IMG_002094,test
IMG_002095,test
IMG_002096,train
IMG_002097,val
IMG_002098,test
IMG_002099,train
IMG_002100,train
IMG_002101,val
IMG_002102,val
IMG_002103,train
IMG_002104,val
IMG_002105,train
IMG_002106,val
IMG_002107,val
IMG_002108,val
IMG_002109,val
IMG_002110,train
IMG_002111,train
IMG_002112,test
IMG_002113,train
IMG_002114,train
IMG_002115,test
IMG_002116,train
IMG_002117,train
IMG_002118,val
IMG_002119,val
IMG_002120,val
IMG_002121,val
IMG_002122,train
IMG_002123,val
IMG_002124,train
IMG_002125,test
IMG_002126,val
IMG_002127,val
IMG_002128,train
IMG_002129,val
IMG_002130,test
IMG_002131,val
IMG_002132,train
IMG_002133,val
IMG_002134,val
IMG_002135,train
IMG_002136,train
IMG_002137,train
IMG_002138,val
IMG_002139,train
IMG_002140,train
IMG_002141,val
IMG_002142,test
IMG_002143,train
IMG_002144,test
IMG_002145,val
IMG_002146,val
IMG_002147,train
IMG_002148,test
IMG_002149,val
IMG_002150,train
IMG_002151,val
IMG_002152,test
IMG_002153,val
IMG_002154,train
IMG_002155,train
IMG_002156,val
IMG_002157,train
IMG_002158,test
IMG_002159,val
IMG_002160,test
IMG_002161,val
IMG_002162,val
IMG_002163,val
IMG_002164,test
IMG_002165,val
IMG_002166,val
IMG_002167,val
IMG_002168,test
IMG_002169,test
IMG_002170,val
IMG_002171,test
IMG_002172,train
IMG_002173,test
IMG_002174,val
IMG_002175,test
IMG_002176,val
IMG_002177,test
IMG_002178,test
IMG_002179,val
IMG_002180,val
IMG_002181,test
IMG_002182,train
IMG_002183,train
IMG_002184,val
IMG_002185,train
IMG_002186,train
IMG_002187,val
IMG_002188,train
IMG_002189,val
IMG_002190,val
IMG_002191,train
IMG_002192,val
IMG_002193,test
IMG_002194,val
IMG_002195,train
IMG_002196,test
IMG_002197,train
IMG_002198,val
IMG_002199,train
IMG_002200,test
IMG_002201,test
IMG_002202,val
IMG_002203,val
IMG_002204,train
IMG_002205,train
IMG_002206,test
IMG_002207,val
IMG_002208,test
IMG_002209,val
IMG_002210,train
IMG_002211,train
IMG_002212,test
IMG_002213,train
IMG_002214,test
IMG_002215,val
IMG_002216,test
IMG_002217,val
IMG_002218,val
IMG_002219,val
IMG_002220,val
IMG_002221,val
IMG_002222,val
IMG_002223,train
IMG_002224,train
IMG_002225,train
IMG_002226,val
IMG_002227,val
IMG_002228,train
IMG_002229,val
IMG_002230,test
IMG_002231,val
IMG_002232,val
IMG_002233,val
IMG_002234,train
IMG_002235,train
IMG_002236,train
IMG_002237,val
IMG_002238,val
IMG_002239,train
IMG_002240,train
IMG_002241,test
IMG_002242,test
IMG_002243,train
IMG_002244,val
IMG_002245,test
IMG_002246,val
IMG_002247,train
IMG_002248,train
IMG_002249,train
IMG_002250,train
IMG_002251,val
IMG_002252,val
IMG_002253,train
IMG_002254,train
IMG_002255,val
IMG_002256,train
IMG_002257,val
IMG_002258,test
IMG_002259,test
IMG_002260,train
IMG_002261,val
IMG_002262,val
IMG_002263,test
IMG_002264,val
IMG_002265,val
IMG_002266,train
IMG_002267,val
IMG_002268,test
IMG_002269,train
IMG_002270,train
IMG_002271,test
IMG_002272,val
IMG_002273,test
IMG_002274,test
IMG_002275,val
IMG_002276,test
IMG_002277,test
IMG_002278,val
IMG_002279,val
IMG_002280,test
IMG_002281,test
IMG_002282,train
IMG_002283,train
IMG_002284,test
IMG_002285,train
IMG_002286,train
IMG_002287,test
IMG_002288,train
IMG_002289,val
IMG_002290,test
IMG_002291,val
IMG_002292,train
IMG_002293,train
IMG_002294,val
IMG_002295,test
IMG_002296,val
IMG_002297,test
IMG_002298,train
IMG_002299,test
IMG_002300,val
IMG_002301,val
IMG_002302,test
IMG_002303,train
IMG_002304,test
IMG_002305,val
IMG_002306,val
IMG_002307,test
IMG_002308,test
IMG_002309,val
IMG_002310,train
IMG_002311,test
IMG_002312,train
IMG_002313,val
IMG_002314,train
IMG_002315,test
IMG_002316,test
IMG_002317,val
IMG_002318,val
IMG_002319,val
IMG_002320,test
IMG_002321,test
IMG_002322,train
IMG_002323,val
IMG_002324,val
IMG_002325,train
IMG_002326,val
IMG_002327,train
IMG_002328,val
IMG_002329,test
IMG_002330,val
IMG_002331,test
IMG_002332,val
IMG_002333,train
IMG_002334,test
IMG_002335,train
IMG_002336,train
IMG_002337,test
IMG_002338,val
IMG_002339,test
IMG_002340,train
IMG_002341,test
IMG_002342,test
IMG_002343,train
IMG_002344,train
IMG_002345,train
IMG_002346,val
IMG_002347,val
IMG_002348,test
IMG_002349,val
IMG_002350,test
IMG_002351,train
IMG_002352,train
IMG_002353,val
IMG_002354,val
IMG_002355,train
IMG_002356,test
IMG_002357,val
IMG_002358,val
IMG_002359,val
IMG_002360,train
IMG_002361,test
IMG_002362,val
IMG_002363,train
IMG_002364,val
IMG_002365,train
IMG_002366,train
IMG_002367,train
IMG_002368,test
IMG_002369,test
IMG_002370,test
IMG_002371,train
IMG_002372,val
IMG_002373,test
IMG_002374,val
IMG_002375,val
IMG_002376,test
IMG_002377,train
IMG_002378,val
IMG_002379,val
IMG_002380,train
IMG_002381,test
IMG_002382,test
IMG_002383,val
IMG_002384,train
IMG_002385,test
IMG_002386,val
IMG_002387,val
IMG_002388,train
IMG_002389,train
IMG_002390,train
IMG_002391,train
IMG_002392,val
IMG_002393,val
IMG_002394,val
IMG_002395,test
IMG_002396,train
IMG_002397,train
IMG_002398,train
IMG_002399,train
IMG_002400,test
IMG_002401,train
IMG_002402,train
IMG_002403,val
IMG_002404,val
IMG_002405,val
IMG_002406,test
IMG_002407,val
IMG_002408,val
IMG_002409,test
IMG_002410,val
IMG_002411,train
IMG_002412,test
IMG_002413,val
IMG_002414,val
IMG_002415,test
IMG_002416,val
IMG_002417,test
IMG_002418,train
IMG_002419,train
IMG_002420,val
IMG_002421,val
IMG_002422,val
IMG_002423,test
IMG_002424,test
IMG_002425,test
IMG_002426,test
IMG_002427,test
IMG_002428,test
IMG_002429,train
IMG_002430,val
IMG_002431,train
IMG_002432,train
IMG_002433,val
IMG_002434,test
IMG_002435,train
IMG_002436,train
IMG_002437,val
IMG_002438,test
IMG_002439,val
IMG_002440,test
IMG_002441,train
IMG_002442,val
IMG_002443,val
IMG_002444,val
IMG_002445,test
IMG_002446,test
IMG_002447,test
IMG_002448,val
IMG_002449,train
IMG_002450,train
IMG_002451,train
IMG_002452,val
IMG_002453,val
IMG_002454,train
IMG_002455,test
IMG_002456,val
IMG_002457,val
IMG_002458,val
IMG_002459,train
IMG_002460,val
IMG_002461,val
IMG_002462,val
IMG_002463,test
IMG_002464,train
IMG_002465,val
IMG_002466,train
IMG_002467,val
IMG_002468,val
IMG_002469,train
IMG_002470,val
IMG_002471,test
IMG_002472,train
IMG_002473,test
IMG_002474,val
IMG_002475,train
IMG_002476,test
IMG_002477,val
IMG_002478,train
IMG_002479,train
IMG_002480,test
IMG_002481,train
IMG_002482,val
IMG_002483,val
IMG_002484,test
IMG_002485,test
IMG_002486,val
IMG_002487,train
IMG_002488,test
IMG_002489,test
IMG_002490,train
IMG_002491,val
IMG_002492,train
IMG_002493,train
IMG_002494,train
IMG_002495,train
IMG_002496,test
IMG_002497,test
IMG_002498,test
IMG_002499,train
IMG_002500,val
IMG_002501,val
IMG_002502,val
IMG_002503,val
IMG_002504,val
IMG_002505,train
IMG_002506,train
IMG_002507,val
IMG_002508,val
IMG_002509,val
IMG_002510,val
IMG_002511,val
IMG_002512,val
IMG_002513,val
IMG_002514,train
IMG_002515,train
IMG_002516,val
IMG_002517,test
IMG_002518,train
IMG_002519,val
IMG_002520,test
IMG_002521,val
IMG_002522,val
IMG_002523,train
IMG_002524,train
IMG_002525,val
IMG_002526,test
IMG_002527,train
IMG_002528,val
IMG_002529,test
IMG_002530,test
IMG_002531,train
IMG_002532,val
IMG_002533,val
IMG_002534,val
IMG_002535,train
IMG_002536,val
IMG_002537,val
IMG_002538,val
IMG_002539,test
IMG_002540,train
IMG_002541,train
IMG_002542,val
IMG_002543,val
IMG_002544,val
IMG_002545,val
IMG_002546,val
IMG_002547,train
IMG_002548,val
IMG_002549,train
IMG_002550,val
IMG_002551,val
IMG_002552,val
IMG_002553,val
IMG_002554,val
IMG_002555,train
IMG_002556,val
IMG_002557,val
IMG_002558,train
IMG_002559,val
IMG_002560,test
IMG_002561,val
IMG_002562,test
IMG_002563,val
IMG_002564,test
IMG_002565,val
IMG_002566,test
IMG_002567,val
IMG_002568,val
IMG_002569,test
IMG_002570,val
IMG_002571,test
IMG_002572,val
IMG_002573,train
IMG_002574,val
IMG_002575,train
IMG_002576,val
IMG_002577,test
IMG_002578,val
IMG_002579,val
IMG_002580,test
IMG_002581,test
IMG_002582,test
IMG_002583,val
IMG_002584,val
IMG_002585,val
IMG_002586,train
IMG_002587,train
IMG_002588,val
IMG_002589,val
IMG_002590,test
IMG_002591,test
IMG_002592,test
IMG_002593,test
IMG_002594,val
IMG_002595,test
IMG_002596,test
IMG_002597,val
IMG_002598,train
IMG_002599,train
IMG_002600,val
IMG_002601,val
IMG_002602,val
IMG_002603,test
IMG_002604,test
IMG_002605,val
IMG_002606,train
IMG_002607,val
IMG_002608,val
IMG_002609,test
IMG_002610,val
IMG_002611,val
IMG_002612,val
IMG_002613,train
IMG_002614,val
IMG_002615,val
IMG_002616,val
IMG_002617,test
IMG_002618,val
IMG_002619,test
IMG_002620,train
IMG_002621,train
IMG_002622,val
IMG_002623,test
IMG_002624,val
IMG_002625,val
IMG_002626,val
IMG_002627,test
IMG_002628,val
IMG_002629,train
IMG_002630,test
IMG_002631,train
IMG_002632,val
IMG_002633,val
IMG_002634,val
IMG_002635,val
IMG_002636,val
IMG_002637,train
IMG_002638,train
IMG_002639,train
IMG_002640,test
IMG_002641,train
IMG_002642,test
IMG_002643,val
IMG_002644,train
IMG_002645,val
IMG_002646,test
IMG_002647,train
IMG_002648,test
IMG_002649,train
IMG_002650,val
IMG_002651,val
IMG_002652,val
IMG_002653,val
IMG_002654,val
IMG_002655,train
IMG_002656,train
IMG_002657,val
IMG_002658,train
IMG_002659,test
IMG_002660,test
IMG_002661,val
IMG_002662,test
IMG_002663,val
IMG_002664,test
IMG_002665,train
IMG_002666,train
IMG_002667,val
IMG_002668,val
IMG_002669,train
IMG_002670,train
IMG_002671,val
IMG_002672,val
IMG_002673,val
IMG_002674,val
IMG_002675,train
IMG_002676,val
IMG_002677,val
IMG_002678,val
IMG_002679,val
IMG_002680,test
IMG_002681,val
IMG_002682,val
IMG_002683,val
IMG_002684,val
IMG_002685,train
IMG_002686,val
IMG_002687,val
IMG_002688,val
IMG_002689,val
IMG_002690,train
IMG_002691,train
IMG_002692,val
IMG_002693,val
IMG_002694,val
IMG_002695,val
IMG_002696,test
IMG_002697,train
IMG_002698,test
IMG_002699,train
IMG_002700,train
IMG_002701,train
IMG_002702,val
IMG_002703,val
IMG_002704,test
IMG_002705,test
IMG_002706,val
IMG_002707,train
IMG_002708,train
IMG_002709,test
IMG_002710,test
IMG_002711,test
IMG_002712,test
IMG_002713,train
IMG_002714,train
IMG_002715,val
IMG_002716,train
IMG_002717,train
IMG_002718,val
IMG_002719,val
IMG_002720,val
IMG_002721,val
IMG_002722,val
IMG_002723,val
IMG_002724,test
IMG_002725,val
IMG_002726,test
IMG_002727,test
IMG_002728,train
IMG_002729,test
IMG_002730,val
IMG_002731,train
IMG_002732,train
IMG_002733,train
IMG_002734,val
IMG_002735,val
IMG_002736,test
IMG_002737,test
IMG_002738,train
IMG_002739,val
IMG_002740,val
IMG_002741,val
IMG_002742,val
IMG_002743,test
IMG_002744,test
IMG_002745,val
IMG_002746,test
IMG_002747,val
IMG_002748,val
IMG_002749,val
IMG_002750,train
IMG_002751,test
IMG_002752,val
IMG_002753,val
IMG_002754,train
IMG_002755,val
IMG_002756,train
IMG_002757,test
IMG_002758,train
IMG_002759,train
IMG_002760,train
IMG_002761,test
IMG_002762,val
IMG_002763,test
IMG_002764,test
IMG_002765,val
IMG_002766,val
IMG_002767,val
IMG_002768,test
IMG_002769,train
IMG_002770,val
IMG_002771,val
IMG_002772,test
IMG_002773,train
IMG_002774,train
IMG_002775,val
IMG_002776,test
IMG_002777,test
IMG_002778,val
IMG_002779,val
IMG_002780,val
IMG_002781,val
IMG_002782,val
IMG_002783,val
IMG_002784,val
IMG_002785,val
IMG_002786,test
IMG_002787,val
IMG_002788,val
IMG_002789,val
IMG_002790,train
IMG_002791,test
IMG_002792,train
IMG_002793,val
IMG_002794,val
IMG_002795,train
IMG_002796,train
IMG_002797,test
IMG_002798,val
IMG_002799,train
IMG_002800,train
IMG_002801,test
IMG_002802,train
IMG_002803,val
IMG_002804,val
IMG_002805,test
IMG_002806,train
IMG_002807,test
IMG_002808,train
IMG_002809,val
IMG_002810,test
IMG_002811,train
IMG_002812,val
IMG_002813,val
IMG_002814,val
IMG_002815,test
IMG_002816,train
IMG_002817,train
IMG_002818,val
IMG_002819,val
IMG_002820,val
IMG_002821,val
IMG_002822,train
IMG_002823,val
IMG_002824,val
IMG_002825,val
IMG_002826,test
IMG_002827,val
IMG_002828,train
IMG_002829,train
IMG_002830,val
IMG_002831,test
IMG_002832,train
IMG_002833,train
IMG_002834,test
IMG_002835,test
IMG_002836,train
IMG_002837,val
IMG_002838,val
IMG_002839,train
IMG_002840,train
IMG_002841,test
IMG_002842,val
IMG_002843,val
IMG_002844,val
IMG_002845,test
IMG_002846,test
IMG_002847,test
IMG_002848,val
IMG_002849,train
IMG_002850,val
IMG_002851,train
IMG_002852,val
IMG_002853,train
IMG_002854,test
IMG_002855,val
IMG_002856,train
IMG_002857,test
IMG_002858,val
IMG_002859,val
IMG_002860,test
IMG_002861,test
IMG_002862,val
IMG_002863,train
IMG_002864,val
IMG_002865,train
IMG_002866,test
IMG_002867,train
IMG_002868,val
IMG_002869,test
IMG_002870,train
IMG_002871,train
IMG_002872,val
IMG_002873,test
IMG_002874,train
IMG_002875,val
IMG_002876,val
IMG_002877,val
IMG_002878,train
IMG_002879,val
IMG_002880,val
IMG_002881,val
IMG_002882,val
IMG_002883,val
IMG_002884,train
IMG_002885,val
IMG_002886,test
IMG_002887,train
IMG_002888,val
IMG_002889,val
IMG_002890,val
IMG_002891,train
IMG_002892,test
IMG_002893,train
IMG_002894,val
IMG_002895,train
IMG_002896,val
IMG_002897,val
IMG_002898,train
IMG_002899,val
IMG_002900,train
IMG_002901,val
IMG_002902,test
IMG_002903,train
IMG_002904,train
IMG_002905,val
IMG_002906,test
IMG_002907,test
IMG_002908,train
IMG_002909,val
IMG_002910,val
IMG_002911,train
IMG_002912,test
IMG_002913,test
IMG_002914,train
IMG_002915,val
IMG_002916,val
IMG_002917,test
IMG_002918,val
IMG_002919,val
IMG_002920,test
IMG_002921,train
IMG_002922,train
IMG_002923,train
IMG_002924,val
IMG_002925,val
IMG_002926,train
IMG_002927,train
IMG_002928,train
IMG_002929,val
IMG_002930,test
IMG_002931,val
IMG_002932,test
IMG_002933,train
IMG_002934,val
IMG_002935,test
IMG_002936,train
IMG_002937,val
IMG_002938,val
IMG_002939,train
IMG_002940,val
IMG_002941,test
IMG_002942,train
IMG_002943,train
IMG_002944,val
IMG_002945,train
IMG_002946,val
IMG_002947,train
IMG_002948,test
IMG_002949,val
IMG_002950,train
IMG_002951,val
IMG_002952,val
IMG_002953,val
IMG_002954,train
IMG_002955,val
IMG_002956,test
IMG_002957,test
IMG_002958,train
IMG_002959,test
IMG_002960,val
IMG_002961,train
IMG_002962,val
IMG_002963,val
IMG_002964,train
IMG_002965,val
IMG_002966,val
IMG_002967,train
IMG_002968,val
IMG_002969,val
IMG_002970,train
IMG_002971,train
IMG_002972,test
IMG_002973,val
IMG_002974,val
IMG_002975,test
IMG_002976,train
IMG_002977,val
IMG_002978,train
IMG_002979,test
IMG_002980,train
IMG_002981,train
IMG_002982,val
IMG_002983,val
IMG_002984,train
IMG_002985,train
IMG_002986,test
IMG_002987,val
IMG_002988,test
IMG_002989,train
IMG_002990,test
IMG_002991,val
IMG_002992,train
IMG_002993,val
IMG_002994,val
IMG_002995,val
IMG_002996,val
IMG_002997,test
IMG_002998,test
IMG_002999,val
IMG_003000,train
IMG_003001,train
IMG_003002,test
IMG_003003,val
IMG_003004,train
IMG_003005,val
IMG_003006,train
IMG_003007,test
IMG_003008,test
IMG_003009,val
IMG_003010,train
IMG_003011,val
IMG_003012,test
IMG_003013,val
IMG_003014,train
IMG_003015,val
IMG_003016,train
IMG_003017,test
IMG_003018,test
IMG_003019,val
IMG_003020,train
IMG_003021,val
IMG_003022,train
IMG_003023,train
IMG_003024,val
IMG_003025,test
IMG_003026,val
IMG_003027,train
IMG_003028,train
IMG_003029,val
IMG_003030,val
IMG_003031,test
IMG_003032,test
IMG_003033,test
IMG_003034,train
IMG_003035,train
IMG_003036,val
IMG_003037,train
IMG_003038,test
IMG_003039,train
IMG_003040,test
IMG_003041,train
IMG_003042,val
IMG_003043,train
IMG_003044,test
IMG_003045,test
IMG_003046,val
IMG_003047,test
IMG_003048,train
IMG_003049,train
IMG_003050,train
IMG_003051,train
IMG_003052,val
IMG_003053,val
IMG_003054,val
IMG_003055,val
IMG_003056,test
IMG_003057,train
IMG_003058,train
IMG_003059,test
IMG_003060,val
IMG_003061,train
IMG_003062,test
IMG_003063,test
IMG_003064,test
IMG_003065,val
IMG_003066,train
IMG_003067,train
IMG_003068,test
IMG_003069,val
IMG_003070,val
IMG_003071,val
IMG_003072,val
IMG_003073,test
IMG_003074,test
IMG_003075,train
IMG_003076,val
IMG_003077,val
IMG_003078,test
IMG_003079,train
IMG_003080,val
IMG_003081,train
IMG_003082,train
IMG_003083,val
IMG_003084,test
IMG_003085,val
IMG_003086,val
IMG_003087,test
IMG_003088,train
IMG_003089,train
IMG_003090,test
IMG_003091,test
IMG_003092,val
IMG_003093,test
IMG_003094,train
IMG_003095,train
IMG_003096,val
IMG_003097,val
IMG_003098,val
IMG_003099,train
IMG_003100,val
IMG_003101,train
IMG_003102,test
IMG_003103,test
IMG_003104,val
IMG_003105,train
IMG_003106,test
IMG_003107,train
IMG_003108,train
IMG_003109,val
IMG_003110,val
IMG_003111,val
IMG_003112,val
IMG_003113,val
IMG_003114,train
IMG_003115,val
IMG_003116,val
IMG_003117,train
IMG_003118,test
IMG_003119,val
IMG_003120,val
IMG_003121,val
IMG_003122,test
IMG_003123,train
IMG_003124,val
IMG_003125,train
IMG_003126,train
IMG_003127,test
IMG_003128,train
IMG_003129,train
IMG_003130,val
IMG_003131,val
IMG_003132,test
IMG_003133,val
IMG_003134,train
IMG_003135,val
IMG_003136,train
IMG_003137,train
IMG_003138,test
IMG_003139,val
IMG_003140,test
IMG_003141,val
IMG_003142,train
IMG_003143,val
IMG_003144,val
IMG_003145,train
IMG_003146,train
IMG_003147,val
IMG_003148,train
IMG_003149,test
IMG_003150,test
IMG_003151,train
IMG_003152,test
IMG_003153,test
IMG_003154,val
IMG_003155,test
IMG_003156,train
IMG_003157,val
IMG_003158,train
IMG_003159,train
IMG_003160,val
IMG_003161,val
IMG_003162,test
IMG_003163,test
IMG_003164,train
IMG_003165,test
IMG_003166,val
IMG_003167,test
IMG_003168,val
IMG_003169,test
IMG_003170,val
IMG_003171,val
IMG_003172,val
IMG_003173,train
IMG_003174,train
IMG_003175,val
IMG_003176,train
IMG_003177,val
IMG_003178,train
IMG_003179,val
IMG_003180,train
IMG_003181,val
IMG_003182,val
IMG_003183,train
IMG_003184,val
IMG_003185,train
IMG_003186,train
IMG_003187,test
IMG_003188,val
IMG_003189,train
IMG_003190,val
IMG_003191,train
IMG_003192,train
IMG_003193,val
IMG_003194,val
IMG_003195,val
IMG_003196,train
IMG_003197,test
IMG_003198,train
IMG_003199,train
IMG_003200,train
IMG_003201,val
IMG_003202,train
IMG_003203,train
IMG_003204,train
IMG_003205,val
IMG_003206,val
IMG_003207,train
IMG_003208,val
IMG_003209,test
IMG_003210,train
IMG_003211,val
IMG_003212,train
IMG_003213,test
IMG_003214,val
IMG_003215,val
IMG_003216,train
IMG_003217,train
IMG_003218,train
IMG_003219,test
IMG_003220,val
IMG_003221,test
IMG_003222,val
IMG_003223,val
IMG_003224,test
IMG_003225,val
IMG_003226,train
IMG_003227,train
IMG_003228,val
IMG_003229,val
IMG_003230,train
IMG_003231,train
IMG_003232,train
IMG_003233,test
IMG_003234,val
IMG_003235,val
IMG_003236,train
IMG_003237,train
IMG_003238,val
IMG_003239,test
IMG_003240,val
IMG_003241,train
IMG_003242,val
IMG_003243,val
IMG_003244,train
IMG_003245,val
IMG_003246,val
IMG_003247,train
IMG_003248,train
IMG_003249,val
IMG_003250,val
IMG_003251,train
IMG_003252,val
IMG_003253,test
IMG_003254,train
IMG_003255,train
IMG_003256,train
IMG_003257,train
IMG_003258,val
IMG_003259,val
IMG_003260,val
IMG_003261,val
IMG_003262,test
IMG_003263,train
IMG_003264,test
IMG_003265,test
IMG_003266,val
IMG_003267,train
IMG_003268,val
IMG_003269,val
IMG_003270,val
IMG_003271,val
IMG_003272,test
IMG_003273,train
IMG_003274,train
IMG_003275,val
IMG_003276,test
IMG_003277,train
IMG_003278,test
IMG_003279,test
IMG_003280,train
IMG_003281,test
IMG_003282,train
IMG_003283,train
IMG_003284,test
IMG_003285,train
IMG_003286,train
IMG_003287,val
IMG_003288,val
IMG_003289,val
IMG_003290,train
IMG_003291,val
IMG_003292,test
IMG_003293,train
IMG_003294,test
IMG_003295,val
IMG_003296,val
IMG_003297,val
IMG_003298,test
IMG_003299,val
IMG_003300,train
IMG_003301,test
IMG_003302,test
IMG_003303,val
IMG_003304,val
IMG_003305,train
IMG_003306,val
IMG_003307,val
IMG_003308,test
IMG_003309,val
IMG_003310,train
IMG_003311,val
IMG_003312,train
IMG_003313,val
IMG_003314,test
IMG_003315,train
IMG_003316,val
IMG_003317,val
IMG_003318,val
IMG_003319,test
IMG_003320,test
IMG_003321,val
IMG_003322,train
IMG_003323,train
IMG_003324,val
IMG_003325,test
IMG_003326,test
IMG_003327,val
IMG_003328,train
IMG_003329,train
IMG_003330,train
IMG_003331,test
IMG_003332,val
IMG_003333,test
IMG_003334,val
IMG_003335,val
IMG_003336,val
IMG_003337,test
IMG_003338,val
IMG_003339,train
IMG_003340,val
IMG_003341,test
IMG_003342,train
IMG_003343,test
IMG_003344,val
IMG_003345,val
IMG_003346,train
IMG_003347,train
IMG_003348,train
IMG_003349,val
IMG_003350,train
IMG_003351,val
IMG_003352,val
IMG_003353,val
IMG_003354,val
IMG_003355,val
IMG_003356,val
IMG_003357,train
IMG_003358,train
IMG_003359,train
IMG_003360,train
IMG_003361,train
IMG_003362,val
IMG_003363,test
IMG_003364,val
IMG_003365,test
IMG_003366,val
IMG_003367,val
IMG_003368,val
IMG_003369,train
IMG_003370,val
IMG_003371,train
IMG_003372,train
IMG_003373,val
IMG_003374,val
IMG_003375,train
IMG_003376,train
IMG_003377,val
IMG_003378,train
IMG_003379,val
IMG_003380,val
IMG_003381,train
IMG_003382,val
IMG_003383,val
IMG_003384,train
IMG_003385,test
IMG_003386,test
IMG_003387,test
IMG_003388,val
IMG_003389,test
IMG_003390,train
IMG_003391,val
IMG_003392,train
IMG_003393,val
IMG_003394,val
IMG_003395,test
IMG_003396,test
IMG_003397,test
IMG_003398,val
IMG_003399,val
IMG_003400,train
IMG_003401,test
IMG_003402,test
IMG_003403,val
IMG_003404,test
IMG_003405,val
IMG_003406,val
IMG_003407,val
IMG_003408,val
IMG_003409,train
IMG_003410,train
IMG_003411,train
IMG_003412,val
IMG_003413,val
IMG_003414,test
IMG_003415,val
IMG_003416,test
IMG_003417,train
IMG_003418,test
IMG_003419,train
IMG_003420,val
IMG_003421,train
IMG_003422,train
IMG_003423,val
IMG_003424,val
IMG_003425,test
IMG_003426,train
IMG_003427,train
IMG_003428,test
IMG_003429,val
IMG_003430,train
IMG_003431,val
IMG_003432,test
IMG_003433,val
IMG_003434,val
IMG_003435,train
IMG_003436,train
IMG_003437,val
IMG_003438,val
IMG_003439,test
IMG_003440,val
IMG_003441,train
IMG_003442,test
IMG_003443,train
IMG_003444,val
IMG_003445,test
IMG_003446,test
IMG_003447,train
IMG_003448,test
IMG_003449,train
IMG_003450,train
IMG_003451,train
IMG_003452,val
IMG_003453,val
IMG_003454,test
IMG_003455,test
IMG_003456,test
IMG_003457,val
IMG_003458,train
IMG_003459,val
IMG_003460,train
IMG_003461,val
IMG_003462,test
IMG_003463,train
IMG_003464,val
IMG_003465,test
IMG_003466,test
IMG_003467,val
IMG_003468,test
IMG_003469,test
IMG_003470,test
IMG_003471,val
IMG_003472,test
IMG_003473,val
IMG_003474,test
IMG_003475,test
IMG_003476,train
IMG_003477,test
IMG_003478,val
IMG_003479,test
IMG_003480,train
IMG_003481,train
IMG_003482,train
IMG_003483,test
IMG_003484,val
IMG_003485,val
IMG_003486,val
IMG_003487,train
IMG_003488,test
IMG_003489,train
IMG_003490,test
IMG_003491,val
IMG_003492,train
IMG_003493,train
IMG_003494,test
IMG_003495,val
IMG_003496,val
IMG_003497,val
IMG_003498,val
IMG_003499,train
IMG_003500,val
IMG_003501,val
IMG_003502,val
IMG_003503,train
IMG_003504,val
IMG_003505,train
IMG_003506,val
IMG_003507,train
IMG_003508,val
IMG_003509,train
IMG_003510,train
IMG_003511,val
IMG_003512,train
IMG_003513,test
IMG_003514,test
IMG_003515,val
IMG_003516,val
IMG_003517,test
IMG_003518,test
IMG_003519,test
IMG_003520,val
IMG_003521,val
IMG_003522,val
IMG_003523,test
IMG_003524,val
IMG_003525,train
IMG_003526,val
IMG_003527,val
IMG_003528,train
IMG_003529,train
IMG_003530,train
IMG_003531,train
IMG_003532,val
IMG_003533,train
IMG_003534,train
IMG_003535,val
IMG_003536,train
IMG_003537,val
IMG_003538,val
IMG_003539,test
IMG_003540,train
IMG_003541,val
IMG_003542,train
IMG_003543,val
IMG_003544,val
IMG_003545,val
IMG_003546,train
IMG_003547,train
IMG_003548,train
IMG_003549,test
IMG_003550,train
IMG_003551,val
IMG_003552,val
IMG_003553,train
IMG_003554,val
IMG_003555,train
IMG_003556,train
IMG_003557,test
IMG_003558,val
IMG_003559,train
IMG_003560,val
IMG_003561,train
IMG_003562,val
IMG_003563,train
IMG_003564,test
IMG_003565,val
IMG_003566,test
IMG_003567,test
IMG_003568,train
IMG_003569,val
IMG_003570,val
IMG_003571,val
IMG_003572,test
IMG_003573,test
IMG_003574,test
IMG_003575,val
IMG_003576,val
IMG_003577,val
IMG_003578,test
IMG_003579,val
IMG_003580,val
IMG_003581,val
IMG_003582,train
IMG_003583,train
IMG_003584,train
IMG_003585,val
IMG_003586,test
IMG_003587,val
IMG_003588,train
IMG_003589,val
IMG_003590,val
IMG_003591,val
IMG_003592,test
IMG_003593,test
IMG_003594,test
IMG_003595,test
IMG_003596,val
IMG_003597,test
IMG_003598,test
IMG_003599,train
IMG_003600,val
IMG_003601,train
IMG_003602,test
IMG_003603,test
IMG_003604,val
IMG_003605,val
IMG_003606,val
IMG_003607,test
IMG_003608,train
IMG_003609,test
IMG_003610,val
IMG_003611,train
IMG_003612,test
IMG_003613,train
IMG_003614,test
IMG_003615,val
IMG_003616,test
IMG_003617,test
IMG_003618,val
IMG_003619,val
IMG_003620,train
IMG_003621,val
IMG_003622,train
IMG_003623,val
IMG_003624,test
IMG_003625,test
IMG_003626,val
IMG_003627,train
IMG_003628,test
IMG_003629,test
IMG_003630,val
IMG_003631,train
IMG_003632,val
IMG_003633,train
IMG_003634,train
IMG_003635,train
IMG_003636,train
IMG_003637,test
IMG_003638,test
IMG_003639,val
IMG_003640,test
IMG_003641,train
IMG_003642,train
IMG_003643,val
IMG_003644,test
IMG_003645,val
IMG_003646,train
IMG_003647,train
IMG_003648,test
IMG_003649,train
IMG_003650,val
IMG_003651,test
IMG_003652,val
IMG_003653,train
IMG_003654,val
IMG_003655,val
IMG_003656,val
IMG_003657,train
IMG_003658,train
IMG_003659,test
IMG_003660,val
IMG_003661,train
IMG_003662,val
IMG_003663,val
IMG_003664,train
IMG_003665,test
IMG_003666,val
IMG_003667,test
IMG_003668,train
IMG_003669,test
IMG_003670,train
IMG_003671,val
IMG_003672,train
IMG_003673,train
IMG_003674,train
IMG_003675,val
IMG_003676,val
IMG_003677,train
IMG_003678,val
IMG_003679,val
IMG_003680,test
IMG_003681,test
IMG_003682,train
IMG_003683,val
IMG_003684,test
IMG_003685,test
IMG_003686,test
IMG_003687,test
IMG_003688,val
IMG_003689,test
IMG_003690,test
IMG_003691,val
IMG_003692,val
IMG_003693,train
IMG_003694,train
IMG_003695,train
IMG_003696,train
IMG_003697,val
IMG_003698,train
IMG_003699,test
IMG_003700,train
IMG_003701,train
IMG_003702,val
IMG_003703,val
IMG_003704,val
IMG_003705,train
IMG_003706,train
IMG_003707,train
IMG_003708,test
IMG_003709,test
IMG_003710,val
IMG_003711,train
IMG_003712,train
IMG_003713,train
IMG_003714,train
IMG_003715,train
IMG_003716,test
IMG_003717,test
IMG_003718,val
IMG_003719,train
IMG_003720,train
IMG_003721,val
IMG_003722,val
IMG_003723,train
IMG_003724,train
IMG_003725,train
IMG_003726,test
IMG_003727,test
IMG_003728,train
IMG_003729,test
IMG_003730,train
IMG_003731,val
IMG_003732,val
IMG_003733,train
IMG_003734,test
IMG_003735,val
IMG_003736,test
IMG_003737,test
IMG_003738,test
IMG_003739,val
IMG_003740,val
IMG_003741,train
IMG_003742,train
IMG_003743,val
IMG_003744,test
IMG_003745,train
IMG_003746,val
IMG_003747,test
IMG_003748,val
IMG_003749,val
IMG_003750,train
IMG_003751,val
IMG_003752,val
IMG_003753,test
IMG_003754,test
IMG_003755,test
IMG_003756,train
IMG_003757,train
IMG_003758,val
IMG_003759,test
IMG_003760,train
IMG_003761,val
IMG_003762,train
IMG_003763,val
IMG_003764,val
IMG_003765,test
IMG_003766,train
IMG_003767,train
IMG_003768,test
IMG_003769,train
IMG_003770,val
IMG_003771,train
IMG_003772,test
IMG_003773,test
IMG_003774,train
IMG_003775,test
IMG_003776,train
IMG_003777,train
IMG_003778,train
IMG_003779,test
IMG_003780,val
IMG_003781,test
IMG_003782,test
IMG_003783,val
IMG_003784,train
IMG_003785,test
IMG_003786,test
IMG_003787,test
IMG_003788,test
IMG_003789,val
IMG_003790,train
IMG_003791,val
IMG_003792,train
IMG_003793,test
IMG_003794,train
IMG_003795,val
IMG_003796,val
IMG_003797,val
IMG_003798,val
IMG_003799,val
IMG_003800,train
IMG_003801,val
IMG_003802,test
IMG_003803,train
IMG_003804,val
IMG_003805,test
IMG_003806,val
IMG_003807,train
IMG_003808,train
IMG_003809,val
IMG_003810,test
IMG_003811,train
IMG_003812,train
IMG_003813,val
IMG_003814,val
IMG_003815,test
IMG_003816,train
IMG_003817,val
IMG_003818,val
IMG_003819,test
IMG_003820,val
IMG_003821,train
IMG_003822,test
IMG_003823,val
IMG_003824,val
IMG_003825,val
IMG_003826,train
IMG_003827,test
IMG_003828,test
IMG_003829,train
IMG_003830,train
IMG_003831,train
IMG_003832,val
IMG_003833,val
IMG_003834,val
IMG_003835,val
IMG_003836,train
IMG_003837,test
IMG_003838,test
IMG_003839,train
IMG_003840,val
IMG_003841,val
IMG_003842,test
IMG_003843,val
IMG_003844,train
IMG_003845,val
IMG_003846,val
IMG_003847,train
IMG_003848,val
IMG_003849,train
IMG_003850,val
IMG_003851,val
IMG_003852,val
IMG_003853,train
IMG_003854,val
IMG_003855,train
IMG_003856,val
IMG_003857,train
IMG_003858,val
IMG_003859,val
IMG_003860,train
IMG_003861,val
IMG_003862,val
IMG_003863,val
IMG_003864,test
IMG_003865,val
IMG_003866,train
IMG_003867,train
IMG_003868,val
IMG_003869,test
IMG_003870,val
IMG_003871,val
IMG_003872,train
IMG_003873,val
IMG_003874,val
IMG_003875,train
IMG_003876,val
IMG_003877,val
IMG_003878,val
IMG_003879,train
IMG_003880,val
IMG_003881,val
IMG_003882,val
IMG_003883,test
IMG_003884,test
IMG_003885,val
IMG_003886,test
IMG_003887,train
IMG_003888,test
IMG_003889,test
IMG_003890,val
IMG_003891,val
IMG_003892,train
IMG_003893,test
IMG_003894,test
IMG_003895,train
IMG_003896,train
IMG_003897,train
IMG_003898,test
IMG_003899,val
IMG_003900,val
IMG_003901,val
IMG_003902,val
IMG_003903,val
IMG_003904,val
IMG_003905,test
IMG_003906,val
IMG_003907,test
IMG_003908,test
IMG_003909,test
IMG_003910,val
IMG_003911,val
IMG_003912,val
IMG_003913,val
IMG_003914,val
IMG_003915,val
IMG_003916,train
IMG_003917,val
IMG_003918,train
IMG_003919,val
IMG_003920,val
IMG_003921,test
IMG_003922,val
IMG_003923,test
IMG_003924,train
IMG_003925,val
IMG_003926,val
IMG_003927,val
IMG_003928,test
IMG_003929,val
IMG_003930,train
IMG_003931,train
IMG_003932,val
IMG_003933,train
IMG_003934,train
IMG_003935,val
IMG_003936,train
IMG_003937,val
IMG_003938,val
IMG_003939,val
IMG_003940,val
IMG_003941,val
IMG_003942,test
IMG_003943,val
IMG_003944,val
IMG_003945,val
IMG_003946,val
IMG_003947,val
IMG_003948,val
IMG_003949,test
IMG_003950,test
IMG_003951,test
IMG_003952,test
IMG_003953,val
IMG_003954,val
IMG_003955,train
IMG_003956,val
IMG_003957,val
IMG_003958,test
IMG_003959,val
IMG_003960,val
IMG_003961,val
IMG_003962,val
IMG_003963,train
IMG_003964,train
IMG_003965,test
IMG_003966,test
IMG_003967,val
IMG_003968,val
IMG_003969,val
IMG_003970,train
IMG_003971,val
IMG_003972,test
IMG_003973,train
IMG_003974,train
IMG_003975,test
IMG_003976,val
IMG_003977,val
IMG_003978,val
IMG_003979,val
IMG_003980,test
IMG_003981,val
IMG_003982,test
IMG_003983,train
IMG_003984,val
IMG_003985,val
IMG_003986,val
IMG_003987,val
IMG_003988,val
IMG_003989,train
IMG_003990,train
IMG_003991,val
IMG_003992,val
IMG_003993,train
IMG_003994,val
IMG_003995,val
IMG_003996,val
IMG_003997,val
IMG_003998,val
IMG_003999,val
IMG_004000,train
IMG_004001,val
IMG_004002,val
IMG_004003,val
IMG_004004,val
IMG_004005,test
IMG_004006,train
IMG_004007,val
IMG_004008,val
IMG_004009,val
IMG_004010,test
IMG_004011,val
IMG_004012,val
IMG_004013,train
IMG_004014,val
IMG_004015,val
IMG_004016,val
IMG_004017,val
IMG_004018,val
IMG_004019,test
IMG_004020,test
IMG_004021,val
IMG_004022,test
IMG_004023,val
IMG_004024,val
IMG_004025,val
IMG_004026,val
IMG_004027,test
IMG_004028,test
IMG_004029,val
IMG_004030,test
IMG_004031,test
IMG_004032,test
IMG_004033,train
IMG_004034,val
IMG_004035,val
IMG_004036,train
IMG_004037,val
IMG_004038,train
IMG_004039,val
IMG_004040,test
IMG_004041,train
IMG_004042,val
IMG_004043,train
IMG_004044,train
IMG_004045,train
IMG_004046,test
IMG_004047,val
IMG_004048,val
IMG_004049,val
IMG_004050,val
IMG_004051,val
IMG_004052,test
IMG_004053,test
IMG_004054,val
IMG_004055,train
IMG_004056,val
IMG_004057,train
IMG_004058,val
IMG_004059,val
IMG_004060,test
IMG_004061,train
IMG_004062,val
IMG_004063,test
IMG_004064,test
IMG_004065,train
IMG_004066,train
IMG_004067,test
IMG_004068,train
IMG_004069,test
IMG_004070,val
IMG_004071,test
IMG_004072,val
IMG_004073,train
IMG_004074,val
IMG_004075,val
IMG_004076,test
IMG_004077,train
IMG_004078,test
IMG_004079,val
IMG_004080,val
IMG_004081,val
IMG_004082,test
IMG_004083,test
IMG_004084,val
IMG_004085,val
IMG_004086,train
IMG_004087,train
IMG_004088,test
IMG_004089,train
IMG_004090,val
IMG_004091,val
IMG_004092,test
IMG_004093,train
IMG_004094,val
IMG_004095,val
IMG_004096,train
IMG_004097,train
IMG_004098,train
IMG_004099,train
IMG_004100,test
IMG_004101,train
IMG_004102,val
IMG_004103,val
IMG_004104,train
IMG_004105,val
IMG_004106,test
IMG_004107,train
IMG_004108,train
IMG_004109,test
IMG_004110,train
IMG_004111,val
IMG_004112,train
IMG_004113,train
IMG_004114,train
IMG_004115,val
IMG_004116,train
IMG_004117,test
IMG_004118,val
IMG_004119,test
IMG_004120,test
IMG_004121,val
IMG_004122,val
IMG_004123,train
IMG_004124,test
IMG_004125,train
IMG_004126,test
IMG_004127,test
IMG_004128,test
IMG_004129,train
IMG_004130,train
IMG_004131,train
IMG_004132,val
IMG_004133,train
IMG_004134,train
IMG_004135,val
IMG_004136,val
IMG_004137,train
IMG_004138,val
IMG_004139,val
IMG_004140,val
IMG_004141,val
IMG_004142,test
IMG_004143,train
IMG_004144,val
IMG_004145,val
IMG_004146,train
IMG_004147,train
IMG_004148,val
IMG_004149,val
IMG_004150,train
IMG_004151,val
IMG_004152,train
IMG_004153,test
IMG_004154,test
IMG_004155,val
IMG_004156,train
IMG_004157,train
IMG_004158,train
IMG_004159,val
IMG_004160,test
IMG_004161,val
IMG_004162,test
IMG_004163,test
IMG_004164,val
IMG_004165,train
IMG_004166,test
IMG_004167,test
IMG_004168,val
IMG_004169,train
IMG_004170,test
IMG_004171,val
IMG_004172,test
IMG_004173,val
IMG_004174,train
IMG_004175,val
IMG_004176,train
IMG_004177,val
IMG_004178,test
IMG_004179,val
IMG_004180,train
IMG_004181,train
IMG_004182,val
IMG_004183,val
IMG_004184,train
IMG_004185,val
IMG_004186,val
IMG_004187,val
IMG_004188,train
IMG_004189,val
IMG_004190,val
IMG_004191,val
IMG_004192,test
IMG_004193,val
IMG_004194,test
IMG_004195,val
IMG_004196,train
IMG_004197,val
IMG_004198,test
IMG_004199,test
IMG_004200,test
IMG_004201,train
IMG_004202,train
IMG_004203,val
IMG_004204,train
IMG_004205,train
IMG_004206,val
IMG_004207,test
IMG_004208,val
IMG_004209,test
IMG_004210,test
IMG_004211,train
IMG_004212,val
IMG_004213,train
IMG_004214,val
IMG_004215,train
IMG_004216,test
IMG_004217,val
IMG_004218,train
IMG_004219,train
IMG_004220,train
IMG_004221,val
IMG_004222,test
IMG_004223,val
IMG_004224,test
IMG_004225,val
IMG_004226,train
IMG_004227,train
IMG_004228,val
IMG_004229,train
IMG_004230,test
IMG_004231,test
IMG_004232,val
IMG_004233,val
IMG_004234,train
IMG_004235,val
IMG_004236,val
IMG_004237,train
IMG_004238,test
IMG_004239,train
IMG_004240,train
IMG_004241,val
IMG_004242,train
IMG_004243,test
IMG_004244,val
IMG_004245,val
IMG_004246,val
IMG_004247,val
IMG_004248,val
IMG_004249,val
IMG_004250,val
IMG_004251,val
IMG_004252,val
IMG_004253,val
IMG_004254,test
IMG_004255,val
IMG_004256,test
IMG_004257,test
IMG_004258,test
IMG_004259,test
IMG_004260,train
IMG_004261,test
IMG_004262,train
IMG_004263,test
IMG_004264,test
IMG_004265,test
IMG_004266,train
IMG_004267,test
IMG_004268,train
IMG_004269,train
IMG_004270,train
IMG_004271,val
IMG_004272,train
IMG_004273,val
IMG_004274,val
IMG_004275,val
IMG_004276,train
IMG_004277,val
IMG_004278,val
IMG_004279,test
IMG_004280,test
IMG_004281,test
IMG_004282,train
IMG_004283,test
IMG_004284,val
IMG_004285,test
IMG_004286,test
IMG_004287,val
IMG_004288,val
IMG_004289,val
IMG_004290,val
IMG_004291,train
IMG_004292,train
IMG_004293,test
IMG_004294,test
IMG_004295,train
IMG_004296,val
IMG_004297,train
IMG_004298,val
IMG_004299,val
IMG_004300,val
IMG_004301,val
IMG_004302,test
IMG_004303,val
IMG_004304,train
IMG_004305,val
IMG_004306,train
IMG_004307,val
IMG_004308,test
IMG_004309,train
IMG_004310,val
IMG_004311,val
IMG_004312,train
IMG_004313,train
IMG_004314,train
IMG_004315,val
IMG_004316,val
IMG_004317,val
IMG_004318,val
IMG_004319,val
IMG_004320,train
IMG_004321,val
IMG_004322,train
IMG_004323,train
IMG_004324,train
IMG_004325,test
IMG_004326,train
IMG_004327,train
IMG_004328,test
IMG_004329,val
IMG_004330,test
IMG_004331,train
IMG_004332,val
IMG_004333,val
IMG_004334,test
IMG_004335,val
IMG_004336,train
IMG_004337,val
IMG_004338,val
IMG_004339,train
IMG_004340,train
IMG_004341,val
IMG_004342,test
IMG_004343,train
IMG_004344,val
IMG_004345,test
IMG_004346,train
IMG_004347,val
IMG_004348,test
IMG_004349,val
IMG_004350,val
IMG_004351,val
IMG_004352,val
IMG_004353,train
IMG_004354,test
IMG_004355,train
IMG_004356,val
IMG_004357,val
IMG_004358,test
IMG_004359,val
IMG_004360,test
IMG_004361,test
IMG_004362,test
IMG_004363,test
IMG_004364,test
IMG_004365,train
IMG_004366,val
IMG_004367,train
IMG_004368,val
IMG_004369,test
IMG_004370,train
IMG_004371,train
IMG_004372,train
IMG_004373,train
IMG_004374,test
IMG_004375,val
IMG_004376,val
IMG_004377,val
IMG_004378,train
IMG_004379,val
IMG_004380,val
IMG_004381,val
IMG_004382,train
IMG_004383,test
IMG_004384,test
IMG_004385,val
IMG_004386,test
IMG_004387,test
IMG_004388,test
IMG_004389,val
IMG_004390,val
IMG_004391,val
IMG_004392,val
IMG_004393,val
IMG_004394,test
IMG_004395,test
IMG_004396,train
IMG_004397,val
IMG_004398,test
IMG_004399,val
IMG_004400,train
IMG_004401,train
IMG_004402,val
IMG_004403,val
IMG_004404,train
IMG_004405,test
IMG_004406,test
IMG_004407,val
IMG_004408,train
IMG_004409,val
IMG_004410,test
IMG_004411,test
IMG_004412,train
IMG_004413,val
IMG_004414,train
IMG_004415,test
IMG_004416,val
IMG_004417,train
IMG_004418,train
IMG_004419,test
IMG_004420,train
IMG_004421,val
IMG_004422,val
IMG_004423,train
IMG_004424,val
IMG_004425,val
IMG_004426,train
IMG_004427,val
IMG_004428,val
IMG_004429,val
IMG_004430,test
IMG_004431,val
IMG_004432,val
IMG_004433,train
IMG_004434,val
IMG_004435,test
IMG_004436,val
IMG_004437,val
IMG_004438,test
IMG_004439,test
IMG_004440,test
IMG_004441,train
IMG_004442,train
IMG_004443,val
IMG_004444,val
IMG_004445,train
IMG_004446,test
IMG_004447,train
IMG_004448,train
IMG_004449,test
IMG_004450,val
IMG_004451,val
IMG_004452,train
IMG_004453,test
IMG_004454,test
IMG_004455,test
IMG_004456,test
IMG_004457,val
IMG_004458,val
IMG_004459,val
IMG_004460,test
IMG_004461,val
IMG_004462,train
IMG_004463,val
IMG_004464,val
IMG_004465,test
IMG_004466,test
IMG_004467,test
IMG_004468,train
IMG_004469,train
IMG_004470,train
IMG_004471,test
IMG_004472,test
IMG_004473,val
IMG_004474,train
IMG_004475,val
IMG_004476,val
IMG_004477,val
IMG_004478,train
IMG_004479,val
IMG_004480,val
IMG_004481,val
IMG_004482,val
IMG_004483,val
IMG_004484,test
IMG_004485,val
IMG_004486,test
IMG_004487,test
IMG_004488,train
IMG_004489,test
IMG_004490,val
IMG_004491,val
IMG_004492,train
IMG_004493,val
IMG_004494,val
IMG_004495,test
IMG_004496,val
IMG_004497,train
IMG_004498,train
IMG_004499,val
IMG_004500,train
IMG_004501,val
IMG_004502,test
IMG_004503,val
IMG_004504,val
IMG_004505,test
IMG_004506,train
IMG_004507,test
IMG_004508,train
IMG_004509,train
IMG_004510,train
IMG_004511,test
IMG_004512,val
IMG_004513,val
IMG_004514,train
IMG_004515,test
IMG_004516,train
IMG_004517,train
IMG_004518,val
IMG_004519,val
IMG_004520,test
IMG_004521,val
IMG_004522,val
IMG_004523,val
IMG_004524,val
IMG_004525,val
IMG_004526,val
IMG_004527,val
IMG_004528,test
IMG_004529,train
IMG_004530,test
IMG_004531,test
IMG_004532,val
IMG_004533,val
IMG_004534,train
IMG_004535,val
IMG_004536,val
IMG_004537,val
IMG_004538,val
IMG_004539,test
IMG_004540,val
IMG_004541,train
IMG_004542,train
IMG_004543,train
IMG_004544,val
IMG_004545,train
IMG_004546,train
IMG_004547,val
IMG_004548,test
IMG_004549,val
IMG_004550,test
IMG_004551,train
IMG_004552,val
IMG_004553,test
IMG_004554,test
IMG_004555,test
IMG_004556,test
IMG_004557,train
IMG_004558,val
IMG_004559,val
IMG_004560,val
IMG_004561,train
IMG_004562,test
IMG_004563,val
IMG_004564,train
IMG_004565,train
IMG_004566,test
IMG_004567,val
IMG_004568,train
IMG_004569,train
IMG_004570,train
IMG_004571,train
IMG_004572,test
IMG_004573,val
IMG_004574,val
IMG_004575,val
IMG_004576,val
IMG_004577,test
IMG_004578,train
IMG_004579,val
IMG_004580,train
IMG_004581,train
IMG_004582,train
IMG_004583,test
IMG_004584,test
IMG_004585,test
IMG_004586,test
IMG_004587,train
IMG_004588,val
IMG_004589,train
IMG_004590,test
IMG_004591,val
IMG_004592,val
IMG_004593,val
IMG_004594,val
IMG_004595,val
IMG_004596,val
IMG_004597,val
IMG_004598,val
IMG_004599,val
IMG_004600,train
IMG_004601,val
IMG_004602,test
IMG_004603,train
IMG_004604,test
IMG_004605,train
IMG_004606,test
IMG_004607,val
IMG_004608,val
IMG_004609,test
IMG_004610,train
IMG_004611,train
IMG_004612,train
IMG_004613,val
IMG_004614,val
IMG_004615,val
IMG_004616,val
IMG_004617,test
IMG_004618,test
IMG_004619,train
IMG_004620,val
IMG_004621,train
IMG_004622,test
IMG_004623,test
IMG_004624,train
IMG_004625,val
IMG_004626,val
IMG_004627,test
IMG_004628,train
IMG_004629,val
IMG_004630,val
IMG_004631,val
IMG_004632,test
IMG_004633,train
IMG_004634,test
IMG_004635,test
IMG_004636,train
IMG_004637,test
IMG_004638,val
IMG_004639,val
IMG_004640,train
IMG_004641,val
IMG_004642,val
IMG_004643,val
IMG_004644,train
IMG_004645,test
IMG_004646,train
IMG_004647,val
IMG_004648,train
IMG_004649,train
IMG_004650,train
IMG_004651,val
IMG_004652,test
IMG_004653,train
IMG_004654,test
IMG_004655,val
IMG_004656,test
IMG_004657,val
IMG_004658,val
IMG_004659,val
IMG_004660,test
IMG_004661,train
IMG_004662,val
IMG_004663,val
IMG_004664,val
IMG_004665,val
IMG_004666,test
IMG_004667,test
IMG_004668,train
IMG_004669,val
IMG_004670,test
IMG_004671,val
IMG_004672,val
IMG_004673,val
IMG_004674,train
IMG_004675,test
IMG_004676,train
IMG_004677,val
IMG_004678,test
IMG_004679,val
IMG_004680,train
IMG_004681,val
IMG_004682,train
IMG_004683,val
IMG_004684,val
IMG_004685,train
IMG_004686,test
IMG_004687,val
IMG_004688,train
IMG_004689,train
IMG_004690,val
IMG_004691,val
IMG_004692,train
IMG_004693,test
IMG_004694,val
IMG_004695,train
IMG_004696,test
IMG_004697,train
IMG_004698,test
IMG_004699,test
IMG_004700,train
IMG_004701,train
IMG_004702,val
IMG_004703,train
IMG_004704,train
IMG_004705,val
IMG_004706,val
IMG_004707,val
IMG_004708,test
IMG_004709,train
IMG_004710,test
IMG_004711,train
IMG_004712,test
IMG_004713,test
IMG_004714,val
IMG_004715,train
IMG_004716,val
IMG_004717,train
IMG_004718,test
IMG_004719,test
IMG_004720,val
IMG_004721,train
IMG_004722,train
IMG_004723,val
IMG_004724,train
IMG_004725,test
IMG_004726,val
IMG_004727,val
IMG_004728,val
IMG_004729,val
IMG_004730,val
IMG_004731,val
IMG_004732,train
IMG_004733,train
IMG_004734,train
IMG_004735,val
IMG_004736,val
IMG_004737,val
IMG_004738,train
IMG_004739,test
IMG_004740,val
IMG_004741,train
IMG_004742,train
IMG_004743,val
IMG_004744,test
IMG_004745,val
IMG_004746,val
IMG_004747,train
IMG_004748,val
IMG_004749,val
IMG_004750,test
IMG_004751,test
IMG_004752,train
IMG_004753,test
IMG_004754,test
IMG_004755,val
IMG_004756,val
IMG_004757,val
IMG_004758,train
IMG_004759,train
IMG_004760,train
IMG_004761,train
IMG_004762,val
IMG_004763,val
IMG_004764,val
IMG_004765,test
IMG_004766,test
IMG_004767,val
IMG_004768,val
IMG_004769,test
IMG_004770,val
IMG_004771,val
IMG_004772,val
IMG_004773,train
IMG_004774,val
IMG_004775,test
IMG_004776,train
IMG_004777,val
IMG_004778,val
IMG_004779,test
IMG_004780,val
IMG_004781,val
IMG_004782,train
IMG_004783,val
IMG_004784,val
IMG_004785,test
IMG_004786,val
IMG_004787,val
IMG_004788,test
IMG_004789,train
IMG_004790,test
IMG_004791,val
IMG_004792,test
IMG_004793,train
IMG_004794,val
IMG_004795,test
IMG_004796,train
IMG_004797,train
IMG_004798,val
IMG_004799,test
IMG_004800,test
IMG_004801,train
IMG_004802,train
IMG_004803,val
IMG_004804,val
IMG_004805,val
IMG_004806,val
IMG_004807,train
IMG_004808,val
IMG_004809,test
IMG_004810,test
IMG_004811,train
IMG_004812,val
IMG_004813,val
IMG_004814,train
IMG_004815,test
IMG_004816,train
IMG_004817,train
IMG_004818,test
IMG_004819,val
IMG_004820,test
IMG_004821,test
IMG_004822,val
IMG_004823,train
IMG_004824,val
IMG_004825,test
IMG_004826,val
IMG_004827,train
IMG_004828,val
IMG_004829,val
IMG_004830,val
IMG_004831,train
IMG_004832,val
IMG_004833,val
IMG_004834,train
IMG_004835,train
IMG_004836,test
IMG_004837,val
IMG_004838,test
IMG_004839,val
IMG_004840,train
IMG_004841,test
IMG_004842,val
IMG_004843,val
IMG_004844,val
IMG_004845,val
IMG_004846,test
IMG_004847,train
IMG_004848,val
IMG_004849,train
IMG_004850,val
IMG_004851,train
IMG_004852,train
IMG_004853,test
IMG_004854,val
IMG_004855,val
IMG_004856,val
IMG_004857,test
IMG_004858,test
IMG_004859,val
IMG_004860,test
IMG_004861,train
IMG_004862,val
IMG_004863,val
IMG_004864,val
IMG_004865,val
IMG_004866,val
IMG_004867,test
IMG_004868,test
IMG_004869,train
IMG_004870,test
IMG_004871,val
IMG_004872,train
IMG_004873,train
IMG_004874,val
IMG_004875,test
IMG_004876,val
IMG_004877,train
IMG_004878,val
IMG_004879,val
IMG_004880,test
IMG_004881,test
IMG_004882,test
IMG_004883,val
IMG_004884,test
IMG_004885,val
IMG_004886,train
IMG_004887,test
IMG_004888,train
IMG_004889,test
IMG_004890,val
IMG_004891,train
IMG_004892,train
IMG_004893,val
IMG_004894,train
IMG_004895,test
IMG_004896,val
IMG_004897,train
IMG_004898,test
IMG_004899,train
IMG_004900,val
IMG_004901,test
IMG_004902,val
IMG_004903,val
IMG_004904,val
IMG_004905,train
IMG_004906,val
IMG_004907,val
IMG_004908,train
IMG_004909,train
IMG_004910,val
IMG_004911,train
IMG_004912,train
IMG_004913,val
IMG_004914,val
IMG_004915,train
IMG_004916,val
IMG_004917,val
IMG_004918,train
IMG_004919,train
IMG_004920,val
IMG_004921,test
IMG_004922,test
IMG_004923,test
IMG_004924,val
IMG_004925,val
IMG_004926,train
IMG_004927,val
IMG_004928,train
IMG_004929,train
IMG_004930,val
IMG_004931,val
IMG_004932,train
IMG_004933,test
IMG_004934,test
IMG_004935,train
IMG_004936,val
IMG_004937,train
IMG_004938,val
IMG_004939,train
IMG_004940,train
IMG_004941,train
IMG_004942,val
IMG_004943,test
IMG_004944,train
IMG_004945,val
IMG_004946,val
IMG_004947,train
IMG_004948,val
IMG_004949,train
IMG_004950,test
IMG_004951,val
IMG_004952,val
IMG_004953,train
IMG_004954,train
IMG_004955,train
IMG_004956,train
IMG_004957,train
IMG_004958,val
IMG_004959,test
IMG_004960,val
IMG_004961,test
IMG_004962,train
IMG_004963,test
IMG_004964,val
IMG_004965,val
IMG_004966,train
IMG_004967,val
IMG_004968,val
IMG_004969,train
IMG_004970,val
IMG_004971,train
IMG_004972,train
IMG_004973,val
IMG_004974,test
IMG_004975,val
IMG_004976,val
IMG_004977,train
IMG_004978,val
IMG_004979,val
IMG_004980,val
IMG_004981,val
IMG_004982,val
IMG_004983,val
IMG_004984,val
IMG_004985,train
IMG_004986,train
IMG_004987,val
IMG_004988,val
IMG_004989,train
IMG_004990,val
IMG_004991,val
IMG_004992,train
IMG_004993,val
IMG_004994,train
IMG_004995,train
IMG_004996,val
IMG_004997,train
IMG_004998,train
IMG_004999,train
IMG_005000,val
IMG_005001,val
IMG_005002,train
IMG_005003,train
IMG_005004,test
IMG_005005,val
IMG_005006,train
IMG_005007,train
IMG_005008,train
IMG_005009,train
IMG_005010,test
IMG_005011,train
IMG_005012,val
IMG_005013,train
IMG_005014,test
IMG_005015,test
IMG_005016,train
IMG_005017,val
IMG_005018,val
IMG_005019,train
IMG_005020,val
IMG_005021,val
IMG_005022,val
IMG_005023,val
IMG_005024,val
IMG_005025,test
IMG_005026,val
IMG_005027,val
IMG_005028,train
IMG_005029,val
IMG_005030,test
IMG_005031,train
IMG_005032,val
IMG_005033,val
IMG_005034,val
IMG_005035,train
IMG_005036,val
IMG_005037,val
IMG_005038,test
IMG_005039,test
IMG_005040,train
IMG_005041,test
IMG_005042,train
IMG_005043,test
IMG_005044,train
IMG_005045,test
IMG_005046,train
IMG_005047,val
IMG_005048,test
IMG_005049,test
IMG_005050,train
IMG_005051,val
IMG_005052,test
IMG_005053,val
IMG_005054,train
IMG_005055,train
IMG_005056,val
IMG_005057,val
IMG_005058,train
IMG_005059,val
IMG_005060,train
IMG_005061,val
IMG_005062,val
IMG_005063,val
IMG_005064,val
IMG_005065,test
IMG_005066,test
IMG_005067,train
IMG_005068,test
IMG_005069,train
IMG_005070,test
IMG_005071,test
IMG_005072,val
IMG_005073,test
IMG_005074,train
IMG_005075,val
IMG_005076,val
IMG_005077,train
IMG_005078,test
IMG_005079,test
IMG_005080,train
IMG_005081,train
IMG_005082,val
IMG_005083,val
IMG_005084,val
IMG_005085,test
IMG_005086,test
IMG_005087,test
IMG_005088,val
IMG_005089,test
IMG_005090,test
IMG_005091,train
IMG_005092,test
IMG_005093,train
IMG_005094,val
IMG_005095,test
IMG_005096,train
IMG_005097,val
IMG_005098,train
IMG_005099,train
IMG_005100,val
IMG_005101,test
IMG_005102,val
IMG_005103,val
IMG_005104,train
IMG_005105,test
IMG_005106,test
IMG_005107,train
IMG_005108,test
IMG_005109,test
IMG_005110,val
IMG_005111,test
IMG_005112,val
IMG_005113,test
IMG_005114,val
IMG_005115,val
IMG_005116,train
IMG_005117,test
IMG_005118,train
IMG_005119,val
IMG_005120,test
IMG_005121,train
IMG_005122,val
IMG_005123,val
IMG_005124,train
IMG_005125,test
IMG_005126,val
IMG_005127,train
IMG_005128,val
IMG_005129,train
IMG_005130,train
IMG_005131,train
IMG_005132,val
IMG_005133,train
IMG_005134,val
IMG_005135,val
IMG_005136,val
IMG_005137,train
IMG_005138,train
IMG_005139,train
IMG_005140,val
IMG_005141,test
IMG_005142,val
IMG_005143,test
IMG_005144,val
IMG_005145,val
IMG_005146,train
IMG_005147,train
IMG_005148,test
IMG_005149,val
IMG_005150,train
IMG_005151,test
IMG_005152,val
IMG_005153,test
IMG_005154,val
IMG_005155,train
IMG_005156,val
IMG_005157,val
IMG_005158,train
IMG_005159,val
IMG_005160,train
IMG_005161,train
IMG_005162,val
IMG_005163,test
IMG_005164,train
IMG_005165,test
IMG_005166,train
IMG_005167,test
IMG_005168,val
IMG_005169,test
IMG_005170,val
IMG_005171,train
IMG_005172,val
IMG_005173,val
IMG_005174,test
IMG_005175,val
IMG_005176,val
IMG_005177,val
IMG_005178,val
IMG_005179,val
IMG_005180,val
IMG_005181,train
IMG_005182,val
IMG_005183,train
IMG_005184,val
IMG_005185,train
IMG_005186,test
IMG_005187,val
IMG_005188,val
IMG_005189,val
IMG_005190,train
IMG_005191,train
IMG_005192,train
IMG_005193,train
IMG_005194,train
IMG_005195,val
IMG_005196,val
IMG_005197,train
IMG_005198,test
IMG_005199,test
IMG_005200,test
IMG_005201,train
IMG_005202,test
IMG_005203,train
IMG_005204,val
IMG_005205,test
IMG_005206,val
IMG_005207,val
IMG_005208,train
IMG_005209,train
IMG_005210,val
IMG_005211,val
IMG_005212,val
IMG_005213,val
IMG_005214,val
IMG_005215,train
IMG_005216,val
IMG_005217,val
IMG_005218,val
IMG_005219,val
IMG_005220,val
IMG_005221,train
IMG_005222,test
IMG_005223,val
IMG_005224,test
IMG_005225,val
IMG_005226,val
IMG_005227,train
IMG_005228,test
IMG_005229,test
IMG_005230,train
IMG_005231,test
IMG_005232,test
IMG_005233,val
IMG_005234,test
IMG_005235,val
IMG_005236,train
IMG_005237,val
IMG_005238,test
IMG_005239,test
IMG_005240,test
IMG_005241,val
IMG_005242,train
IMG_005243,val
IMG_005244,train
IMG_005245,val
IMG_005246,train
IMG_005247,val
IMG_005248,train
IMG_005249,train
IMG_005250,val
IMG_005251,val
IMG_005252,train
IMG_005253,val
IMG_005254,val
IMG_005255,val
IMG_005256,train
IMG_005257,train
IMG_005258,test
IMG_005259,train
IMG_005260,train
IMG_005261,val
IMG_005262,val
IMG_005263,test
IMG_005264,val
IMG_005265,test
IMG_005266,val
IMG_005267,test
IMG_005268,test
IMG_005269,test
IMG_005270,test
IMG_005271,train
IMG_005272,train
IMG_005273,test
IMG_005274,train
IMG_005275,val
IMG_005276,train
IMG_005277,test
IMG_005278,val
IMG_005279,train
IMG_005280,val
IMG_005281,train
IMG_005282,train
IMG_005283,val
IMG_005284,train
IMG_005285,val
IMG_005286,test
IMG_005287,val
IMG_005288,val
IMG_005289,test
IMG_005290,test
IMG_005291,val
IMG_005292,test
IMG_005293,test
IMG_005294,val
IMG_005295,train
IMG_005296,val
IMG_005297,test
IMG_005298,train
IMG_005299,test
IMG_005300,test
IMG_005301,test
IMG_005302,val
IMG_005303,val
IMG_005304,train
IMG_005305,test
IMG_005306,val
IMG_005307,train
IMG_005308,train
IMG_005309,val
IMG_005310,val
IMG_005311,train
IMG_005312,train
IMG_005313,test
IMG_005314,train
IMG_005315,test
IMG_005316,val
IMG_005317,test
IMG_005318,val
IMG_005319,val
IMG_005320,train
IMG_005321,val
IMG_005322,test
IMG_005323,test
IMG_005324,val
IMG_005325,val
IMG_005326,train
IMG_005327,train
IMG_005328,val
IMG_005329,val
IMG_005330,train
IMG_005331,test
IMG_005332,val
IMG_005333,test
IMG_005334,val
IMG_005335,val
IMG_005336,test
IMG_005337,test
IMG_005338,val
IMG_005339,train
IMG_005340,test
IMG_005341,val
IMG_005342,val
IMG_005343,train
IMG_005344,test
IMG_005345,val
IMG_005346,train
IMG_005347,train
IMG_005348,train
IMG_005349,test
IMG_005350,val
IMG_005351,train
IMG_005352,train
IMG_005353,test
IMG_005354,test
IMG_005355,train
IMG_005356,train
IMG_005357,test
IMG_005358,train
IMG_005359,train
IMG_005360,train
IMG_005361,test
IMG_005362,train
IMG_005363,val
IMG_005364,test
IMG_005365,val
IMG_005366,train
IMG_005367,train
IMG_005368,val
IMG_005369,val
IMG_005370,test
IMG_005371,val
IMG_005372,train
IMG_005373,test
IMG_005374,test
IMG_005375,test
IMG_005376,val
IMG_005377,test
IMG_005378,test
IMG_005379,test
IMG_005380,val
IMG_005381,train
IMG_005382,test
IMG_005383,val
IMG_005384,val
IMG_005385,test
IMG_005386,val
IMG_005387,train
IMG_005388,val
IMG_005389,train
IMG_005390,test
IMG_005391,test
IMG_005392,train
IMG_005393,val
IMG_005394,val
IMG_005395,test
IMG_005396,val
IMG_005397,val
IMG_005398,val
IMG_005399,train
IMG_005400,val
IMG_005401,train
IMG_005402,val
IMG_005403,train
IMG_005404,test
IMG_005405,val
IMG_005406,test
IMG_005407,val
IMG_005408,val
IMG_005409,val
IMG_005410,train
IMG_005411,val
IMG_005412,val
IMG_005413,train
IMG_005414,val
IMG_005415,train
IMG_005416,val
IMG_005417,val
IMG_005418,test
IMG_005419,test
IMG_005420,val
IMG_005421,val
IMG_005422,val
IMG_005423,test
IMG_005424,val
IMG_005425,train
IMG_005426,val
IMG_005427,test
IMG_005428,test
IMG_005429,train
IMG_005430,test
IMG_005431,train
IMG_005432,train
IMG_005433,train
IMG_005434,train
IMG_005435,val
IMG_005436,val
IMG_005437,val
IMG_005438,val
IMG_005439,test
IMG_005440,train
IMG_005441,test
IMG_005442,val
IMG_005443,val
IMG_005444,test
IMG_005445,train
IMG_005446,test
IMG_005447,val
IMG_005448,train
IMG_005449,test
IMG_005450,val
IMG_005451,val
IMG_005452,val
IMG_005453,train
IMG_005454,train
IMG_005455,val
IMG_005456,val
IMG_005457,train
IMG_005458,val
IMG_005459,val
IMG_005460,train
IMG_005461,train
IMG_005462,val
IMG_005463,test
IMG_005464,train
IMG_005465,val
IMG_005466,train
IMG_005467,test
IMG_005468,val
IMG_005469,val
IMG_005470,val
IMG_005471,train
IMG_005472,train
IMG_005473,val
IMG_005474,train
IMG_005475,train
IMG_005476,val
IMG_005477,train
IMG_005478,val
IMG_005479,test
IMG_005480,train
IMG_005481,val
IMG_005482,test
IMG_005483,train
IMG_005484,val
IMG_005485,train
IMG_005486,test
IMG_005487,val
IMG_005488,test
IMG_005489,val
IMG_005490,val
IMG_005491,val
IMG_005492,val
IMG_005493,val
IMG_005494,val
IMG_005495,train
IMG_005496,val
IMG_005497,test
IMG_005498,val
IMG_005499,test
IMG_005500,val
IMG_005501,val
IMG_005502,train
IMG_005503,train
IMG_005504,val
IMG_005505,test
IMG_005506,val
IMG_005507,test
IMG_005508,train
IMG_005509,train
IMG_005510,train
IMG_005511,val
IMG_005512,test
IMG_005513,val
IMG_005514,train
IMG_005515,train
IMG_005516,train
IMG_005517,train
IMG_005518,val
IMG_005519,train
IMG_005520,train
IMG_005521,train
IMG_005522,train
IMG_005523,train
IMG_005524,val
IMG_005525,val
IMG_005526,test
IMG_005527,train
IMG_005528,val
IMG_005529,train
IMG_005530,train
IMG_005531,test
IMG_005532,test
IMG_005533,val
IMG_005534,train
IMG_005535,val
IMG_005536,train
IMG_005537,train
IMG_005538,val
IMG_005539,val
IMG_005540,test
IMG_005541,train
IMG_005542,val
IMG_005543,train
IMG_005544,val
IMG_005545,test
IMG_005546,val
IMG_005547,val
IMG_005548,val
IMG_005549,val
IMG_005550,test
IMG_005551,test
IMG_005552,train
IMG_005553,test
IMG_005554,val
IMG_005555,test
IMG_005556,val
IMG_005557,val
IMG_005558,train
IMG_005559,train
IMG_005560,train
IMG_005561,val
IMG_005562,val
IMG_005563,test
IMG_005564,train
IMG_005565,train
IMG_005566,train
IMG_005567,train
IMG_005568,val
IMG_005569,val
IMG_005570,train
IMG_005571,train
IMG_005572,test
IMG_005573,train
IMG_005574,train
IMG_005575,train
IMG_005576,test
IMG_005577,val
IMG_005578,train
IMG_005579,val
IMG_005580,train
IMG_005581,train
IMG_005582,train
IMG_005583,val
IMG_005584,test
IMG_005585,train
IMG_005586,train
IMG_005587,train
IMG_005588,train
IMG_005589,train
IMG_005590,train
IMG_005591,val
IMG_005592,train
IMG_005593,train
IMG_005594,val
IMG_005595,train
IMG_005596,train
IMG_005597,val
IMG_005598,val
IMG_005599,train
IMG_005600,test
IMG_005601,train
IMG_005602,train
IMG_005603,val
IMG_005604,test
IMG_005605,val
IMG_005606,test
IMG_005607,val
IMG_005608,val
IMG_005609,val
IMG_005610,val
IMG_005611,test
IMG_005612,train
IMG_005613,test
IMG_005614,train
IMG_005615,train
IMG_005616,val
IMG_005617,test
IMG_005618,val
IMG_005619,test
IMG_005620,val
IMG_005621,train
IMG_005622,train
IMG_005623,test
IMG_005624,test
IMG_005625,train
IMG_005626,test
IMG_005627,val
IMG_005628,val
IMG_005629,train
IMG_005630,test
IMG_005631,test
IMG_005632,test
IMG_005633,test
IMG_005634,val
IMG_005635,val
IMG_005636,val
IMG_005637,test
IMG_005638,val
IMG_005639,train
IMG_005640,val
IMG_005641,train
IMG_005642,val
IMG_005643,val
IMG_005644,val
IMG_005645,train
IMG_005646,test
IMG_005647,val
IMG_005648,val
IMG_005649,train
IMG_005650,train
IMG_005651,train
IMG_005652,val
IMG_005653,val
IMG_005654,test
IMG_005655,train
IMG_005656,train
IMG_005657,train
IMG_005658,val
IMG_005659,train
IMG_005660,val
IMG_005661,train
IMG_005662,val
IMG_005663,test
IMG_005664,train
IMG_005665,val
IMG_005666,test
IMG_005667,val
IMG_005668,train
IMG_005669,val
IMG_005670,train
IMG_005671,val
IMG_005672,train
IMG_005673,train
IMG_005674,val
IMG_005675,val
IMG_005676,val
IMG_005677,train
IMG_005678,val
IMG_005679,test
IMG_005680,val
IMG_005681,train
IMG_005682,test
IMG_005683,val
IMG_005684,val
IMG_005685,test
IMG_005686,train
IMG_005687,train
IMG_005688,val
IMG_005689,val
IMG_005690,val
IMG_005691,test
IMG_005692,val
IMG_005693,train
IMG_005694,test
IMG_005695,train
IMG_005696,train
IMG_005697,train
IMG_005698,val
IMG_005699,test
IMG_005700,train
IMG_005701,train
IMG_005702,test
IMG_005703,train
IMG_005704,test
IMG_005705,train
IMG_005706,train
IMG_005707,test
IMG_005708,val
IMG_005709,train
IMG_005710,val
IMG_005711,val
IMG_005712,test
IMG_005713,test
IMG_005714,val
IMG_005715,train
IMG_005716,test
IMG_005717,test
IMG_005718,val
IMG_005719,train
IMG_005720,val
IMG_005721,test
IMG_005722,val
IMG_005723,test
IMG_005724,val
IMG_005725,train
IMG_005726,train
IMG_005727,train
IMG_005728,val
IMG_005729,test
IMG_005730,train
IMG_005731,train
IMG_005732,train
IMG_005733,test
IMG_005734,test
IMG_005735,test
IMG_005736,val
IMG_005737,train
IMG_005738,test
IMG_005739,val
IMG_005740,train
IMG_005741,train
IMG_005742,train
IMG_005743,val
IMG_005744,train
IMG_005745,train
IMG_005746,val
IMG_005747,val
IMG_005748,val
IMG_005749,val
IMG_005750,val
IMG_005751,val
IMG_005752,val
IMG_005753,test
IMG_005754,train
IMG_005755,val
IMG_005756,train
IMG_005757,val
IMG_005758,test
IMG_005759,train
IMG_005760,val
IMG_005761,test
IMG_005762,val
IMG_005763,test
IMG_005764,test
IMG_005765,train
IMG_005766,test
IMG_005767,test
IMG_005768,test
IMG_005769,val
IMG_005770,val
IMG_005771,train
IMG_005772,val
IMG_005773,test
IMG_005774,train
IMG_005775,train
IMG_005776,val
IMG_005777,train
IMG_005778,test
IMG_005779,val
IMG_005780,val
IMG_005781,train
IMG_005782,test
IMG_005783,val
IMG_005784,test
IMG_005785,train
IMG_005786,val
IMG_005787,test
IMG_005788,val
IMG_005789,val
IMG_005790,val
IMG_005791,train
IMG_005792,train
IMG_005793,test
IMG_005794,test
IMG_005795,val
IMG_005796,test
IMG_005797,val
IMG_005798,train
IMG_005799,train
IMG_005800,train
IMG_005801,train
IMG_005802,val
IMG_005803,train
IMG_005804,train
IMG_005805,val
IMG_005806,train
IMG_005807,test
IMG_005808,test
IMG_005809,train
IMG_005810,val
IMG_005811,test
IMG_005812,test
IMG_005813,val
IMG_005814,train
IMG_005815,val
IMG_005816,test
IMG_005817,train
IMG_005818,val
IMG_005819,test
IMG_005820,train
IMG_005821,val
IMG_005822,val
IMG_005823,val
IMG_005824,train
IMG_005825,val
IMG_005826,test
IMG_005827,val
IMG_005828,test
IMG_005829,val
IMG_005830,train
IMG_005831,train
IMG_005832,val
IMG_005833,test
IMG_005834,train
IMG_005835,test
IMG_005836,test
IMG_005837,val
IMG_005838,val
IMG_005839,train
IMG_005840,val
IMG_005841,test
IMG_005842,test
IMG_005843,train
IMG_005844,val
IMG_005845,val
IMG_005846,val
IMG_005847,val
IMG_005848,val
IMG_005849,test
IMG_005850,val
IMG_005851,train
IMG_005852,train
IMG_005853,val
IMG_005854,val
IMG_005855,val
IMG_005856,test
IMG_005857,val
IMG_005858,val
IMG_005859,val
IMG_005860,test
IMG_005861,val
IMG_005862,val
IMG_005863,test
IMG_005864,val
IMG_005865,train
IMG_005866,val
IMG_005867,train
IMG_005868,val
IMG_005869,val
IMG_005870,val
IMG_005871,train
IMG_005872,test
IMG_005873,val
IMG_005874,val
IMG_005875,train
IMG_005876,test
IMG_005877,test
IMG_005878,train
IMG_005879,train
IMG_005880,val
IMG_005881,val
IMG_005882,train
IMG_005883,train
IMG_005884,val
IMG_005885,val
IMG_005886,val
IMG_005887,train
IMG_005888,train
IMG_005889,test
IMG_005890,test
IMG_005891,test
IMG_005892,train
IMG_005893,val
IMG_005894,train
IMG_005895,val
IMG_005896,train
IMG_005897,val
IMG_005898,train
IMG_005899,val
IMG_005900,train
IMG_005901,val
IMG_005902,train
IMG_005903,test
IMG_005904,val
IMG_005905,val
IMG_005906,train
IMG_005907,test
IMG_005908,val
IMG_005909,val
IMG_005910,val
IMG_005911,train
IMG_005912,val
IMG_005913,val
IMG_005914,val
IMG_005915,val
IMG_005916,val
IMG_005917,val
IMG_005918,train
IMG_005919,train
IMG_005920,train
IMG_005921,train
IMG_005922,val
IMG_005923,test
IMG_005924,train
IMG_005925,train
IMG_005926,train
IMG_005927,val
IMG_005928,train
IMG_005929,train
IMG_005930,train
IMG_005931,val
IMG_005932,val
IMG_005933,test
IMG_005934,train
IMG_005935,test
IMG_005936,train
IMG_005937,test
IMG_005938,train
IMG_005939,test
IMG_005940,val
IMG_005941,test
IMG_005942,test
IMG_005943,val
IMG_005944,val
IMG_005945,val
IMG_005946,test
IMG_005947,test
IMG_005948,train
IMG_005949,train
IMG_005950,val
IMG_005951,train
IMG_005952,test
IMG_005953,test
IMG_005954,test
IMG_005955,val
IMG_005956,val
IMG_005957,test
IMG_005958,val
IMG_005959,train
IMG_005960,train
IMG_005961,test
IMG_005962,val
IMG_005963,train
IMG_005964,test
IMG_005965,train
IMG_005966,train
IMG_005967,val
IMG_005968,train
IMG_005969,val
IMG_005970,train
IMG_005971,test
IMG_005972,val
IMG_005973,val
IMG_005974,val
IMG_005975,train
IMG_005976,val
IMG_005977,test
IMG_005978,val
IMG_005979,train
IMG_005980,val
IMG_005981,val
IMG_005982,val
IMG_005983,train
IMG_005984,test
IMG_005985,train
IMG_005986,val
IMG_005987,val
IMG_005988,test
IMG_005989,train
IMG_005990,val
IMG_005991,train
IMG_005992,val
IMG_005993,val
IMG_005994,val
IMG_005995,test
IMG_005996,val
IMG_005997,train
IMG_005998,train
IMG_005999,val
IMG_006000,test
IMG_006001,val
IMG_006002,test
IMG_006003,val
IMG_006004,train
IMG_006005,val
IMG_006006,val
IMG_006007,val
IMG_006008,val
IMG_006009,val
IMG_006010,val
IMG_006011,test
IMG_006012,test
IMG_006013,train
IMG_006014,val
IMG_006015,test
IMG_006016,test
IMG_006017,val
IMG_006018,train
IMG_006019,test
IMG_006020,train
IMG_006021,val
IMG_006022,val
IMG_006023,train
IMG_006024,val
IMG_006025,train
IMG_006026,test
IMG_006027,val
IMG_006028,train
IMG_006029,train
IMG_006030,train
IMG_006031,val
IMG_006032,train
IMG_006033,val
IMG_006034,test
IMG_006035,train
IMG_006036,test
IMG_006037,train
IMG_006038,test
IMG_006039,test
IMG_006040,train
IMG_006041,train
IMG_006042,train
IMG_006043,train
IMG_006044,val
IMG_006045,val
IMG_006046,val
IMG_006047,val
IMG_006048,train
IMG_006049,test
IMG_006050,val
IMG_006051,val
IMG_006052,val
IMG_006053,test
IMG_006054,train
IMG_006055,test
IMG_006056,val
IMG_006057,val
IMG_006058,val
IMG_006059,val
IMG_006060,test
IMG_006061,val
IMG_006062,val
IMG_006063,val
IMG_006064,val
IMG_006065,val
IMG_006066,train
IMG_006067,val
IMG_006068,train
IMG_006069,train
IMG_006070,val
IMG_006071,val
IMG_006072,test
IMG_006073,val
IMG_006074,val
IMG_006075,val
IMG_006076,test
IMG_006077,test
IMG_006078,train
IMG_006079,val
IMG_006080,test
IMG_006081,train
IMG_006082,val
IMG_006083,test
IMG_006084,train
IMG_006085,val
IMG_006086,val
IMG_006087,test
IMG_006088,train
IMG_006089,train
IMG_006090,val
IMG_006091,train
IMG_006092,val
IMG_006093,test
IMG_006094,train
IMG_006095,val
IMG_006096,val
IMG_006097,test
IMG_006098,train
IMG_006099,test
IMG_006100,train
IMG_006101,train
IMG_006102,test
IMG_006103,test
IMG_006104,val
IMG_006105,train
IMG_006106,val
IMG_006107,val
IMG_006108,val
IMG_006109,train
IMG_006110,val
IMG_006111,val
IMG_006112,val
IMG_006113,train
IMG_006114,val
IMG_006115,train
IMG_006116,test
IMG_006117,val
IMG_006118,train
IMG_006119,train
IMG_006120,val
IMG_006121,test
IMG_006122,train
IMG_006123,val
IMG_006124,val
IMG_006125,train
IMG_006126,train
IMG_006127,train
IMG_006128,val
IMG_006129,train
IMG_006130,val
IMG_006131,train
IMG_006132,val
IMG_006133,train
IMG_006134,val
IMG_006135,val
IMG_006136,val
IMG_006137,test
IMG_006138,test
IMG_006139,val
IMG_006140,val
IMG_006141,val
IMG_006142,train
IMG_006143,test
IMG_006144,test
IMG_006145,val
IMG_006146,val
IMG_006147,train
IMG_006148,test
IMG_006149,train
IMG_006150,test
IMG_006151,train
IMG_006152,train
IMG_006153,val
IMG_006154,val
IMG_006155,val
IMG_006156,val
IMG_006157,train
IMG_006158,train
IMG_006159,train
IMG_006160,val
IMG_006161,test
IMG_006162,test
IMG_006163,train
IMG_006164,test
IMG_006165,test
IMG_006166,train
IMG_006167,test
IMG_006168,test
IMG_006169,test
IMG_006170,train
IMG_006171,val
IMG_006172,val
IMG_006173,val
IMG_006174,train
IMG_006175,test
IMG_006176,train
IMG_006177,val
IMG_006178,train
IMG_006179,train
IMG_006180,val
IMG_006181,train
IMG_006182,test
IMG_006183,val
IMG_006184,train
IMG_006185,test
IMG_006186,val
IMG_006187,val
IMG_006188,val
IMG_006189,train
IMG_006190,val
IMG_006191,train
IMG_006192,train
IMG_006193,test
IMG_006194,val
IMG_006195,train
IMG_006196,train
IMG_006197,val
IMG_006198,val
IMG_006199,train
IMG_006200,train
IMG_006201,val
IMG_006202,val
IMG_006203,val
IMG_006204,train
IMG_006205,val
IMG_006206,val
IMG_006207,test
IMG_006208,val
IMG_006209,val
IMG_006210,val
IMG_006211,val
IMG_006212,val
IMG_006213,test
IMG_006214,val
IMG_006215,test
IMG_006216,val
IMG_006217,test
IMG_006218,val
IMG_006219,val
IMG_006220,val
IMG_006221,val
IMG_006222,train
IMG_006223,val
IMG_006224,val
IMG_006225,val
IMG_006226,val
IMG_006227,val
IMG_006228,val
IMG_006229,test
IMG_006230,train
IMG_006231,val
IMG_006232,val
IMG_006233,val
IMG_006234,val
IMG_006235,test
IMG_006236,train
IMG_006237,test
IMG_006238,val
IMG_006239,val
IMG_006240,val
IMG_006241,train
IMG_006242,train
IMG_006243,train
IMG_006244,test
IMG_006245,test
IMG_006246,val
IMG_006247,val
IMG_006248,val
IMG_006249,train
IMG_006250,train
IMG_006251,val
IMG_006252,test
IMG_006253,train
IMG_006254,train
IMG_006255,train
IMG_006256,val
IMG_006257,val
IMG_006258,val
IMG_006259,val
IMG_006260,val
IMG_006261,val
IMG_006262,val
IMG_006263,test
IMG_006264,val
IMG_006265,val
IMG_006266,test
IMG_006267,train
IMG_006268,train
IMG_006269,test
IMG_006270,test
IMG_006271,val
IMG_006272,train
IMG_006273,test
IMG_006274,val
IMG_006275,test
IMG_006276,train
IMG_006277,test
IMG_006278,val
IMG_006279,train
IMG_006280,train
IMG_006281,train
IMG_006282,train
IMG_006283,val
IMG_006284,val
IMG_006285,train
IMG_006286,train
IMG_006287,val
IMG_006288,val
IMG_006289,val
IMG_006290,test
IMG_006291,val
IMG_006292,val
IMG_006293,val
IMG_006294,val
IMG_006295,train
IMG_006296,val
IMG_006297,val
IMG_006298,test
IMG_006299,train
IMG_006300,test
IMG_006301,train
IMG_006302,test
IMG_006303,val
IMG_006304,val
IMG_006305,val
IMG_006306,train
IMG_006307,train
IMG_006308,test
IMG_006309,val
IMG_006310,train
IMG_006311,test
IMG_006312,train
IMG_006313,val
IMG_006314,train
IMG_006315,train
IMG_006316,train
IMG_006317,test
IMG_006318,test
IMG_006319,val
IMG_006320,val
IMG_006321,train
IMG_006322,val
IMG_006323,train
IMG_006324,train
IMG_006325,train
IMG_006326,train
IMG_006327,val
IMG_006328,train
IMG_006329,train
IMG_006330,train
IMG_006331,train
IMG_006332,val
IMG_006333,val
IMG_006334,val
IMG_006335,test
IMG_006336,train
IMG_006337,val
IMG_006338,val
IMG_006339,train
IMG_006340,test
IMG_006341,train
IMG_006342,val
IMG_006343,test
IMG_006344,val
IMG_006345,test
IMG_006346,train
IMG_006347,test
IMG_006348,val
IMG_006349,train
IMG_006350,val
IMG_006351,train
IMG_006352,test
IMG_006353,train
IMG_006354,train
IMG_006355,test
IMG_006356,val
IMG_006357,train
IMG_006358,val
IMG_006359,train
IMG_006360,val
IMG_006361,val
IMG_006362,test
IMG_006363,val
IMG_006364,train
IMG_006365,train
IMG_006366,val
IMG_006367,train
IMG_006368,val
IMG_006369,val
IMG_006370,test
IMG_006371,val
IMG_006372,val
IMG_006373,train
IMG_006374,val
IMG_006375,test
IMG_006376,test
IMG_006377,train
IMG_006378,val
IMG_006379,train
IMG_006380,train
IMG_006381,test
IMG_006382,train
IMG_006383,test
IMG_006384,train
IMG_006385,test
IMG_006386,test
IMG_006387,train
IMG_006388,val
IMG_006389,val
IMG_006390,train
IMG_006391,test
IMG_006392,val
IMG_006393,val
IMG_006394,val
IMG_006395,val
IMG_006396,train
IMG_006397,train
IMG_006398,val
IMG_006399,val
IMG_006400,train
IMG_006401,val
IMG_006402,test
IMG_006403,test
IMG_006404,train
IMG_006405,val
IMG_006406,val
IMG_006407,train
IMG_006408,val
IMG_006409,val
IMG_006410,val
IMG_006411,val
IMG_006412,train
IMG_006413,val
IMG_006414,test
IMG_006415,train
IMG_006416,val
IMG_006417,train
IMG_006418,val
IMG_006419,test
IMG_006420,val
IMG_006421,val
IMG_006422,val
IMG_006423,val
IMG_006424,train
IMG_006425,train
IMG_006426,val
IMG_006427,val
IMG_006428,train
IMG_006429,val
IMG_006430,train
IMG_006431,test
IMG_006432,val
IMG_006433,val
IMG_006434,test
IMG_006435,val
IMG_006436,val
IMG_006437,test
IMG_006438,test
IMG_006439,val
IMG_006440,val
IMG_006441,val
IMG_006442,train
IMG_006443,val
IMG_006444,train
IMG_006445,val
IMG_006446,test
IMG_006447,val
IMG_006448,train
IMG_006449,train
IMG_006450,val
IMG_006451,val
IMG_006452,test
IMG_006453,val
IMG_006454,val
IMG_006455,test
IMG_006456,train
IMG_006457,train
IMG_006458,test
IMG_006459,train
IMG_006460,val
IMG_006461,test
IMG_006462,val
IMG_006463,val
IMG_006464,train
IMG_006465,test
IMG_006466,train
IMG_006467,val
IMG_006468,train
IMG_006469,train
IMG_006470,val
IMG_006471,train
IMG_006472,test
IMG_006473,train
IMG_006474,val
IMG_006475,train
IMG_006476,val
IMG_006477,val
IMG_006478,val
IMG_006479,val
IMG_006480,train
IMG_006481,train
IMG_006482,train
IMG_006483,train
IMG_006484,val
IMG_006485,val
IMG_006486,val
IMG_006487,test
IMG_006488,test
IMG_006489,train
IMG_006490,val
IMG_006491,train
IMG_006492,train
IMG_006493,val
IMG_006494,train
IMG_006495,train
IMG_006496,val
IMG_006497,train
IMG_006498,train
IMG_006499,val
IMG_006500,train
IMG_006501,train
IMG_006502,test
IMG_006503,train
IMG_006504,test
IMG_006505,train
IMG_006506,val
IMG_006507,val
IMG_006508,val
IMG_006509,train
IMG_006510,val
IMG_006511,val
IMG_006512,val
IMG_006513,val
IMG_006514,train
IMG_006515,val
IMG_006516,test
IMG_006517,val
IMG_006518,test
IMG_006519,test
IMG_006520,train
IMG_006521,test
IMG_006522,test
IMG_006523,test
IMG_006524,train
IMG_006525,val
IMG_006526,val
IMG_006527,train
IMG_006528,val
IMG_006529,train
IMG_006530,val
IMG_006531,val
IMG_006532,test
IMG_006533,test
IMG_006534,val
IMG_006535,val
IMG_006536,test
IMG_006537,val
IMG_006538,val
IMG_006539,train
IMG_006540,train
IMG_006541,val
IMG_006542,test
IMG_006543,train
IMG_006544,val
IMG_006545,val
IMG_006546,val
IMG_006547,val
IMG_006548,train
IMG_006549,train
IMG_006550,val
IMG_006551,test
IMG_006552,val
IMG_006553,val
IMG_006554,val
IMG_006555,test
IMG_006556,val
IMG_006557,val
IMG_006558,test
IMG_006559,train
IMG_006560,val
IMG_006561,test
IMG_006562,val
IMG_006563,train
IMG_006564,val
IMG_006565,test
IMG_006566,val
IMG_006567,test
IMG_006568,train
IMG_006569,train
IMG_006570,val
IMG_006571,test
IMG_006572,val
IMG_006573,val
IMG_006574,val
IMG_006575,val
IMG_006576,val
IMG_006577,train
IMG_006578,test
IMG_006579,train
IMG_006580,val
IMG_006581,val
IMG_006582,val
IMG_006583,test
IMG_006584,val
IMG_006585,val
IMG_006586,train
IMG_006587,train
IMG_006588,val
IMG_006589,train
IMG_006590,test
IMG_006591,train
IMG_006592,val
IMG_006593,val
IMG_006594,test
IMG_006595,val
IMG_006596,val
IMG_006597,train
IMG_006598,val
IMG_006599,train
IMG_006600,train
IMG_006601,test
IMG_006602,train
IMG_006603,val
IMG_006604,val
IMG_006605,val
IMG_006606,train
IMG_006607,train
IMG_006608,val
IMG_006609,val
IMG_006610,val
IMG_006611,val
IMG_006612,train
IMG_006613,val
IMG_006614,val
IMG_006615,train
IMG_006616,val
IMG_006617,test
IMG_006618,val
IMG_006619,test
IMG_006620,val
IMG_006621,test
IMG_006622,val
IMG_006623,train
IMG_006624,val
IMG_006625,train
IMG_006626,train
IMG_006627,test
IMG_006628,val
IMG_006629,train
IMG_006630,test
IMG_006631,test
IMG_006632,train
IMG_006633,train
IMG_006634,val
IMG_006635,val
IMG_006636,val
IMG_006637,val
IMG_006638,test
IMG_006639,val
IMG_006640,test
IMG_006641,train
IMG_006642,val
IMG_006643,test
IMG_006644,train
IMG_006645,train
IMG_006646,test
IMG_006647,train
IMG_006648,val
IMG_006649,val
IMG_006650,test
IMG_006651,val
IMG_006652,val
IMG_006653,train
IMG_006654,test
IMG_006655,val
IMG_006656,val
IMG_006657,val
IMG_006658,val
IMG_006659,val
IMG_006660,val
IMG_006661,test
IMG_006662,val
IMG_006663,train
IMG_006664,train
IMG_006665,val
IMG_006666,val
IMG_006667,val
IMG_006668,val
IMG_006669,train
IMG_006670,test
IMG_006671,train
IMG_006672,test
IMG_006673,train
IMG_006674,val
IMG_006675,val
IMG_006676,train
IMG_006677,train
IMG_006678,val
IMG_006679,val
IMG_006680,train
IMG_006681,val
IMG_006682,train
IMG_006683,train
IMG_006684,train
IMG_006685,test
IMG_006686,test
IMG_006687,test
IMG_006688,val
IMG_006689,train
IMG_006690,val
IMG_006691,val
IMG_006692,test
IMG_006693,val
IMG_006694,val
IMG_006695,test
IMG_006696,val
IMG_006697,val
IMG_006698,val
IMG_006699,test
IMG_006700,test
IMG_006701,train
IMG_006702,val
IMG_006703,val
IMG_006704,train
IMG_006705,val
IMG_006706,train
IMG_006707,val
IMG_006708,train
IMG_006709,val
IMG_006710,test
IMG_006711,test
IMG_006712,train
IMG_006713,train
IMG_006714,train
IMG_006715,val
IMG_006716,train
IMG_006717,train
IMG_006718,train
IMG_006719,train
IMG_006720,test
IMG_006721,val
IMG_006722,val
IMG_006723,val
IMG_006724,test
IMG_006725,val
IMG_006726,train
IMG_006727,val
IMG_006728,train
IMG_006729,val
IMG_006730,train
IMG_006731,train
IMG_006732,val
IMG_006733,val
IMG_006734,test
IMG_006735,test
IMG_006736,train
IMG_006737,train
IMG_006738,test
IMG_006739,val
IMG_006740,val
IMG_006741,val
IMG_006742,test
IMG_006743,train
IMG_006744,train
IMG_006745,test
IMG_006746,val
IMG_006747,val
IMG_006748,train
IMG_006749,test
IMG_006750,val
IMG_006751,val
IMG_006752,val
IMG_006753,test
IMG_006754,val
IMG_006755,val
IMG_006756,val
IMG_006757,val
IMG_006758,test
IMG_006759,test
IMG_006760,val
IMG_006761,train
IMG_006762,val
IMG_006763,test
IMG_006764,val
IMG_006765,val
IMG_006766,train
IMG_006767,train
IMG_006768,train
IMG_006769,val
IMG_006770,val
IMG_006771,test
IMG_006772,val
IMG_006773,val
IMG_006774,test
IMG_006775,train
IMG_006776,test
IMG_006777,test
IMG_006778,train
IMG_006779,val
IMG_006780,val
IMG_006781,test
IMG_006782,test
IMG_006783,val
IMG_006784,train
IMG_006785,val
IMG_006786,val
IMG_006787,test
IMG_006788,train
IMG_006789,train
IMG_006790,val
IMG_006791,train
IMG_006792,train
IMG_006793,train
IMG_006794,val
IMG_006795,val
IMG_006796,val
IMG_006797,test
IMG_006798,train
IMG_006799,val
IMG_006800,val
IMG_006801,test
IMG_006802,test
IMG_006803,train
IMG_006804,val
IMG_006805,val
IMG_006806,test
IMG_006807,val
IMG_006808,val
IMG_006809,test
IMG_006810,train
IMG_006811,train
IMG_006812,test
IMG_006813,val
IMG_006814,val
IMG_006815,test
IMG_006816,test
IMG_006817,test
IMG_006818,val
IMG_006819,train
IMG_006820,train
IMG_006821,train
IMG_006822,test
IMG_006823,test
IMG_006824,train
IMG_006825,val
IMG_006826,val
IMG_006827,val
IMG_006828,test
IMG_006829,train
IMG_006830,val
IMG_006831,val
IMG_006832,val
IMG_006833,val
IMG_006834,val
IMG_006835,val
IMG_006836,val
IMG_006837,val
IMG_006838,val
IMG_006839,val
IMG_006840,test
IMG_006841,train
IMG_006842,val
IMG_006843,val
IMG_006844,train
IMG_006845,train
IMG_006846,train
IMG_006847,val
IMG_006848,val
IMG_006849,train
IMG_006850,test
IMG_006851,test
IMG_006852,train
IMG_006853,val
IMG_006854,train
IMG_006855,train
IMG_006856,val
IMG_006857,val
IMG_006858,val
IMG_006859,test
IMG_006860,val
IMG_006861,test
IMG_006862,train
IMG_006863,train
IMG_006864,train
IMG_006865,test
IMG_006866,val
IMG_006867,val
IMG_006868,train
IMG_006869,test
IMG_006870,test
IMG_006871,train
IMG_006872,train
IMG_006873,test
IMG_006874,train
IMG_006875,val
IMG_006876,test
IMG_006877,val
IMG_006878,val
IMG_006879,test
IMG_006880,test
IMG_006881,val
IMG_006882,val
IMG_006883,test
IMG_006884,train
IMG_006885,val
IMG_006886,val
IMG_006887,val
IMG_006888,test
IMG_006889,train
IMG_006890,test
IMG_006891,val
IMG_006892,train
IMG_006893,val
IMG_006894,test
IMG_006895,train
IMG_006896,test
IMG_006897,val
IMG_006898,val
IMG_006899,val
IMG_006900,train
IMG_006901,train
IMG_006902,test
IMG_006903,val
IMG_006904,val
IMG_006905,test
IMG_006906,val
IMG_006907,test
IMG_006908,train
IMG_006909,test
IMG_006910,val
IMG_006911,test
IMG_006912,val
IMG_006913,test
IMG_006914,train
IMG_006915,val
IMG_006916,val
IMG_006917,val
IMG_006918,val
IMG_006919,val
IMG_006920,val
IMG_006921,train
IMG_006922,test
IMG_006923,val
IMG_006924,test
IMG_006925,val
IMG_006926,train
IMG_006927,val
IMG_006928,val
IMG_006929,train
IMG_006930,train
IMG_006931,train
IMG_006932,train
IMG_006933,test
IMG_006934,val
IMG_006935,test
IMG_006936,test
IMG_006937,val
IMG_006938,train
IMG_006939,val
IMG_006940,test
IMG_006941,train
IMG_006942,train
IMG_006943,val
IMG_006944,test
IMG_006945,train
IMG_006946,val
IMG_006947,train
IMG_006948,val
IMG_006949,train
IMG_006950,val
IMG_006951,train
IMG_006952,test
IMG_006953,val
IMG_006954,val
IMG_006955,val
IMG_006956,val
IMG_006957,val
IMG_006958,val
IMG_006959,train
IMG_006960,val
IMG_006961,train
IMG_006962,test
IMG_006963,val
IMG_006964,val
IMG_006965,train
IMG_006966,test
IMG_006967,val
IMG_006968,val
IMG_006969,train
IMG_006970,train
IMG_006971,val
IMG_006972,val
IMG_006973,train
IMG_006974,train
IMG_006975,train
IMG_006976,test
IMG_006977,val
IMG_006978,test
IMG_006979,train
IMG_006980,train
IMG_006981,val
IMG_006982,val
IMG_006983,val
IMG_006984,val
IMG_006985,train
IMG_006986,val
IMG_006987,val
IMG_006988,val
IMG_006989,val
IMG_006990,val
IMG_006991,val
IMG_006992,val
IMG_006993,val
IMG_006994,train
IMG_006995,train
IMG_006996,val
IMG_006997,train
IMG_006998,test
IMG_006999,train
IMG_007000,val
IMG_007001,val
IMG_007002,test
IMG_007003,val
IMG_007004,test
IMG_007005,val
IMG_007006,val
IMG_007007,test
IMG_007008,val
IMG_007009,val
IMG_007010,val
IMG_007011,val
IMG_007012,val
IMG_007013,train
IMG_007014,test
IMG_007015,train
IMG_007016,test
IMG_007017,test
IMG_007018,test
IMG_007019,test
IMG_007020,train
IMG_007021,val
IMG_007022,val
IMG_007023,val
IMG_007024,val
IMG_007025,train
IMG_007026,val
IMG_007027,val
IMG_007028,train
IMG_007029,val
IMG_007030,train
IMG_007031,val
IMG_007032,val
IMG_007033,test
IMG_007034,test
IMG_007035,val
IMG_007036,val
IMG_007037,val
IMG_007038,train
IMG_007039,train
IMG_007040,test
IMG_007041,test
IMG_007042,val
IMG_007043,train
IMG_007044,val
IMG_007045,val
IMG_007046,test
IMG_007047,train
IMG_007048,val
IMG_007049,train
IMG_007050,test
IMG_007051,train
IMG_007052,train
IMG_007053,val
IMG_007054,test
IMG_007055,train
IMG_007056,test
IMG_007057,val
IMG_007058,train
IMG_007059,val
IMG_007060,train
IMG_007061,train
IMG_007062,test
IMG_007063,val
IMG_007064,test
IMG_007065,train
IMG_007066,test
IMG_007067,train
IMG_007068,val
IMG_007069,train
IMG_007070,test
IMG_007071,train
IMG_007072,train
IMG_007073,train
IMG_007074,train
IMG_007075,test
IMG_007076,test
IMG_007077,val
IMG_007078,train
IMG_007079,test
IMG_007080,train
IMG_007081,val
IMG_007082,train
IMG_007083,val
IMG_007084,test
IMG_007085,val
IMG_007086,train
IMG_007087,val
IMG_007088,val
IMG_007089,train
IMG_007090,val
IMG_007091,test
IMG_007092,train
IMG_007093,val
IMG_007094,val
IMG_007095,test
IMG_007096,val
IMG_007097,val
IMG_007098,train
IMG_007099,val
IMG_007100,train
IMG_007101,train
IMG_007102,val
IMG_007103,train
IMG_007104,test
IMG_007105,val
IMG_007106,val
IMG_007107,val
IMG_007108,val
IMG_007109,train
IMG_007110,val
IMG_007111,val
IMG_007112,val
IMG_007113,val
IMG_007114,val
IMG_007115,val
IMG_007116,val
IMG_007117,val
IMG_007118,test
IMG_007119,train
IMG_007120,test
IMG_007121,val
IMG_007122,train
IMG_007123,train
IMG_007124,val
IMG_007125,val
IMG_007126,train
IMG_007127,train
IMG_007128,val
IMG_007129,val
IMG_007130,train
IMG_007131,val
IMG_007132,val
IMG_007133,train
IMG_007134,train
IMG_007135,val
IMG_007136,test
IMG_007137,test
IMG_007138,test
IMG_007139,test
IMG_007140,test
IMG_007141,val
IMG_007142,train
IMG_007143,test
IMG_007144,train
IMG_007145,val
IMG_007146,test
IMG_007147,train
IMG_007148,val
IMG_007149,val
IMG_007150,val
IMG_007151,val
IMG_007152,val
IMG_007153,val
IMG_007154,test
IMG_007155,val
IMG_007156,val
IMG_007157,train
IMG_007158,train
IMG_007159,train
IMG_007160,val
IMG_007161,test
IMG_007162,train
IMG_007163,val
IMG_007164,test
IMG_007165,train
IMG_007166,val
IMG_007167,train
IMG_007168,test
IMG_007169,train
IMG_007170,train
IMG_007171,val
IMG_007172,train
IMG_007173,val
IMG_007174,train
IMG_007175,test
IMG_007176,train
IMG_007177,train
IMG_007178,test
IMG_007179,val
IMG_007180,train
IMG_007181,train
IMG_007182,train
IMG_007183,val
IMG_007184,val
IMG_007185,train
IMG_007186,val
IMG_007187,test
IMG_007188,train
IMG_007189,test
IMG_007190,val
IMG_007191,train
IMG_007192,train
IMG_007193,val
IMG_007194,train
IMG_007195,val
IMG_007196,test
IMG_007197,val
IMG_007198,val
IMG_007199,test
IMG_007200,train
IMG_007201,train
IMG_007202,train
IMG_007203,train
IMG_007204,test
IMG_007205,test
IMG_007206,val
IMG_007207,train
IMG_007208,train
IMG_007209,val
IMG_007210,test
IMG_007211,test
IMG_007212,val
IMG_007213,train
IMG_007214,train
IMG_007215,val
IMG_007216,val
IMG_007217,val
IMG_007218,train
IMG_007219,train
IMG_007220,val
IMG_007221,val
IMG_007222,train
IMG_007223,test
IMG_007224,val
IMG_007225,val
IMG_007226,test
IMG_007227,train
IMG_007228,val
IMG_007229,test
IMG_007230,train
IMG_007231,train
IMG_007232,train
IMG_007233,val
IMG_007234,test
IMG_007235,test
IMG_007236,val
IMG_007237,train
IMG_007238,test
IMG_007239,test
IMG_007240,val
IMG_007241,val
IMG_007242,train
IMG_007243,test
IMG_007244,test
IMG_007245,val
IMG_007246,val
IMG_007247,train
IMG_007248,train
IMG_007249,test
IMG_007250,val
IMG_007251,val
IMG_007252,train
IMG_007253,test
IMG_007254,val
IMG_007255,train
IMG_007256,val
IMG_007257,train
IMG_007258,val
IMG_007259,val
IMG_007260,train
IMG_007261,val
IMG_007262,test
IMG_007263,test
IMG_007264,val
IMG_007265,val
IMG_007266,train
IMG_007267,test
IMG_007268,train
IMG_007269,val
IMG_007270,val
IMG_007271,val
IMG_007272,val
IMG_007273,val
IMG_007274,train
IMG_007275,test
IMG_007276,train
IMG_007277,train
IMG_007278,val
IMG_007279,val
IMG_007280,val
IMG_007281,val
IMG_007282,val
IMG_007283,train
IMG_007284,train
IMG_007285,train
IMG_007286,val
IMG_007287,val
IMG_007288,val
IMG_007289,val
IMG_007290,test
IMG_007291,val
IMG_007292,train
IMG_007293,test
IMG_007294,test
IMG_007295,train
IMG_007296,val
IMG_007297,val
IMG_007298,val
IMG_007299,val
IMG_007300,train
IMG_007301,val
IMG_007302,val
IMG_007303,train
IMG_007304,train
IMG_007305,val
IMG_007306,test
IMG_007307,train
IMG_007308,val
IMG_007309,val
IMG_007310,val
IMG_007311,test
IMG_007312,train
IMG_007313,val
IMG_007314,train
IMG_007315,val
IMG_007316,test
IMG_007317,train
IMG_007318,val
IMG_007319,val
IMG_007320,val
IMG_007321,train
IMG_007322,val
IMG_007323,val
IMG_007324,train
IMG_007325,val
IMG_007326,val
IMG_007327,train
IMG_007328,train
IMG_007329,test
IMG_007330,val
IMG_007331,val
IMG_007332,train
IMG_007333,train
IMG_007334,train
IMG_007335,val
IMG_007336,test
IMG_007337,val
IMG_007338,train
IMG_007339,test
IMG_007340,test
IMG_007341,val
IMG_007342,test
IMG_007343,train
IMG_007344,val
IMG_007345,val
IMG_007346,train
IMG_007347,val
IMG_007348,train
IMG_007349,train
IMG_007350,train
IMG_007351,val
IMG_007352,val
IMG_007353,val
IMG_007354,test
IMG_007355,train
IMG_007356,val
IMG_007357,val
IMG_007358,val
IMG_007359,val
IMG_007360,test
IMG_007361,train
IMG_007362,val
IMG_007363,test
IMG_007364,val
IMG_007365,val
IMG_007366,test
IMG_007367,val
IMG_007368,val
IMG_007369,train
IMG_007370,test
IMG_007371,val
IMG_007372,train
IMG_007373,train
IMG_007374,train
IMG_007375,val
IMG_007376,val
IMG_007377,test
IMG_007378,val
IMG_007379,val
IMG_007380,train
IMG_007381,val
IMG_007382,val
IMG_007383,test
IMG_007384,val
IMG_007385,train
IMG_007386,val
IMG_007387,val
IMG_007388,train
IMG_007389,test
IMG_007390,test
IMG_007391,train
IMG_007392,val
IMG_007393,train
IMG_007394,train
IMG_007395,train
IMG_007396,train
IMG_007397,val
IMG_007398,train
IMG_007399,val
IMG_007400,val
IMG_007401,val
IMG_007402,train
IMG_007403,test
IMG_007404,train
IMG_007405,val
IMG_007406,val
IMG_007407,val
IMG_007408,val
IMG_007409,train
IMG_007410,train
IMG_007411,test
IMG_007412,val
IMG_007413,test
IMG_007414,val
IMG_007415,val
IMG_007416,test
IMG_007417,test
IMG_007418,val
IMG_007419,test
IMG_007420,val
IMG_007421,val
IMG_007422,val
IMG_007423,train
IMG_007424,val
IMG_007425,val
IMG_007426,test
IMG_007427,val
IMG_007428,val
IMG_007429,train
IMG_007430,val
IMG_007431,val
IMG_007432,val
IMG_007433,test
IMG_007434,val
IMG_007435,test
IMG_007436,train
IMG_007437,test
IMG_007438,val
IMG_007439,train
IMG_007440,val
IMG_007441,test
IMG_007442,val
IMG_007443,train
IMG_007444,train
IMG_007445,val
IMG_007446,val
IMG_007447,train
IMG_007448,test
IMG_007449,val
IMG_007450,val
IMG_007451,val
IMG_007452,test
IMG_007453,val
IMG_007454,val
IMG_007455,train
IMG_007456,train
IMG_007457,val
IMG_007458,val
IMG_007459,test
IMG_007460,train
IMG_007461,test
IMG_007462,val
IMG_007463,val
IMG_007464,train
IMG_007465,val
IMG_007466,train
IMG_007467,val
IMG_007468,val
IMG_007469,train
IMG_007470,val
IMG_007471,train
IMG_007472,val
IMG_007473,val
IMG_007474,train
IMG_007475,val
IMG_007476,val
IMG_007477,val
IMG_007478,test
IMG_007479,train
IMG_007480,test
IMG_007481,test
IMG_007482,test
IMG_007483,val
IMG_007484,test
IMG_007485,val
IMG_007486,val
IMG_007487,train
IMG_007488,train
IMG_007489,test
IMG_007490,val
IMG_007491,val
IMG_007492,train
IMG_007493,train
IMG_007494,test
IMG_007495,val
IMG_007496,train
IMG_007497,train
IMG_007498,val
IMG_007499,train
IMG_007500,train
IMG_007501,train
IMG_007502,val
IMG_007503,val
IMG_007504,val
IMG_007505,val
IMG_007506,val
IMG_007507,val
IMG_007508,val
IMG_007509,train
IMG_007510,train
IMG_007511,train
IMG_007512,test
IMG_007513,val
IMG_007514,train
IMG_007515,val
IMG_007516,val
IMG_007517,val
IMG_007518,val
IMG_007519,test
IMG_007520,test
IMG_007521,train
IMG_007522,train
IMG_007523,train
IMG_007524,train
IMG_007525,test
IMG_007526,test
IMG_007527,train
IMG_007528,test
IMG_007529,train
IMG_007530,val
IMG_007531,train
IMG_007532,train
IMG_007533,test
IMG_007534,test
IMG_007535,val
IMG_007536,train
IMG_007537,test
IMG_007538,val
IMG_007539,test
IMG_007540,val
IMG_007541,train
IMG_007542,train
IMG_007543,val
IMG_007544,test
IMG_007545,train
IMG_007546,test
IMG_007547,val
IMG_007548,test
IMG_007549,train
IMG_007550,val
IMG_007551,val
IMG_007552,train
IMG_007553,test
IMG_007554,train
IMG_007555,train
IMG_007556,train
IMG_007557,val
IMG_007558,train
IMG_007559,val
IMG_007560,test
IMG_007561,train
IMG_007562,train
IMG_007563,test
IMG_007564,test
IMG_007565,val
IMG_007566,train
IMG_007567,val
IMG_007568,val
IMG_007569,test
IMG_007570,val
IMG_007571,val
IMG_007572,test
IMG_007573,val
IMG_007574,test
IMG_007575,val
IMG_007576,train
IMG_007577,train
IMG_007578,test
IMG_007579,val
IMG_007580,val
IMG_007581,val
IMG_007582,val
IMG_007583,val
IMG_007584,test
IMG_007585,val
IMG_007586,val
IMG_007587,val
IMG_007588,val
IMG_007589,train
IMG_007590,val
IMG_007591,test
IMG_007592,train
IMG_007593,val
IMG_007594,val
IMG_007595,val
IMG_007596,train
IMG_007597,train
IMG_007598,train
IMG_007599,test
IMG_007600,train
IMG_007601,train
IMG_007602,train
IMG_007603,val
IMG_007604,train
IMG_007605,test
IMG_007606,train
IMG_007607,train
IMG_007608,val
IMG_007609,val
IMG_007610,val
IMG_007611,val
IMG_007612,test
IMG_007613,test
IMG_007614,val
IMG_007615,test
IMG_007616,test
IMG_007617,train
IMG_007618,val
IMG_007619,val
IMG_007620,val
IMG_007621,val
IMG_007622,test
IMG_007623,train
IMG_007624,test
IMG_007625,train
IMG_007626,val
IMG_007627,val
IMG_007628,val
IMG_007629,val
IMG_007630,train
IMG_007631,train
IMG_007632,val
IMG_007633,train
IMG_007634,val
IMG_007635,train
IMG_007636,train
IMG_007637,test
IMG_007638,train
IMG_007639,train
IMG_007640,val
IMG_007641,train
IMG_007642,test
IMG_007643,test
IMG_007644,train
IMG_007645,train
IMG_007646,val
IMG_007647,train
IMG_007648,test
IMG_007649,val
IMG_007650,val
IMG_007651,train
IMG_007652,val
IMG_007653,val
IMG_007654,test
IMG_007655,val
IMG_007656,train
IMG_007657,val
IMG_007658,val
IMG_007659,train
IMG_007660,test
IMG_007661,test
IMG_007662,test
IMG_007663,train
IMG_007664,test
IMG_007665,train
IMG_007666,val
IMG_007667,test
IMG_007668,val
IMG_007669,train
IMG_007670,test
IMG_007671,test
IMG_007672,test
IMG_007673,test
IMG_007674,train
IMG_007675,val
IMG_007676,val
IMG_007677,val
IMG_007678,test
IMG_007679,val
IMG_007680,val
IMG_007681,val
IMG_007682,test
IMG_007683,test
IMG_007684,train
IMG_007685,test
IMG_007686,test
IMG_007687,test
IMG_007688,train
IMG_007689,train
IMG_007690,train
IMG_007691,val
IMG_007692,test
IMG_007693,val
IMG_007694,val
IMG_007695,val
IMG_007696,test
IMG_007697,train
IMG_007698,train
IMG_007699,test
IMG_007700,train
IMG_007701,test
IMG_007702,val
IMG_007703,val
IMG_007704,train
IMG_007705,val
IMG_007706,val
IMG_007707,val
IMG_007708,test
IMG_007709,val
IMG_007710,test
IMG_007711,val
IMG_007712,train
IMG_007713,val
IMG_007714,test
IMG_007715,val
IMG_007716,test
IMG_007717,test
IMG_007718,val
IMG_007719,train
IMG_007720,val
IMG_007721,val
IMG_007722,train
IMG_007723,val
IMG_007724,val
IMG_007725,train
IMG_007726,test
IMG_007727,train
IMG_007728,train
IMG_007729,val
IMG_007730,train
IMG_007731,val
IMG_007732,test
IMG_007733,val
IMG_007734,test
IMG_007735,train
IMG_007736,test
IMG_007737,val
IMG_007738,val
IMG_007739,train
IMG_007740,test
IMG_007741,val
IMG_007742,val
IMG_007743,val
IMG_007744,train
IMG_007745,val
IMG_007746,val
IMG_007747,train
IMG_007748,val
IMG_007749,val
IMG_007750,train
IMG_007751,train
IMG_007752,val
IMG_007753,test
IMG_007754,val
IMG_007755,train
IMG_007756,test
IMG_007757,val
IMG_007758,test
IMG_007759,train
IMG_007760,test
IMG_007761,val
IMG_007762,val
IMG_007763,train
IMG_007764,train
IMG_007765,test
IMG_007766,train
IMG_007767,val
IMG_007768,train
IMG_007769,val
IMG_007770,test
IMG_007771,val
IMG_007772,val
IMG_007773,val
IMG_007774,val
IMG_007775,train
IMG_007776,val
IMG_007777,test
IMG_007778,val
IMG_007779,val
IMG_007780,val
IMG_007781,val
IMG_007782,val
IMG_007783,val
IMG_007784,val
IMG_007785,val
IMG_007786,test
IMG_007787,val
IMG_007788,val
IMG_007789,val
IMG_007790,train
IMG_007791,train
IMG_007792,test
IMG_007793,train
IMG_007794,val
IMG_007795,val
IMG_007796,train
IMG_007797,val
IMG_007798,val
IMG_007799,train
IMG_007800,test
IMG_007801,val
IMG_007802,test
IMG_007803,train
IMG_007804,val
IMG_007805,train
IMG_007806,val
IMG_007807,train
IMG_007808,val
IMG_007809,val
IMG_007810,val
IMG_007811,val
IMG_007812,val
IMG_007813,val
IMG_007814,test
IMG_007815,val
IMG_007816,train
IMG_007817,val
IMG_007818,train
IMG_007819,train
IMG_007820,train
IMG_007821,val
IMG_007822,test
IMG_007823,train
IMG_007824,train
IMG_007825,train
IMG_007826,val
IMG_007827,test
IMG_007828,train
IMG_007829,train
IMG_007830,test
IMG_007831,train
IMG_007832,val
IMG_007833,train
IMG_007834,train
IMG_007835,val
IMG_007836,train
IMG_007837,test
IMG_007838,test
IMG_007839,train
IMG_007840,val
IMG_007841,test
IMG_007842,train
IMG_007843,train
IMG_007844,val
IMG_007845,test
IMG_007846,val
IMG_007847,val
IMG_007848,train
IMG_007849,val
IMG_007850,val
IMG_007851,train
IMG_007852,test
IMG_007853,test
IMG_007854,test
IMG_007855,test
IMG_007856,val
IMG_007857,test
IMG_007858,train
IMG_007859,train
IMG_007860,test
IMG_007861,val
IMG_007862,test
IMG_007863,val
IMG_007864,test
IMG_007865,val
IMG_007866,test
IMG_007867,val
IMG_007868,val
IMG_007869,val
IMG_007870,test
IMG_007871,train
IMG_007872,train
IMG_007873,train
IMG_007874,train
IMG_007875,train
IMG_007876,test
IMG_007877,val
IMG_007878,train
IMG_007879,train
IMG_007880,val
IMG_007881,test
IMG_007882,train
IMG_007883,val
IMG_007884,val
IMG_007885,val
IMG_007886,test
IMG_007887,test
IMG_007888,val
IMG_007889,train
IMG_007890,test
IMG_007891,val
IMG_007892,val
IMG_007893,train
IMG_007894,train
IMG_007895,train
IMG_007896,test
IMG_007897,test
IMG_007898,val
IMG_007899,val
IMG_007900,val
IMG_007901,train
IMG_007902,test
IMG_007903,val
IMG_007904,val
IMG_007905,val
IMG_007906,val
IMG_007907,val
IMG_007908,val
IMG_007909,test
IMG_007910,val
IMG_007911,train
IMG_007912,test
IMG_007913,train
IMG_007914,test
IMG_007915,val
IMG_007916,val
IMG_007917,val
IMG_007918,train
IMG_007919,test
IMG_007920,val
IMG_007921,train
IMG_007922,train
IMG_007923,train
IMG_007924,test
IMG_007925,val
IMG_007926,val
IMG_007927,val
IMG_007928,val
IMG_007929,val
IMG_007930,train
IMG_007931,val
IMG_007932,val
IMG_007933,test
IMG_007934,train
IMG_007935,test
IMG_007936,val
IMG_007937,test
IMG_007938,test
IMG_007939,train
IMG_007940,val
IMG_007941,test
IMG_007942,val
IMG_007943,train
IMG_007944,val
IMG_007945,val
IMG_007946,val
IMG_007947,train
IMG_007948,test
IMG_007949,train
IMG_007950,val
IMG_007951,test
IMG_007952,test
IMG_007953,train
IMG_007954,test
IMG_007955,test
IMG_007956,test
IMG_007957,train
IMG_007958,val
IMG_007959,val
IMG_007960,test
IMG_007961,val
IMG_007962,val
IMG_007963,test
IMG_007964,val
IMG_007965,test
IMG_007966,train
IMG_007967,val
IMG_007968,val
IMG_007969,val
IMG_007970,train
IMG_007971,train
IMG_007972,val
IMG_007973,val
IMG_007974,val
IMG_007975,train
IMG_007976,val
IMG_007977,val
IMG_007978,test
IMG_007979,val
IMG_007980,val
IMG_007981,train
IMG_007982,test
IMG_007983,test
IMG_007984,test
IMG_007985,test
IMG_007986,test
IMG_007987,train
IMG_007988,val
IMG_007989,val
IMG_007990,test
IMG_007991,val
IMG_007992,val
IMG_007993,train
IMG_007994,test
IMG_007995,train
IMG_007996,train
IMG_007997,test
IMG_007998,train
IMG_007999,train
IMG_008000,train
IMG_008001,train
IMG_008002,val
IMG_008003,train
IMG_008004,train
IMG_008005,val
IMG_008006,train
IMG_008007,val
IMG_008008,val
IMG_008009,test
IMG_008010,test
IMG_008011,train
IMG_008012,train
IMG_008013,val
IMG_008014,test
IMG_008015,val
IMG_008016,train
IMG_008017,train
IMG_008018,train
IMG_008019,train
IMG_008020,val
IMG_008021,train
IMG_008022,val
IMG_008023,train
IMG_008024,val
IMG_008025,val
IMG_008026,val
IMG_008027,train
IMG_008028,train
IMG_008029,val
IMG_008030,val
IMG_008031,test
IMG_008032,train
IMG_008033,test
IMG_008034,val
IMG_008035,test
IMG_008036,test
IMG_008037,train
IMG_008038,test
IMG_008039,train
IMG_008040,train
IMG_008041,val
IMG_008042,val
IMG_008043,train
IMG_008044,train
IMG_008045,val
IMG_008046,test
IMG_008047,train
IMG_008048,val
IMG_008049,val
IMG_008050,test
IMG_008051,val
IMG_008052,val
IMG_008053,val
IMG_008054,val
IMG_008055,val
IMG_008056,train
IMG_008057,val
IMG_008058,test
IMG_008059,test
IMG_008060,train
IMG_008061,train
IMG_008062,val
IMG_008063,val
IMG_008064,train
IMG_008065,val
IMG_008066,val
IMG_008067,test
IMG_008068,test
IMG_008069,train
IMG_008070,train
IMG_008071,val
IMG_008072,train
IMG_008073,val
IMG_008074,train
IMG_008075,val
IMG_008076,train
IMG_008077,train
IMG_008078,val
IMG_008079,test
IMG_008080,train
IMG_008081,val
IMG_008082,val
IMG_008083,train
IMG_008084,test
IMG_008085,train
IMG_008086,val
IMG_008087,val
IMG_008088,test
IMG_008089,test
IMG_008090,val
IMG_008091,train
IMG_008092,val
IMG_008093,test
IMG_008094,train
IMG_008095,val
IMG_008096,train
IMG_008097,val
IMG_008098,train
IMG_008099,val
IMG_008100,train
IMG_008101,val
IMG_008102,train
IMG_008103,val
IMG_008104,train
IMG_008105,train
IMG_008106,train
IMG_008107,val
IMG_008108,val
IMG_008109,train
IMG_008110,test
IMG_008111,val
IMG_008112,test
IMG_008113,train
IMG_008114,val
IMG_008115,train
IMG_008116,test
IMG_008117,test
IMG_008118,val
IMG_008119,train
IMG_008120,train
IMG_008121,train
IMG_008122,val
IMG_008123,train
IMG_008124,val
IMG_008125,val
IMG_008126,train
IMG_008127,test
IMG_008128,train
IMG_008129,train
IMG_008130,val
IMG_008131,val
IMG_008132,train
IMG_008133,train
IMG_008134,val
IMG_008135,test
IMG_008136,val
IMG_008137,val
IMG_008138,train
IMG_008139,val
IMG_008140,train
IMG_008141,test
IMG_008142,train
IMG_008143,test
IMG_008144,val
IMG_008145,val
IMG_008146,val
IMG_008147,train
IMG_008148,train
IMG_008149,test
IMG_008150,val
IMG_008151,test
IMG_008152,train
IMG_008153,train
IMG_008154,test
IMG_008155,train
IMG_008156,val
IMG_008157,val
IMG_008158,val
IMG_008159,train
IMG_008160,train
IMG_008161,train
IMG_008162,val
IMG_008163,val
IMG_008164,train
IMG_008165,test
IMG_008166,train
IMG_008167,val
IMG_008168,test
IMG_008169,test
IMG_008170,val
IMG_008171,val
IMG_008172,train
IMG_008173,train
IMG_008174,test
IMG_008175,train
IMG_008176,train
IMG_008177,val
IMG_008178,test
IMG_008179,val
IMG_008180,val
IMG_008181,val
IMG_008182,train
IMG_008183,train
IMG_008184,val
IMG_008185,train
IMG_008186,test
IMG_008187,train
IMG_008188,train
IMG_008189,train
IMG_008190,train
IMG_008191,val
IMG_008192,val
IMG_008193,val
IMG_008194,test
IMG_008195,val
IMG_008196,val
IMG_008197,test
IMG_008198,train
IMG_008199,test
IMG_008200,train
IMG_008201,test
IMG_008202,val
IMG_008203,train
IMG_008204,val
IMG_008205,val
IMG_008206,train
IMG_008207,train
IMG_008208,val
IMG_008209,train
IMG_008210,test
IMG_008211,test
IMG_008212,train
IMG_008213,test
IMG_008214,test
IMG_008215,train
IMG_008216,val
IMG_008217,val
IMG_008218,val
IMG_008219,val
IMG_008220,train
IMG_008221,train
IMG_008222,test
IMG_008223,train
IMG_008224,val
IMG_008225,test
IMG_008226,val
IMG_008227,val
IMG_008228,val
IMG_008229,test
IMG_008230,val
IMG_008231,train
IMG_008232,train
IMG_008233,val
IMG_008234,val
IMG_008235,val
IMG_008236,train
IMG_008237,test
IMG_008238,val
IMG_008239,train
IMG_008240,val
IMG_008241,val
IMG_008242,test
IMG_008243,val
IMG_008244,val
IMG_008245,val
IMG_008246,train
IMG_008247,train
IMG_008248,train
IMG_008249,train
IMG_008250,train
IMG_008251,val
IMG_008252,train
IMG_008253,train
IMG_008254,val
IMG_008255,train
IMG_008256,val
IMG_008257,train
IMG_008258,val
IMG_008259,val
IMG_008260,val
IMG_008261,test
IMG_008262,test
IMG_008263,train
IMG_008264,train
IMG_008265,train
IMG_008266,val
IMG_008267,train
IMG_008268,val
IMG_008269,train
IMG_008270,train
IMG_008271,train
IMG_008272,val
IMG_008273,val
IMG_008274,train
IMG_008275,val
IMG_008276,train
IMG_008277,val
IMG_008278,train
IMG_008279,val
IMG_008280,val
IMG_008281,train
IMG_008282,val
IMG_008283,val
IMG_008284,train
IMG_008285,test
IMG_008286,test
IMG_008287,train
IMG_008288,val
IMG_008289,val
IMG_008290,test
IMG_008291,train
IMG_008292,train
IMG_008293,test
IMG_008294,train
IMG_008295,val
IMG_008296,val
IMG_008297,train
IMG_008298,val
IMG_008299,val
IMG_008300,train
IMG_008301,val
IMG_008302,val
IMG_008303,test
IMG_008304,val
IMG_008305,val
IMG_008306,val
IMG_008307,test
IMG_008308,train
IMG_008309,train
IMG_008310,train
IMG_008311,val
IMG_008312,test
IMG_008313,val
IMG_008314,test
IMG_008315,train
IMG_008316,train
IMG_008317,val
IMG_008318,val
IMG_008319,val
IMG_008320,val
IMG_008321,val
IMG_008322,val
IMG_008323,train
IMG_008324,test
IMG_008325,val
IMG_008326,val
IMG_008327,test
IMG_008328,val
IMG_008329,train
IMG_008330,train
IMG_008331,val
IMG_008332,train
IMG_008333,val
IMG_008334,test
IMG_008335,val
IMG_008336,train
IMG_008337,val
IMG_008338,train
IMG_008339,train
IMG_008340,val
IMG_008341,val
IMG_008342,val
IMG_008343,val
IMG_008344,val
IMG_008345,val
IMG_008346,train
IMG_008347,test
IMG_008348,train
IMG_008349,train
IMG_008350,val
IMG_008351,val
IMG_008352,train
IMG_008353,train
IMG_008354,val
IMG_008355,val
IMG_008356,val
IMG_008357,train
IMG_008358,train
IMG_008359,train
IMG_008360,train
IMG_008361,test
IMG_008362,val
IMG_008363,test
IMG_008364,test
IMG_008365,train
IMG_008366,train
IMG_008367,test
IMG_008368,train
IMG_008369,train
IMG_008370,train
IMG_008371,val
IMG_008372,val
IMG_008373,test
IMG_008374,test
IMG_008375,val
IMG_008376,val
IMG_008377,val
IMG_008378,val
IMG_008379,val
IMG_008380,test
IMG_008381,train
IMG_008382,val
IMG_008383,train
IMG_008384,test
IMG_008385,train
IMG_008386,train
IMG_008387,train
IMG_008388,train
IMG_008389,train
IMG_008390,test
IMG_008391,test
IMG_008392,val
IMG_008393,train
IMG_008394,train
IMG_008395,val
IMG_008396,train
IMG_008397,val
IMG_008398,train
IMG_008399,val
IMG_008400,train
IMG_008401,test
IMG_008402,val
IMG_008403,test
IMG_008404,train
IMG_008405,val
IMG_008406,val
IMG_008407,train
IMG_008408,test
IMG_008409,val
IMG_008410,val
IMG_008411,test
IMG_008412,val
IMG_008413,test
IMG_008414,test
IMG_008415,val
IMG_008416,train
IMG_008417,val
IMG_008418,val
IMG_008419,val
IMG_008420,test
IMG_008421,train
IMG_008422,val
IMG_008423,train
IMG_008424,val
IMG_008425,val
IMG_008426,val
IMG_008427,train
IMG_008428,test
IMG_008429,train
IMG_008430,test
IMG_008431,train
IMG_008432,test
IMG_008433,val
IMG_008434,train
IMG_008435,train
IMG_008436,train
IMG_008437,val
IMG_008438,test
IMG_008439,test
IMG_008440,train
IMG_008441,val
IMG_008442,train
IMG_008443,val
IMG_008444,train
IMG_008445,test
IMG_008446,test
IMG_008447,train
IMG_008448,train
IMG_008449,val
IMG_008450,test
IMG_008451,val
IMG_008452,val
IMG_008453,val
IMG_008454,val
IMG_008455,val
IMG_008456,val
IMG_008457,test
IMG_008458,val
IMG_008459,train
IMG_008460,test
IMG_008461,train
IMG_008462,test
IMG_008463,test
IMG_008464,train
IMG_008465,val
IMG_008466,test
IMG_008467,train
IMG_008468,val
IMG_008469,train
IMG_008470,train
IMG_008471,test
IMG_008472,train
IMG_008473,val
IMG_008474,test
IMG_008475,train
IMG_008476,val
IMG_008477,val
IMG_008478,train
IMG_008479,train
IMG_008480,val
IMG_008481,val
IMG_008482,val
IMG_008483,train
IMG_008484,val
IMG_008485,test
IMG_008486,val
IMG_008487,train
IMG_008488,test
IMG_008489,val
IMG_008490,val
IMG_008491,val
IMG_008492,test
IMG_008493,train
IMG_008494,train
IMG_008495,val
IMG_008496,val
IMG_008497,train
IMG_008498,train
IMG_008499,train
IMG_008500,test
IMG_008501,val
IMG_008502,test
IMG_008503,test
IMG_008504,val
IMG_008505,val
IMG_008506,train
IMG_008507,val
IMG_008508,val
IMG_008509,val
IMG_008510,test
IMG_008511,val
IMG_008512,test
IMG_008513,train
IMG_008514,val
IMG_008515,val
IMG_008516,train
IMG_008517,test
IMG_008518,val
IMG_008519,train
IMG_008520,val
IMG_008521,train
IMG_008522,train
IMG_008523,val
IMG_008524,test
IMG_008525,train
IMG_008526,train
IMG_008527,test
IMG_008528,test
IMG_008529,val
IMG_008530,train
IMG_008531,val
IMG_008532,train
IMG_008533,val
IMG_008534,val
IMG_008535,train
IMG_008536,test
IMG_008537,val
IMG_008538,test
IMG_008539,train
IMG_008540,val
IMG_008541,val
IMG_008542,val
IMG_008543,train
IMG_008544,train
IMG_008545,val
IMG_008546,test
IMG_008547,train
IMG_008548,test
IMG_008549,val
IMG_008550,val
IMG_008551,val
IMG_008552,val
IMG_008553,val
IMG_008554,val
IMG_008555,train
IMG_008556,val
IMG_008557,test
IMG_008558,test
IMG_008559,val
IMG_008560,val
IMG_008561,train
IMG_008562,val
IMG_008563,val
IMG_008564,test
IMG_008565,train
IMG_008566,train
IMG_008567,train
IMG_008568,val
IMG_008569,val
IMG_008570,val
IMG_008571,train
IMG_008572,train
IMG_008573,val
IMG_008574,val
IMG_008575,test
IMG_008576,val
IMG_008577,val
IMG_008578,train
IMG_008579,test
IMG_008580,test
IMG_008581,val
IMG_008582,val
IMG_008583,train
IMG_008584,val
IMG_008585,test
IMG_008586,val
IMG_008587,train
IMG_008588,val
IMG_008589,train
IMG_008590,val
IMG_008591,train
IMG_008592,val
IMG_008593,train
IMG_008594,test
IMG_008595,val
IMG_008596,val
IMG_008597,val
IMG_008598,train
IMG_008599,train
IMG_008600,val
IMG_008601,test
IMG_008602,train
IMG_008603,train
IMG_008604,test
IMG_008605,train
IMG_008606,val
IMG_008607,train
IMG_008608,val
IMG_008609,val
IMG_008610,val
IMG_008611,val
IMG_008612,train
IMG_008613,val
IMG_008614,train
IMG_008615,val
IMG_008616,train
IMG_008617,test
IMG_008618,val
IMG_008619,val
IMG_008620,test
IMG_008621,train
IMG_008622,train
IMG_008623,val
IMG_008624,test
IMG_008625,test
IMG_008626,test
IMG_008627,train
IMG_008628,train
IMG_008629,test
IMG_008630,train
IMG_008631,test
IMG_008632,val
IMG_008633,val
IMG_008634,train
IMG_008635,val
IMG_008636,train
IMG_008637,val
IMG_008638,train
IMG_008639,test
IMG_008640,train
IMG_008641,test
IMG_008642,val
IMG_008643,test
IMG_008644,train
IMG_008645,val
IMG_008646,val
IMG_008647,val
IMG_008648,val
IMG_008649,train
IMG_008650,test
IMG_008651,val
IMG_008652,test
IMG_008653,val
IMG_008654,test
IMG_008655,train
IMG_008656,val
IMG_008657,train
IMG_008658,test
IMG_008659,train
IMG_008660,val
IMG_008661,train
IMG_008662,test
IMG_008663,val
IMG_008664,train
IMG_008665,val
IMG_008666,val
IMG_008667,train
IMG_008668,test
IMG_008669,val
IMG_008670,train
IMG_008671,val
IMG_008672,train
IMG_008673,val
IMG_008674,train
IMG_008675,train
IMG_008676,test
IMG_008677,test
IMG_008678,test
IMG_008679,test
IMG_008680,test
IMG_008681,test
IMG_008682,train
IMG_008683,val
IMG_008684,train
IMG_008685,train
IMG_008686,val
IMG_008687,train
IMG_008688,val
IMG_008689,val
IMG_008690,val
IMG_008691,val
IMG_008692,test
IMG_008693,test
IMG_008694,test
IMG_008695,train
IMG_008696,test
IMG_008697,val
IMG_008698,train
IMG_008699,val
IMG_008700,test
IMG_008701,test
IMG_008702,train
IMG_008703,val
IMG_008704,val
IMG_008705,val
IMG_008706,test
IMG_008707,test
IMG_008708,val
IMG_008709,val
IMG_008710,train
IMG_008711,train
IMG_008712,train
IMG_008713,train
IMG_008714,val
IMG_008715,train
IMG_008716,test
IMG_008717,val
IMG_008718,val
IMG_008719,val
IMG_008720,val
IMG_008721,train
IMG_008722,test
IMG_008723,val
IMG_008724,train
IMG_008725,train
IMG_008726,val
IMG_008727,test
IMG_008728,train
IMG_008729,test
IMG_008730,train
IMG_008731,val
IMG_008732,val
IMG_008733,train
IMG_008734,val
IMG_008735,train
IMG_008736,train
IMG_008737,val
IMG_008738,val
IMG_008739,val
IMG_008740,val
IMG_008741,test
IMG_008742,val
IMG_008743,val
IMG_008744,train
IMG_008745,test
IMG_008746,train
IMG_008747,val
IMG_008748,val
IMG_008749,val
IMG_008750,val
IMG_008751,val
IMG_008752,train
IMG_008753,val
IMG_008754,train
IMG_008755,train
IMG_008756,val
IMG_008757,train
IMG_008758,val
IMG_008759,val
IMG_008760,val
IMG_008761,test
IMG_008762,val
IMG_008763,test
IMG_008764,train
IMG_008765,val
IMG_008766,train
IMG_008767,val
IMG_008768,train
IMG_008769,val
IMG_008770,val
IMG_008771,val
IMG_008772,train
IMG_008773,test
IMG_008774,test
IMG_008775,test
IMG_008776,train
IMG_008777,val
IMG_008778,val
IMG_008779,train
IMG_008780,train
IMG_008781,val
IMG_008782,train
IMG_008783,train
IMG_008784,val
IMG_008785,test
IMG_008786,test
IMG_008787,test
IMG_008788,test
IMG_008789,train
IMG_008790,train
IMG_008791,train
IMG_008792,val
IMG_008793,train
IMG_008794,train
IMG_008795,val
IMG_008796,train
IMG_008797,val
IMG_008798,test
IMG_008799,test
IMG_008800,test
IMG_008801,val
IMG_008802,train
IMG_008803,val
IMG_008804,test
IMG_008805,val
IMG_008806,val
IMG_008807,train
IMG_008808,val
IMG_008809,val
IMG_008810,val
IMG_008811,val
IMG_008812,train
IMG_008813,val
IMG_008814,val
IMG_008815,val
IMG_008816,test
IMG_008817,val
IMG_008818,train
IMG_008819,train
IMG_008820,val
IMG_008821,val
IMG_008822,test
IMG_008823,train
IMG_008824,val
IMG_008825,test
IMG_008826,val
IMG_008827,train
IMG_008828,val
IMG_008829,train
IMG_008830,val
IMG_008831,test
IMG_008832,val
IMG_008833,test
IMG_008834,val
IMG_008835,test
IMG_008836,val
IMG_008837,train
IMG_008838,test
IMG_008839,val
IMG_008840,val
IMG_008841,val
IMG_008842,test
IMG_008843,test
IMG_008844,test
IMG_008845,val
IMG_008846,train
IMG_008847,test
IMG_008848,test
IMG_008849,val
IMG_008850,val
IMG_008851,val
IMG_008852,val
IMG_008853,val
IMG_008854,val
IMG_008855,train
IMG_008856,val
IMG_008857,val
IMG_008858,train
IMG_008859,train
IMG_008860,val
IMG_008861,test
IMG_008862,train
IMG_008863,test
IMG_008864,val
IMG_008865,test
IMG_008866,val
IMG_008867,val
IMG_008868,test
IMG_008869,train
IMG_008870,train
IMG_008871,val
IMG_008872,test
IMG_008873,test
IMG_008874,train
IMG_008875,val
IMG_008876,val
IMG_008877,train
IMG_008878,train
IMG_008879,train
IMG_008880,train
IMG_008881,test
IMG_008882,val
IMG_008883,test
IMG_008884,train
IMG_008885,val
IMG_008886,train
IMG_008887,val
IMG_008888,val
IMG_008889,train
IMG_008890,val
IMG_008891,test
IMG_008892,test
IMG_008893,val
IMG_008894,val
IMG_008895,val
IMG_008896,train
IMG_008897,test
IMG_008898,train
IMG_008899,val
IMG_008900,test
IMG_008901,test
IMG_008902,train
IMG_008903,train
IMG_008904,train
IMG_008905,val
IMG_008906,train
IMG_008907,train
IMG_008908,val
IMG_008909,train
IMG_008910,test
IMG_008911,val
IMG_008912,val
IMG_008913,test
IMG_008914,test
IMG_008915,test
IMG_008916,test
IMG_008917,train
IMG_008918,val
IMG_008919,test
IMG_008920,test
IMG_008921,val
IMG_008922,val
IMG_008923,val
IMG_008924,train
IMG_008925,train
IMG_008926,train
IMG_008927,train
IMG_008928,val
IMG_008929,test
IMG_008930,val
IMG_008931,val
IMG_008932,val
IMG_008933,val
IMG_008934,train
IMG_008935,val
IMG_008936,val
IMG_008937,test
IMG_008938,val
IMG_008939,train
IMG_008940,val
IMG_008941,test
IMG_008942,train
IMG_008943,train
IMG_008944,test
IMG_008945,train
IMG_008946,train
IMG_008947,val
IMG_008948,train
IMG_008949,train
IMG_008950,val
IMG_008951,val
IMG_008952,val
IMG_008953,train
IMG_008954,test
IMG_008955,val
IMG_008956,val
IMG_008957,train
IMG_008958,test
IMG_008959,val
IMG_008960,test
IMG_008961,train
IMG_008962,train
IMG_008963,test
IMG_008964,val
IMG_008965,val
IMG_008966,train
IMG_008967,test
IMG_008968,train
IMG_008969,test
IMG_008970,val
IMG_008971,val
IMG_008972,val
IMG_008973,train
IMG_008974,val
IMG_008975,test
IMG_008976,test
IMG_008977,train
IMG_008978,test
IMG_008979,val
IMG_008980,val
IMG_008981,train
IMG_008982,val
IMG_008983,val
IMG_008984,test
IMG_008985,train
IMG_008986,test
IMG_008987,train
IMG_008988,test
IMG_008989,val
IMG_008990,val
IMG_008991,test
IMG_008992,val
IMG_008993,val
IMG_008994,train
IMG_008995,test
IMG_008996,test
IMG_008997,train
IMG_008998,val
IMG_008999,val
IMG_009000,train
IMG_009001,val
IMG_009002,test
IMG_009003,val
IMG_009004,test
IMG_009005,train
IMG_009006,val
IMG_009007,val
IMG_009008,test
IMG_009009,test
IMG_009010,test
IMG_009011,test
IMG_009012,val
IMG_009013,train
IMG_009014,train
IMG_009015,test
IMG_009016,train
IMG_009017,test
IMG_009018,val
IMG_009019,test
IMG_009020,test
IMG_009021,val
IMG_009022,val
IMG_009023,test
IMG_009024,val
IMG_009025,val
IMG_009026,test
IMG_009027,train
IMG_009028,val
IMG_009029,val
IMG_009030,train
IMG_009031,val
IMG_009032,test
IMG_009033,val
IMG_009034,val
IMG_009035,train
IMG_009036,val
IMG_009037,train
IMG_009038,val
IMG_009039,val
IMG_009040,val
IMG_009041,val
IMG_009042,val
IMG_009043,val
IMG_009044,train
IMG_009045,val
IMG_009046,train
IMG_009047,train
IMG_009048,test
IMG_009049,train
IMG_009050,val
IMG_009051,train
IMG_009052,val
IMG_009053,val
IMG_009054,val
IMG_009055,val
IMG_009056,val
IMG_009057,val
IMG_009058,train
IMG_009059,val
IMG_009060,val
IMG_009061,val
IMG_009062,train
IMG_009063,test
IMG_009064,train
IMG_009065,val
IMG_009066,val
IMG_009067,train
IMG_009068,val
IMG_009069,val
IMG_009070,train
IMG_009071,test
IMG_009072,val
IMG_009073,val
IMG_009074,train
IMG_009075,val
IMG_009076,val
IMG_009077,test
IMG_009078,test
IMG_009079,test
IMG_009080,val
IMG_009081,val
IMG_009082,val
IMG_009083,train
IMG_009084,test
IMG_009085,val
IMG_009086,val
IMG_009087,val
IMG_009088,val
IMG_009089,test
IMG_009090,train
IMG_009091,train
IMG_009092,val
IMG_009093,train
IMG_009094,val
IMG_009095,test
IMG_009096,val
IMG_009097,train
IMG_009098,val
IMG_009099,val
IMG_009100,val
IMG_009101,val
IMG_009102,test
IMG_009103,train
IMG_009104,val
IMG_009105,val
IMG_009106,train
IMG_009107,test
IMG_009108,val
IMG_009109,test
IMG_009110,train
IMG_009111,val
IMG_009112,train
IMG_009113,train
IMG_009114,test
IMG_009115,val
IMG_009116,val
IMG_009117,val
IMG_009118,val
IMG_009119,train
IMG_009120,test
IMG_009121,test
IMG_009122,train
IMG_009123,val
IMG_009124,train
IMG_009125,train
IMG_009126,val
IMG_009127,val
IMG_009128,train
IMG_009129,train
IMG_009130,test
IMG_009131,train
IMG_009132,val
IMG_009133,train
IMG_009134,val
IMG_009135,val
IMG_009136,val
IMG_009137,val
IMG_009138,val
IMG_009139,val
IMG_009140,val
IMG_009141,test
IMG_009142,val
IMG_009143,val
IMG_009144,test
IMG_009145,val
IMG_009146,val
IMG_009147,val
IMG_009148,test
IMG_009149,train
IMG_009150,val
IMG_009151,test
IMG_009152,val
IMG_009153,val
IMG_009154,train
IMG_009155,val
IMG_009156,test
IMG_009157,test
IMG_009158,test
IMG_009159,val
IMG_009160,train
IMG_009161,val
IMG_009162,val
IMG_009163,train
IMG_009164,train
IMG_009165,test
IMG_009166,train
IMG_009167,test
IMG_009168,val
IMG_009169,test
IMG_009170,val
IMG_009171,val
IMG_009172,val
IMG_009173,val
IMG_009174,train
IMG_009175,val
IMG_009176,val
IMG_009177,train
IMG_009178,val
IMG_009179,train
IMG_009180,train
IMG_009181,test
IMG_009182,val
IMG_009183,val
IMG_009184,val
IMG_009185,val
IMG_009186,val
IMG_009187,train
IMG_009188,train
IMG_009189,val
IMG_009190,train
IMG_009191,val
IMG_009192,train
IMG_009193,train
IMG_009194,train
IMG_009195,train
IMG_009196,val
IMG_009197,val
IMG_009198,train
IMG_009199,train
IMG_009200,train
IMG_009201,train
IMG_009202,val
IMG_009203,train
IMG_009204,train
IMG_009205,val
IMG_009206,test
IMG_009207,train
IMG_009208,val
IMG_009209,val
IMG_009210,train
IMG_009211,val
IMG_009212,test
IMG_009213,val
IMG_009214,val
IMG_009215,val
IMG_009216,train
IMG_009217,train
IMG_009218,test
IMG_009219,val
IMG_009220,val
IMG_009221,val
IMG_009222,train
IMG_009223,train
IMG_009224,train
IMG_009225,train
IMG_009226,test
IMG_009227,test
IMG_009228,val
IMG_009229,test
IMG_009230,test
IMG_009231,test
IMG_009232,val
IMG_009233,test
IMG_009234,test
IMG_009235,train
IMG_009236,val
IMG_009237,test
IMG_009238,val
IMG_009239,val
IMG_009240,val
IMG_009241,val
IMG_009242,val
IMG_009243,train
IMG_009244,val
IMG_009245,val
IMG_009246,train
IMG_009247,train
IMG_009248,val
IMG_009249,test
IMG_009250,val
IMG_009251,val
IMG_009252,val
IMG_009253,train
IMG_009254,val
IMG_009255,train
IMG_009256,train
IMG_009257,test
IMG_009258,test
IMG_009259,val
IMG_009260,test
IMG_009261,train
IMG_009262,test
IMG_009263,test
IMG_009264,train
IMG_009265,train
IMG_009266,val
IMG_009267,test
IMG_009268,test
IMG_009269,train
IMG_009270,test
IMG_009271,val
IMG_009272,test
IMG_009273,train
IMG_009274,val
IMG_009275,val
IMG_009276,test
IMG_009277,train
IMG_009278,val
IMG_009279,test
IMG_009280,test
IMG_009281,train
IMG_009282,test
IMG_009283,val
IMG_009284,val
IMG_009285,val
IMG_009286,train
IMG_009287,val
IMG_009288,train
IMG_009289,train
IMG_009290,val
IMG_009291,train
IMG_009292,train
IMG_009293,train
IMG_009294,test
IMG_009295,test
IMG_009296,val
IMG_009297,val
IMG_009298,val
IMG_009299,train
IMG_009300,train
IMG_009301,val
IMG_009302,val
IMG_009303,test
IMG_009304,train
IMG_009305,train
IMG_009306,train
IMG_009307,val
IMG_009308,train
IMG_009309,val
IMG_009310,train
IMG_009311,test
IMG_009312,test
IMG_009313,test
IMG_009314,val
IMG_009315,train
IMG_009316,test
IMG_009317,val
IMG_009318,train
IMG_009319,test
IMG_009320,test
IMG_009321,train
IMG_009322,val
IMG_009323,train
IMG_009324,val
IMG_009325,val
IMG_009326,test
IMG_009327,val
IMG_009328,train
IMG_009329,train
IMG_009330,val
IMG_009331,test
IMG_009332,val
IMG_009333,train
IMG_009334,train
IMG_009335,val
IMG_009336,train
IMG_009337,train
IMG_009338,val
IMG_009339,train
IMG_009340,train
IMG_009341,val
IMG_009342,test
IMG_009343,val
IMG_009344,train
IMG_009345,val
IMG_009346,train
IMG_009347,train
IMG_009348,val
IMG_009349,test
IMG_009350,val
IMG_009351,test
IMG_009352,val
IMG_009353,train
IMG_009354,train
IMG_009355,train
IMG_009356,test
IMG_009357,train
IMG_009358,val
IMG_009359,val
IMG_009360,train
IMG_009361,test
IMG_009362,val
IMG_009363,test
IMG_009364,val
IMG_009365,train
IMG_009366,val
IMG_009367,val
IMG_009368,train
IMG_009369,test
IMG_009370,val
IMG_009371,val
IMG_009372,val
IMG_009373,train
IMG_009374,train
IMG_009375,train
IMG_009376,train
IMG_009377,val
IMG_009378,val
IMG_009379,train
IMG_009380,val
IMG_009381,train
IMG_009382,train
IMG_009383,val
IMG_009384,val
IMG_009385,train
IMG_009386,val
IMG_009387,test
IMG_009388,val
IMG_009389,test
IMG_009390,val
IMG_009391,train
IMG_009392,test
IMG_009393,train
IMG_009394,test
IMG_009395,test
IMG_009396,test
IMG_009397,train
IMG_009398,train
IMG_009399,val
IMG_009400,test
IMG_009401,train
IMG_009402,train
IMG_009403,val
IMG_009404,train
IMG_009405,train
IMG_009406,val
IMG_009407,test
IMG_009408,val
IMG_009409,val
IMG_009410,val
IMG_009411,val
IMG_009412,train
IMG_009413,train
IMG_009414,train
IMG_009415,test
IMG_009416,val
IMG_009417,val
IMG_009418,val
IMG_009419,train
IMG_009420,test
IMG_009421,train
IMG_009422,val
IMG_009423,train
IMG_009424,train
IMG_009425,val
IMG_009426,train
IMG_009427,val
IMG_009428,test
IMG_009429,train
IMG_009430,test
IMG_009431,train
IMG_009432,val
IMG_009433,val
IMG_009434,val
IMG_009435,val
IMG_009436,train
IMG_009437,train
IMG_009438,val
IMG_009439,train
IMG_009440,train
IMG_009441,val
IMG_009442,test
IMG_009443,test
IMG_009444,test
IMG_009445,test
IMG_009446,val
IMG_009447,val
IMG_009448,val
IMG_009449,val
IMG_009450,test
IMG_009451,val
IMG_009452,val
IMG_009453,train
IMG_009454,test
IMG_009455,test
IMG_009456,test
IMG_009457,train
IMG_009458,test
IMG_009459,train
IMG_009460,val
IMG_009461,train
IMG_009462,test
IMG_009463,train
IMG_009464,train
IMG_009465,val
IMG_009466,val
IMG_009467,train
IMG_009468,test
IMG_009469,val
IMG_009470,train
IMG_009471,test
IMG_009472,val
IMG_009473,train
IMG_009474,test
IMG_009475,val
IMG_009476,val
IMG_009477,val
IMG_009478,train
IMG_009479,test
IMG_009480,val
IMG_009481,train
IMG_009482,train
IMG_009483,train
IMG_009484,train
IMG_009485,train
IMG_009486,val
IMG_009487,train
IMG_009488,val
IMG_009489,val
IMG_009490,train
IMG_009491,val
IMG_009492,train
IMG_009493,val
IMG_009494,train
IMG_009495,test
IMG_009496,val
IMG_009497,train
IMG_009498,val
IMG_009499,test
IMG_009500,test
IMG_009501,val
IMG_009502,train
IMG_009503,val
IMG_009504,val
IMG_009505,train
IMG_009506,test
IMG_009507,val
IMG_009508,val
IMG_009509,val
IMG_009510,test
IMG_009511,val
IMG_009512,val
IMG_009513,val
IMG_009514,val
IMG_009515,train
IMG_009516,val
IMG_009517,val
IMG_009518,test
IMG_009519,train
IMG_009520,train
IMG_009521,test
IMG_009522,train
IMG_009523,train
IMG_009524,test
IMG_009525,val
IMG_009526,val
IMG_009527,val
IMG_009528,train
IMG_009529,train
IMG_009530,train
IMG_009531,val
IMG_009532,val
IMG_009533,train
IMG_009534,train
IMG_009535,train
IMG_009536,test
IMG_009537,train
IMG_009538,train
IMG_009539,val
IMG_009540,train
IMG_009541,train
IMG_009542,val
IMG_009543,val
IMG_009544,val
IMG_009545,val
IMG_009546,train
IMG_009547,train
IMG_009548,train
IMG_009549,val
IMG_009550,test
IMG_009551,test
IMG_009552,val
IMG_009553,val
IMG_009554,val
IMG_009555,val
IMG_009556,test
IMG_009557,val
IMG_009558,test
IMG_009559,train
IMG_009560,test
IMG_009561,val
IMG_009562,val
IMG_009563,val
IMG_009564,train
IMG_009565,train
IMG_009566,val
IMG_009567,train
IMG_009568,test
IMG_009569,test
IMG_009570,val
IMG_009571,test
IMG_009572,val
IMG_009573,val
IMG_009574,val
IMG_009575,train
IMG_009576,train
IMG_009577,train
IMG_009578,val
IMG_009579,train
IMG_009580,test
IMG_009581,test
IMG_009582,train
IMG_009583,train
IMG_009584,train
IMG_009585,val
IMG_009586,val
IMG_009587,val
IMG_009588,train
IMG_009589,train
IMG_009590,test
IMG_009591,val
IMG_009592,train
IMG_009593,test
IMG_009594,train
IMG_009595,val
IMG_009596,train
IMG_009597,val
IMG_009598,test
IMG_009599,test
IMG_009600,val
IMG_009601,train
IMG_009602,val
IMG_009603,test
IMG_009604,val
IMG_009605,val
IMG_009606,test
IMG_009607,train
IMG_009608,val
IMG_009609,train
IMG_009610,val
IMG_009611,val
IMG_009612,train
IMG_009613,val
IMG_009614,val
IMG_009615,train
IMG_009616,train
IMG_009617,train
IMG_009618,test
IMG_009619,val
IMG_009620,val
IMG_009621,train
IMG_009622,val
IMG_009623,train
IMG_009624,val
IMG_009625,test
IMG_009626,test
IMG_009627,val
IMG_009628,train
IMG_009629,val
IMG_009630,test
IMG_009631,train
IMG_009632,train
IMG_009633,val
IMG_009634,train
IMG_009635,train
IMG_009636,train
IMG_009637,train
IMG_009638,val
IMG_009639,val
IMG_009640,val
IMG_009641,val
IMG_009642,val
IMG_009643,val
IMG_009644,test
IMG_009645,test
IMG_009646,test
IMG_009647,test
IMG_009648,train
IMG_009649,val
IMG_009650,val
IMG_009651,val
IMG_009652,val
IMG_009653,val
IMG_009654,test
IMG_009655,train
IMG_009656,val
IMG_009657,train
IMG_009658,val
IMG_009659,test
IMG_009660,train
IMG_009661,val
IMG_009662,val
IMG_009663,train
IMG_009664,test
IMG_009665,val
IMG_009666,train
IMG_009667,train
IMG_009668,test
IMG_009669,train
IMG_009670,val
IMG_009671,val
IMG_009672,test
IMG_009673,train
IMG_009674,val
IMG_009675,test
IMG_009676,train
IMG_009677,train
IMG_009678,test
IMG_009679,train
IMG_009680,val
IMG_009681,val
IMG_009682,test
IMG_009683,test
IMG_009684,train
IMG_009685,test
IMG_009686,test
IMG_009687,train
IMG_009688,val
IMG_009689,train
IMG_009690,val
IMG_009691,train
IMG_009692,train
IMG_009693,val
IMG_009694,train
IMG_009695,val
IMG_009696,val
IMG_009697,val
IMG_009698,test
IMG_009699,test
IMG_009700,train
IMG_009701,test
IMG_009702,val
IMG_009703,train
IMG_009704,val
IMG_009705,val
IMG_009706,test
IMG_009707,test
IMG_009708,test
IMG_009709,val
IMG_009710,val
IMG_009711,train
IMG_009712,val
IMG_009713,test
IMG_009714,train
IMG_009715,val
IMG_009716,test
IMG_009717,test
IMG_009718,test
IMG_009719,train
IMG_009720,test
IMG_009721,val
IMG_009722,test
IMG_009723,val
IMG_009724,test
IMG_009725,train
IMG_009726,val
IMG_009727,val
IMG_009728,test
IMG_009729,val
IMG_009730,val
IMG_009731,val
IMG_009732,val
IMG_009733,val
IMG_009734,val
IMG_009735,val
IMG_009736,val
IMG_009737,train
IMG_009738,train
IMG_009739,train
IMG_009740,test
IMG_009741,test
IMG_009742,test
IMG_009743,train
IMG_009744,val
IMG_009745,val
IMG_009746,test
IMG_009747,train
IMG_009748,train
IMG_009749,test
IMG_009750,train
IMG_009751,train
IMG_009752,val
IMG_009753,val
IMG_009754,test
IMG_009755,val
IMG_009756,val
IMG_009757,test
IMG_009758,train
IMG_009759,test
IMG_009760,test
IMG_009761,val
IMG_009762,val
IMG_009763,test
IMG_009764,val
IMG_009765,test
IMG_009766,val
IMG_009767,train
IMG_009768,test
IMG_009769,train
IMG_009770,test
IMG_009771,train
IMG_009772,test
IMG_009773,val
IMG_009774,val
IMG_009775,val
IMG_009776,test
IMG_009777,train
IMG_009778,val
IMG_009779,val
IMG_009780,train
IMG_009781,test
IMG_009782,val
IMG_009783,train
IMG_009784,test
IMG_009785,train
IMG_009786,train
IMG_009787,train
IMG_009788,train
IMG_009789,val
IMG_009790,val
IMG_009791,train
IMG_009792,val
IMG_009793,val
IMG_009794,test
IMG_009795,val
IMG_009796,test
IMG_009797,val
IMG_009798,val
IMG_009799,test
IMG_009800,train
IMG_009801,train
IMG_009802,train
IMG_009803,test
IMG_009804,val
IMG_009805,val
IMG_009806,train
IMG_009807,val
IMG_009808,train
IMG_009809,val
IMG_009810,test
IMG_009811,val
IMG_009812,val
IMG_009813,train
IMG_009814,test
IMG_009815,test
IMG_009816,val
IMG_009817,test
IMG_009818,test
IMG_009819,train
IMG_009820,val
IMG_009821,val
IMG_009822,test
IMG_009823,test
IMG_009824,test
IMG_009825,val
IMG_009826,test
IMG_009827,val
IMG_009828,train
IMG_009829,test
IMG_009830,val
IMG_009831,val
IMG_009832,test
IMG_009833,train
IMG_009834,val
IMG_009835,test
IMG_009836,val
IMG_009837,test
IMG_009838,train
IMG_009839,test
IMG_009840,val
IMG_009841,test
IMG_009842,train
IMG_009843,test
IMG_009844,val
IMG_009845,test
IMG_009846,val
IMG_009847,val
IMG_009848,train
IMG_009849,train
IMG_009850,val
IMG_009851,train
IMG_009852,test
IMG_009853,val
IMG_009854,test
IMG_009855,val
IMG_009856,train
IMG_009857,val
IMG_009858,val
IMG_009859,val
IMG_009860,val
IMG_009861,val
IMG_009862,test
IMG_009863,val
IMG_009864,train
IMG_009865,train
IMG_009866,train
IMG_009867,val
IMG_009868,train
IMG_009869,test
IMG_009870,test
IMG_009871,train
IMG_009872,val
IMG_009873,train
IMG_009874,train
IMG_009875,test
IMG_009876,val
IMG_009877,val
IMG_009878,train
IMG_009879,test
IMG_009880,train
IMG_009881,test
IMG_009882,val
IMG_009883,val
IMG_009884,test
IMG_009885,train
IMG_009886,val
IMG_009887,val
IMG_009888,train
IMG_009889,train
IMG_009890,train
IMG_009891,val
IMG_009892,val
IMG_009893,train
IMG_009894,test
IMG_009895,test
IMG_009896,val
IMG_009897,test
IMG_009898,train
IMG_009899,train
IMG_009900,train
IMG_009901,test
IMG_009902,test
IMG_009903,val
IMG_009904,train
IMG_009905,train
IMG_009906,test
IMG_009907,val
IMG_009908,val
IMG_009909,test
IMG_009910,val
IMG_009911,train
IMG_009912,train
IMG_009913,val
IMG_009914,train
IMG_009915,train
IMG_009916,test
IMG_009917,train
IMG_009918,test
IMG_009919,val
IMG_009920,test
IMG_009921,train
IMG_009922,train
IMG_009923,val
IMG_009924,train
IMG_009925,test
IMG_009926,val
IMG_009927,val
IMG_009928,val
IMG_009929,test
IMG_009930,train
IMG_009931,train
IMG_009932,test
IMG_009933,val
IMG_009934,val
IMG_009935,test
IMG_009936,test
IMG_009937,train
IMG_009938,val
IMG_009939,test
IMG_009940,train
IMG_009941,val
IMG_009942,train
IMG_009943,val
IMG_009944,train
IMG_009945,train
IMG_009946,val
IMG_009947,val
IMG_009948,train
IMG_009949,val
IMG_009950,val
IMG_009951,val
IMG_009952,train
IMG_009953,val
IMG_009954,val
IMG_009955,train
IMG_009956,train
IMG_009957,val
IMG_009958,train
IMG_009959,test
IMG_009960,test
IMG_009961,val
IMG_009962,train
IMG_009963,test
IMG_009964,train
IMG_009965,train
IMG_009966,train
IMG_009967,test
IMG_009968,val
IMG_009969,val
IMG_009970,train
IMG_009971,train
IMG_009972,val
IMG_009973,train
IMG_009974,train
IMG_009975,val
IMG_009976,train
IMG_009977,train
IMG_009978,val
IMG_009979,val
IMG_009980,test
IMG_009981,val
IMG_009982,val
IMG_009983,train
IMG_009984,val
IMG_009985,test
IMG_009986,test
IMG_009987,train
IMG_009988,val
IMG_009989,val
IMG_009990,val
IMG_009991,train
IMG_009992,train
IMG_009993,train
IMG_009994,val
IMG_009995,test
IMG_009996,val
IMG_009997,train
IMG_009998,train
IMG_009999,test
IMG_010000,val
