image_id,split
IMG_000001,train
IMG_000002,train
IMG_000003,train
IMG_000004,test
IMG_000005,val
IMG_000006,val
IMG_000007,train
IMG_000008,train
IMG_000009,test
IMG_000010,train
IMG_000011,train
IMG_000012,train
IMG_000013,train
IMG_000014,test
IMG_000015,train
IMG_000016,train
IMG_000017,val
IMG_000018,train
IMG_000019,train
IMG_000020,train
IMG_000021,train
IMG_000022,train
IMG_000023,val
IMG_000024,train
IMG_000025,train
IMG_000026,train
IMG_000027,test
IMG_000028,train
IMG_000029,train
IMG_000030,train
IMG_000031,test
IMG_000032,val
IMG_000033,train
IMG_000034,test
IMG_000035,train
IMG_000036,train
IMG_000037,train
IMG_000038,test
IMG_000039,train
IMG_000040,train
IMG_000041,train
IMG_000042,val
IMG_000043,train
IMG_000044,val
IMG_000045,test
IMG_000046,train
IMG_000047,train
IMG_000048,train
IMG_000049,train
IMG_000050,train
IMG_000051,train
IMG_000052,val
IMG_000053,train
IMG_000054,train
IMG_000055,train
IMG_000056,test
IMG_000057,train
IMG_000058,test
IMG_000059,val
IMG_000060,test
IMG_000061,train
IMG_000062,train
IMG_000063,train
IMG_000064,train
IMG_000065,train
IMG_000066,train
IMG_000067,val
IMG_000068,test
IMG_000069,train
IMG_000070,train
IMG_000071,val
IMG_000072,train
IMG_000073,val
IMG_000074,val
IMG_000075,train
IMG_000076,train
IMG_000077,train
IMG_000078,test
IMG_000079,val
IMG_000080,train
IMG_000081,train
IMG_000082,train
IMG_000083,train
IMG_000084,test
IMG_000085,train
IMG_000086,train
IMG_000087,train
IMG_000088,train
IMG_000089,train
IMG_000090,val
IMG_000091,test
IMG_000092,train
IMG_000093,test
IMG_000094,train
IMG_000095,test
IMG_000096,train
IMG_000097,train
IMG_000098,train
IMG_000099,train
IMG_000100,train
IMG_000101,train
IMG_000102,train
IMG_000103,test
IMG_000104,train
IMG_000105,train
IMG_000106,val
IMG_000107,train
IMG_000108,train
IMG_000109,train
IMG_000110,train
IMG_000111,val
IMG_000112,test
IMG_000113,val
IMG_000114,test
IMG_000115,train
IMG_000116,train
IMG_000117,train
IMG_000118,test
IMG_000119,train
IMG_000120,train
IMG_000121,val
IMG_000122,train
IMG_000123,train
IMG_000124,val
IMG_000125,val
IMG_000126,train
IMG_000127,train
IMG_000128,train
IMG_000129,val
IMG_000130,val
IMG_000131,train
IMG_000132,train
IMG_000133,train
IMG_000134,val
IMG_000135,test
IMG_000136,train
IMG_000137,train
IMG_000138,train
IMG_000139,test
IMG_000140,val
IMG_000141,train
IMG_000142,train
IMG_000143,train
IMG_000144,train
IMG_000145,val
IMG_000146,train
IMG_000147,test
IMG_000148,train
IMG_000149,train
IMG_000150,train
IMG_000151,val
IMG_000152,val
IMG_000153,train
IMG_000154,train
IMG_000155,train
IMG_000156,train
IMG_000157,train
IMG_000158,val
IMG_000159,train
IMG_000160,test
IMG_000161,test
IMG_000162,train
IMG_000163,val
IMG_000164,train
IMG_000165,test
IMG_000166,train
IMG_000167,train
IMG_000168,train
IMG_000169,val
IMG_000170,train
IMG_000171,train
IMG_000172,train
IMG_000173,train
IMG_000174,test
IMG_000175,train
IMG_000176,val
IMG_000177,train
IMG_000178,val
IMG_000179,train
IMG_000180,train
IMG_000181,train
IMG_000182,train
IMG_000183,train
IMG_000184,train
IMG_000185,train
IMG_000186,train
IMG_000187,val
IMG_000188,train
IMG_000189,train
IMG_000190,train
IMG_000191,train
IMG_000192,val
IMG_000193,val
IMG_000194,train
IMG_000195,test
IMG_000196,train
IMG_000197,train
IMG_000198,test
IMG_000199,train
IMG_000200,train
IMG_000201,test
IMG_000202,train
IMG_000203,train
IMG_000204,train
IMG_000205,train
IMG_000206,train
IMG_000207,train
IMG_000208,test
IMG_000209,train
IMG_000210,train
IMG_000211,test
IMG_000212,train
IMG_000213,train
IMG_000214,train
IMG_000215,val
IMG_000216,val
IMG_000217,val
IMG_000218,train
IMG_000219,val
IMG_000220,test
IMG_000221,train
IMG_000222,val
IMG_000223,train
IMG_000224,train
IMG_000225,test
IMG_000226,test
IMG_000227,train
IMG_000228,train
IMG_000229,train
IMG_000230,val
IMG_000231,test
IMG_000232,train
IMG_000233,train
IMG_000234,train
IMG_000235,test
IMG_000236,train
IMG_000237,train
IMG_000238,train
IMG_000239,train
IMG_000240,train
IMG_000241,train
IMG_000242,val
IMG_000243,test
IMG_000244,val
IMG_000245,train
IMG_000246,train
IMG_000247,test
IMG_000248,test
IMG_000249,train
IMG_000250,train
IMG_000251,train
IMG_000252,train
IMG_000253,train
IMG_000254,train
IMG_000255,train
IMG_000256,train
IMG_000257,test
IMG_000258,train
IMG_000259,train
IMG_000260,test
IMG_000261,val
IMG_000262,train
IMG_000263,train
IMG_000264,train
IMG_000265,train
IMG_000266,test
IMG_000267,train
IMG_000268,val
IMG_000269,val
IMG_000270,train
IMG_000271,test
IMG_000272,train
IMG_000273,val
IMG_000274,train
IMG_000275,train
IMG_000276,train
IMG_000277,train
IMG_000278,train
IMG_000279,train
IMG_000280,train
IMG_000281,train
IMG_000282,train
IMG_000283,train
IMG_000284,train
IMG_000285,train
IMG_000286,train
IMG_000287,train
IMG_000288,train
IMG_000289,val
IMG_000290,val
IMG_000291,train
IMG_000292,test
IMG_000293,val
IMG_000294,test
IMG_000295,train
IMG_000296,val
IMG_000297,train
IMG_000298,test
IMG_000299,train
IMG_000300,train
IMG_000301,train
IMG_000302,train
IMG_000303,train
IMG_000304,train
IMG_000305,train
IMG_000306,train
IMG_000307,train
IMG_000308,train
IMG_000309,train
IMG_000310,test
IMG_000311,train
IMG_000312,val
IMG_000313,val
IMG_000314,val
IMG_000315,train
IMG_000316,train
IMG_000317,train
IMG_000318,val
IMG_000319,val
IMG_000320,val
IMG_000321,train
IMG_000322,train
IMG_000323,train
IMG_000324,train
IMG_000325,train
IMG_000326,train
IMG_000327,test
IMG_000328,train
IMG_000329,train
IMG_000330,train
IMG_000331,val
IMG_000332,test
IMG_000333,test
IMG_000334,val
IMG_000335,train
IMG_000336,train
IMG_000337,train
IMG_000338,val
IMG_000339,train
IMG_000340,train
IMG_000341,train
IMG_000342,val
IMG_000343,train
IMG_000344,train
IMG_000345,val
IMG_000346,train
IMG_000347,test
IMG_000348,train
IMG_000349,val
IMG_000350,val
IMG_000351,train
IMG_000352,train
IMG_000353,val
IMG_000354,train
IMG_000355,train
IMG_000356,train
IMG_000357,train
IMG_000358,train
IMG_000359,train
IMG_000360,test
IMG_000361,train
IMG_000362,train
IMG_000363,train
IMG_000364,val
IMG_000365,train
IMG_000366,train
IMG_000367,val
IMG_000368,train
IMG_000369,train
IMG_000370,train
IMG_000371,train
IMG_000372,train
IMG_000373,val
IMG_000374,train
IMG_000375,train
IMG_000376,test
IMG_000377,train
IMG_000378,train
IMG_000379,train
IMG_000380,train
IMG_000381,test
IMG_000382,test
IMG_000383,test
IMG_000384,val
IMG_000385,val
IMG_000386,train
IMG_000387,train
IMG_000388,train
IMG_000389,train
IMG_000390,train
IMG_000391,train
IMG_000392,test
IMG_000393,train
IMG_000394,train
IMG_000395,train
IMG_000396,test
IMG_000397,val
IMG_000398,train
IMG_000399,train
IMG_000400,val
IMG_000401,test
IMG_000402,train
IMG_000403,train
IMG_000404,train
IMG_000405,train
IMG_000406,train
IMG_000407,train
IMG_000408,train
IMG_000409,train
IMG_000410,train
IMG_000411,test
IMG_000412,train
IMG_000413,train
IMG_000414,train
IMG_000415,train
IMG_000416,test
IMG_000417,train
IMG_000418,train
IMG_000419,train
IMG_000420,train
IMG_000421,train
IMG_000422,train
IMG_000423,test
IMG_000424,test
IMG_000425,train
IMG_000426,test
IMG_000427,train
IMG_000428,train
IMG_000429,train
IMG_000430,val
IMG_000431,train
IMG_000432,train
IMG_000433,train
IMG_000434,train
IMG_000435,train
IMG_000436,train
IMG_000437,train
IMG_000438,val
IMG_000439,train
IMG_000440,train
IMG_000441,train
IMG_000442,val
IMG_000443,test
IMG_000444,train
IMG_000445,train
IMG_000446,train
IMG_000447,val
IMG_000448,train
IMG_000449,test
IMG_000450,train
IMG_000451,train
IMG_000452,val
IMG_000453,train
IMG_000454,train
IMG_000455,train
IMG_000456,train
IMG_000457,val
IMG_000458,test
IMG_000459,train
IMG_000460,train
IMG_000461,train
IMG_000462,val
IMG_000463,train
IMG_000464,train
IMG_000465,train
IMG_000466,train
IMG_000467,train
IMG_000468,train
IMG_000469,test
IMG_000470,val
IMG_000471,train
IMG_000472,test
IMG_000473,train
IMG_000474,train
IMG_000475,train
IMG_000476,train
IMG_000477,train
IMG_000478,test
IMG_000479,val
IMG_000480,train
IMG_000481,train
IMG_000482,train
IMG_000483,test
IMG_000484,train
IMG_000485,train
IMG_000486,test
IMG_000487,test
IMG_000488,train
IMG_000489,test
IMG_000490,train
IMG_000491,train
IMG_000492,train
IMG_000493,val
IMG_000494,train
IMG_000495,test
IMG_000496,train
IMG_000497,train
IMG_000498,train
IMG_000499,train
IMG_000500,train
IMG_000501,val
IMG_000502,train
IMG_000503,train
IMG_000504,train
IMG_000505,train
IMG_000506,train
IMG_000507,train
IMG_000508,train
IMG_000509,train
IMG_000510,train
IMG_000511,train
IMG_000512,train
IMG_000513,test
IMG_000514,train
IMG_000515,train
IMG_000516,test
IMG_000517,test
IMG_000518,train
IMG_000519,test
IMG_000520,train
IMG_000521,train
IMG_000522,train
IMG_000523,train
IMG_000524,test
IMG_000525,val
IMG_000526,train
IMG_000527,train
IMG_000528,train
IMG_000529,test
IMG_000530,test
IMG_000531,test
IMG_000532,train
IMG_000533,train
IMG_000534,train
IMG_000535,val
IMG_000536,val
IMG_000537,train
IMG_000538,train
IMG_000539,train
IMG_000540,val
IMG_000541,train
IMG_000542,train
IMG_000543,train
IMG_000544,train
IMG_000545,test
IMG_000546,train
IMG_000547,test
IMG_000548,train
IMG_000549,test
IMG_000550,train
IMG_000551,val
IMG_000552,val
IMG_000553,train
IMG_000554,train
IMG_000555,train
IMG_000556,train
IMG_000557,train
IMG_000558,val
IMG_000559,train
IMG_000560,train
IMG_000561,train
IMG_000562,train
IMG_000563,train
IMG_000564,train
IMG_000565,val
IMG_000566,train
IMG_000567,val
IMG_000568,train
IMG_000569,test
IMG_000570,train
IMG_000571,train
IMG_000572,test
IMG_000573,test
IMG_000574,train
IMG_000575,train
IMG_000576,test
IMG_000577,train
IMG_000578,train
IMG_000579,train
IMG_000580,test
IMG_000581,train
IMG_000582,train
IMG_000583,train
IMG_000584,train
IMG_000585,val
IMG_000586,train
IMG_000587,train
IMG_000588,train
IMG_000589,val
IMG_000590,train
IMG_000591,train
IMG_000592,train
IMG_000593,train
IMG_000594,train
IMG_000595,train
IMG_000596,test
IMG_000597,test
IMG_000598,train
IMG_000599,test
IMG_000600,train
IMG_000601,train
IMG_000602,train
IMG_000603,train
IMG_000604,train
IMG_000605,val
IMG_000606,train
IMG_000607,val
IMG_000608,train
IMG_000609,train
IMG_000610,train
IMG_000611,train
IMG_000612,train
IMG_000613,train
IMG_000614,train
IMG_000615,test
IMG_000616,val
IMG_000617,test
IMG_000618,val
IMG_000619,train
IMG_000620,train
IMG_000621,train
IMG_000622,train
IMG_000623,test
IMG_000624,train
IMG_000625,test
IMG_000626,train
IMG_000627,train
IMG_000628,train
IMG_000629,train
IMG_000630,val
IMG_000631,train
IMG_000632,train
IMG_000633,val
IMG_000634,train
IMG_000635,train
IMG_000636,test
IMG_000637,train
IMG_000638,train
IMG_000639,train
IMG_000640,train
IMG_000641,train
IMG_000642,val
IMG_000643,train
IMG_000644,train
IMG_000645,train
IMG_000646,train
IMG_000647,train
IMG_000648,train
IMG_000649,train
IMG_000650,train
IMG_000651,train
IMG_000652,train
IMG_000653,test
IMG_000654,test
IMG_000655,train
IMG_000656,train
IMG_000657,train
IMG_000658,train
IMG_000659,val
IMG_000660,val
IMG_000661,train
IMG_000662,train
IMG_000663,test
IMG_000664,train
IMG_000665,train
IMG_000666,val
IMG_000667,test
IMG_000668,train
IMG_000669,train
IMG_000670,test
IMG_000671,train
IMG_000672,val
IMG_000673,train
IMG_000674,test
IMG_000675,train
IMG_000676,train
IMG_000677,train
IMG_000678,train
IMG_000679,test
IMG_000680,train
IMG_000681,train
IMG_000682,train
IMG_000683,test
IMG_000684,val
IMG_000685,test
IMG_000686,train
IMG_000687,test
IMG_000688,train
IMG_000689,train
IMG_000690,val
IMG_000691,train
IMG_000692,val
IMG_000693,train
IMG_000694,train
IMG_000695,train
IMG_000696,train
IMG_000697,test
IMG_000698,train
IMG_000699,train
IMG_000700,train
IMG_000701,train
IMG_000702,train
IMG_000703,test
IMG_000704,train
IMG_000705,train
IMG_000706,train
IMG_000707,train
IMG_000708,train
IMG_000709,train
IMG_000710,train
IMG_000711,train
IMG_000712,val
IMG_000713,train
IMG_000714,train
IMG_000715,train
IMG_000716,train
IMG_000717,test
IMG_000718,train
IMG_000719,train
IMG_000720,test
IMG_000721,train
IMG_000722,train
IMG_000723,train
IMG_000724,train
IMG_000725,train
IMG_000726,train
IMG_000727,train
IMG_000728,val
IMG_000729,train
IMG_000730,train
IMG_000731,train
IMG_000732,val
IMG_000733,train
IMG_000734,train
IMG_000735,train
IMG_000736,train
IMG_000737,train
IMG_000738,train
IMG_000739,test
IMG_000740,test
IMG_000741,train
IMG_000742,test
IMG_000743,train
IMG_000744,train
IMG_000745,test
IMG_000746,train
IMG_000747,train
IMG_000748,train
IMG_000749,val
IMG_000750,test
IMG_000751,train
IMG_000752,train
IMG_000753,val
IMG_000754,train
IMG_000755,train
IMG_000756,train
IMG_000757,train
IMG_000758,test
IMG_000759,train
IMG_000760,val
IMG_000761,train
IMG_000762,val
IMG_000763,train
IMG_000764,train
IMG_000765,train
IMG_000766,train
IMG_000767,train
IMG_000768,test
IMG_000769,train
IMG_000770,test
IMG_000771,val
IMG_000772,train
IMG_000773,train
IMG_000774,train
IMG_000775,train
IMG_000776,test
IMG_000777,train
IMG_000778,val
IMG_000779,train
IMG_000780,train
IMG_000781,train
IMG_000782,train
IMG_000783,train
IMG_000784,train
IMG_000785,train
IMG_000786,train
IMG_000787,train
IMG_000788,train
IMG_000789,test
IMG_000790,test
IMG_000791,test
IMG_000792,train
IMG_000793,train
IMG_000794,val
IMG_000795,train
IMG_000796,train
IMG_000797,train
IMG_000798,train
IMG_000799,train
IMG_000800,train
IMG_000801,train
IMG_000802,val
IMG_000803,train
IMG_000804,train
IMG_000805,train
IMG_000806,test
IMG_000807,val
IMG_000808,test
IMG_000809,train
IMG_000810,train
IMG_000811,train
IMG_000812,train
IMG_000813,train
IMG_000814,train
IMG_000815,test
IMG_000816,train
IMG_000817,test
IMG_000818,train
IMG_000819,train
IMG_000820,train
IMG_000821,val
IMG_000822,val
IMG_000823,train
IMG_000824,train
IMG_000825,test
IMG_000826,train
IMG_000827,train
IMG_000828,train
IMG_000829,val
IMG_000830,val
IMG_000831,test
IMG_000832,val
IMG_000833,test
IMG_000834,train
IMG_000835,train
IMG_000836,test
IMG_000837,train
IMG_000838,test
IMG_000839,train
IMG_000840,test
IMG_000841,train
IMG_000842,train
IMG_000843,train
IMG_000844,val
IMG_000845,train
IMG_000846,test
IMG_000847,train
IMG_000848,test
IMG_000849,train
IMG_000850,test
IMG_000851,train
IMG_000852,test
IMG_000853,train
IMG_000854,train
IMG_000855,train
IMG_000856,train
IMG_000857,train
IMG_000858,train
IMG_000859,val
IMG_000860,test
IMG_000861,val
IMG_000862,train
IMG_000863,train
IMG_000864,train
IMG_000865,test
IMG_000866,train
IMG_000867,train
IMG_000868,train
IMG_000869,train
IMG_000870,train
IMG_000871,val
IMG_000872,train
IMG_000873,train
IMG_000874,val
IMG_000875,train
IMG_000876,test
IMG_000877,train
IMG_000878,test
IMG_000879,val
IMG_000880,val
IMG_000881,val
IMG_000882,train
IMG_000883,train
IMG_000884,train
IMG_000885,train
IMG_000886,train
IMG_000887,test
IMG_000888,train
IMG_000889,train
IMG_000890,train
IMG_000891,test
IMG_000892,test
IMG_000893,train
IMG_000894,test
IMG_000895,train
IMG_000896,train
IMG_000897,train
IMG_000898,train
IMG_000899,train
IMG_000900,val
IMG_000901,train
IMG_000902,train
IMG_000903,val
IMG_000904,train
IMG_000905,val
IMG_000906,train
IMG_000907,train
IMG_000908,train
IMG_000909,train
IMG_000910,test
IMG_000911,train
IMG_000912,train
IMG_000913,train
IMG_000914,val
IMG_000915,val
IMG_000916,val
IMG_000917,train
IMG_000918,train
IMG_000919,train
IMG_000920,train
IMG_000921,train
IMG_000922,val
IMG_000923,train
IMG_000924,train
IMG_000925,test
IMG_000926,train
IMG_000927,val
IMG_000928,train
IMG_000929,train
IMG_000930,train
IMG_000931,val
IMG_000932,train
IMG_000933,train
IMG_000934,train
IMG_000935,train
IMG_000936,train
IMG_000937,val
IMG_000938,train
IMG_000939,train
IMG_000940,val
IMG_000941,test
IMG_000942,train
IMG_000943,val
IMG_000944,train
IMG_000945,train
IMG_000946,train
IMG_000947,train
IMG_000948,train
IMG_000949,train
IMG_000950,train
IMG_000951,test
IMG_000952,train
IMG_000953,train
IMG_000954,train
IMG_000955,train
IMG_000956,train
IMG_000957,train
IMG_000958,train
IMG_000959,train
IMG_000960,train
IMG_000961,train
IMG_000962,train
IMG_000963,test
IMG_000964,train
IMG_000965,train
IMG_000966,train
IMG_000967,train
IMG_000968,train
IMG_000969,test
IMG_000970,val
IMG_000971,val
IMG_000972,train
IMG_000973,train
IMG_000974,train
IMG_000975,test
IMG_000976,train
IMG_000977,train
IMG_000978,train
IMG_000979,train
IMG_000980,train
IMG_000981,train
IMG_000982,train
IMG_000983,train
IMG_000984,train
IMG_000985,train
IMG_000986,val
IMG_000987,train
IMG_000988,train
IMG_000989,train
IMG_000990,train
IMG_000991,train
IMG_000992,val
IMG_000993,train
IMG_000994,test
IMG_000995,train
IMG_000996,train
IMG_000997,train
IMG_000998,train
IMG_000999,val
IMG_001000,test
IMG_001001,train
IMG_001002,train
IMG_001003,train
IMG_001004,val
IMG_001005,val
IMG_001006,train
IMG_001007,train
IMG_001008,test
IMG_001009,train
IMG_001010,train
IMG_001011,train
IMG_001012,test
IMG_001013,train
IMG_001014,train
IMG_001015,train
IMG_001016,train
IMG_001017,train
IMG_001018,train
IMG_001019,test
IMG_001020,train
IMG_001021,train
IMG_001022,train
IMG_001023,train
IMG_001024,test
IMG_001025,train
IMG_001026,train
IMG_001027,val
IMG_001028,train
IMG_001029,train
IMG_001030,train
IMG_001031,train
IMG_001032,train
IMG_001033,train
IMG_001034,train
IMG_001035,val
IMG_001036,val
IMG_001037,test
IMG_001038,test
IMG_001039,train
IMG_001040,train
IMG_001041,val
IMG_001042,test
IMG_001043,train
IMG_001044,train
IMG_001045,test
IMG_001046,test
IMG_001047,test
IMG_001048,val
IMG_001049,val
IMG_001050,train
IMG_001051,train
IMG_001052,train
IMG_001053,val
IMG_001054,train
IMG_001055,train
IMG_001056,train
IMG_001057,train
IMG_001058,train
IMG_001059,train
IMG_001060,train
IMG_001061,train
IMG_001062,train
IMG_001063,val
IMG_001064,train
IMG_001065,train
IMG_001066,train
IMG_001067,val
IMG_001068,train
IMG_001069,test
IMG_001070,val
IMG_001071,val
IMG_001072,train
IMG_001073,train
IMG_001074,train
IMG_001075,train
IMG_001076,train
IMG_001077,train
IMG_001078,train
IMG_001079,train
IMG_001080,train
IMG_001081,val
IMG_001082,train
IMG_001083,test
IMG_001084,train
IMG_001085,train
IMG_001086,train
IMG_001087,train
IMG_001088,test
IMG_001089,train
IMG_001090,train
IMG_001091,test
IMG_001092,train
IMG_001093,train
IMG_001094,val
IMG_001095,test
IMG_001096,train
IMG_001097,val
IMG_001098,train
IMG_001099,val
IMG_001100,train
IMG_001101,train
IMG_001102,train
IMG_001103,test
IMG_001104,train
IMG_001105,val
IMG_001106,train
IMG_001107,train
IMG_001108,test
IMG_001109,val
IMG_001110,train
IMG_001111,train
IMG_001112,train
IMG_001113,test
IMG_001114,train
IMG_001115,train
IMG_001116,val
IMG_001117,train
IMG_001118,train
IMG_001119,test
IMG_001120,test
IMG_001121,test
IMG_001122,train
IMG_001123,train
IMG_001124,train
IMG_001125,val
IMG_001126,train
IMG_001127,val
IMG_001128,train
IMG_001129,val
IMG_001130,val
IMG_001131,val
IMG_001132,train
IMG_001133,val
IMG_001134,val
IMG_001135,train
IMG_001136,val
IMG_001137,test
IMG_001138,train
IMG_001139,train
IMG_001140,test
IMG_001141,train
IMG_001142,train
IMG_001143,test
IMG_001144,train
IMG_001145,train
IMG_001146,train
IMG_001147,train
IMG_001148,train
IMG_001149,val
IMG_001150,val
IMG_001151,train
IMG_001152,train
IMG_001153,train
IMG_001154,train
IMG_001155,train
IMG_001156,val
IMG_001157,val
IMG_001158,train
IMG_001159,val
IMG_001160,train
IMG_001161,train
IMG_001162,train
IMG_001163,train
IMG_001164,train
IMG_001165,test
IMG_001166,train
IMG_001167,val
IMG_001168,train
IMG_001169,test
IMG_001170,train
IMG_001171,train
IMG_001172,train
IMG_001173,val
IMG_001174,train
IMG_001175,train
IMG_001176,train
IMG_001177,train
IMG_001178,test
IMG_001179,train
IMG_001180,train
IMG_001181,train
IMG_001182,train
IMG_001183,train
IMG_001184,train
IMG_001185,train
IMG_001186,train
IMG_001187,val
IMG_001188,train
IMG_001189,train
IMG_001190,val
IMG_001191,train
IMG_001192,train
IMG_001193,train
IMG_001194,test
IMG_001195,train
IMG_001196,train
IMG_001197,val
IMG_001198,train
IMG_001199,test
IMG_001200,train
IMG_001201,val
IMG_001202,train
IMG_001203,train
IMG_001204,train
IMG_001205,train
IMG_001206,train
IMG_001207,train
IMG_001208,train
IMG_001209,train
IMG_001210,train
IMG_001211,train
IMG_001212,train
IMG_001213,train
IMG_001214,val
IMG_001215,val
IMG_001216,train
IMG_001217,train
IMG_001218,val
IMG_001219,test
IMG_001220,train
IMG_001221,train
IMG_001222,test
IMG_001223,train
IMG_001224,train
IMG_001225,test
IMG_001226,train
IMG_001227,train
IMG_001228,train
IMG_001229,train
IMG_001230,train
IMG_001231,train
IMG_001232,train
IMG_001233,train
IMG_001234,val
IMG_001235,test
IMG_001236,train
IMG_001237,train
IMG_001238,val
IMG_001239,test
IMG_001240,train
IMG_001241,train
IMG_001242,train
IMG_001243,train
IMG_001244,train
IMG_001245,val
IMG_001246,test
IMG_001247,train
IMG_001248,train
IMG_001249,train
IMG_001250,train
IMG_001251,train
IMG_001252,val
IMG_001253,train
IMG_001254,train
IMG_001255,train
IMG_001256,train
IMG_001257,val
IMG_001258,train
IMG_001259,val
IMG_001260,train
IMG_001261,train
IMG_001262,train
IMG_001263,train
IMG_001264,test
IMG_001265,train
IMG_001266,train
IMG_001267,train
IMG_001268,val
IMG_001269,train
IMG_001270,train
IMG_001271,train
IMG_001272,train
IMG_001273,test
IMG_001274,train
IMG_001275,train
IMG_001276,test
IMG_001277,val
IMG_001278,train
IMG_001279,train
IMG_001280,train
IMG_001281,train
IMG_001282,val
IMG_001283,train
IMG_001284,train
IMG_001285,train
IMG_001286,test
IMG_001287,train
IMG_001288,train
IMG_001289,train
IMG_001290,train
IMG_001291,train
IMG_001292,train
IMG_001293,val
IMG_001294,train
IMG_001295,val
IMG_001296,val
IMG_001297,train
IMG_001298,train
IMG_001299,train
IMG_001300,train
IMG_001301,train
IMG_001302,train
IMG_001303,val
IMG_001304,train
IMG_001305,train
IMG_001306,train
IMG_001307,val
IMG_001308,train
IMG_001309,train
IMG_001310,train
IMG_001311,train
IMG_001312,train
IMG_001313,train
IMG_001314,train
IMG_001315,train
IMG_001316,train
IMG_001317,val
IMG_001318,train
IMG_001319,train
IMG_001320,train
IMG_001321,test
IMG_001322,train
IMG_001323,train
IMG_001324,val
IMG_001325,train
IMG_001326,train
IMG_001327,test
IMG_001328,test
IMG_001329,test
IMG_001330,test
IMG_001331,train
IMG_001332,train
IMG_001333,train
IMG_001334,train
IMG_001335,train
IMG_001336,train
IMG_001337,val
IMG_001338,train
IMG_001339,train
IMG_001340,train
IMG_001341,train
IMG_001342,train
IMG_001343,train
IMG_001344,val
IMG_001345,test
IMG_001346,train
IMG_001347,test
IMG_001348,train
IMG_001349,train
IMG_001350,test
IMG_001351,train
IMG_001352,train
IMG_001353,train
IMG_001354,train
IMG_001355,train
IMG_001356,test
IMG_001357,train
IMG_001358,train
IMG_001359,train
IMG_001360,train
IMG_001361,train
IMG_001362,val
IMG_001363,train
IMG_001364,train
IMG_001365,val
IMG_001366,train
IMG_001367,train
IMG_001368,val
IMG_001369,test
IMG_001370,test
IMG_001371,val
IMG_001372,test
IMG_001373,train
IMG_001374,test
IMG_001375,test
IMG_001376,train
IMG_001377,train
IMG_001378,train
IMG_001379,train
IMG_001380,train
IMG_001381,train
IMG_001382,train
IMG_001383,val
IMG_001384,train
IMG_001385,test
IMG_001386,train
IMG_001387,val
IMG_001388,train
IMG_001389,train
IMG_001390,test
IMG_001391,train
IMG_001392,train
IMG_001393,train
IMG_001394,train
IMG_001395,train
IMG_001396,val
IMG_001397,train
IMG_001398,train
IMG_001399,train
IMG_001400,train
IMG_001401,val
IMG_001402,train
IMG_001403,train
IMG_001404,train
IMG_001405,val
IMG_001406,test
IMG_001407,train
IMG_001408,train
IMG_001409,test
IMG_001410,train
IMG_001411,train
IMG_001412,val
IMG_001413,train
IMG_001414,train
IMG_001415,train
IMG_001416,train
IMG_001417,val
IMG_001418,train
IMG_001419,train
IMG_001420,train
IMG_001421,train
IMG_001422,train
IMG_001423,train
IMG_001424,train
IMG_001425,train
IMG_001426,train
IMG_001427,val
IMG_001428,train
IMG_001429,train
IMG_001430,train
IMG_001431,test
IMG_001432,train
IMG_001433,train
IMG_001434,train
IMG_001435,val
IMG_001436,train
IMG_001437,train
IMG_001438,test
IMG_001439,train
IMG_001440,train
IMG_001441,val
IMG_001442,test
IMG_001443,train
IMG_001444,train
IMG_001445,train
IMG_001446,train
IMG_001447,train
IMG_001448,test
IMG_001449,test
IMG_001450,test
IMG_001451,train
IMG_001452,train
IMG_001453,train
IMG_001454,train
IMG_001455,train
IMG_001456,train
IMG_001457,test
IMG_001458,train
IMG_001459,val
IMG_001460,train
IMG_001461,train
IMG_001462,train
IMG_001463,train
IMG_001464,train
IMG_001465,test
IMG_001466,test
IMG_001467,train
IMG_001468,val
IMG_001469,train
IMG_001470,train
IMG_001471,train
IMG_001472,test
IMG_001473,train
IMG_001474,train
IMG_001475,val
IMG_001476,train
IMG_001477,train
IMG_001478,train
IMG_001479,test
IMG_001480,train
IMG_001481,test
IMG_001482,train
IMG_001483,train
IMG_001484,train
IMG_001485,train
IMG_001486,val
IMG_001487,train
IMG_001488,train
IMG_001489,test
IMG_001490,val
IMG_001491,train
IMG_001492,train
IMG_001493,train
IMG_001494,test
IMG_001495,train
IMG_001496,train
IMG_001497,train
IMG_001498,train
IMG_001499,val
IMG_001500,train
IMG_001501,train
IMG_001502,train
IMG_001503,train
IMG_001504,train
IMG_001505,train
IMG_001506,train
IMG_001507,val
IMG_001508,train
IMG_001509,test
IMG_001510,train
IMG_001511,train
IMG_001512,test
IMG_001513,train
IMG_001514,train
IMG_001515,train
IMG_001516,train
IMG_001517,train
IMG_001518,train
IMG_001519,test
IMG_001520,val
IMG_001521,train
IMG_001522,train
IMG_001523,train
IMG_001524,train
IMG_001525,train
IMG_001526,train
IMG_001527,train
IMG_001528,train
IMG_001529,train
IMG_001530,train
IMG_001531,train
IMG_001532,train
IMG_001533,train
IMG_001534,train
IMG_001535,train
IMG_001536,train
IMG_001537,train
IMG_001538,val
IMG_001539,train
IMG_001540,train
IMG_001541,train
IMG_001542,train
IMG_001543,train
IMG_001544,train
IMG_001545,train
IMG_001546,train
IMG_001547,train
IMG_001548,train
IMG_001549,test
IMG_001550,train
IMG_001551,train
IMG_001552,train
IMG_001553,test
IMG_001554,train
IMG_001555,train
IMG_001556,train
IMG_001557,train
IMG_001558,train
IMG_001559,val
IMG_001560,test
IMG_001561,train
IMG_001562,train
IMG_001563,train
IMG_001564,train
IMG_001565,val
IMG_001566,train
IMG_001567,test
IMG_001568,val
IMG_001569,train
IMG_001570,train
IMG_001571,train
IMG_001572,train
IMG_001573,test
IMG_001574,train
IMG_001575,train
IMG_001576,val
IMG_001577,train
IMG_001578,train
IMG_001579,val
IMG_001580,train
IMG_001581,train
IMG_001582,val
IMG_001583,val
IMG_001584,test
IMG_001585,test
IMG_001586,val
IMG_001587,train
IMG_001588,train
IMG_001589,train
IMG_001590,train
IMG_001591,train
IMG_001592,train
IMG_001593,train
IMG_001594,train
IMG_001595,test
IMG_001596,train
IMG_001597,train
IMG_001598,train
IMG_001599,train
IMG_001600,train
IMG_001601,train
IMG_001602,train
IMG_001603,train
IMG_001604,train
IMG_001605,train
IMG_001606,val
IMG_001607,train
IMG_001608,train
IMG_001609,test
IMG_001610,train
IMG_001611,train
IMG_001612,train
IMG_001613,train
IMG_001614,val
IMG_001615,test
IMG_001616,train
IMG_001617,train
IMG_001618,test
IMG_001619,train
IMG_001620,train
IMG_001621,train
IMG_001622,val
IMG_001623,val
IMG_001624,train
IMG_001625,train
IMG_001626,val
IMG_001627,test
IMG_001628,train
IMG_001629,train
IMG_001630,train
IMG_001631,train
IMG_001632,train
IMG_001633,train
IMG_001634,test
IMG_001635,test
IMG_001636,train
IMG_001637,test
IMG_001638,val
IMG_001639,train
IMG_001640,train
IMG_001641,test
IMG_001642,train
IMG_001643,val
IMG_001644,train
IMG_001645,val
IMG_001646,train
IMG_001647,val
IMG_001648,test
IMG_001649,train
IMG_001650,train
IMG_001651,train
IMG_001652,test
IMG_001653,train
IMG_001654,train
IMG_001655,test
IMG_001656,val
IMG_001657,train
IMG_001658,test
IMG_001659,train
IMG_001660,train
IMG_001661,val
IMG_001662,train
IMG_001663,train
IMG_001664,val
IMG_001665,train
IMG_001666,train
IMG_001667,train
IMG_001668,train
IMG_001669,train
IMG_001670,train
IMG_001671,train
IMG_001672,train
IMG_001673,val
IMG_001674,train
IMG_001675,train
IMG_001676,train
IMG_001677,train
IMG_001678,train
IMG_001679,train
IMG_001680,test
IMG_001681,train
IMG_001682,train
IMG_001683,train
IMG_001684,test
IMG_001685,train
IMG_001686,train
IMG_001687,val
IMG_001688,train
IMG_001689,train
IMG_001690,train
IMG_001691,test
IMG_001692,train
IMG_001693,train
IMG_001694,train
IMG_001695,val
IMG_001696,train
IMG_001697,train
IMG_001698,train
IMG_001699,train
IMG_001700,train
IMG_001701,train
IMG_001702,val
IMG_001703,train
IMG_001704,train
IMG_001705,train
IMG_001706,train
IMG_001707,train
IMG_001708,train
IMG_001709,test
IMG_001710,train
IMG_001711,train
IMG_001712,train
IMG_001713,train
IMG_001714,train
IMG_001715,val
IMG_001716,val
IMG_001717,test
IMG_001718,train
IMG_001719,train
IMG_001720,train
IMG_001721,val
IMG_001722,train
IMG_001723,train
IMG_001724,train
IMG_001725,test
IMG_001726,train
IMG_001727,test
IMG_001728,train
IMG_001729,test
IMG_001730,train
IMG_001731,train
IMG_001732,train
IMG_001733,train
IMG_001734,train
IMG_001735,train
IMG_001736,train
IMG_001737,train
IMG_001738,train
IMG_001739,train
IMG_001740,train
IMG_001741,train
IMG_001742,train
IMG_001743,train
IMG_001744,test
IMG_001745,train
IMG_001746,val
IMG_001747,train
IMG_001748,val
IMG_001749,train
IMG_001750,val
IMG_001751,train
IMG_001752,train
IMG_001753,train
IMG_001754,test
IMG_001755,train
IMG_001756,train
IMG_001757,val
IMG_001758,train
IMG_001759,train
IMG_001760,train
IMG_001761,test
IMG_001762,test
IMG_001763,val
IMG_001764,test
IMG_001765,train
IMG_001766,train
IMG_001767,val
IMG_001768,train
IMG_001769,train
IMG_001770,train
IMG_001771,train
IMG_001772,train
IMG_001773,train
IMG_001774,train
IMG_001775,train
IMG_001776,train
IMG_001777,test
IMG_001778,test
IMG_001779,train
IMG_001780,test
IMG_001781,train
IMG_001782,train
IMG_001783,train
IMG_001784,train
IMG_001785,test
IMG_001786,test
IMG_001787,train
IMG_001788,test
IMG_001789,val
IMG_001790,train
IMG_001791,val
IMG_001792,train
IMG_001793,val
IMG_001794,train
IMG_001795,train
IMG_001796,test
IMG_001797,val
IMG_001798,val
IMG_001799,train
IMG_001800,test
IMG_001801,train
IMG_001802,val
IMG_001803,val
IMG_001804,train
IMG_001805,test
IMG_001806,train
IMG_001807,val
IMG_001808,test
IMG_001809,train
IMG_001810,train
IMG_001811,train
IMG_001812,train
IMG_001813,train
IMG_001814,train
IMG_001815,train
IMG_001816,train
IMG_001817,train
IMG_001818,train
IMG_001819,train
IMG_001820,train
IMG_001821,train
IMG_001822,train
IMG_001823,train
IMG_001824,train
IMG_001825,test
IMG_001826,train
IMG_001827,train
IMG_001828,train
IMG_001829,train
IMG_001830,train
IMG_001831,train
IMG_001832,train
IMG_001833,train
IMG_001834,train
IMG_001835,train
IMG_001836,train
IMG_001837,test
IMG_001838,train
IMG_001839,val
IMG_001840,train
IMG_001841,train
IMG_001842,val
IMG_001843,val
IMG_001844,train
IMG_001845,train
IMG_001846,train
IMG_001847,train
IMG_001848,train
IMG_001849,test
IMG_001850,test
IMG_001851,test
IMG_001852,train
IMG_001853,train
IMG_001854,train
IMG_001855,train
IMG_001856,train
IMG_001857,val
IMG_001858,train
IMG_001859,train
IMG_001860,train
IMG_001861,train
IMG_001862,val
IMG_001863,train
IMG_001864,train
IMG_001865,train
IMG_001866,train
IMG_001867,train
IMG_001868,train
IMG_001869,test
IMG_001870,train
IMG_001871,train
IMG_001872,test
IMG_001873,train
IMG_001874,train
IMG_001875,train
IMG_001876,train
IMG_001877,test
IMG_001878,test
IMG_001879,train
IMG_001880,val
IMG_001881,train
IMG_001882,train
IMG_001883,train
IMG_001884,val
IMG_001885,train
IMG_001886,train
IMG_001887,val
IMG_001888,train
IMG_001889,train
IMG_001890,val
IMG_001891,train
IMG_001892,train
IMG_001893,train
IMG_001894,test
IMG_001895,train
IMG_001896,train
IMG_001897,train
IMG_001898,val
IMG_001899,train
IMG_001900,train
IMG_001901,train
IMG_001902,train
IMG_001903,train
IMG_001904,train
IMG_001905,train
IMG_001906,val
IMG_001907,val
IMG_001908,val
IMG_001909,train
IMG_001910,val
IMG_001911,train
IMG_001912,train
IMG_001913,train
IMG_001914,train
IMG_001915,val
IMG_001916,train
IMG_001917,val
IMG_001918,val
IMG_001919,val
IMG_001920,train
IMG_001921,test
IMG_001922,train
IMG_001923,val
IMG_001924,train
IMG_001925,test
IMG_001926,test
IMG_001927,train
IMG_001928,test
IMG_001929,train
IMG_001930,train
IMG_001931,test
IMG_001932,val
IMG_001933,val
IMG_001934,train
IMG_001935,val
IMG_001936,train
IMG_001937,test
IMG_001938,train
IMG_001939,test
IMG_001940,train
IMG_001941,train
IMG_001942,train
IMG_001943,train
IMG_001944,train
IMG_001945,train
IMG_001946,train
IMG_001947,train
IMG_001948,test
IMG_001949,val
IMG_001950,train
IMG_001951,train
IMG_001952,test
IMG_001953,train
IMG_001954,val
IMG_001955,train
IMG_001956,val
IMG_001957,train
IMG_001958,train
IMG_001959,test
IMG_001960,test
IMG_001961,train
IMG_001962,train
IMG_001963,train
IMG_001964,train
IMG_001965,train
IMG_001966,train
IMG_001967,test
IMG_001968,train
IMG_001969,train
IMG_001970,train
IMG_001971,train
IMG_001972,val
IMG_001973,train
IMG_001974,train
IMG_001975,train
IMG_001976,train
IMG_001977,train
IMG_001978,train
IMG_001979,test
IMG_001980,train
IMG_001981,test
IMG_001982,train
IMG_001983,test
IMG_001984,train
IMG_001985,test
IMG_001986,train
IMG_001987,train
IMG_001988,test
IMG_001989,train
IMG_001990,train
IMG_001991,val
IMG_001992,train
IMG_001993,train
IMG_001994,test
IMG_001995,train
IMG_001996,train
IMG_001997,train
IMG_001998,train
IMG_001999,train
IMG_002000,val
IMG_002001,train
IMG_002002,test
IMG_002003,train
IMG_002004,train
IMG_002005,val
IMG_002006,train
IMG_002007,train
IMG_002008,train
IMG_002009,train
IMG_002010,train
IMG_002011,train
IMG_002012,train
IMG_002013,train
IMG_002014,train
IMG_002015,train
IMG_002016,train
IMG_002017,train
IMG_002018,train
IMG_002019,test
IMG_002020,train
IMG_002021,train
IMG_002022,train
IMG_002023,train
IMG_002024,train
IMG_002025,test
IMG_002026,train
IMG_002027,train
IMG_002028,train
IMG_002029,train
IMG_002030,test
IMG_002031,val
IMG_002032,train
IMG_002033,train
IMG_002034,test
IMG_002035,train
IMG_002036,val
IMG_002037,test
IMG_002038,train
IMG_002039,train
IMG_002040,val
IMG_002041,train
IMG_002042,train
IMG_002043,val
IMG_002044,test
IMG_002045,val
IMG_002046,train
IMG_002047,val
IMG_002048,val
IMG_002049,train
IMG_002050,val
IMG_002051,train
IMG_002052,train
IMG_002053,test
IMG_002054,train
IMG_002055,train
IMG_002056,train
IMG_002057,train
IMG_002058,train
IMG_002059,train
IMG_002060,train
IMG_002061,train
IMG_002062,test
IMG_002063,train
IMG_002064,train
IMG_002065,train
IMG_002066,train
IMG_002067,test
IMG_002068,train
IMG_002069,val
IMG_002070,test
IMG_002071,test
IMG_002072,test
IMG_002073,train
IMG_002074,train
IMG_002075,train
IMG_002076,train
IMG_002077,test
IMG_002078,train
IMG_002079,train
IMG_002080,train
IMG_002081,train
IMG_002082,train
IMG_002083,train
IMG_002084,train
IMG_002085,train
IMG_002086,val
IMG_002087,test
IMG_002088,test
IMG_002089,train
IMG_002090,train
IMG_002091,test
IMG_002092,train
IMG_002093,train
IMG_002094,train
IMG_002095,train
IMG_002096,train
IMG_002097,train
IMG_002098,train
IMG_002099,val
IMG_002100,train
IMG_002101,val
IMG_002102,train
IMG_002103,train
IMG_002104,train
IMG_002105,val
IMG_002106,train
IMG_002107,train
IMG_002108,test
IMG_002109,test
IMG_002110,test
IMG_002111,train
IMG_002112,val
IMG_002113,val
IMG_002114,val
IMG_002115,train
IMG_002116,val
IMG_002117,test
IMG_002118,train
IMG_002119,train
IMG_002120,train
IMG_002121,train
IMG_002122,train
IMG_002123,train
IMG_002124,train
IMG_002125,train
IMG_002126,train
IMG_002127,train
IMG_002128,train
IMG_002129,train
IMG_002130,train
IMG_002131,train
IMG_002132,train
IMG_002133,val
IMG_002134,test
IMG_002135,val
IMG_002136,train
IMG_002137,train
IMG_002138,train
IMG_002139,train
IMG_002140,train
IMG_002141,train
IMG_002142,test
IMG_002143,train
IMG_002144,train
IMG_002145,train
IMG_002146,test
IMG_002147,train
IMG_002148,train
IMG_002149,train
IMG_002150,train
IMG_002151,train
IMG_002152,val
IMG_002153,train
IMG_002154,val
IMG_002155,val
IMG_002156,train
IMG_002157,train
IMG_002158,test
IMG_002159,train
IMG_002160,train
IMG_002161,train
IMG_002162,train
IMG_002163,val
IMG_002164,train
IMG_002165,train
IMG_002166,test
IMG_002167,train
IMG_002168,train
IMG_002169,train
IMG_002170,train
IMG_002171,train
IMG_002172,test
IMG_002173,train
IMG_002174,train
IMG_002175,train
IMG_002176,train
IMG_002177,train
IMG_002178,train
IMG_002179,train
IMG_002180,train
IMG_002181,train
IMG_002182,train
IMG_002183,test
IMG_002184,test
IMG_002185,test
IMG_002186,train
IMG_002187,train
IMG_002188,train
IMG_002189,train
IMG_002190,train
IMG_002191,train
IMG_002192,train
IMG_002193,train
IMG_002194,train
IMG_002195,train
IMG_002196,train
IMG_002197,test
IMG_002198,train
IMG_002199,test
IMG_002200,train
IMG_002201,train
IMG_002202,train
IMG_002203,train
IMG_002204,train
IMG_002205,val
IMG_002206,val
IMG_002207,train
IMG_002208,train
IMG_002209,train
IMG_002210,train
IMG_002211,train
IMG_002212,test
IMG_002213,test
IMG_002214,val
IMG_002215,train
IMG_002216,train
IMG_002217,test
IMG_002218,train
IMG_002219,train
IMG_002220,test
IMG_002221,train
IMG_002222,train
IMG_002223,train
IMG_002224,val
IMG_002225,val
IMG_002226,test
IMG_002227,test
IMG_002228,val
IMG_002229,test
IMG_002230,train
IMG_002231,test
IMG_002232,train
IMG_002233,val
IMG_002234,train
IMG_002235,val
IMG_002236,test
IMG_002237,train
IMG_002238,test
IMG_002239,train
IMG_002240,val
IMG_002241,train
IMG_002242,train
IMG_002243,test
IMG_002244,train
IMG_002245,train
IMG_002246,test
IMG_002247,train
IMG_002248,train
IMG_002249,test
IMG_002250,train
IMG_002251,train
IMG_002252,train
IMG_002253,train
IMG_002254,test
IMG_002255,train
IMG_002256,train
IMG_002257,val
IMG_002258,val
IMG_002259,train
IMG_002260,train
IMG_002261,train
IMG_002262,train
IMG_002263,train
IMG_002264,val
IMG_002265,train
IMG_002266,train
IMG_002267,train
IMG_002268,test
IMG_002269,val
IMG_002270,train
IMG_002271,train
IMG_002272,train
IMG_002273,train
IMG_002274,test
IMG_002275,test
IMG_002276,train
IMG_002277,train
IMG_002278,train
IMG_002279,train
IMG_002280,train
IMG_002281,val
IMG_002282,val
IMG_002283,train
IMG_002284,train
IMG_002285,train
IMG_002286,test
IMG_002287,train
IMG_002288,train
IMG_002289,train
IMG_002290,train
IMG_002291,train
IMG_002292,test
IMG_002293,train
IMG_002294,train
IMG_002295,val
IMG_002296,train
IMG_002297,train
IMG_002298,val
IMG_002299,train
IMG_002300,val
IMG_002301,train
IMG_002302,train
IMG_002303,test
IMG_002304,val
IMG_002305,train
IMG_002306,train
IMG_002307,val
IMG_002308,val
IMG_002309,val
IMG_002310,train
IMG_002311,train
IMG_002312,train
IMG_002313,train
IMG_002314,train
IMG_002315,train
IMG_002316,val
IMG_002317,train
IMG_002318,val
IMG_002319,train
IMG_002320,train
IMG_002321,train
IMG_002322,train
IMG_002323,test
IMG_002324,train
IMG_002325,train
IMG_002326,train
IMG_002327,train
IMG_002328,train
IMG_002329,train
IMG_002330,train
IMG_002331,train
IMG_002332,train
IMG_002333,train
IMG_002334,train
IMG_002335,val
IMG_002336,train
IMG_002337,train
IMG_002338,train
IMG_002339,train
IMG_002340,val
IMG_002341,train
IMG_002342,test
IMG_002343,train
IMG_002344,train
IMG_002345,val
IMG_002346,val
IMG_002347,train
IMG_002348,train
IMG_002349,train
IMG_002350,train
IMG_002351,train
IMG_002352,train
IMG_002353,train
IMG_002354,train
IMG_002355,train
IMG_002356,train
IMG_002357,train
IMG_002358,train
IMG_002359,train
IMG_002360,train
IMG_002361,test
IMG_002362,train
IMG_002363,val
IMG_002364,train
IMG_002365,train
IMG_002366,val
IMG_002367,train
IMG_002368,test
IMG_002369,train
IMG_002370,train
IMG_002371,train
IMG_002372,train
IMG_002373,train
IMG_002374,train
IMG_002375,test
IMG_002376,train
IMG_002377,train
IMG_002378,train
IMG_002379,train
IMG_002380,train
IMG_002381,train
IMG_002382,test
IMG_002383,train
IMG_002384,test
IMG_002385,train
IMG_002386,train
IMG_002387,train
IMG_002388,train
IMG_002389,train
IMG_002390,train
IMG_002391,train
IMG_002392,test
IMG_002393,train
IMG_002394,train
IMG_002395,train
IMG_002396,train
IMG_002397,train
IMG_002398,test
IMG_002399,train
IMG_002400,test
IMG_002401,train
IMG_002402,train
IMG_002403,val
IMG_002404,train
IMG_002405,train
IMG_002406,val
IMG_002407,train
IMG_002408,train
IMG_002409,train
IMG_002410,train
IMG_002411,train
IMG_002412,test
IMG_002413,train
IMG_002414,val
IMG_002415,val
IMG_002416,train
IMG_002417,train
IMG_002418,train
IMG_002419,train
IMG_002420,train
IMG_002421,train
IMG_002422,train
IMG_002423,test
IMG_002424,train
IMG_002425,test
IMG_002426,train
IMG_002427,test
IMG_002428,test
IMG_002429,train
IMG_002430,train
IMG_002431,train
IMG_002432,test
IMG_002433,train
IMG_002434,val
IMG_002435,train
IMG_002436,train
IMG_002437,test
IMG_002438,train
IMG_002439,train
IMG_002440,train
IMG_002441,train
IMG_002442,train
IMG_002443,train
IMG_002444,train
IMG_002445,train
IMG_002446,train
IMG_002447,train
IMG_002448,test
IMG_002449,train
IMG_002450,train
IMG_002451,train
IMG_002452,val
IMG_002453,val
IMG_002454,train
IMG_002455,train
IMG_002456,train
IMG_002457,train
IMG_002458,val
IMG_002459,train
IMG_002460,test
IMG_002461,train
IMG_002462,train
IMG_002463,train
IMG_002464,train
IMG_002465,train
IMG_002466,train
IMG_002467,train
IMG_002468,train
IMG_002469,train
IMG_002470,train
IMG_002471,train
IMG_002472,train
IMG_002473,train
IMG_002474,test
IMG_002475,train
IMG_002476,val
IMG_002477,val
IMG_002478,train
IMG_002479,val
IMG_002480,train
IMG_002481,train
IMG_002482,train
IMG_002483,train
IMG_002484,val
IMG_002485,train
IMG_002486,train
IMG_002487,train
IMG_002488,train
IMG_002489,train
IMG_002490,train
IMG_002491,train
IMG_002492,train
IMG_002493,train
IMG_002494,train
IMG_002495,train
IMG_002496,test
IMG_002497,train
IMG_002498,test
IMG_002499,train
IMG_002500,train
IMG_002501,train
IMG_002502,train
IMG_002503,train
IMG_002504,train
IMG_002505,train
IMG_002506,train
IMG_002507,train
IMG_002508,train
IMG_002509,val
IMG_002510,test
IMG_002511,val
IMG_002512,train
IMG_002513,train
IMG_002514,train
IMG_002515,train
IMG_002516,val
IMG_002517,train
IMG_002518,test
IMG_002519,train
IMG_002520,train
IMG_002521,train
IMG_002522,train
IMG_002523,train
IMG_002524,test
IMG_002525,val
IMG_002526,test
IMG_002527,train
IMG_002528,test
IMG_002529,train
IMG_002530,train
IMG_002531,train
IMG_002532,test
IMG_002533,train
IMG_002534,train
IMG_002535,train
IMG_002536,train
IMG_002537,val
IMG_002538,test
IMG_002539,val
IMG_002540,train
IMG_002541,val
IMG_002542,train
IMG_002543,train
IMG_002544,train
IMG_002545,train
IMG_002546,val
IMG_002547,train
IMG_002548,train
IMG_002549,train
IMG_002550,train
IMG_002551,val
IMG_002552,train
IMG_002553,train
IMG_002554,val
IMG_002555,train
IMG_002556,train
IMG_002557,train
IMG_002558,train
IMG_002559,train
IMG_002560,train
IMG_002561,test
IMG_002562,train
IMG_002563,train
IMG_002564,val
IMG_002565,train
IMG_002566,train
IMG_002567,test
IMG_002568,train
IMG_002569,train
IMG_002570,train
IMG_002571,train
IMG_002572,test
IMG_002573,train
IMG_002574,train
IMG_002575,train
IMG_002576,train
IMG_002577,train
IMG_002578,train
IMG_002579,train
IMG_002580,train
IMG_002581,train
IMG_002582,train
IMG_002583,test
IMG_002584,val
IMG_002585,train
IMG_002586,train
IMG_002587,train
IMG_002588,train
IMG_002589,test
IMG_002590,val
IMG_002591,train
IMG_002592,train
IMG_002593,train
IMG_002594,train
IMG_002595,test
IMG_002596,test
IMG_002597,train
IMG_002598,val
IMG_002599,train
IMG_002600,train
IMG_002601,train
IMG_002602,test
IMG_002603,train
IMG_002604,train
IMG_002605,val
IMG_002606,train
IMG_002607,test
IMG_002608,train
IMG_002609,train
IMG_002610,train
IMG_002611,test
IMG_002612,test
IMG_002613,val
IMG_002614,train
IMG_002615,train
IMG_002616,train
IMG_002617,train
IMG_002618,train
IMG_002619,train
IMG_002620,train
IMG_002621,train
IMG_002622,train
IMG_002623,train
IMG_002624,train
IMG_002625,train
IMG_002626,train
IMG_002627,train
IMG_002628,train
IMG_002629,train
IMG_002630,test
IMG_002631,train
IMG_002632,train
IMG_002633,train
IMG_002634,val
IMG_002635,train
IMG_002636,train
IMG_002637,train
IMG_002638,test
IMG_002639,val
IMG_002640,train
IMG_002641,val
IMG_002642,train
IMG_002643,train
IMG_002644,train
IMG_002645,train
IMG_002646,val
IMG_002647,test
IMG_002648,test
IMG_002649,train
IMG_002650,train
IMG_002651,train
IMG_002652,train
IMG_002653,val
IMG_002654,val
IMG_002655,train
IMG_002656,train
IMG_002657,train
IMG_002658,val
IMG_002659,test
IMG_002660,train
IMG_002661,train
IMG_002662,train
IMG_002663,train
IMG_002664,test
IMG_002665,val
IMG_002666,train
IMG_002667,train
IMG_002668,train
IMG_002669,train
IMG_002670,train
IMG_002671,train
IMG_002672,train
IMG_002673,train
IMG_002674,train
IMG_002675,train
IMG_002676,train
IMG_002677,train
IMG_002678,test
IMG_002679,train
IMG_002680,test
IMG_002681,train
IMG_002682,train
IMG_002683,train
IMG_002684,train
IMG_002685,train
IMG_002686,val
IMG_002687,train
IMG_002688,train
IMG_002689,train
IMG_002690,train
IMG_002691,train
IMG_002692,test
IMG_002693,train
IMG_002694,train
IMG_002695,train
IMG_002696,train
IMG_002697,train
IMG_002698,train
IMG_002699,train
IMG_002700,train
IMG_002701,train
IMG_002702,train
IMG_002703,train
IMG_002704,train
IMG_002705,val
IMG_002706,train
IMG_002707,train
IMG_002708,val
IMG_002709,train
IMG_002710,train
IMG_002711,val
IMG_002712,train
IMG_002713,train
IMG_002714,train
IMG_002715,train
IMG_002716,train
IMG_002717,train
IMG_002718,train
IMG_002719,test
IMG_002720,train
IMG_002721,train
IMG_002722,train
IMG_002723,val
IMG_002724,train
IMG_002725,test
IMG_002726,train
IMG_002727,train
IMG_002728,train
IMG_002729,test
IMG_002730,test
IMG_002731,val
IMG_002732,train
IMG_002733,test
IMG_002734,train
IMG_002735,train
IMG_002736,train
IMG_002737,train
IMG_002738,train
IMG_002739,train
IMG_002740,val
IMG_002741,train
IMG_002742,train
IMG_002743,train
IMG_002744,test
IMG_002745,val
IMG_002746,train
IMG_002747,train
IMG_002748,test
IMG_002749,train
IMG_002750,train
IMG_002751,test
IMG_002752,train
IMG_002753,train
IMG_002754,train
IMG_002755,train
IMG_002756,train
IMG_002757,train
IMG_002758,train
IMG_002759,train
IMG_002760,train
IMG_002761,val
IMG_002762,train
IMG_002763,train
IMG_002764,train
IMG_002765,val
IMG_002766,train
IMG_002767,train
IMG_002768,train
IMG_002769,train
IMG_002770,val
IMG_002771,train
IMG_002772,train
IMG_002773,train
IMG_002774,test
IMG_002775,test
IMG_002776,train
IMG_002777,train
IMG_002778,test
IMG_002779,train
IMG_002780,train
IMG_002781,test
IMG_002782,train
IMG_002783,train
IMG_002784,train
IMG_002785,train
IMG_002786,train
IMG_002787,train
IMG_002788,train
IMG_002789,train
IMG_002790,train
IMG_002791,train
IMG_002792,test
IMG_002793,train
IMG_002794,test
IMG_002795,train
IMG_002796,train
IMG_002797,train
IMG_002798,train
IMG_002799,val
IMG_002800,test
IMG_002801,train
IMG_002802,train
IMG_002803,train
IMG_002804,train
IMG_002805,val
IMG_002806,train
IMG_002807,train
IMG_002808,train
IMG_002809,test
IMG_002810,train
IMG_002811,test
IMG_002812,train
IMG_002813,train
IMG_002814,train
IMG_002815,train
IMG_002816,val
IMG_002817,train
IMG_002818,val
IMG_002819,train
IMG_002820,train
IMG_002821,val
IMG_002822,train
IMG_002823,train
IMG_002824,train
IMG_002825,val
IMG_002826,train
IMG_002827,train
IMG_002828,val
IMG_002829,train
IMG_002830,train
IMG_002831,train
IMG_002832,train
IMG_002833,train
IMG_002834,train
IMG_002835,train
IMG_002836,train
IMG_002837,train
IMG_002838,test
IMG_002839,test
IMG_002840,train
IMG_002841,test
IMG_002842,val
IMG_002843,train
IMG_002844,train
IMG_002845,train
IMG_002846,train
IMG_002847,val
IMG_002848,train
IMG_002849,train
IMG_002850,test
IMG_002851,train
IMG_002852,train
IMG_002853,train
IMG_002854,test
IMG_002855,train
IMG_002856,test
IMG_002857,train
IMG_002858,train
IMG_002859,train
IMG_002860,train
IMG_002861,train
IMG_002862,train
IMG_002863,train
IMG_002864,train
IMG_002865,val
IMG_002866,train
IMG_002867,val
IMG_002868,train
IMG_002869,train
IMG_002870,val
IMG_002871,train
IMG_002872,val
IMG_002873,train
IMG_002874,val
IMG_002875,val
IMG_002876,train
IMG_002877,train
IMG_002878,train
IMG_002879,val
IMG_002880,val
IMG_002881,val
IMG_002882,val
IMG_002883,train
IMG_002884,train
IMG_002885,train
IMG_002886,test
IMG_002887,val
IMG_002888,train
IMG_002889,test
IMG_002890,train
IMG_002891,train
IMG_002892,train
IMG_002893,train
IMG_002894,train
IMG_002895,train
IMG_002896,train
IMG_002897,val
IMG_002898,train
IMG_002899,train
IMG_002900,train
IMG_002901,train
IMG_002902,train
IMG_002903,train
IMG_002904,train
IMG_002905,train
IMG_002906,test
IMG_002907,val
IMG_002908,train
IMG_002909,val
IMG_002910,train
IMG_002911,test
IMG_002912,test
IMG_002913,train
IMG_002914,train
IMG_002915,test
IMG_002916,train
IMG_002917,val
IMG_002918,train
IMG_002919,train
IMG_002920,train
IMG_002921,train
IMG_002922,train
IMG_002923,val
IMG_002924,val
IMG_002925,train
IMG_002926,train
IMG_002927,train
IMG_002928,train
IMG_002929,test
IMG_002930,train
IMG_002931,train
IMG_002932,train
IMG_002933,train
IMG_002934,test
IMG_002935,val
IMG_002936,train
IMG_002937,train
IMG_002938,train
IMG_002939,train
IMG_002940,val
IMG_002941,val
IMG_002942,train
IMG_002943,train
IMG_002944,train
IMG_002945,train
IMG_002946,val
IMG_002947,val
IMG_002948,train
IMG_002949,train
IMG_002950,test
IMG_002951,train
IMG_002952,train
IMG_002953,train
IMG_002954,val
IMG_002955,train
IMG_002956,train
IMG_002957,train
IMG_002958,train
IMG_002959,train
IMG_002960,train
IMG_002961,train
IMG_002962,test
IMG_002963,val
IMG_002964,train
IMG_002965,train
IMG_002966,val
IMG_002967,train
IMG_002968,train
IMG_002969,train
IMG_002970,train
IMG_002971,train
IMG_002972,train
IMG_002973,train
IMG_002974,train
IMG_002975,test
IMG_002976,test
IMG_002977,train
IMG_002978,train
IMG_002979,train
IMG_002980,train
IMG_002981,val
IMG_002982,train
IMG_002983,train
IMG_002984,test
IMG_002985,train
IMG_002986,val
IMG_002987,train
IMG_002988,test
IMG_002989,train
IMG_002990,train
IMG_002991,train
IMG_002992,val
IMG_002993,test
IMG_002994,train
IMG_002995,train
IMG_002996,train
IMG_002997,train
IMG_002998,train
IMG_002999,val
IMG_003000,val
IMG_003001,val
IMG_003002,train
IMG_003003,train
IMG_003004,train
IMG_003005,train
IMG_003006,val
IMG_003007,train
IMG_003008,test
IMG_003009,train
IMG_003010,train
IMG_003011,train
IMG_003012,train
IMG_003013,train
IMG_003014,train
IMG_003015,train
IMG_003016,train
IMG_003017,train
IMG_003018,test
IMG_003019,train
IMG_003020,train
IMG_003021,train
IMG_003022,train
IMG_003023,train
IMG_003024,train
IMG_003025,test
IMG_003026,test
IMG_003027,train
IMG_003028,test
IMG_003029,test
IMG_003030,train
IMG_003031,train
IMG_003032,train
IMG_003033,val
IMG_003034,train
IMG_003035,train
IMG_003036,test
IMG_003037,train
IMG_003038,train
IMG_003039,train
IMG_003040,test
IMG_003041,train
IMG_003042,val
IMG_003043,train
IMG_003044,test
IMG_003045,train
IMG_003046,train
IMG_003047,train
IMG_003048,train
IMG_003049,val
IMG_003050,train
IMG_003051,test
IMG_003052,train
IMG_003053,train
IMG_003054,val
IMG_003055,val
IMG_003056,val
IMG_003057,test
IMG_003058,train
IMG_003059,train
IMG_003060,train
IMG_003061,val
IMG_003062,test
IMG_003063,train
IMG_003064,val
IMG_003065,train
IMG_003066,train
IMG_003067,test
IMG_003068,train
IMG_003069,train
IMG_003070,train
IMG_003071,test
IMG_003072,train
IMG_003073,train
IMG_003074,test
IMG_003075,train
IMG_003076,train
IMG_003077,train
IMG_003078,test
IMG_003079,train
IMG_003080,val
IMG_003081,test
IMG_003082,train
IMG_003083,train
IMG_003084,train
IMG_003085,val
IMG_003086,val
IMG_003087,train
IMG_003088,val
IMG_003089,test
IMG_003090,train
IMG_003091,train
IMG_003092,train
IMG_003093,train
IMG_003094,train
IMG_003095,train
IMG_003096,train
IMG_003097,test
IMG_003098,train
IMG_003099,train
IMG_003100,train
IMG_003101,train
IMG_003102,train
IMG_003103,train
IMG_003104,train
IMG_003105,train
IMG_003106,train
IMG_003107,train
IMG_003108,train
IMG_003109,train
IMG_003110,train
IMG_003111,train
IMG_003112,train
IMG_003113,train
IMG_003114,train
IMG_003115,val
IMG_003116,test
IMG_003117,train
IMG_003118,train
IMG_003119,train
IMG_003120,train
IMG_003121,test
IMG_003122,train
IMG_003123,val
IMG_003124,val
IMG_003125,train
IMG_003126,train
IMG_003127,train
IMG_003128,val
IMG_003129,val
IMG_003130,train
IMG_003131,test
IMG_003132,train
IMG_003133,train
IMG_003134,train
IMG_003135,train
IMG_003136,val
IMG_003137,train
IMG_003138,train
IMG_003139,train
IMG_003140,test
IMG_003141,train
IMG_003142,val
IMG_003143,train
IMG_003144,train
IMG_003145,train
IMG_003146,train
IMG_003147,train
IMG_003148,train
IMG_003149,val
IMG_003150,train
IMG_003151,train
IMG_003152,train
IMG_003153,train
IMG_003154,train
IMG_003155,val
IMG_003156,val
IMG_003157,train
IMG_003158,train
IMG_003159,train
IMG_003160,test
IMG_003161,train
IMG_003162,val
IMG_003163,train
IMG_003164,train
IMG_003165,val
IMG_003166,train
IMG_003167,train
IMG_003168,test
IMG_003169,train
IMG_003170,test
IMG_003171,train
IMG_003172,train
IMG_003173,train
IMG_003174,test
IMG_003175,train
IMG_003176,train
IMG_003177,train
IMG_003178,train
IMG_003179,train
IMG_003180,train
IMG_003181,train
IMG_003182,test
IMG_003183,test
IMG_003184,val
IMG_003185,train
IMG_003186,train
IMG_003187,train
IMG_003188,train
IMG_003189,val
IMG_003190,train
IMG_003191,train
IMG_003192,val
IMG_003193,val
IMG_003194,test
IMG_003195,train
IMG_003196,train
IMG_003197,train
IMG_003198,test
IMG_003199,train
IMG_003200,train
IMG_003201,train
IMG_003202,train
IMG_003203,train
IMG_003204,train
IMG_003205,train
IMG_003206,val
IMG_003207,train
IMG_003208,train
IMG_003209,train
IMG_003210,train
IMG_003211,train
IMG_003212,val
IMG_003213,train
IMG_003214,train
IMG_003215,train
IMG_003216,train
IMG_003217,train
IMG_003218,train
IMG_003219,val
IMG_003220,train
IMG_003221,train
IMG_003222,train
IMG_003223,train
IMG_003224,val
IMG_003225,train
IMG_003226,train
IMG_003227,train
IMG_003228,train
IMG_003229,train
IMG_003230,train
IMG_003231,train
IMG_003232,val
IMG_003233,train
IMG_003234,train
IMG_003235,train
IMG_003236,test
IMG_003237,train
IMG_003238,train
IMG_003239,val
IMG_003240,val
IMG_003241,train
IMG_003242,train
IMG_003243,train
IMG_003244,train
IMG_003245,train
IMG_003246,train
IMG_003247,train
IMG_003248,train
IMG_003249,train
IMG_003250,train
IMG_003251,test
IMG_003252,test
IMG_003253,train
IMG_003254,train
IMG_003255,train
IMG_003256,train
IMG_003257,train
IMG_003258,val
IMG_003259,train
IMG_003260,val
IMG_003261,test
IMG_003262,train
IMG_003263,train
IMG_003264,train
IMG_003265,test
IMG_003266,train
IMG_003267,val
IMG_003268,train
IMG_003269,train
IMG_003270,train
IMG_003271,train
IMG_003272,train
IMG_003273,train
IMG_003274,train
IMG_003275,val
IMG_003276,train
IMG_003277,test
IMG_003278,train
IMG_003279,test
IMG_003280,train
IMG_003281,train
IMG_003282,train
IMG_003283,train
IMG_003284,train
IMG_003285,train
IMG_003286,train
IMG_003287,train
IMG_003288,test
IMG_003289,train
IMG_003290,train
IMG_003291,train
IMG_003292,test
IMG_003293,train
IMG_003294,train
IMG_003295,train
IMG_003296,train
IMG_003297,train
IMG_003298,val
IMG_003299,train
IMG_003300,train
IMG_003301,train
IMG_003302,train
IMG_003303,train
IMG_003304,val
IMG_003305,train
IMG_003306,test
IMG_003307,train
IMG_003308,train
IMG_003309,train
IMG_003310,train
IMG_003311,train
IMG_003312,test
IMG_003313,val
IMG_003314,test
IMG_003315,train
IMG_003316,train
IMG_003317,train
IMG_003318,train
IMG_003319,train
IMG_003320,test
IMG_003321,train
IMG_003322,train
IMG_003323,train
IMG_003324,train
IMG_003325,train
IMG_003326,test
IMG_003327,train
IMG_003328,test
IMG_003329,val
IMG_003330,train
IMG_003331,test
IMG_003332,train
IMG_003333,train
IMG_003334,test
IMG_003335,train
IMG_003336,val
IMG_003337,val
IMG_003338,train
IMG_003339,train
IMG_003340,train
IMG_003341,train
IMG_003342,test
IMG_003343,train
IMG_003344,train
IMG_003345,test
IMG_003346,val
IMG_003347,train
IMG_003348,train
IMG_003349,train
IMG_003350,val
IMG_003351,test
IMG_003352,val
IMG_003353,val
IMG_003354,train
IMG_003355,train
IMG_003356,train
IMG_003357,train
IMG_003358,train
IMG_003359,test
IMG_003360,train
IMG_003361,train
IMG_003362,train
IMG_003363,train
IMG_003364,train
IMG_003365,train
IMG_003366,train
IMG_003367,train
IMG_003368,train
IMG_003369,val
IMG_003370,train
IMG_003371,train
IMG_003372,train
IMG_003373,train
IMG_003374,test
IMG_003375,train
IMG_003376,train
IMG_003377,test
IMG_003378,train
IMG_003379,train
IMG_003380,train
IMG_003381,test
IMG_003382,val
IMG_003383,test
IMG_003384,test
IMG_003385,train
IMG_003386,train
IMG_003387,test
IMG_003388,val
IMG_003389,train
IMG_003390,test
IMG_003391,val
IMG_003392,test
IMG_003393,train
IMG_003394,train
IMG_003395,test
IMG_003396,val
IMG_003397,train
IMG_003398,test
IMG_003399,train
IMG_003400,test
IMG_003401,train
IMG_003402,train
IMG_003403,train
IMG_003404,train
IMG_003405,val
IMG_003406,train
IMG_003407,train
IMG_003408,val
IMG_003409,train
IMG_003410,train
IMG_003411,train
IMG_003412,train
IMG_003413,train
IMG_003414,train
IMG_003415,train
IMG_003416,test
IMG_003417,train
IMG_003418,train
IMG_003419,train
IMG_003420,val
IMG_003421,train
IMG_003422,train
IMG_003423,train
IMG_003424,train
IMG_003425,train
IMG_003426,train
IMG_003427,train
IMG_003428,train
IMG_003429,train
IMG_003430,train
IMG_003431,test
IMG_003432,val
IMG_003433,train
IMG_003434,val
IMG_003435,train
IMG_003436,train
IMG_003437,train
IMG_003438,train
IMG_003439,train
IMG_003440,train
IMG_003441,test
IMG_003442,train
IMG_003443,val
IMG_003444,train
IMG_003445,train
IMG_003446,train
IMG_003447,train
IMG_003448,train
IMG_003449,train
IMG_003450,train
IMG_003451,train
IMG_003452,train
IMG_003453,train
IMG_003454,train
IMG_003455,test
IMG_003456,train
IMG_003457,train
IMG_003458,train
IMG_003459,train
IMG_003460,test
IMG_003461,test
IMG_003462,train
IMG_003463,val
IMG_003464,train
IMG_003465,val
IMG_003466,train
IMG_003467,val
IMG_003468,train
IMG_003469,train
IMG_003470,val
IMG_003471,test
IMG_003472,train
IMG_003473,train
IMG_003474,val
IMG_003475,train
IMG_003476,test
IMG_003477,test
IMG_003478,train
IMG_003479,train
IMG_003480,train
IMG_003481,train
IMG_003482,train
IMG_003483,train
IMG_003484,test
IMG_003485,test
IMG_003486,train
IMG_003487,train
IMG_003488,test
IMG_003489,train
IMG_003490,test
IMG_003491,test
IMG_003492,val
IMG_003493,val
IMG_003494,train
IMG_003495,train
IMG_003496,train
IMG_003497,train
IMG_003498,train
IMG_003499,train
IMG_003500,val
IMG_003501,train
IMG_003502,train
IMG_003503,train
IMG_003504,test
IMG_003505,train
IMG_003506,train
IMG_003507,train
IMG_003508,train
IMG_003509,train
IMG_003510,train
IMG_003511,val
IMG_003512,train
IMG_003513,train
IMG_003514,train
IMG_003515,train
IMG_003516,train
IMG_003517,test
IMG_003518,train
IMG_003519,train
IMG_003520,val
IMG_003521,train
IMG_003522,train
IMG_003523,test
IMG_003524,train
IMG_003525,val
IMG_003526,val
IMG_003527,train
IMG_003528,train
IMG_003529,train
IMG_003530,train
IMG_003531,test
IMG_003532,val
IMG_003533,train
IMG_003534,train
IMG_003535,test
IMG_003536,train
IMG_003537,train
IMG_003538,test
IMG_003539,train
IMG_003540,train
IMG_003541,train
IMG_003542,test
IMG_003543,train
IMG_003544,train
IMG_003545,val
IMG_003546,train
IMG_003547,val
IMG_003548,train
IMG_003549,train
IMG_003550,val
IMG_003551,train
IMG_003552,train
IMG_003553,train
IMG_003554,test
IMG_003555,val
IMG_003556,train
IMG_003557,train
IMG_003558,train
IMG_003559,train
IMG_003560,train
IMG_003561,train
IMG_003562,test
IMG_003563,train
IMG_003564,train
IMG_003565,val
IMG_003566,val
IMG_003567,val
IMG_003568,train
IMG_003569,train
IMG_003570,train
IMG_003571,train
IMG_003572,train
IMG_003573,train
IMG_003574,train
IMG_003575,val
IMG_003576,train
IMG_003577,train
IMG_003578,train
IMG_003579,train
IMG_003580,train
IMG_003581,train
IMG_003582,train
IMG_003583,train
IMG_003584,train
IMG_003585,val
IMG_003586,train
IMG_003587,train
IMG_003588,test
IMG_003589,train
IMG_003590,train
IMG_003591,train
IMG_003592,train
IMG_003593,val
IMG_003594,train
IMG_003595,train
IMG_003596,train
IMG_003597,val
IMG_003598,train
IMG_003599,train
IMG_003600,train
IMG_003601,val
IMG_003602,train
IMG_003603,test
IMG_003604,train
IMG_003605,train
IMG_003606,val
IMG_003607,train
IMG_003608,val
IMG_003609,train
IMG_003610,train
IMG_003611,val
IMG_003612,train
IMG_003613,train
IMG_003614,train
IMG_003615,test
IMG_003616,train
IMG_003617,train
IMG_003618,train
IMG_003619,test
IMG_003620,train
IMG_003621,train
IMG_003622,val
IMG_003623,train
IMG_003624,train
IMG_003625,train
IMG_003626,train
IMG_003627,train
IMG_003628,test
IMG_003629,val
IMG_003630,train
IMG_003631,train
IMG_003632,test
IMG_003633,val
IMG_003634,train
IMG_003635,train
IMG_003636,val
IMG_003637,train
IMG_003638,train
IMG_003639,train
IMG_003640,train
IMG_003641,train
IMG_003642,test
IMG_003643,train
IMG_003644,test
IMG_003645,train
IMG_003646,test
IMG_003647,train
IMG_003648,train
IMG_003649,train
IMG_003650,val
IMG_003651,train
IMG_003652,train
IMG_003653,val
IMG_003654,train
IMG_003655,val
IMG_003656,train
IMG_003657,train
IMG_003658,train
IMG_003659,train
IMG_003660,val
IMG_003661,train
IMG_003662,train
IMG_003663,val
IMG_003664,train
IMG_003665,train
IMG_003666,test
IMG_003667,train
IMG_003668,test
IMG_003669,val
IMG_003670,train
IMG_003671,val
IMG_003672,train
IMG_003673,train
IMG_003674,test
IMG_003675,test
IMG_003676,train
IMG_003677,test
IMG_003678,train
IMG_003679,val
IMG_003680,train
IMG_003681,train
IMG_003682,train
IMG_003683,val
IMG_003684,train
IMG_003685,train
IMG_003686,train
IMG_003687,train
IMG_003688,train
IMG_003689,train
IMG_003690,train
IMG_003691,test
IMG_003692,train
IMG_003693,train
IMG_003694,train
IMG_003695,val
IMG_003696,train
IMG_003697,val
IMG_003698,train
IMG_003699,train
IMG_003700,train
IMG_003701,train
IMG_003702,train
IMG_003703,test
IMG_003704,train
IMG_003705,train
IMG_003706,test
IMG_003707,train
IMG_003708,train
IMG_003709,train
IMG_003710,train
IMG_003711,train
IMG_003712,train
IMG_003713,test
IMG_003714,val
IMG_003715,train
IMG_003716,train
IMG_003717,test
IMG_003718,val
IMG_003719,train
IMG_003720,train
IMG_003721,train
IMG_003722,train
IMG_003723,val
IMG_003724,val
IMG_003725,train
IMG_003726,test
IMG_003727,train
IMG_003728,test
IMG_003729,train
IMG_003730,train
IMG_003731,train
IMG_003732,train
IMG_003733,train
IMG_003734,train
IMG_003735,train
IMG_003736,test
IMG_003737,val
IMG_003738,val
IMG_003739,train
IMG_003740,train
IMG_003741,train
IMG_003742,train
IMG_003743,val
IMG_003744,train
IMG_003745,train
IMG_003746,train
IMG_003747,train
IMG_003748,test
IMG_003749,test
IMG_003750,test
IMG_003751,train
IMG_003752,val
IMG_003753,train
IMG_003754,train
IMG_003755,train
IMG_003756,test
IMG_003757,train
IMG_003758,train
IMG_003759,train
IMG_003760,train
IMG_003761,train
IMG_003762,train
IMG_003763,train
IMG_003764,train
IMG_003765,test
IMG_003766,val
IMG_003767,train
IMG_003768,train
IMG_003769,val
IMG_003770,val
IMG_003771,train
IMG_003772,val
IMG_003773,train
IMG_003774,train
IMG_003775,val
IMG_003776,train
IMG_003777,train
IMG_003778,train
IMG_003779,test
IMG_003780,train
IMG_003781,train
IMG_003782,val
IMG_003783,train
IMG_003784,val
IMG_003785,train
IMG_003786,train
IMG_003787,train
IMG_003788,train
IMG_003789,train
IMG_003790,train
IMG_003791,train
IMG_003792,train
IMG_003793,train
IMG_003794,train
IMG_003795,train
IMG_003796,val
IMG_003797,train
IMG_003798,train
IMG_003799,train
IMG_003800,train
IMG_003801,val
IMG_003802,train
IMG_003803,train
IMG_003804,train
IMG_003805,train
IMG_003806,test
IMG_003807,train
IMG_003808,test
IMG_003809,test
IMG_003810,test
IMG_003811,train
IMG_003812,train
IMG_003813,train
IMG_003814,val
IMG_003815,train
IMG_003816,train
IMG_003817,train
IMG_003818,val
IMG_003819,train
IMG_003820,train
IMG_003821,train
IMG_003822,test
IMG_003823,train
IMG_003824,train
IMG_003825,train
IMG_003826,train
IMG_003827,train
IMG_003828,val
IMG_003829,test
IMG_003830,val
IMG_003831,test
IMG_003832,test
IMG_003833,train
IMG_003834,train
IMG_003835,val
IMG_003836,train
IMG_003837,train
IMG_003838,test
IMG_003839,val
IMG_003840,train
IMG_003841,train
IMG_003842,train
IMG_003843,train
IMG_003844,test
IMG_003845,train
IMG_003846,train
IMG_003847,train
IMG_003848,train
IMG_003849,train
IMG_003850,train
IMG_003851,val
IMG_003852,train
IMG_003853,train
IMG_003854,train
IMG_003855,val
IMG_003856,train
IMG_003857,train
IMG_003858,train
IMG_003859,train
IMG_003860,train
IMG_003861,train
IMG_003862,val
IMG_003863,val
IMG_003864,train
IMG_003865,train
IMG_003866,train
IMG_003867,val
IMG_003868,test
IMG_003869,train
IMG_003870,train
IMG_003871,test
IMG_003872,test
IMG_003873,test
IMG_003874,train
IMG_003875,train
IMG_003876,train
IMG_003877,train
IMG_003878,train
IMG_003879,train
IMG_003880,test
IMG_003881,train
IMG_003882,val
IMG_003883,train
IMG_003884,test
IMG_003885,train
IMG_003886,train
IMG_003887,train
IMG_003888,train
IMG_003889,train
IMG_003890,val
IMG_003891,test
IMG_003892,train
IMG_003893,train
IMG_003894,val
IMG_003895,val
IMG_003896,val
IMG_003897,train
IMG_003898,val
IMG_003899,test
IMG_003900,test
IMG_003901,test
IMG_003902,test
IMG_003903,train
IMG_003904,test
IMG_003905,val
IMG_003906,val
IMG_003907,train
IMG_003908,test
IMG_003909,val
IMG_003910,train
IMG_003911,train
IMG_003912,train
IMG_003913,train
IMG_003914,val
IMG_003915,train
IMG_003916,train
IMG_003917,train
IMG_003918,train
IMG_003919,train
IMG_003920,train
IMG_003921,train
IMG_003922,train
IMG_003923,val
IMG_003924,train
IMG_003925,test
IMG_003926,train
IMG_003927,train
IMG_003928,train
IMG_003929,test
IMG_003930,train
IMG_003931,train
IMG_003932,val
IMG_003933,test
IMG_003934,train
IMG_003935,train
IMG_003936,train
IMG_003937,val
IMG_003938,train
IMG_003939,val
IMG_003940,train
IMG_003941,train
IMG_003942,train
IMG_003943,train
IMG_003944,val
IMG_003945,train
IMG_003946,val
IMG_003947,train
IMG_003948,test
IMG_003949,train
IMG_003950,train
IMG_003951,train
IMG_003952,train
IMG_003953,train
IMG_003954,test
IMG_003955,val
IMG_003956,train
IMG_003957,test
IMG_003958,train
IMG_003959,train
IMG_003960,train
IMG_003961,train
IMG_003962,val
IMG_003963,train
IMG_003964,val
IMG_003965,train
IMG_003966,val
IMG_003967,val
IMG_003968,test
IMG_003969,train
IMG_003970,val
IMG_003971,train
IMG_003972,train
IMG_003973,train
IMG_003974,test
IMG_003975,train
IMG_003976,train
IMG_003977,train
IMG_003978,train
IMG_003979,train
IMG_003980,val
IMG_003981,val
IMG_003982,train
IMG_003983,train
IMG_003984,train
IMG_003985,train
IMG_003986,train
IMG_003987,train
IMG_003988,val
IMG_003989,train
IMG_003990,train
IMG_003991,train
IMG_003992,train
IMG_003993,train
IMG_003994,train
IMG_003995,train
IMG_003996,train
IMG_003997,test
IMG_003998,train
IMG_003999,train
IMG_004000,val
IMG_004001,train
IMG_004002,val
IMG_004003,train
IMG_004004,train
IMG_004005,train
IMG_004006,test
IMG_004007,train
IMG_004008,val
IMG_004009,train
IMG_004010,test
IMG_004011,train
IMG_004012,train
IMG_004013,test
IMG_004014,test
IMG_004015,train
IMG_004016,train
IMG_004017,train
IMG_004018,test
IMG_004019,train
IMG_004020,train
IMG_004021,train
IMG_004022,val
IMG_004023,train
IMG_004024,train
IMG_004025,train
IMG_004026,train
IMG_004027,val
IMG_004028,test
IMG_004029,test
IMG_004030,train
IMG_004031,test
IMG_004032,train
IMG_004033,train
IMG_004034,train
IMG_004035,train
IMG_004036,train
IMG_004037,train
IMG_004038,val
IMG_004039,train
IMG_004040,train
IMG_004041,train
IMG_004042,train
IMG_004043,train
IMG_004044,train
IMG_004045,train
IMG_004046,train
IMG_004047,train
IMG_004048,train
IMG_004049,val
IMG_004050,train
IMG_004051,val
IMG_004052,train
IMG_004053,test
IMG_004054,train
IMG_004055,train
IMG_004056,train
IMG_004057,test
IMG_004058,test
IMG_004059,train
IMG_004060,train
IMG_004061,train
IMG_004062,train
IMG_004063,train
IMG_004064,train
IMG_004065,train
IMG_004066,train
IMG_004067,train
IMG_004068,train
IMG_004069,train
IMG_004070,train
IMG_004071,train
IMG_004072,train
IMG_004073,train
IMG_004074,test
IMG_004075,train
IMG_004076,train
IMG_004077,test
IMG_004078,test
IMG_004079,train
IMG_004080,train
IMG_004081,test
IMG_004082,train
IMG_004083,train
IMG_004084,train
IMG_004085,test
IMG_004086,test
IMG_004087,train
IMG_004088,train
IMG_004089,train
IMG_004090,val
IMG_004091,test
IMG_004092,train
IMG_004093,train
IMG_004094,val
IMG_004095,train
IMG_004096,train
IMG_004097,train
IMG_004098,train
IMG_004099,test
IMG_004100,val
IMG_004101,train
IMG_004102,train
IMG_004103,val
IMG_004104,train
IMG_004105,train
IMG_004106,test
IMG_004107,val
IMG_004108,test
IMG_004109,train
IMG_004110,train
IMG_004111,train
IMG_004112,train
IMG_004113,train
IMG_004114,val
IMG_004115,train
IMG_004116,train
IMG_004117,train
IMG_004118,train
IMG_004119,train
IMG_004120,test
IMG_004121,train
IMG_004122,val
IMG_004123,train
IMG_004124,train
IMG_004125,train
IMG_004126,val
IMG_004127,train
IMG_004128,test
IMG_004129,train
IMG_004130,train
IMG_004131,train
IMG_004132,val
IMG_004133,train
IMG_004134,train
IMG_004135,train
IMG_004136,train
IMG_004137,train
IMG_004138,train
IMG_004139,train
IMG_004140,train
IMG_004141,train
IMG_004142,train
IMG_004143,train
IMG_004144,val
IMG_004145,train
IMG_004146,train
IMG_004147,train
IMG_004148,val
IMG_004149,train
IMG_004150,test
IMG_004151,test
IMG_004152,train
IMG_004153,train
IMG_004154,train
IMG_004155,train
IMG_004156,train
IMG_004157,train
IMG_004158,val
IMG_004159,train
IMG_004160,test
IMG_004161,train
IMG_004162,train
IMG_004163,val
IMG_004164,train
IMG_004165,train
IMG_004166,train
IMG_004167,train
IMG_004168,val
IMG_004169,test
IMG_004170,train
IMG_004171,train
IMG_004172,val
IMG_004173,train
IMG_004174,train
IMG_004175,train
IMG_004176,train
IMG_004177,test
IMG_004178,train
IMG_004179,train
IMG_004180,train
IMG_004181,val
IMG_004182,train
IMG_004183,test
IMG_004184,test
IMG_004185,train
IMG_004186,test
IMG_004187,train
IMG_004188,train
IMG_004189,train
IMG_004190,train
IMG_004191,train
IMG_004192,train
IMG_004193,train
IMG_004194,train
IMG_004195,train
IMG_004196,val
IMG_004197,train
IMG_004198,train
IMG_004199,train
IMG_004200,train
IMG_004201,train
IMG_004202,test
IMG_004203,train
IMG_004204,train
IMG_004205,test
IMG_004206,train
IMG_004207,val
IMG_004208,test
IMG_004209,test
IMG_004210,train
IMG_004211,val
IMG_004212,test
IMG_004213,val
IMG_004214,val
IMG_004215,test
IMG_004216,train
IMG_004217,train
IMG_004218,val
IMG_004219,test
IMG_004220,train
IMG_004221,train
IMG_004222,val
IMG_004223,val
IMG_004224,train
IMG_004225,train
IMG_004226,train
IMG_004227,test
IMG_004228,train
IMG_004229,train
IMG_004230,test
IMG_004231,train
IMG_004232,train
IMG_004233,train
IMG_004234,val
IMG_004235,train
IMG_004236,train
IMG_004237,train
IMG_004238,train
IMG_004239,train
IMG_004240,val
IMG_004241,train
IMG_004242,train
IMG_004243,train
IMG_004244,val
IMG_004245,train
IMG_004246,train
IMG_004247,train
IMG_004248,train
IMG_004249,train
IMG_004250,train
IMG_004251,test
IMG_004252,test
IMG_004253,val
IMG_004254,train
IMG_004255,train
IMG_004256,val
IMG_004257,test
IMG_004258,test
IMG_004259,train
IMG_004260,test
IMG_004261,train
IMG_004262,train
IMG_004263,train
IMG_004264,train
IMG_004265,train
IMG_004266,val
IMG_004267,train
IMG_004268,train
IMG_004269,test
IMG_004270,val
IMG_004271,train
IMG_004272,val
IMG_004273,val
IMG_004274,train
IMG_004275,test
IMG_004276,train
IMG_004277,val
IMG_004278,test
IMG_004279,test
IMG_004280,train
IMG_004281,train
IMG_004282,train
IMG_004283,train
IMG_004284,test
IMG_004285,train
IMG_004286,train
IMG_004287,val
IMG_004288,test
IMG_004289,train
IMG_004290,train
IMG_004291,test
IMG_004292,train
IMG_004293,train
IMG_004294,train
IMG_004295,train
IMG_004296,train
IMG_004297,train
IMG_004298,train
IMG_004299,train
IMG_004300,train
IMG_004301,val
IMG_004302,val
IMG_004303,val
IMG_004304,test
IMG_004305,test
IMG_004306,train
IMG_004307,train
IMG_004308,train
IMG_004309,train
IMG_004310,test
IMG_004311,val
IMG_004312,train
IMG_004313,train
IMG_004314,val
IMG_004315,train
IMG_004316,train
IMG_004317,train
IMG_004318,train
IMG_004319,val
IMG_004320,test
IMG_004321,train
IMG_004322,train
IMG_004323,train
IMG_004324,train
IMG_004325,train
IMG_004326,test
IMG_004327,train
IMG_004328,train
IMG_004329,train
IMG_004330,train
IMG_004331,val
IMG_004332,train
IMG_004333,train
IMG_004334,train
IMG_004335,train
IMG_004336,train
IMG_004337,train
IMG_004338,test
IMG_004339,val
IMG_004340,train
IMG_004341,train
IMG_004342,test
IMG_004343,train
IMG_004344,train
IMG_004345,val
IMG_004346,train
IMG_004347,train
IMG_004348,train
IMG_004349,train
IMG_004350,train
IMG_004351,train
IMG_004352,train
IMG_004353,train
IMG_004354,train
IMG_004355,train
IMG_004356,val
IMG_004357,train
IMG_004358,train
IMG_004359,test
IMG_004360,test
IMG_004361,train
IMG_004362,test
IMG_004363,test
IMG_004364,train
IMG_004365,train
IMG_004366,train
IMG_004367,train
IMG_004368,train
IMG_004369,train
IMG_004370,train
IMG_004371,val
IMG_004372,train
IMG_004373,test
IMG_004374,val
IMG_004375,train
IMG_004376,test
IMG_004377,test
IMG_004378,val
IMG_004379,train
IMG_004380,train
IMG_004381,train
IMG_004382,train
IMG_004383,train
IMG_004384,train
IMG_004385,val
IMG_004386,test
IMG_004387,val
IMG_004388,train
IMG_004389,train
IMG_004390,train
IMG_004391,val
IMG_004392,val
IMG_004393,val
IMG_004394,test
IMG_004395,test
IMG_004396,val
IMG_004397,train
IMG_004398,train
IMG_004399,train
IMG_004400,train
IMG_004401,train
IMG_004402,train
IMG_004403,train
IMG_004404,train
IMG_004405,train
IMG_004406,test
IMG_004407,train
IMG_004408,train
IMG_004409,train
IMG_004410,train
IMG_004411,val
IMG_004412,train
IMG_004413,train
IMG_004414,test
IMG_004415,train
IMG_004416,train
IMG_004417,train
IMG_004418,train
IMG_004419,val
IMG_004420,train
IMG_004421,test
IMG_004422,train
IMG_004423,train
IMG_004424,train
IMG_004425,train
IMG_004426,train
IMG_004427,train
IMG_004428,train
IMG_004429,train
IMG_004430,train
IMG_004431,val
IMG_004432,train
IMG_004433,train
IMG_004434,test
IMG_004435,train
IMG_004436,train
IMG_004437,train
IMG_004438,train
IMG_004439,train
IMG_004440,train
IMG_004441,train
IMG_004442,train
IMG_004443,train
IMG_004444,val
IMG_004445,train
IMG_004446,train
IMG_004447,train
IMG_004448,train
IMG_004449,train
IMG_004450,test
IMG_004451,train
IMG_004452,val
IMG_004453,train
IMG_004454,train
IMG_004455,train
IMG_004456,train
IMG_004457,train
IMG_004458,train
IMG_004459,train
IMG_004460,train
IMG_004461,val
IMG_004462,train
IMG_004463,train
IMG_004464,val
IMG_004465,train
IMG_004466,test
IMG_004467,train
IMG_004468,train
IMG_004469,train
IMG_004470,test
IMG_004471,test
IMG_004472,train
IMG_004473,val
IMG_004474,train
IMG_004475,train
IMG_004476,train
IMG_004477,train
IMG_004478,train
IMG_004479,train
IMG_004480,train
IMG_004481,train
IMG_004482,train
IMG_004483,train
IMG_004484,train
IMG_004485,train
IMG_004486,train
IMG_004487,val
IMG_004488,train
IMG_004489,test
IMG_004490,train
IMG_004491,train
IMG_004492,train
IMG_004493,train
IMG_004494,train
IMG_004495,train
IMG_004496,train
IMG_004497,test
IMG_004498,train
IMG_004499,train
IMG_004500,test
IMG_004501,train
IMG_004502,train
IMG_004503,train
IMG_004504,test
IMG_004505,train
IMG_004506,test
IMG_004507,train
IMG_004508,train
IMG_004509,train
IMG_004510,train
IMG_004511,train
IMG_004512,test
IMG_004513,train
IMG_004514,val
IMG_004515,test
IMG_004516,train
IMG_004517,train
IMG_004518,train
IMG_004519,test
IMG_004520,val
IMG_004521,train
IMG_004522,test
IMG_004523,train
IMG_004524,train
IMG_004525,val
IMG_004526,train
IMG_004527,train
IMG_004528,test
IMG_004529,train
IMG_004530,val
IMG_004531,train
IMG_004532,train
IMG_004533,train
IMG_004534,train
IMG_004535,train
IMG_004536,train
IMG_004537,val
IMG_004538,train
IMG_004539,train
IMG_004540,train
IMG_004541,test
IMG_004542,train
IMG_004543,train
IMG_004544,train
IMG_004545,test
IMG_004546,train
IMG_004547,test
IMG_004548,train
IMG_004549,train
IMG_004550,train
IMG_004551,train
IMG_004552,train
IMG_004553,train
IMG_004554,train
IMG_004555,val
IMG_004556,train
IMG_004557,val
IMG_004558,train
IMG_004559,train
IMG_004560,train
IMG_004561,test
IMG_004562,test
IMG_004563,test
IMG_004564,val
IMG_004565,train
IMG_004566,train
IMG_004567,test
IMG_004568,val
IMG_004569,train
IMG_004570,test
IMG_004571,train
IMG_004572,train
IMG_004573,train
IMG_004574,train
IMG_004575,train
IMG_004576,train
IMG_004577,train
IMG_004578,train
IMG_004579,train
IMG_004580,train
IMG_004581,train
IMG_004582,train
IMG_004583,train
IMG_004584,train
IMG_004585,val
IMG_004586,val
IMG_004587,train
IMG_004588,train
IMG_004589,train
IMG_004590,train
IMG_004591,train
IMG_004592,train
IMG_004593,train
IMG_004594,test
IMG_004595,train
IMG_004596,train
IMG_004597,train
IMG_004598,train
IMG_004599,train
IMG_004600,train
IMG_004601,train
IMG_004602,train
IMG_004603,test
IMG_004604,train
IMG_004605,test
IMG_004606,train
IMG_004607,train
IMG_004608,train
IMG_004609,train
IMG_004610,train
IMG_004611,train
IMG_004612,test
IMG_004613,train
IMG_004614,train
IMG_004615,train
IMG_004616,val
IMG_004617,train
IMG_004618,train
IMG_004619,train
IMG_004620,train
IMG_004621,train
IMG_004622,train
IMG_004623,test
IMG_004624,test
IMG_004625,train
IMG_004626,train
IMG_004627,train
IMG_004628,test
IMG_004629,val
IMG_004630,val
IMG_004631,train
IMG_004632,train
IMG_004633,val
IMG_004634,train
IMG_004635,train
IMG_004636,train
IMG_004637,val
IMG_004638,val
IMG_004639,train
IMG_004640,test
IMG_004641,train
IMG_004642,train
IMG_004643,train
IMG_004644,train
IMG_004645,train
IMG_004646,val
IMG_004647,train
IMG_004648,train
IMG_004649,train
IMG_004650,val
IMG_004651,train
IMG_004652,train
IMG_004653,val
IMG_004654,train
IMG_004655,val
IMG_004656,val
IMG_004657,train
IMG_004658,test
IMG_004659,test
IMG_004660,train
IMG_004661,val
IMG_004662,train
IMG_004663,train
IMG_004664,val
IMG_004665,test
IMG_004666,train
IMG_004667,val
IMG_004668,train
IMG_004669,train
IMG_004670,test
IMG_004671,test
IMG_004672,train
IMG_004673,val
IMG_004674,val
IMG_004675,train
IMG_004676,test
IMG_004677,test
IMG_004678,train
IMG_004679,train
IMG_004680,val
IMG_004681,train
IMG_004682,train
IMG_004683,train
IMG_004684,train
IMG_004685,train
IMG_004686,val
IMG_004687,train
IMG_004688,train
IMG_004689,train
IMG_004690,val
IMG_004691,train
IMG_004692,train
IMG_004693,train
IMG_004694,train
IMG_004695,train
IMG_004696,val
IMG_004697,test
IMG_004698,train
IMG_004699,train
IMG_004700,train
IMG_004701,train
IMG_004702,train
IMG_004703,train
IMG_004704,test
IMG_004705,test
IMG_004706,train
IMG_004707,train
IMG_004708,test
IMG_004709,train
IMG_004710,test
IMG_004711,test
IMG_004712,train
IMG_004713,val
IMG_004714,train
IMG_004715,train
IMG_004716,test
IMG_004717,train
IMG_004718,train
IMG_004719,train
IMG_004720,train
IMG_004721,train
IMG_004722,train
IMG_004723,train
IMG_004724,train
IMG_004725,train
IMG_004726,val
IMG_004727,test
IMG_004728,train
IMG_004729,train
IMG_004730,val
IMG_004731,train
IMG_004732,train
IMG_004733,train
IMG_004734,train
IMG_004735,train
IMG_004736,train
IMG_004737,train
IMG_004738,test
IMG_004739,train
IMG_004740,test
IMG_004741,train
IMG_004742,train
IMG_004743,val
IMG_004744,test
IMG_004745,train
IMG_004746,train
IMG_004747,val
IMG_004748,val
IMG_004749,train
IMG_004750,train
IMG_004751,train
IMG_004752,train
IMG_004753,train
IMG_004754,val
IMG_004755,train
IMG_004756,train
IMG_004757,train
IMG_004758,train
IMG_004759,val
IMG_004760,train
IMG_004761,train
IMG_004762,val
IMG_004763,val
IMG_004764,train
IMG_004765,train
IMG_004766,train
IMG_004767,train
IMG_004768,train
IMG_004769,test
IMG_004770,train
IMG_004771,val
IMG_004772,val
IMG_004773,train
IMG_004774,val
IMG_004775,train
IMG_004776,test
IMG_004777,train
IMG_004778,train
IMG_004779,train
IMG_004780,train
IMG_004781,val
IMG_004782,test
IMG_004783,train
IMG_004784,val
IMG_004785,train
IMG_004786,train
IMG_004787,val
IMG_004788,train
IMG_004789,val
IMG_004790,val
IMG_004791,train
IMG_004792,test
IMG_004793,test
IMG_004794,val
IMG_004795,train
IMG_004796,train
IMG_004797,test
IMG_004798,train
IMG_004799,test
IMG_004800,test
IMG_004801,train
IMG_004802,train
IMG_004803,train
IMG_004804,train
IMG_004805,val
IMG_004806,train
IMG_004807,test
IMG_004808,train
IMG_004809,test
IMG_004810,train
IMG_004811,val
IMG_004812,val
IMG_004813,train
IMG_004814,train
IMG_004815,train
IMG_004816,val
IMG_004817,train
IMG_004818,test
IMG_004819,val
IMG_004820,val
IMG_004821,test
IMG_004822,train
IMG_004823,train
IMG_004824,train
IMG_004825,train
IMG_004826,train
IMG_004827,val
IMG_004828,train
IMG_004829,val
IMG_004830,train
IMG_004831,train
IMG_004832,train
IMG_004833,test
IMG_004834,train
IMG_004835,train
IMG_004836,val
IMG_004837,test
IMG_004838,train
IMG_004839,train
IMG_004840,train
IMG_004841,test
IMG_004842,train
IMG_004843,val
IMG_004844,val
IMG_004845,train
IMG_004846,train
IMG_004847,train
IMG_004848,train
IMG_004849,train
IMG_004850,train
IMG_004851,train
IMG_004852,train
IMG_004853,train
IMG_004854,test
IMG_004855,train
IMG_004856,test
IMG_004857,train
IMG_004858,train
IMG_004859,train
IMG_004860,train
IMG_004861,val
IMG_004862,train
IMG_004863,train
IMG_004864,test
IMG_004865,test
IMG_004866,train
IMG_004867,train
IMG_004868,train
IMG_004869,train
IMG_004870,train
IMG_004871,train
IMG_004872,test
IMG_004873,train
IMG_004874,val
IMG_004875,val
IMG_004876,train
IMG_004877,train
IMG_004878,test
IMG_004879,train
IMG_004880,train
IMG_004881,val
IMG_004882,val
IMG_004883,val
IMG_004884,test
IMG_004885,train
IMG_004886,train
IMG_004887,train
IMG_004888,train
IMG_004889,train
IMG_004890,val
IMG_004891,train
IMG_004892,test
IMG_004893,test
IMG_004894,train
IMG_004895,train
IMG_004896,train
IMG_004897,train
IMG_004898,train
IMG_004899,train
IMG_004900,train
IMG_004901,val
IMG_004902,val
IMG_004903,train
IMG_004904,train
IMG_004905,train
IMG_004906,train
IMG_004907,train
IMG_004908,train
IMG_004909,val
IMG_004910,val
IMG_004911,test
IMG_004912,val
IMG_004913,train
IMG_004914,train
IMG_004915,train
IMG_004916,train
IMG_004917,train
IMG_004918,train
IMG_004919,train
IMG_004920,val
IMG_004921,train
IMG_004922,test
IMG_004923,train
IMG_004924,train
IMG_004925,train
IMG_004926,train
IMG_004927,train
IMG_004928,train
IMG_004929,val
IMG_004930,train
IMG_004931,train
IMG_004932,train
IMG_004933,train
IMG_004934,val
IMG_004935,val
IMG_004936,test
IMG_004937,train
IMG_004938,train
IMG_004939,train
IMG_004940,train
IMG_004941,train
IMG_004942,test
IMG_004943,train
IMG_004944,test
IMG_004945,train
IMG_004946,train
IMG_004947,train
IMG_004948,val
IMG_004949,train
IMG_004950,val
IMG_004951,train
IMG_004952,test
IMG_004953,train
IMG_004954,train
IMG_004955,train
IMG_004956,val
IMG_004957,train
IMG_004958,val
IMG_004959,train
IMG_004960,train
IMG_004961,train
IMG_004962,train
IMG_004963,train
IMG_004964,train
IMG_004965,train
IMG_004966,train
IMG_004967,train
IMG_004968,train
IMG_004969,train
IMG_004970,test
IMG_004971,train
IMG_004972,val
IMG_004973,train
IMG_004974,val
IMG_004975,train
IMG_004976,train
IMG_004977,train
IMG_004978,train
IMG_004979,train
IMG_004980,train
IMG_004981,test
IMG_004982,train
IMG_004983,train
IMG_004984,train
IMG_004985,train
IMG_004986,val
IMG_004987,train
IMG_004988,val
IMG_004989,val
IMG_004990,val
IMG_004991,train
IMG_004992,train
IMG_004993,train
IMG_004994,train
IMG_004995,test
IMG_004996,test
IMG_004997,val
IMG_004998,train
IMG_004999,test
IMG_005000,train
IMG_005001,train
IMG_005002,test
IMG_005003,train
IMG_005004,train
IMG_005005,train
IMG_005006,train
IMG_005007,train
IMG_005008,train
IMG_005009,train
IMG_005010,val
IMG_005011,train
IMG_005012,train
IMG_005013,val
IMG_005014,train
IMG_005015,test
IMG_005016,val
IMG_005017,train
IMG_005018,test
IMG_005019,train
IMG_005020,train
IMG_005021,train
IMG_005022,val
IMG_005023,test
IMG_005024,test
IMG_005025,val
IMG_005026,val
IMG_005027,train
IMG_005028,train
IMG_005029,train
IMG_005030,train
IMG_005031,train
IMG_005032,train
IMG_005033,train
IMG_005034,train
IMG_005035,train
IMG_005036,train
IMG_005037,train
IMG_005038,train
IMG_005039,val
IMG_005040,train
IMG_005041,train
IMG_005042,train
IMG_005043,val
IMG_005044,train
IMG_005045,train
IMG_005046,train
IMG_005047,train
IMG_005048,train
IMG_005049,train
IMG_005050,train
IMG_005051,train
IMG_005052,val
IMG_005053,test
IMG_005054,train
IMG_005055,train
IMG_005056,train
IMG_005057,train
IMG_005058,train
IMG_005059,train
IMG_005060,train
IMG_005061,train
IMG_005062,val
IMG_005063,val
IMG_005064,train
IMG_005065,train
IMG_005066,test
IMG_005067,train
IMG_005068,train
IMG_005069,train
IMG_005070,val
IMG_005071,train
IMG_005072,train
IMG_005073,train
IMG_005074,train
IMG_005075,train
IMG_005076,test
IMG_005077,train
IMG_005078,train
IMG_005079,train
IMG_005080,train
IMG_005081,train
IMG_005082,train
IMG_005083,train
IMG_005084,train
IMG_005085,train
IMG_005086,val
IMG_005087,train
IMG_005088,train
IMG_005089,train
IMG_005090,train
IMG_005091,val
IMG_005092,val
IMG_005093,train
IMG_005094,train
IMG_005095,train
IMG_005096,val
IMG_005097,train
IMG_005098,val
IMG_005099,train
IMG_005100,test
IMG_005101,val
IMG_005102,train
IMG_005103,train
IMG_005104,train
IMG_005105,train
IMG_005106,val
IMG_005107,val
IMG_005108,train
IMG_005109,val
IMG_005110,train
IMG_005111,val
IMG_005112,train
IMG_005113,test
IMG_005114,train
IMG_005115,train
IMG_005116,val
IMG_005117,val
IMG_005118,train
IMG_005119,test
IMG_005120,train
IMG_005121,train
IMG_005122,train
IMG_005123,train
IMG_005124,train
IMG_005125,val
IMG_005126,val
IMG_005127,train
IMG_005128,train
IMG_005129,val
IMG_005130,train
IMG_005131,val
IMG_005132,train
IMG_005133,val
IMG_005134,train
IMG_005135,train
IMG_005136,test
IMG_005137,train
IMG_005138,train
IMG_005139,test
IMG_005140,train
IMG_005141,train
IMG_005142,train
IMG_005143,train
IMG_005144,test
IMG_005145,train
IMG_005146,train
IMG_005147,train
IMG_005148,train
IMG_005149,train
IMG_005150,train
IMG_005151,train
IMG_005152,train
IMG_005153,train
IMG_005154,test
IMG_005155,test
IMG_005156,val
IMG_005157,train
IMG_005158,test
IMG_005159,test
IMG_005160,train
IMG_005161,train
IMG_005162,train
IMG_005163,train
IMG_005164,train
IMG_005165,train
IMG_005166,train
IMG_005167,train
IMG_005168,train
IMG_005169,train
IMG_005170,train
IMG_005171,val
IMG_005172,train
IMG_005173,train
IMG_005174,train
IMG_005175,test
IMG_005176,val
IMG_005177,train
IMG_005178,train
IMG_005179,train
IMG_005180,val
IMG_005181,train
IMG_005182,train
IMG_005183,train
IMG_005184,train
IMG_005185,train
IMG_005186,train
IMG_005187,test
IMG_005188,train
IMG_005189,train
IMG_005190,train
IMG_005191,train
IMG_005192,train
IMG_005193,train
IMG_005194,test
IMG_005195,train
IMG_005196,test
IMG_005197,test
IMG_005198,train
IMG_005199,val
IMG_005200,train
IMG_005201,test
IMG_005202,train
IMG_005203,val
IMG_005204,train
IMG_005205,train
IMG_005206,train
IMG_005207,train
IMG_005208,test
IMG_005209,val
IMG_005210,train
IMG_005211,train
IMG_005212,val
IMG_005213,train
IMG_005214,test
IMG_005215,train
IMG_005216,train
IMG_005217,test
IMG_005218,train
IMG_005219,test
IMG_005220,train
IMG_005221,test
IMG_005222,train
IMG_005223,test
IMG_005224,train
IMG_005225,val
IMG_005226,train
IMG_005227,train
IMG_005228,train
IMG_005229,train
IMG_005230,train
IMG_005231,test
IMG_005232,val
IMG_005233,val
IMG_005234,test
IMG_005235,train
IMG_005236,train
IMG_005237,train
IMG_005238,train
IMG_005239,train
IMG_005240,val
IMG_005241,train
IMG_005242,train
IMG_005243,train
IMG_005244,train
IMG_005245,train
IMG_005246,train
IMG_005247,val
IMG_005248,train
IMG_005249,train
IMG_005250,train
IMG_005251,train
IMG_005252,test
IMG_005253,train
IMG_005254,train
IMG_005255,train
IMG_005256,train
IMG_005257,train
IMG_005258,train
IMG_005259,train
IMG_005260,train
IMG_005261,train
IMG_005262,val
IMG_005263,train
IMG_005264,train
IMG_005265,train
IMG_005266,train
IMG_005267,train
IMG_005268,train
IMG_005269,train
IMG_005270,train
IMG_005271,train
IMG_005272,val
IMG_005273,val
IMG_005274,test
IMG_005275,test
IMG_005276,train
IMG_005277,train
IMG_005278,train
IMG_005279,val
IMG_005280,test
IMG_005281,train
IMG_005282,train
IMG_005283,test
IMG_005284,train
IMG_005285,train
IMG_005286,train
IMG_005287,train
IMG_005288,train
IMG_005289,val
IMG_005290,train
IMG_005291,train
IMG_005292,train
IMG_005293,test
IMG_005294,train
IMG_005295,train
IMG_005296,train
IMG_005297,test
IMG_005298,train
IMG_005299,test
IMG_005300,val
IMG_005301,val
IMG_005302,train
IMG_005303,train
IMG_005304,train
IMG_005305,val
IMG_005306,train
IMG_005307,train
IMG_005308,train
IMG_005309,train
IMG_005310,train
IMG_005311,train
IMG_005312,test
IMG_005313,train
IMG_005314,train
IMG_005315,train
IMG_005316,test
IMG_005317,val
IMG_005318,train
IMG_005319,train
IMG_005320,train
IMG_005321,train
IMG_005322,train
IMG_005323,val
IMG_005324,train
IMG_005325,train
IMG_005326,val
IMG_005327,train
IMG_005328,train
IMG_005329,train
IMG_005330,test
IMG_005331,train
IMG_005332,train
IMG_005333,train
IMG_005334,val
IMG_005335,test
IMG_005336,train
IMG_005337,train
IMG_005338,train
IMG_005339,test
IMG_005340,train
IMG_005341,train
IMG_005342,train
IMG_005343,train
IMG_005344,test
IMG_005345,train
IMG_005346,train
IMG_005347,val
IMG_005348,val
IMG_005349,train
IMG_005350,train
IMG_005351,train
IMG_005352,train
IMG_005353,train
IMG_005354,val
IMG_005355,train
IMG_005356,train
IMG_005357,train
IMG_005358,train
IMG_005359,train
IMG_005360,test
IMG_005361,train
IMG_005362,val
IMG_005363,test
IMG_005364,train
IMG_005365,train
IMG_005366,train
IMG_005367,test
IMG_005368,train
IMG_005369,test
IMG_005370,train
IMG_005371,val
IMG_005372,val
IMG_005373,train
IMG_005374,train
IMG_005375,val
IMG_005376,train
IMG_005377,test
IMG_005378,train
IMG_005379,train
IMG_005380,train
IMG_005381,train
IMG_005382,val
IMG_005383,train
IMG_005384,train
IMG_005385,train
IMG_005386,train
IMG_005387,train
IMG_005388,train
IMG_005389,test
IMG_005390,train
IMG_005391,train
IMG_005392,train
IMG_005393,train
IMG_005394,train
IMG_005395,train
IMG_005396,train
IMG_005397,train
IMG_005398,train
IMG_005399,train
IMG_005400,train
IMG_005401,test
IMG_005402,test
IMG_005403,test
IMG_005404,train
IMG_005405,train
IMG_005406,train
IMG_005407,train
IMG_005408,train
IMG_005409,val
IMG_005410,train
IMG_005411,test
IMG_005412,val
IMG_005413,train
IMG_005414,test
IMG_005415,train
IMG_005416,val
IMG_005417,val
IMG_005418,test
IMG_005419,train
IMG_005420,train
IMG_005421,test
IMG_005422,train
IMG_005423,train
IMG_005424,train
IMG_005425,test
IMG_005426,val
IMG_005427,train
IMG_005428,train
IMG_005429,train
IMG_005430,train
IMG_005431,train
IMG_005432,val
IMG_005433,train
IMG_005434,train
IMG_005435,train
IMG_005436,test
IMG_005437,train
IMG_005438,train
IMG_005439,val
IMG_005440,train
IMG_005441,train
IMG_005442,train
IMG_005443,val
IMG_005444,val
IMG_005445,train
IMG_005446,test
IMG_005447,train
IMG_005448,test
IMG_005449,train
IMG_005450,train
IMG_005451,val
IMG_005452,test
IMG_005453,test
IMG_005454,val
IMG_005455,train
IMG_005456,train
IMG_005457,train
IMG_005458,train
IMG_005459,train
IMG_005460,train
IMG_005461,train
IMG_005462,test
IMG_005463,train
IMG_005464,test
IMG_005465,test
IMG_005466,train
IMG_005467,train
IMG_005468,test
IMG_005469,train
IMG_005470,train
IMG_005471,train
IMG_005472,test
IMG_005473,train
IMG_005474,train
IMG_005475,test
IMG_005476,train
IMG_005477,train
IMG_005478,val
IMG_005479,test
IMG_005480,train
IMG_005481,train
IMG_005482,test
IMG_005483,train
IMG_005484,test
IMG_005485,train
IMG_005486,train
IMG_005487,train
IMG_005488,train
IMG_005489,train
IMG_005490,val
IMG_005491,train
IMG_005492,train
IMG_005493,train
IMG_005494,train
IMG_005495,train
IMG_005496,train
IMG_005497,train
IMG_005498,val
IMG_005499,train
IMG_005500,train
IMG_005501,val
IMG_005502,train
IMG_005503,val
IMG_005504,train
IMG_005505,train
IMG_005506,train
IMG_005507,train
IMG_005508,test
IMG_005509,train
IMG_005510,train
IMG_005511,train
IMG_005512,train
IMG_005513,val
IMG_005514,test
IMG_005515,train
IMG_005516,train
IMG_005517,train
IMG_005518,train
IMG_005519,test
IMG_005520,train
IMG_005521,train
IMG_005522,train
IMG_005523,train
IMG_005524,val
IMG_005525,train
IMG_005526,test
IMG_005527,train
IMG_005528,train
IMG_005529,train
IMG_005530,train
IMG_005531,train
IMG_005532,train
IMG_005533,train
IMG_005534,test
IMG_005535,train
IMG_005536,test
IMG_005537,train
IMG_005538,train
IMG_005539,test
IMG_005540,test
IMG_005541,train
IMG_005542,train
IMG_005543,test
IMG_005544,val
IMG_005545,train
IMG_005546,train
IMG_005547,test
IMG_005548,val
IMG_005549,train
IMG_005550,train
IMG_005551,train
IMG_005552,train
IMG_005553,train
IMG_005554,train
IMG_005555,test
IMG_005556,train
IMG_005557,train
IMG_005558,train
IMG_005559,val
IMG_005560,train
IMG_005561,train
IMG_005562,train
IMG_005563,test
IMG_005564,val
IMG_005565,train
IMG_005566,train
IMG_005567,train
IMG_005568,train
IMG_005569,train
IMG_005570,train
IMG_005571,train
IMG_005572,train
IMG_005573,train
IMG_005574,train
IMG_005575,train
IMG_005576,train
IMG_005577,train
IMG_005578,val
IMG_005579,train
IMG_005580,train
IMG_005581,train
IMG_005582,train
IMG_005583,train
IMG_005584,train
IMG_005585,val
IMG_005586,train
IMG_005587,test
IMG_005588,train
IMG_005589,test
IMG_005590,test
IMG_005591,train
IMG_005592,test
IMG_005593,train
IMG_005594,test
IMG_005595,test
IMG_005596,train
IMG_005597,test
IMG_005598,train
IMG_005599,train
IMG_005600,test
IMG_005601,train
IMG_005602,test
IMG_005603,train
IMG_005604,train
IMG_005605,val
IMG_005606,train
IMG_005607,val
IMG_005608,train
IMG_005609,train
IMG_005610,val
IMG_005611,test
IMG_005612,train
IMG_005613,val
IMG_005614,train
IMG_005615,train
IMG_005616,train
IMG_005617,train
IMG_005618,train
IMG_005619,train
IMG_005620,train
IMG_005621,val
IMG_005622,train
IMG_005623,train
IMG_005624,train
IMG_005625,train
IMG_005626,train
IMG_005627,test
IMG_005628,train
IMG_005629,train
IMG_005630,train
IMG_005631,train
IMG_005632,train
IMG_005633,val
IMG_005634,test
IMG_005635,train
IMG_005636,val
IMG_005637,train
IMG_005638,test
IMG_005639,train
IMG_005640,test
IMG_005641,train
IMG_005642,train
IMG_005643,train
IMG_005644,train
IMG_005645,train
IMG_005646,train
IMG_005647,train
IMG_005648,train
IMG_005649,train
IMG_005650,train
IMG_005651,train
IMG_005652,train
IMG_005653,train
IMG_005654,train
IMG_005655,train
IMG_005656,train
IMG_005657,test
IMG_005658,train
IMG_005659,train
IMG_005660,val
IMG_005661,train
IMG_005662,test
IMG_005663,train
IMG_005664,train
IMG_005665,val
IMG_005666,train
IMG_005667,val
IMG_005668,train
IMG_005669,train
IMG_005670,test
IMG_005671,train
IMG_005672,train
IMG_005673,train
IMG_005674,train
IMG_005675,val
IMG_005676,train
IMG_005677,train
IMG_005678,train
IMG_005679,train
IMG_005680,train
IMG_005681,train
IMG_005682,train
IMG_005683,val
IMG_005684,test
IMG_005685,train
IMG_005686,test
IMG_005687,train
IMG_005688,train
IMG_005689,test
IMG_005690,train
IMG_005691,test
IMG_005692,val
IMG_005693,train
IMG_005694,train
IMG_005695,train
IMG_005696,val
IMG_005697,train
IMG_005698,train
IMG_005699,train
IMG_005700,train
IMG_005701,test
IMG_005702,train
IMG_005703,test
IMG_005704,val
IMG_005705,train
IMG_005706,train
IMG_005707,val
IMG_005708,test
IMG_005709,test
IMG_005710,train
IMG_005711,train
IMG_005712,train
IMG_005713,train
IMG_005714,train
IMG_005715,val
IMG_005716,test
IMG_005717,train
IMG_005718,train
IMG_005719,train
IMG_005720,test
IMG_005721,test
IMG_005722,train
IMG_005723,test
IMG_005724,train
IMG_005725,test
IMG_005726,test
IMG_005727,train
IMG_005728,train
IMG_005729,train
IMG_005730,train
IMG_005731,val
IMG_005732,train
IMG_005733,test
IMG_005734,train
IMG_005735,test
IMG_005736,train
IMG_005737,train
IMG_005738,val
IMG_005739,train
IMG_005740,train
IMG_005741,train
IMG_005742,train
IMG_005743,test
IMG_005744,val
IMG_005745,train
IMG_005746,train
IMG_005747,test
IMG_005748,val
IMG_005749,train
IMG_005750,val
IMG_005751,train
IMG_005752,train
IMG_005753,train
IMG_005754,train
IMG_005755,test
IMG_005756,train
IMG_005757,train
IMG_005758,test
IMG_005759,test
IMG_005760,train
IMG_005761,train
IMG_005762,train
IMG_005763,train
IMG_005764,test
IMG_005765,train
IMG_005766,test
IMG_005767,val
IMG_005768,val
IMG_005769,train
IMG_005770,test
IMG_005771,train
IMG_005772,train
IMG_005773,train
IMG_005774,train
IMG_005775,train
IMG_005776,val
IMG_005777,train
IMG_005778,train
IMG_005779,train
IMG_005780,train
IMG_005781,test
IMG_005782,train
IMG_005783,train
IMG_005784,train
IMG_005785,train
IMG_005786,test
IMG_005787,train
IMG_005788,val
IMG_005789,val
IMG_005790,train
IMG_005791,train
IMG_005792,val
IMG_005793,train
IMG_005794,test
IMG_005795,train
IMG_005796,train
IMG_005797,train
IMG_005798,test
IMG_005799,train
IMG_005800,train
IMG_005801,val
IMG_005802,test
IMG_005803,train
IMG_005804,train
IMG_005805,train
IMG_005806,train
IMG_005807,train
IMG_005808,train
IMG_005809,val
IMG_005810,train
IMG_005811,train
IMG_005812,train
IMG_005813,val
IMG_005814,train
IMG_005815,train
IMG_005816,test
IMG_005817,train
IMG_005818,train
IMG_005819,train
IMG_005820,train
IMG_005821,val
IMG_005822,train
IMG_005823,val
IMG_005824,val
IMG_005825,train
IMG_005826,val
IMG_005827,val
IMG_005828,test
IMG_005829,val
IMG_005830,train
IMG_005831,train
IMG_005832,train
IMG_005833,val
IMG_005834,train
IMG_005835,train
IMG_005836,train
IMG_005837,train
IMG_005838,val
IMG_005839,train
IMG_005840,train
IMG_005841,val
IMG_005842,train
IMG_005843,train
IMG_005844,train
IMG_005845,train
IMG_005846,val
IMG_005847,test
IMG_005848,train
IMG_005849,test
IMG_005850,train
IMG_005851,train
IMG_005852,train
IMG_005853,train
IMG_005854,train
IMG_005855,train
IMG_005856,train
IMG_005857,train
IMG_005858,train
IMG_005859,train
IMG_005860,val
IMG_005861,val
IMG_005862,train
IMG_005863,train
IMG_005864,train
IMG_005865,test
IMG_005866,val
IMG_005867,train
IMG_005868,test
IMG_005869,train
IMG_005870,train
IMG_005871,train
IMG_005872,train
IMG_005873,train
IMG_005874,val
IMG_005875,train
IMG_005876,val
IMG_005877,train
IMG_005878,train
IMG_005879,train
IMG_005880,train
IMG_005881,train
IMG_005882,train
IMG_005883,train
IMG_005884,train
IMG_005885,val
IMG_005886,test
IMG_005887,train
IMG_005888,test
IMG_005889,train
IMG_005890,val
IMG_005891,train
IMG_005892,train
IMG_005893,test
IMG_005894,train
IMG_005895,val
IMG_005896,val
IMG_005897,val
IMG_005898,val
IMG_005899,train
IMG_005900,train
IMG_005901,test
IMG_005902,val
IMG_005903,train
IMG_005904,train
IMG_005905,train
IMG_005906,train
IMG_005907,val
IMG_005908,train
IMG_005909,train
IMG_005910,test
IMG_005911,train
IMG_005912,train
IMG_005913,val
IMG_005914,val
IMG_005915,train
IMG_005916,train
IMG_005917,test
IMG_005918,train
IMG_005919,test
IMG_005920,val
IMG_005921,train
IMG_005922,train
IMG_005923,train
IMG_005924,train
IMG_005925,train
IMG_005926,val
IMG_005927,val
IMG_005928,train
IMG_005929,train
IMG_005930,train
IMG_005931,train
IMG_005932,val
IMG_005933,train
IMG_005934,train
IMG_005935,test
IMG_005936,train
IMG_005937,train
IMG_005938,train
IMG_005939,train
IMG_005940,train
IMG_005941,train
IMG_005942,val
IMG_005943,train
IMG_005944,test
IMG_005945,train
IMG_005946,val
IMG_005947,train
IMG_005948,test
IMG_005949,train
IMG_005950,train
IMG_005951,val
IMG_005952,train
IMG_005953,train
IMG_005954,val
IMG_005955,val
IMG_005956,train
IMG_005957,train
IMG_005958,train
IMG_005959,train
IMG_005960,train
IMG_005961,train
IMG_005962,train
IMG_005963,train
IMG_005964,train
IMG_005965,train
IMG_005966,train
IMG_005967,val
IMG_005968,train
IMG_005969,train
IMG_005970,train
IMG_005971,train
IMG_005972,train
IMG_005973,train
IMG_005974,test
IMG_005975,test
IMG_005976,train
IMG_005977,test
IMG_005978,train
IMG_005979,train
IMG_005980,train
IMG_005981,train
IMG_005982,train
IMG_005983,train
IMG_005984,test
IMG_005985,train
IMG_005986,train
IMG_005987,train
IMG_005988,train
IMG_005989,test
IMG_005990,train
IMG_005991,train
IMG_005992,train
IMG_005993,train
IMG_005994,train
IMG_005995,train
IMG_005996,train
IMG_005997,train
IMG_005998,test
IMG_005999,train
IMG_006000,val
IMG_006001,train
IMG_006002,train
IMG_006003,train
IMG_006004,val
IMG_006005,val
IMG_006006,train
IMG_006007,train
IMG_006008,train
IMG_006009,train
IMG_006010,train
IMG_006011,train
IMG_006012,train
IMG_006013,train
IMG_006014,test
IMG_006015,train
IMG_006016,train
IMG_006017,train
IMG_006018,train
IMG_006019,train
IMG_006020,train
IMG_006021,train
IMG_006022,test
IMG_006023,train
IMG_006024,train
IMG_006025,train
IMG_006026,train
IMG_006027,train
IMG_006028,test
IMG_006029,test
IMG_006030,train
IMG_006031,val
IMG_006032,test
IMG_006033,train
IMG_006034,train
IMG_006035,train
IMG_006036,train
IMG_006037,test
IMG_006038,train
IMG_006039,train
IMG_006040,train
IMG_006041,train
IMG_006042,train
IMG_006043,train
IMG_006044,train
IMG_006045,train
IMG_006046,test
IMG_006047,train
IMG_006048,train
IMG_006049,test
IMG_006050,train
IMG_006051,train
IMG_006052,test
IMG_006053,val
IMG_006054,train
IMG_006055,test
IMG_006056,train
IMG_006057,val
IMG_006058,train
IMG_006059,train
IMG_006060,val
IMG_006061,train
IMG_006062,train
IMG_006063,train
IMG_006064,train
IMG_006065,val
IMG_006066,train
IMG_006067,val
IMG_006068,train
IMG_006069,train
IMG_006070,val
IMG_006071,test
IMG_006072,train
IMG_006073,val
IMG_006074,train
IMG_006075,test
IMG_006076,train
IMG_006077,train
IMG_006078,train
IMG_006079,train
IMG_006080,val
IMG_006081,train
IMG_006082,val
IMG_006083,val
IMG_006084,val
IMG_006085,val
IMG_006086,train
IMG_006087,train
IMG_006088,train
IMG_006089,test
IMG_006090,val
IMG_006091,train
IMG_006092,test
IMG_006093,train
IMG_006094,train
IMG_006095,train
IMG_006096,train
IMG_006097,val
IMG_006098,train
IMG_006099,val
IMG_006100,val
IMG_006101,train
IMG_006102,train
IMG_006103,val
IMG_006104,train
IMG_006105,train
IMG_006106,train
IMG_006107,train
IMG_006108,val
IMG_006109,train
IMG_006110,train
IMG_006111,train
IMG_006112,train
IMG_006113,train
IMG_006114,test
IMG_006115,train
IMG_006116,train
IMG_006117,test
IMG_006118,train
IMG_006119,val
IMG_006120,test
IMG_006121,test
IMG_006122,train
IMG_006123,train
IMG_006124,train
IMG_006125,train
IMG_006126,train
IMG_006127,train
IMG_006128,test
IMG_006129,train
IMG_006130,test
IMG_006131,test
IMG_006132,train
IMG_006133,test
IMG_006134,val
IMG_006135,test
IMG_006136,train
IMG_006137,val
IMG_006138,val
IMG_006139,train
IMG_006140,train
IMG_006141,test
IMG_006142,train
IMG_006143,train
IMG_006144,test
IMG_006145,train
IMG_006146,test
IMG_006147,val
IMG_006148,train
IMG_006149,train
IMG_006150,train
IMG_006151,train
IMG_006152,train
IMG_006153,val
IMG_006154,val
IMG_006155,train
IMG_006156,train
IMG_006157,train
IMG_006158,train
IMG_006159,train
IMG_006160,train
IMG_006161,train
IMG_006162,train
IMG_006163,train
IMG_006164,train
IMG_006165,train
IMG_006166,train
IMG_006167,train
IMG_006168,test
IMG_006169,train
IMG_006170,train
IMG_006171,test
IMG_006172,test
IMG_006173,train
IMG_006174,test
IMG_006175,train
IMG_006176,train
IMG_006177,train
IMG_006178,train
IMG_006179,test
IMG_006180,val
IMG_006181,train
IMG_006182,test
IMG_006183,train
IMG_006184,test
IMG_006185,train
IMG_006186,train
IMG_006187,val
IMG_006188,train
IMG_006189,train
IMG_006190,train
IMG_006191,test
IMG_006192,train
IMG_006193,train
IMG_006194,train
IMG_006195,train
IMG_006196,train
IMG_006197,train
IMG_006198,test
IMG_006199,train
IMG_006200,val
IMG_006201,test
IMG_006202,train
IMG_006203,train
IMG_006204,train
IMG_006205,train
IMG_006206,train
IMG_006207,test
IMG_006208,val
IMG_006209,val
IMG_006210,test
IMG_006211,test
IMG_006212,train
IMG_006213,val
IMG_006214,train
IMG_006215,train
IMG_006216,val
IMG_006217,train
IMG_006218,train
IMG_006219,train
IMG_006220,train
IMG_006221,train
IMG_006222,train
IMG_006223,test
IMG_006224,train
IMG_006225,test
IMG_006226,train
IMG_006227,train
IMG_006228,train
IMG_006229,train
IMG_006230,train
IMG_006231,test
IMG_006232,train
IMG_006233,train
IMG_006234,train
IMG_006235,train
IMG_006236,train
IMG_006237,train
IMG_006238,train
IMG_006239,test
IMG_006240,val
IMG_006241,val
IMG_006242,train
IMG_006243,train
IMG_006244,train
IMG_006245,train
IMG_006246,train
IMG_006247,test
IMG_006248,train
IMG_006249,test
IMG_006250,val
IMG_006251,train
IMG_006252,train
IMG_006253,train
IMG_006254,val
IMG_006255,test
IMG_006256,train
IMG_006257,train
IMG_006258,train
IMG_006259,test
IMG_006260,train
IMG_006261,test
IMG_006262,train
IMG_006263,test
IMG_006264,train
IMG_006265,train
IMG_006266,train
IMG_006267,val
IMG_006268,train
IMG_006269,test
IMG_006270,train
IMG_006271,train
IMG_006272,train
IMG_006273,train
IMG_006274,train
IMG_006275,train
IMG_006276,test
IMG_006277,train
IMG_006278,train
IMG_006279,train
IMG_006280,val
IMG_006281,train
IMG_006282,test
IMG_006283,train
IMG_006284,val
IMG_006285,train
IMG_006286,train
IMG_006287,train
IMG_006288,train
IMG_006289,train
IMG_006290,test
IMG_006291,train
IMG_006292,train
IMG_006293,test
IMG_006294,val
IMG_006295,train
IMG_006296,train
IMG_006297,train
IMG_006298,train
IMG_006299,train
IMG_006300,test
IMG_006301,test
IMG_006302,test
IMG_006303,test
IMG_006304,train
IMG_006305,train
IMG_006306,train
IMG_006307,train
IMG_006308,train
IMG_006309,val
IMG_006310,train
IMG_006311,train
IMG_006312,train
IMG_006313,train
IMG_006314,val
IMG_006315,train
IMG_006316,train
IMG_006317,test
IMG_006318,train
IMG_006319,train
IMG_006320,train
IMG_006321,train
IMG_006322,train
IMG_006323,val
IMG_006324,val
IMG_006325,test
IMG_006326,val
IMG_006327,train
IMG_006328,train
IMG_006329,train
IMG_006330,train
IMG_006331,train
IMG_006332,val
IMG_006333,val
IMG_006334,val
IMG_006335,train
IMG_006336,val
IMG_006337,train
IMG_006338,val
IMG_006339,train
IMG_006340,val
IMG_006341,train
IMG_006342,train
IMG_006343,test
IMG_006344,train
IMG_006345,test
IMG_006346,val
IMG_006347,train
IMG_006348,train
IMG_006349,val
IMG_006350,test
IMG_006351,train
IMG_006352,train
IMG_006353,train
IMG_006354,train
IMG_006355,train
IMG_006356,train
IMG_006357,train
IMG_006358,train
IMG_006359,val
IMG_006360,train
IMG_006361,test
IMG_006362,train
IMG_006363,train
IMG_006364,val
IMG_006365,train
IMG_006366,test
IMG_006367,test
IMG_006368,train
IMG_006369,train
IMG_006370,train
IMG_006371,train
IMG_006372,test
IMG_006373,test
IMG_006374,train
IMG_006375,train
IMG_006376,train
IMG_006377,train
IMG_006378,test
IMG_006379,val
IMG_006380,train
IMG_006381,val
IMG_006382,train
IMG_006383,train
IMG_006384,train
IMG_006385,train
IMG_006386,train
IMG_006387,train
IMG_006388,test
IMG_006389,train
IMG_006390,train
IMG_006391,val
IMG_006392,test
IMG_006393,train
IMG_006394,train
IMG_006395,train
IMG_006396,train
IMG_006397,train
IMG_006398,val
IMG_006399,train
IMG_006400,val
IMG_006401,val
IMG_006402,train
IMG_006403,val
IMG_006404,val
IMG_006405,train
IMG_006406,train
IMG_006407,train
IMG_006408,test
IMG_006409,train
IMG_006410,train
IMG_006411,train
IMG_006412,val
IMG_006413,train
IMG_006414,train
IMG_006415,val
IMG_006416,train
IMG_006417,val
IMG_006418,train
IMG_006419,test
IMG_006420,train
IMG_006421,test
IMG_006422,train
IMG_006423,test
IMG_006424,train
IMG_006425,train
IMG_006426,train
IMG_006427,train
IMG_006428,train
IMG_006429,test
IMG_006430,train
IMG_006431,train
IMG_006432,val
IMG_006433,train
IMG_006434,val
IMG_006435,train
IMG_006436,train
IMG_006437,train
IMG_006438,train
IMG_006439,train
IMG_006440,train
IMG_006441,train
IMG_006442,train
IMG_006443,train
IMG_006444,train
IMG_006445,test
IMG_006446,val
IMG_006447,train
IMG_006448,train
IMG_006449,train
IMG_006450,train
IMG_006451,train
IMG_006452,train
IMG_006453,train
IMG_006454,train
IMG_006455,train
IMG_006456,train
IMG_006457,train
IMG_006458,test
IMG_006459,train
IMG_006460,test
IMG_006461,train
IMG_006462,train
IMG_006463,train
IMG_006464,train
IMG_006465,train
IMG_006466,train
IMG_006467,train
IMG_006468,train
IMG_006469,train
IMG_006470,train
IMG_006471,train
IMG_006472,train
IMG_006473,train
IMG_006474,train
IMG_006475,train
IMG_006476,train
IMG_006477,val
IMG_006478,train
IMG_006479,test
IMG_006480,train
IMG_006481,train
IMG_006482,train
IMG_006483,train
IMG_006484,train
IMG_006485,train
IMG_006486,train
IMG_006487,test
IMG_006488,train
IMG_006489,train
IMG_006490,train
IMG_006491,train
IMG_006492,val
IMG_006493,val
IMG_006494,train
IMG_006495,train
IMG_006496,train
IMG_006497,train
IMG_006498,train
IMG_006499,train
IMG_006500,train
IMG_006501,train
IMG_006502,val
IMG_006503,test
IMG_006504,test
IMG_006505,val
IMG_006506,train
IMG_006507,val
IMG_006508,train
IMG_006509,train
IMG_006510,val
IMG_006511,train
IMG_006512,train
IMG_006513,train
IMG_006514,train
IMG_006515,val
IMG_006516,train
IMG_006517,train
IMG_006518,train
IMG_006519,train
IMG_006520,train
IMG_006521,train
IMG_006522,val
IMG_006523,test
IMG_006524,train
IMG_006525,train
IMG_006526,test
IMG_006527,train
IMG_006528,test
IMG_006529,val
IMG_006530,val
IMG_006531,train
IMG_006532,test
IMG_006533,val
IMG_006534,train
IMG_006535,train
IMG_006536,train
IMG_006537,train
IMG_006538,train
IMG_006539,train
IMG_006540,train
IMG_006541,train
IMG_006542,val
IMG_006543,val
IMG_006544,train
IMG_006545,train
IMG_006546,val
IMG_006547,train
IMG_006548,train
IMG_006549,train
IMG_006550,train
IMG_006551,train
IMG_006552,val
IMG_006553,train
IMG_006554,val
IMG_006555,train
IMG_006556,train
IMG_006557,val
IMG_006558,train
IMG_006559,train
IMG_006560,train
IMG_006561,test
IMG_006562,train
IMG_006563,train
IMG_006564,train
IMG_006565,train
IMG_006566,train
IMG_006567,train
IMG_006568,train
IMG_006569,test
IMG_006570,test
IMG_006571,train
IMG_006572,train
IMG_006573,train
IMG_006574,train
IMG_006575,train
IMG_006576,train
IMG_006577,train
IMG_006578,train
IMG_006579,train
IMG_006580,train
IMG_006581,train
IMG_006582,val
IMG_006583,train
IMG_006584,val
IMG_006585,test
IMG_006586,val
IMG_006587,train
IMG_006588,val
IMG_006589,test
IMG_006590,train
IMG_006591,train
IMG_006592,val
IMG_006593,train
IMG_006594,val
IMG_006595,train
IMG_006596,train
IMG_006597,train
IMG_006598,val
IMG_006599,train
IMG_006600,train
IMG_006601,train
IMG_006602,train
IMG_006603,train
IMG_006604,train
IMG_006605,test
IMG_006606,train
IMG_006607,test
IMG_006608,train
IMG_006609,train
IMG_006610,test
IMG_006611,train
IMG_006612,train
IMG_006613,test
IMG_006614,test
IMG_006615,train
IMG_006616,train
IMG_006617,test
IMG_006618,test
IMG_006619,train
IMG_006620,train
IMG_006621,train
IMG_006622,train
IMG_006623,train
IMG_006624,train
IMG_006625,train
IMG_006626,val
IMG_006627,train
IMG_006628,val
IMG_006629,val
IMG_006630,train
IMG_006631,val
IMG_006632,train
IMG_006633,test
IMG_006634,val
IMG_006635,train
IMG_006636,train
IMG_006637,train
IMG_006638,train
IMG_006639,val
IMG_006640,train
IMG_006641,train
IMG_006642,train
IMG_006643,val
IMG_006644,val
IMG_006645,train
IMG_006646,train
IMG_006647,train
IMG_006648,train
IMG_006649,train
IMG_006650,train
IMG_006651,test
IMG_006652,train
IMG_006653,train
IMG_006654,train
IMG_006655,train
IMG_006656,train
IMG_006657,train
IMG_006658,train
IMG_006659,train
IMG_006660,train
IMG_006661,val
IMG_006662,train
IMG_006663,test
IMG_006664,test
IMG_006665,train
IMG_006666,train
IMG_006667,train
IMG_006668,train
IMG_006669,train
IMG_006670,train
IMG_006671,val
IMG_006672,train
IMG_006673,train
IMG_006674,train
IMG_006675,train
IMG_006676,train
IMG_006677,train
IMG_006678,train
IMG_006679,test
IMG_006680,train
IMG_006681,train
IMG_006682,train
IMG_006683,train
IMG_006684,train
IMG_006685,train
IMG_006686,test
IMG_006687,train
IMG_006688,test
IMG_006689,train
IMG_006690,val
IMG_006691,train
IMG_006692,val
IMG_006693,train
IMG_006694,val
IMG_006695,train
IMG_006696,train
IMG_006697,test
IMG_006698,train
IMG_006699,train
IMG_006700,train
IMG_006701,train
IMG_006702,train
IMG_006703,val
IMG_006704,train
IMG_006705,train
IMG_006706,train
IMG_006707,test
IMG_006708,train
IMG_006709,train
IMG_006710,train
IMG_006711,train
IMG_006712,train
IMG_006713,train
IMG_006714,test
IMG_006715,train
IMG_006716,train
IMG_006717,train
IMG_006718,train
IMG_006719,train
IMG_006720,train
IMG_006721,train
IMG_006722,test
IMG_006723,val
IMG_006724,train
IMG_006725,train
IMG_006726,train
IMG_006727,train
IMG_006728,train
IMG_006729,train
IMG_006730,train
IMG_006731,train
IMG_006732,train
IMG_006733,train
IMG_006734,train
IMG_006735,train
IMG_006736,test
IMG_006737,train
IMG_006738,train
IMG_006739,val
IMG_006740,train
IMG_006741,train
IMG_006742,val
IMG_006743,train
IMG_006744,test
IMG_006745,train
IMG_006746,val
IMG_006747,test
IMG_006748,train
IMG_006749,test
IMG_006750,train
IMG_006751,test
IMG_006752,train
IMG_006753,train
IMG_006754,train
IMG_006755,val
IMG_006756,train
IMG_006757,val
IMG_006758,train
IMG_006759,train
IMG_006760,val
IMG_006761,train
IMG_006762,test
IMG_006763,train
IMG_006764,val
IMG_006765,test
IMG_006766,val
IMG_006767,test
IMG_006768,train
IMG_006769,train
IMG_006770,train
IMG_006771,train
IMG_006772,train
IMG_006773,train
IMG_006774,train
IMG_006775,val
IMG_006776,train
IMG_006777,train
IMG_006778,train
IMG_006779,train
IMG_006780,train
IMG_006781,train
IMG_006782,train
IMG_006783,val
IMG_006784,train
IMG_006785,train
IMG_006786,train
IMG_006787,train
IMG_006788,train
IMG_006789,train
IMG_006790,train
IMG_006791,test
IMG_006792,train
IMG_006793,val
IMG_006794,train
IMG_006795,val
IMG_006796,train
IMG_006797,train
IMG_006798,train
IMG_006799,train
IMG_006800,train
IMG_006801,train
IMG_006802,train
IMG_006803,train
IMG_006804,train
IMG_006805,train
IMG_006806,train
IMG_006807,train
IMG_006808,train
IMG_006809,train
IMG_006810,train
IMG_006811,train
IMG_006812,train
IMG_006813,train
IMG_006814,val
IMG_006815,val
IMG_006816,train
IMG_006817,train
IMG_006818,val
IMG_006819,train
IMG_006820,train
IMG_006821,train
IMG_006822,val
IMG_006823,val
IMG_006824,train
IMG_006825,val
IMG_006826,train
IMG_006827,train
IMG_006828,train
IMG_006829,train
IMG_006830,test
IMG_006831,train
IMG_006832,train
IMG_006833,val
IMG_006834,train
IMG_006835,test
IMG_006836,train
IMG_006837,train
IMG_006838,train
IMG_006839,train
IMG_006840,train
IMG_006841,train
IMG_006842,train
IMG_006843,train
IMG_006844,train
IMG_006845,test
IMG_006846,train
IMG_006847,train
IMG_006848,val
IMG_006849,train
IMG_006850,train
IMG_006851,train
IMG_006852,test
IMG_006853,train
IMG_006854,train
IMG_006855,train
IMG_006856,train
IMG_006857,train
IMG_006858,train
IMG_006859,test
IMG_006860,train
IMG_006861,train
IMG_006862,train
IMG_006863,train
IMG_006864,train
IMG_006865,train
IMG_006866,train
IMG_006867,train
IMG_006868,val
IMG_006869,train
IMG_006870,test
IMG_006871,train
IMG_006872,train
IMG_006873,val
IMG_006874,train
IMG_006875,train
IMG_006876,train
IMG_006877,train
IMG_006878,train
IMG_006879,train
IMG_006880,train
IMG_006881,train
IMG_006882,test
IMG_006883,train
IMG_006884,train
IMG_006885,train
IMG_006886,train
IMG_006887,train
IMG_006888,train
IMG_006889,train
IMG_006890,test
IMG_006891,train
IMG_006892,train
IMG_006893,train
IMG_006894,train
IMG_006895,val
IMG_006896,val
IMG_006897,train
IMG_006898,train
IMG_006899,val
IMG_006900,val
IMG_006901,val
IMG_006902,train
IMG_006903,test
IMG_006904,test
IMG_006905,train
IMG_006906,train
IMG_006907,train
IMG_006908,train
IMG_006909,test
IMG_006910,train
IMG_006911,train
IMG_006912,train
IMG_006913,val
IMG_006914,test
IMG_006915,test
IMG_006916,train
IMG_006917,train
IMG_006918,val
IMG_006919,train
IMG_006920,test
IMG_006921,train
IMG_006922,test
IMG_006923,val
IMG_006924,train
IMG_006925,test
IMG_006926,train
IMG_006927,train
IMG_006928,test
IMG_006929,test
IMG_006930,train
IMG_006931,val
IMG_006932,val
IMG_006933,test
IMG_006934,train
IMG_006935,train
IMG_006936,train
IMG_006937,train
IMG_006938,train
IMG_006939,train
IMG_006940,train
IMG_006941,train
IMG_006942,test
IMG_006943,train
IMG_006944,train
IMG_006945,val
IMG_006946,train
IMG_006947,val
IMG_006948,train
IMG_006949,train
IMG_006950,train
IMG_006951,train
IMG_006952,val
IMG_006953,train
IMG_006954,train
IMG_006955,train
IMG_006956,train
IMG_006957,train
IMG_006958,test
IMG_006959,train
IMG_006960,train
IMG_006961,train
IMG_006962,val
IMG_006963,test
IMG_006964,train
IMG_006965,val
IMG_006966,test
IMG_006967,train
IMG_006968,train
IMG_006969,train
IMG_006970,train
IMG_006971,train
IMG_006972,train
IMG_006973,train
IMG_006974,train
IMG_006975,train
IMG_006976,train
IMG_006977,train
IMG_006978,train
IMG_006979,train
IMG_006980,val
IMG_006981,train
IMG_006982,train
IMG_006983,train
IMG_006984,train
IMG_006985,train
IMG_006986,train
IMG_006987,train
IMG_006988,train
IMG_006989,train
IMG_006990,train
IMG_006991,train
IMG_006992,train
IMG_006993,train
IMG_006994,train
IMG_006995,test
IMG_006996,train
IMG_006997,test
IMG_006998,train
IMG_006999,train
IMG_007000,train
IMG_007001,train
IMG_007002,train
IMG_007003,train
IMG_007004,val
IMG_007005,train
IMG_007006,train
IMG_007007,train
IMG_007008,train
IMG_007009,train
IMG_007010,train
IMG_007011,train
IMG_007012,train
IMG_007013,test
IMG_007014,train
IMG_007015,train
IMG_007016,train
IMG_007017,train
IMG_007018,train
IMG_007019,val
IMG_007020,val
IMG_007021,train
IMG_007022,train
IMG_007023,val
IMG_007024,val
IMG_007025,train
IMG_007026,test
IMG_007027,train
IMG_007028,train
IMG_007029,train
IMG_007030,train
IMG_007031,train
IMG_007032,train
IMG_007033,train
IMG_007034,train
IMG_007035,train
IMG_007036,train
IMG_007037,train
IMG_007038,train
IMG_007039,test
IMG_007040,test
IMG_007041,train
IMG_007042,test
IMG_007043,train
IMG_007044,train
IMG_007045,train
IMG_007046,train
IMG_007047,train
IMG_007048,train
IMG_007049,train
IMG_007050,train
IMG_007051,val
IMG_007052,val
IMG_007053,train
IMG_007054,train
IMG_007055,train
IMG_007056,test
IMG_007057,val
IMG_007058,test
IMG_007059,test
IMG_007060,train
IMG_007061,val
IMG_007062,train
IMG_007063,test
IMG_007064,val
IMG_007065,train
IMG_007066,train
IMG_007067,val
IMG_007068,val
IMG_007069,train
IMG_007070,train
IMG_007071,val
IMG_007072,val
IMG_007073,train
IMG_007074,train
IMG_007075,train
IMG_007076,train
IMG_007077,test
IMG_007078,train
IMG_007079,train
IMG_007080,train
IMG_007081,train
IMG_007082,test
IMG_007083,train
IMG_007084,test
IMG_007085,val
IMG_007086,train
IMG_007087,val
IMG_007088,train
IMG_007089,train
IMG_007090,train
IMG_007091,train
IMG_007092,train
IMG_007093,train
IMG_007094,train
IMG_007095,train
IMG_007096,train
IMG_007097,train
IMG_007098,train
IMG_007099,train
IMG_007100,test
IMG_007101,train
IMG_007102,train
IMG_007103,train
IMG_007104,val
IMG_007105,train
IMG_007106,train
IMG_007107,train
IMG_007108,test
IMG_007109,train
IMG_007110,train
IMG_007111,train
IMG_007112,train
IMG_007113,train
IMG_007114,train
IMG_007115,train
IMG_007116,val
IMG_007117,train
IMG_007118,val
IMG_007119,train
IMG_007120,train
IMG_007121,val
IMG_007122,train
IMG_007123,val
IMG_007124,val
IMG_007125,train
IMG_007126,train
IMG_007127,test
IMG_007128,train
IMG_007129,test
IMG_007130,val
IMG_007131,train
IMG_007132,train
IMG_007133,train
IMG_007134,train
IMG_007135,val
IMG_007136,train
IMG_007137,train
IMG_007138,train
IMG_007139,train
IMG_007140,train
IMG_007141,val
IMG_007142,train
IMG_007143,train
IMG_007144,train
IMG_007145,train
IMG_007146,train
IMG_007147,train
IMG_007148,train
IMG_007149,train
IMG_007150,val
IMG_007151,val
IMG_007152,val
IMG_007153,train
IMG_007154,train
IMG_007155,train
IMG_007156,train
IMG_007157,train
IMG_007158,val
IMG_007159,train
IMG_007160,test
IMG_007161,test
IMG_007162,train
IMG_007163,train
IMG_007164,test
IMG_007165,test
IMG_007166,train
IMG_007167,test
IMG_007168,train
IMG_007169,val
IMG_007170,train
IMG_007171,train
IMG_007172,train
IMG_007173,val
IMG_007174,train
IMG_007175,train
IMG_007176,train
IMG_007177,train
IMG_007178,train
IMG_007179,test
IMG_007180,test
IMG_007181,test
IMG_007182,val
IMG_007183,train
IMG_007184,train
IMG_007185,val
IMG_007186,train
IMG_007187,train
IMG_007188,train
IMG_007189,train
IMG_007190,train
IMG_007191,train
IMG_007192,train
IMG_007193,val
IMG_007194,train
IMG_007195,train
IMG_007196,train
IMG_007197,train
IMG_007198,train
IMG_007199,val
IMG_007200,train
IMG_007201,train
IMG_007202,train
IMG_007203,train
IMG_007204,train
IMG_007205,train
IMG_007206,train
IMG_007207,train
IMG_007208,test
IMG_007209,train
IMG_007210,train
IMG_007211,train
IMG_007212,val
IMG_007213,train
IMG_007214,train
IMG_007215,train
IMG_007216,train
IMG_007217,train
IMG_007218,train
IMG_007219,train
IMG_007220,train
IMG_007221,train
IMG_007222,val
IMG_007223,test
IMG_007224,train
IMG_007225,val
IMG_007226,train
IMG_007227,val
IMG_007228,val
IMG_007229,val
IMG_007230,val
IMG_007231,test
IMG_007232,train
IMG_007233,train
IMG_007234,train
IMG_007235,train
IMG_007236,train
IMG_007237,val
IMG_007238,train
IMG_007239,train
IMG_007240,train
IMG_007241,train
IMG_007242,train
IMG_007243,train
IMG_007244,test
IMG_007245,train
IMG_007246,train
IMG_007247,train
IMG_007248,train
IMG_007249,test
IMG_007250,val
IMG_007251,train
IMG_007252,test
IMG_007253,train
IMG_007254,train
IMG_007255,train
IMG_007256,train
IMG_007257,train
IMG_007258,train
IMG_007259,val
IMG_007260,train
IMG_007261,test
IMG_007262,test
IMG_007263,val
IMG_007264,val
IMG_007265,train
IMG_007266,train
IMG_007267,val
IMG_007268,train
IMG_007269,train
IMG_007270,val
IMG_007271,test
IMG_007272,train
IMG_007273,val
IMG_007274,train
IMG_007275,train
IMG_007276,val
IMG_007277,val
IMG_007278,train
IMG_007279,val
IMG_007280,train
IMG_007281,test
IMG_007282,train
IMG_007283,train
IMG_007284,train
IMG_007285,train
IMG_007286,val
IMG_007287,test
IMG_007288,val
IMG_007289,train
IMG_007290,train
IMG_007291,train
IMG_007292,train
IMG_007293,train
IMG_007294,train
IMG_007295,val
IMG_007296,train
IMG_007297,test
IMG_007298,train
IMG_007299,train
IMG_007300,val
IMG_007301,val
IMG_007302,train
IMG_007303,train
IMG_007304,train
IMG_007305,val
IMG_007306,train
IMG_007307,test
IMG_007308,test
IMG_007309,train
IMG_007310,train
IMG_007311,train
IMG_007312,train
IMG_007313,val
IMG_007314,train
IMG_007315,train
IMG_007316,train
IMG_007317,train
IMG_007318,train
IMG_007319,test
IMG_007320,train
IMG_007321,train
IMG_007322,train
IMG_007323,train
IMG_007324,train
IMG_007325,train
IMG_007326,test
IMG_007327,train
IMG_007328,train
IMG_007329,test
IMG_007330,val
IMG_007331,train
IMG_007332,train
IMG_007333,train
IMG_007334,val
IMG_007335,train
IMG_007336,train
IMG_007337,train
IMG_007338,val
IMG_007339,test
IMG_007340,train
IMG_007341,train
IMG_007342,test
IMG_007343,train
IMG_007344,test
IMG_007345,train
IMG_007346,train
IMG_007347,test
IMG_007348,train
IMG_007349,test
IMG_007350,test
IMG_007351,test
IMG_007352,train
IMG_007353,train
IMG_007354,train
IMG_007355,test
IMG_007356,train
IMG_007357,train
IMG_007358,train
IMG_007359,train
IMG_007360,val
IMG_007361,train
IMG_007362,train
IMG_007363,train
IMG_007364,train
IMG_007365,train
IMG_007366,train
IMG_007367,train
IMG_007368,train
IMG_007369,train
IMG_007370,train
IMG_007371,train
IMG_007372,val
IMG_007373,train
IMG_007374,train
IMG_007375,test
IMG_007376,train
IMG_007377,train
IMG_007378,train
IMG_007379,test
IMG_007380,val
IMG_007381,test
IMG_007382,val
IMG_007383,test
IMG_007384,val
IMG_007385,test
IMG_007386,train
IMG_007387,train
IMG_007388,val
IMG_007389,train
IMG_007390,train
IMG_007391,train
IMG_007392,train
IMG_007393,train
IMG_007394,val
IMG_007395,train
IMG_007396,train
IMG_007397,train
IMG_007398,train
IMG_007399,train
IMG_007400,train
IMG_007401,train
IMG_007402,train
IMG_007403,val
IMG_007404,val
IMG_007405,test
IMG_007406,train
IMG_007407,test
IMG_007408,train
IMG_007409,train
IMG_007410,train
IMG_007411,train
IMG_007412,test
IMG_007413,train
IMG_007414,train
IMG_007415,train
IMG_007416,train
IMG_007417,train
IMG_007418,train
IMG_007419,train
IMG_007420,train
IMG_007421,train
IMG_007422,train
IMG_007423,train
IMG_007424,train
IMG_007425,val
IMG_007426,train
IMG_007427,train
IMG_007428,val
IMG_007429,train
IMG_007430,train
IMG_007431,train
IMG_007432,test
IMG_007433,test
IMG_007434,test
IMG_007435,train
IMG_007436,train
IMG_007437,train
IMG_007438,train
IMG_007439,train
IMG_007440,val
IMG_007441,test
IMG_007442,train
IMG_007443,train
IMG_007444,val
IMG_007445,train
IMG_007446,val
IMG_007447,train
IMG_007448,train
IMG_007449,test
IMG_007450,train
IMG_007451,test
IMG_007452,train
IMG_007453,val
IMG_007454,val
IMG_007455,test
IMG_007456,train
IMG_007457,train
IMG_007458,train
IMG_007459,val
IMG_007460,test
IMG_007461,train
IMG_007462,test
IMG_007463,train
IMG_007464,test
IMG_007465,test
IMG_007466,train
IMG_007467,train
IMG_007468,val
IMG_007469,train
IMG_007470,train
IMG_007471,val
IMG_007472,train
IMG_007473,train
IMG_007474,train
IMG_007475,val
IMG_007476,val
IMG_007477,test
IMG_007478,train
IMG_007479,val
IMG_007480,train
IMG_007481,train
IMG_007482,train
IMG_007483,train
IMG_007484,test
IMG_007485,train
IMG_007486,test
IMG_007487,train
IMG_007488,train
IMG_007489,val
IMG_007490,train
IMG_007491,train
IMG_007492,train
IMG_007493,train
IMG_007494,train
IMG_007495,test
IMG_007496,test
IMG_007497,train
IMG_007498,test
IMG_007499,train
IMG_007500,train
IMG_007501,train
IMG_007502,train
IMG_007503,test
IMG_007504,train
IMG_007505,train
IMG_007506,test
IMG_007507,test
IMG_007508,test
IMG_007509,train
IMG_007510,val
IMG_007511,train
IMG_007512,test
IMG_007513,train
IMG_007514,train
IMG_007515,train
IMG_007516,val
IMG_007517,train
IMG_007518,train
IMG_007519,val
IMG_007520,train
IMG_007521,train
IMG_007522,train
IMG_007523,val
IMG_007524,train
IMG_007525,val
IMG_007526,train
IMG_007527,train
IMG_007528,val
IMG_007529,train
IMG_007530,test
IMG_007531,val
IMG_007532,val
IMG_007533,train
IMG_007534,train
IMG_007535,train
IMG_007536,val
IMG_007537,train
IMG_007538,train
IMG_007539,train
IMG_007540,train
IMG_007541,train
IMG_007542,train
IMG_007543,val
IMG_007544,test
IMG_007545,train
IMG_007546,train
IMG_007547,train
IMG_007548,train
IMG_007549,train
IMG_007550,test
IMG_007551,train
IMG_007552,train
IMG_007553,train
IMG_007554,train
IMG_007555,train
IMG_007556,train
IMG_007557,train
IMG_007558,val
IMG_007559,test
IMG_007560,train
IMG_007561,train
IMG_007562,test
IMG_007563,train
IMG_007564,train
IMG_007565,test
IMG_007566,val
IMG_007567,train
IMG_007568,train
IMG_007569,train
IMG_007570,train
IMG_007571,train
IMG_007572,val
IMG_007573,val
IMG_007574,val
IMG_007575,train
IMG_007576,train
IMG_007577,train
IMG_007578,train
IMG_007579,train
IMG_007580,train
IMG_007581,train
IMG_007582,val
IMG_007583,train
IMG_007584,train
IMG_007585,train
IMG_007586,train
IMG_007587,test
IMG_007588,train
IMG_007589,train
IMG_007590,test
IMG_007591,train
IMG_007592,train
IMG_007593,val
IMG_007594,val
IMG_007595,train
IMG_007596,train
IMG_007597,train
IMG_007598,train
IMG_007599,val
IMG_007600,train
IMG_007601,train
IMG_007602,test
IMG_007603,train
IMG_007604,train
IMG_007605,test
IMG_007606,test
IMG_007607,train
IMG_007608,train
IMG_007609,train
IMG_007610,train
IMG_007611,test
IMG_007612,train
IMG_007613,train
IMG_007614,train
IMG_007615,val
IMG_007616,train
IMG_007617,train
IMG_007618,train
IMG_007619,test
IMG_007620,train
IMG_007621,train
IMG_007622,test
IMG_007623,train
IMG_007624,val
IMG_007625,train
IMG_007626,train
IMG_007627,train
IMG_007628,val
IMG_007629,train
IMG_007630,train
IMG_007631,train
IMG_007632,train
IMG_007633,train
IMG_007634,train
IMG_007635,train
IMG_007636,train
IMG_007637,train
IMG_007638,train
IMG_007639,train
IMG_007640,train
IMG_007641,val
IMG_007642,train
IMG_007643,train
IMG_007644,train
IMG_007645,train
IMG_007646,train
IMG_007647,train
IMG_007648,val
IMG_007649,train
IMG_007650,train
IMG_007651,val
IMG_007652,val
IMG_007653,train
IMG_007654,train
IMG_007655,val
IMG_007656,train
IMG_007657,train
IMG_007658,train
IMG_007659,train
IMG_007660,train
IMG_007661,train
IMG_007662,val
IMG_007663,train
IMG_007664,train
IMG_007665,train
IMG_007666,train
IMG_007667,train
IMG_007668,train
IMG_007669,train
IMG_007670,train
IMG_007671,train
IMG_007672,test
IMG_007673,train
IMG_007674,train
IMG_007675,train
IMG_007676,train
IMG_007677,train
IMG_007678,train
IMG_007679,train
IMG_007680,train
IMG_007681,train
IMG_007682,val
IMG_007683,test
IMG_007684,val
IMG_007685,train
IMG_007686,train
IMG_007687,train
IMG_007688,train
IMG_007689,train
IMG_007690,test
IMG_007691,train
IMG_007692,train
IMG_007693,train
IMG_007694,train
IMG_007695,train
IMG_007696,train
IMG_007697,test
IMG_007698,train
IMG_007699,train
IMG_007700,val
IMG_007701,train
IMG_007702,val
IMG_007703,train
IMG_007704,train
IMG_007705,train
IMG_007706,val
IMG_007707,test
IMG_007708,train
IMG_007709,train
IMG_007710,train
IMG_007711,val
IMG_007712,test
IMG_007713,train
IMG_007714,train
IMG_007715,train
IMG_007716,train
IMG_007717,train
IMG_007718,train
IMG_007719,train
IMG_007720,test
IMG_007721,train
IMG_007722,train
IMG_007723,train
IMG_007724,train
IMG_007725,train
IMG_007726,train
IMG_007727,train
IMG_007728,test
IMG_007729,train
IMG_007730,test
IMG_007731,train
IMG_007732,train
IMG_007733,val
IMG_007734,train
IMG_007735,train
IMG_007736,train
IMG_007737,train
IMG_007738,train
IMG_007739,test
IMG_007740,train
IMG_007741,test
IMG_007742,train
IMG_007743,test
IMG_007744,train
IMG_007745,train
IMG_007746,val
IMG_007747,train
IMG_007748,train
IMG_007749,train
IMG_007750,train
IMG_007751,test
IMG_007752,train
IMG_007753,val
IMG_007754,train
IMG_007755,train
IMG_007756,train
IMG_007757,val
IMG_007758,train
IMG_007759,train
IMG_007760,test
IMG_007761,train
IMG_007762,train
IMG_007763,val
IMG_007764,train
IMG_007765,test
IMG_007766,train
IMG_007767,train
IMG_007768,train
IMG_007769,train
IMG_007770,test
IMG_007771,val
IMG_007772,train
IMG_007773,val
IMG_007774,val
IMG_007775,train
IMG_007776,train
IMG_007777,train
IMG_007778,test
IMG_007779,train
IMG_007780,train
IMG_007781,train
IMG_007782,train
IMG_007783,train
IMG_007784,train
IMG_007785,train
IMG_007786,train
IMG_007787,train
IMG_007788,train
IMG_007789,train
IMG_007790,val
IMG_007791,train
IMG_007792,train
IMG_007793,train
IMG_007794,train
IMG_007795,val
IMG_007796,train
IMG_007797,train
IMG_007798,train
IMG_007799,train
IMG_007800,train
IMG_007801,train
IMG_007802,train
IMG_007803,train
IMG_007804,train
IMG_007805,train
IMG_007806,train
IMG_007807,test
IMG_007808,train
IMG_007809,train
IMG_007810,val
IMG_007811,train
IMG_007812,train
IMG_007813,train
IMG_007814,train
IMG_007815,train
IMG_007816,val
IMG_007817,test
IMG_007818,test
IMG_007819,train
IMG_007820,train
IMG_007821,train
IMG_007822,train
IMG_007823,train
IMG_007824,train
IMG_007825,val
IMG_007826,train
IMG_007827,val
IMG_007828,val
IMG_007829,train
IMG_007830,val
IMG_007831,train
IMG_007832,train
IMG_007833,test
IMG_007834,train
IMG_007835,train
IMG_007836,test
IMG_007837,train
IMG_007838,train
IMG_007839,train
IMG_007840,val
IMG_007841,train
IMG_007842,train
IMG_007843,train
IMG_007844,train
IMG_007845,train
IMG_007846,test
IMG_007847,train
IMG_007848,train
IMG_007849,val
IMG_007850,test
IMG_007851,val
IMG_007852,val
IMG_007853,train
IMG_007854,val
IMG_007855,train
IMG_007856,train
IMG_007857,test
IMG_007858,test
IMG_007859,train
IMG_007860,train
IMG_007861,train
IMG_007862,train
IMG_007863,train
IMG_007864,train
IMG_007865,test
IMG_007866,train
IMG_007867,train
IMG_007868,train
IMG_007869,train
IMG_007870,train
IMG_007871,train
IMG_007872,train
IMG_007873,test
IMG_007874,train
IMG_007875,test
IMG_007876,train
IMG_007877,test
IMG_007878,val
IMG_007879,test
IMG_007880,train
IMG_007881,train
IMG_007882,train
IMG_007883,test
IMG_007884,val
IMG_007885,train
IMG_007886,val
IMG_007887,train
IMG_007888,train
IMG_007889,train
IMG_007890,train
IMG_007891,train
IMG_007892,train
IMG_007893,train
IMG_007894,train
IMG_007895,train
IMG_007896,train
IMG_007897,train
IMG_007898,train
IMG_007899,train
IMG_007900,train
IMG_007901,val
IMG_007902,test
IMG_007903,train
IMG_007904,train
IMG_007905,train
IMG_007906,train
IMG_007907,test
IMG_007908,train
IMG_007909,train
IMG_007910,train
IMG_007911,val
IMG_007912,train
IMG_007913,test
IMG_007914,val
IMG_007915,train
IMG_007916,train
IMG_007917,train
IMG_007918,train
IMG_007919,train
IMG_007920,test
IMG_007921,train
IMG_007922,test
IMG_007923,train
IMG_007924,train
IMG_007925,train
IMG_007926,train
IMG_007927,val
IMG_007928,test
IMG_007929,train
IMG_007930,train
IMG_007931,train
IMG_007932,train
IMG_007933,train
IMG_007934,test
IMG_007935,train
IMG_007936,test
IMG_007937,train
IMG_007938,train
IMG_007939,val
IMG_007940,train
IMG_007941,train
IMG_007942,train
IMG_007943,train
IMG_007944,train
IMG_007945,val
IMG_007946,train
IMG_007947,train
IMG_007948,test
IMG_007949,test
IMG_007950,test
IMG_007951,train
IMG_007952,test
IMG_007953,train
IMG_007954,train
IMG_007955,val
IMG_007956,train
IMG_007957,test
IMG_007958,train
IMG_007959,train
IMG_007960,test
IMG_007961,train
IMG_007962,train
IMG_007963,train
IMG_007964,train
IMG_007965,train
IMG_007966,train
IMG_007967,train
IMG_007968,train
IMG_007969,train
IMG_007970,train
IMG_007971,train
IMG_007972,val
IMG_007973,train
IMG_007974,train
IMG_007975,train
IMG_007976,val
IMG_007977,test
IMG_007978,test
IMG_007979,train
IMG_007980,train
IMG_007981,train
IMG_007982,val
IMG_007983,test
IMG_007984,train
IMG_007985,train
IMG_007986,test
IMG_007987,train
IMG_007988,test
IMG_007989,train
IMG_007990,train
IMG_007991,train
IMG_007992,train
IMG_007993,train
IMG_007994,val
IMG_007995,train
IMG_007996,test
IMG_007997,train
IMG_007998,train
IMG_007999,train
IMG_008000,train
IMG_008001,train
IMG_008002,val
IMG_008003,train
IMG_008004,val
IMG_008005,train
IMG_008006,train
IMG_008007,train
IMG_008008,val
IMG_008009,train
IMG_008010,train
IMG_008011,train
IMG_008012,train
IMG_008013,train
IMG_008014,test
IMG_008015,train
IMG_008016,val
IMG_008017,val
IMG_008018,train
IMG_008019,test
IMG_008020,train
IMG_008021,test
IMG_008022,val
IMG_008023,train
IMG_008024,train
IMG_008025,test
IMG_008026,val
IMG_008027,test
IMG_008028,train
IMG_008029,train
IMG_008030,val
IMG_008031,val
IMG_008032,train
IMG_008033,test
IMG_008034,train
IMG_008035,test
IMG_008036,train
IMG_008037,train
IMG_008038,train
IMG_008039,val
IMG_008040,val
IMG_008041,val
IMG_008042,train
IMG_008043,train
IMG_008044,val
IMG_008045,train
IMG_008046,train
IMG_008047,train
IMG_008048,test
IMG_008049,train
IMG_008050,train
IMG_008051,train
IMG_008052,train
IMG_008053,train
IMG_008054,train
IMG_008055,val
IMG_008056,val
IMG_008057,train
IMG_008058,train
IMG_008059,train
IMG_008060,test
IMG_008061,val
IMG_008062,val
IMG_008063,test
IMG_008064,train
IMG_008065,train
IMG_008066,train
IMG_008067,test
IMG_008068,val
IMG_008069,train
IMG_008070,val
IMG_008071,train
IMG_008072,val
IMG_008073,train
IMG_008074,train
IMG_008075,val
IMG_008076,train
IMG_008077,train
IMG_008078,train
IMG_008079,test
IMG_008080,train
IMG_008081,train
IMG_008082,test
IMG_008083,train
IMG_008084,train
IMG_008085,train
IMG_008086,train
IMG_008087,train
IMG_008088,train
IMG_008089,val
IMG_008090,train
IMG_008091,val
IMG_008092,train
IMG_008093,train
IMG_008094,val
IMG_008095,train
IMG_008096,train
IMG_008097,train
IMG_008098,train
IMG_008099,train
IMG_008100,train
IMG_008101,test
IMG_008102,test
IMG_008103,train
IMG_008104,val
IMG_008105,val
IMG_008106,train
IMG_008107,train
IMG_008108,train
IMG_008109,train
IMG_008110,val
IMG_008111,train
IMG_008112,test
IMG_008113,val
IMG_008114,val
IMG_008115,train
IMG_008116,train
IMG_008117,train
IMG_008118,train
IMG_008119,train
IMG_008120,test
IMG_008121,train
IMG_008122,train
IMG_008123,test
IMG_008124,val
IMG_008125,train
IMG_008126,train
IMG_008127,train
IMG_008128,val
IMG_008129,test
IMG_008130,val
IMG_008131,train
IMG_008132,train
IMG_008133,val
IMG_008134,train
IMG_008135,train
IMG_008136,train
IMG_008137,test
IMG_008138,test
IMG_008139,train
IMG_008140,train
IMG_008141,train
IMG_008142,test
IMG_008143,train
IMG_008144,train
IMG_008145,train
IMG_008146,train
IMG_008147,test
IMG_008148,test
IMG_008149,train
IMG_008150,train
IMG_008151,train
IMG_008152,test
IMG_008153,test
IMG_008154,train
IMG_008155,train
IMG_008156,train
IMG_008157,val
IMG_008158,train
IMG_008159,train
IMG_008160,train
IMG_008161,test
IMG_008162,test
IMG_008163,train
IMG_008164,train
IMG_008165,val
IMG_008166,val
IMG_008167,val
IMG_008168,train
IMG_008169,train
IMG_008170,val
IMG_008171,test
IMG_008172,train
IMG_008173,train
IMG_008174,test
IMG_008175,train
IMG_008176,train
IMG_008177,train
IMG_008178,test
IMG_008179,train
IMG_008180,train
IMG_008181,train
IMG_008182,train
IMG_008183,val
IMG_008184,train
IMG_008185,train
IMG_008186,test
IMG_008187,train
IMG_008188,train
IMG_008189,test
IMG_008190,train
IMG_008191,train
IMG_008192,val
IMG_008193,train
IMG_008194,val
IMG_008195,train
IMG_008196,train
IMG_008197,train
IMG_008198,train
IMG_008199,train
IMG_008200,train
IMG_008201,train
IMG_008202,train
IMG_008203,train
IMG_008204,val
IMG_008205,train
IMG_008206,train
IMG_008207,test
IMG_008208,train
IMG_008209,train
IMG_008210,train
IMG_008211,test
IMG_008212,train
IMG_008213,train
IMG_008214,test
IMG_008215,train
IMG_008216,train
IMG_008217,train
IMG_008218,train
IMG_008219,test
IMG_008220,train
IMG_008221,train
IMG_008222,train
IMG_008223,train
IMG_008224,train
IMG_008225,train
IMG_008226,test
IMG_008227,train
IMG_008228,train
IMG_008229,train
IMG_008230,val
IMG_008231,train
IMG_008232,train
IMG_008233,train
IMG_008234,train
IMG_008235,val
IMG_008236,train
IMG_008237,test
IMG_008238,train
IMG_008239,train
IMG_008240,val
IMG_008241,train
IMG_008242,train
IMG_008243,train
IMG_008244,train
IMG_008245,test
IMG_008246,train
IMG_008247,val
IMG_008248,val
IMG_008249,train
IMG_008250,train
IMG_008251,train
IMG_008252,train
IMG_008253,test
IMG_008254,train
IMG_008255,train
IMG_008256,train
IMG_008257,test
IMG_008258,val
IMG_008259,val
IMG_008260,test
IMG_008261,train
IMG_008262,train
IMG_008263,train
IMG_008264,train
IMG_008265,train
IMG_008266,train
IMG_008267,val
IMG_008268,train
IMG_008269,train
IMG_008270,test
IMG_008271,val
IMG_008272,train
IMG_008273,test
IMG_008274,train
IMG_008275,train
IMG_008276,train
IMG_008277,train
IMG_008278,train
IMG_008279,train
IMG_008280,test
IMG_008281,train
IMG_008282,train
IMG_008283,test
IMG_008284,train
IMG_008285,train
IMG_008286,train
IMG_008287,train
IMG_008288,train
IMG_008289,train
IMG_008290,train
IMG_008291,train
IMG_008292,val
IMG_008293,train
IMG_008294,test
IMG_008295,train
IMG_008296,train
IMG_008297,train
IMG_008298,test
IMG_008299,val
IMG_008300,train
IMG_008301,val
IMG_008302,val
IMG_008303,train
IMG_008304,train
IMG_008305,train
IMG_008306,train
IMG_008307,train
IMG_008308,train
IMG_008309,test
IMG_008310,train
IMG_008311,train
IMG_008312,train
IMG_008313,test
IMG_008314,train
IMG_008315,train
IMG_008316,train
IMG_008317,test
IMG_008318,train
IMG_008319,train
IMG_008320,train
IMG_008321,train
IMG_008322,train
IMG_008323,train
IMG_008324,train
IMG_008325,train
IMG_008326,test
IMG_008327,train
IMG_008328,train
IMG_008329,train
IMG_008330,train
IMG_008331,train
IMG_008332,train
IMG_008333,train
IMG_008334,train
IMG_008335,train
IMG_008336,train
IMG_008337,train
IMG_008338,val
IMG_008339,train
IMG_008340,train
IMG_008341,train
IMG_008342,test
IMG_008343,test
IMG_008344,train
IMG_008345,train
IMG_008346,train
IMG_008347,train
IMG_008348,train
IMG_008349,train
IMG_008350,train
IMG_008351,train
IMG_008352,train
IMG_008353,test
IMG_008354,train
IMG_008355,train
IMG_008356,val
IMG_008357,train
IMG_008358,train
IMG_008359,train
IMG_008360,train
IMG_008361,test
IMG_008362,train
IMG_008363,train
IMG_008364,val
IMG_008365,test
IMG_008366,train
IMG_008367,train
IMG_008368,train
IMG_008369,train
IMG_008370,train
IMG_008371,test
IMG_008372,train
IMG_008373,train
IMG_008374,train
IMG_008375,test
IMG_008376,train
IMG_008377,test
IMG_008378,train
IMG_008379,val
IMG_008380,train
IMG_008381,train
IMG_008382,test
IMG_008383,train
IMG_008384,train
IMG_008385,test
IMG_008386,train
IMG_008387,train
IMG_008388,train
IMG_008389,val
IMG_008390,train
IMG_008391,train
IMG_008392,train
IMG_008393,test
IMG_008394,train
IMG_008395,train
IMG_008396,val
IMG_008397,train
IMG_008398,test
IMG_008399,train
IMG_008400,train
IMG_008401,train
IMG_008402,train
IMG_008403,train
IMG_008404,test
IMG_008405,train
IMG_008406,train
IMG_008407,train
IMG_008408,train
IMG_008409,val
IMG_008410,val
IMG_008411,train
IMG_008412,train
IMG_008413,train
IMG_008414,train
IMG_008415,train
IMG_008416,train
IMG_008417,train
IMG_008418,train
IMG_008419,train
IMG_008420,val
IMG_008421,train
IMG_008422,test
IMG_008423,train
IMG_008424,val
IMG_008425,train
IMG_008426,train
IMG_008427,train
IMG_008428,train
IMG_008429,train
IMG_008430,train
IMG_008431,val
IMG_008432,test
IMG_008433,train
IMG_008434,train
IMG_008435,test
IMG_008436,train
IMG_008437,val
IMG_008438,train
IMG_008439,train
IMG_008440,train
IMG_008441,train
IMG_008442,train
IMG_008443,train
IMG_008444,test
IMG_008445,train
IMG_008446,train
IMG_008447,train
IMG_008448,train
IMG_008449,train
IMG_008450,train
IMG_008451,train
IMG_008452,val
IMG_008453,train
IMG_008454,val
IMG_008455,train
IMG_008456,train
IMG_008457,train
IMG_008458,train
IMG_008459,test
IMG_008460,test
IMG_008461,train
IMG_008462,test
IMG_008463,train
IMG_008464,val
IMG_008465,train
IMG_008466,train
IMG_008467,test
IMG_008468,train
IMG_008469,train
IMG_008470,test
IMG_008471,val
IMG_008472,train
IMG_008473,train
IMG_008474,train
IMG_008475,test
IMG_008476,train
IMG_008477,train
IMG_008478,train
IMG_008479,test
IMG_008480,train
IMG_008481,train
IMG_008482,train
IMG_008483,val
IMG_008484,val
IMG_008485,train
IMG_008486,val
IMG_008487,train
IMG_008488,train
IMG_008489,train
IMG_008490,val
IMG_008491,train
IMG_008492,train
IMG_008493,val
IMG_008494,train
IMG_008495,train
IMG_008496,train
IMG_008497,train
IMG_008498,train
IMG_008499,train
IMG_008500,test
IMG_008501,train
IMG_008502,test
IMG_008503,train
IMG_008504,val
IMG_008505,test
IMG_008506,test
IMG_008507,val
IMG_008508,train
IMG_008509,train
IMG_008510,train
IMG_008511,train
IMG_008512,train
IMG_008513,train
IMG_008514,test
IMG_008515,train
IMG_008516,train
IMG_008517,val
IMG_008518,train
IMG_008519,train
IMG_008520,train
IMG_008521,val
IMG_008522,train
IMG_008523,train
IMG_008524,train
IMG_008525,train
IMG_008526,val
IMG_008527,train
IMG_008528,train
IMG_008529,train
IMG_008530,train
IMG_008531,test
IMG_008532,train
IMG_008533,train
IMG_008534,train
IMG_008535,train
IMG_008536,train
IMG_008537,train
IMG_008538,train
IMG_008539,train
IMG_008540,train
IMG_008541,train
IMG_008542,test
IMG_008543,test
IMG_008544,train
IMG_008545,val
IMG_008546,train
IMG_008547,val
IMG_008548,train
IMG_008549,val
IMG_008550,test
IMG_008551,val
IMG_008552,train
IMG_008553,train
IMG_008554,train
IMG_008555,train
IMG_008556,train
IMG_008557,train
IMG_008558,train
IMG_008559,val
IMG_008560,train
IMG_008561,train
IMG_008562,train
IMG_008563,train
IMG_008564,train
IMG_008565,train
IMG_008566,train
IMG_008567,train
IMG_008568,train
IMG_008569,train
IMG_008570,train
IMG_008571,test
IMG_008572,train
IMG_008573,val
IMG_008574,train
IMG_008575,train
IMG_008576,train
IMG_008577,train
IMG_008578,train
IMG_008579,test
IMG_008580,test
IMG_008581,train
IMG_008582,train
IMG_008583,train
IMG_008584,train
IMG_008585,test
IMG_008586,train
IMG_008587,train
IMG_008588,train
IMG_008589,train
IMG_008590,val
IMG_008591,test
IMG_008592,train
IMG_008593,train
IMG_008594,train
IMG_008595,test
IMG_008596,train
IMG_008597,train
IMG_008598,test
IMG_008599,test
IMG_008600,test
IMG_008601,train
IMG_008602,test
IMG_008603,train
IMG_008604,train
IMG_008605,train
IMG_008606,train
IMG_008607,train
IMG_008608,train
IMG_008609,val
IMG_008610,train
IMG_008611,train
IMG_008612,train
IMG_008613,train
IMG_008614,val
IMG_008615,train
IMG_008616,test
IMG_008617,train
IMG_008618,train
IMG_008619,train
IMG_008620,train
IMG_008621,train
IMG_008622,train
IMG_008623,train
IMG_008624,train
IMG_008625,val
IMG_008626,val
IMG_008627,train
IMG_008628,test
IMG_008629,test
IMG_008630,train
IMG_008631,test
IMG_008632,train
IMG_008633,train
IMG_008634,test
IMG_008635,test
IMG_008636,train
IMG_008637,test
IMG_008638,val
IMG_008639,train
IMG_008640,test
IMG_008641,train
IMG_008642,train
IMG_008643,train
IMG_008644,train
IMG_008645,test
IMG_008646,train
IMG_008647,train
IMG_008648,val
IMG_008649,train
IMG_008650,val
IMG_008651,val
IMG_008652,train
IMG_008653,train
IMG_008654,train
IMG_008655,train
IMG_008656,train
IMG_008657,train
IMG_008658,train
IMG_008659,train
IMG_008660,train
IMG_008661,val
IMG_008662,train
IMG_008663,train
IMG_008664,train
IMG_008665,train
IMG_008666,val
IMG_008667,val
IMG_008668,val
IMG_008669,train
IMG_008670,train
IMG_008671,test
IMG_008672,train
IMG_008673,val
IMG_008674,train
IMG_008675,val
IMG_008676,train
IMG_008677,train
IMG_008678,train
IMG_008679,train
IMG_008680,train
IMG_008681,train
IMG_008682,train
IMG_008683,test
IMG_008684,train
IMG_008685,val
IMG_008686,train
IMG_008687,val
IMG_008688,test
IMG_008689,train
IMG_008690,train
IMG_008691,train
IMG_008692,train
IMG_008693,train
IMG_008694,test
IMG_008695,train
IMG_008696,val
IMG_008697,train
IMG_008698,train
IMG_008699,train
IMG_008700,train
IMG_008701,train
IMG_008702,train
IMG_008703,train
IMG_008704,val
IMG_008705,train
IMG_008706,train
IMG_008707,train
IMG_008708,train
IMG_008709,test
IMG_008710,test
IMG_008711,train
IMG_008712,train
IMG_008713,train
IMG_008714,test
IMG_008715,train
IMG_008716,train
IMG_008717,train
IMG_008718,train
IMG_008719,train
IMG_008720,val
IMG_008721,train
IMG_008722,train
IMG_008723,val
IMG_008724,train
IMG_008725,test
IMG_008726,train
IMG_008727,train
IMG_008728,train
IMG_008729,train
IMG_008730,train
IMG_008731,train
IMG_008732,train
IMG_008733,train
IMG_008734,test
IMG_008735,train
IMG_008736,train
IMG_008737,train
IMG_008738,train
IMG_008739,train
IMG_008740,train
IMG_008741,train
IMG_008742,train
IMG_008743,train
IMG_008744,train
IMG_008745,train
IMG_008746,val
IMG_008747,train
IMG_008748,train
IMG_008749,train
IMG_008750,val
IMG_008751,train
IMG_008752,train
IMG_008753,train
IMG_008754,test
IMG_008755,train
IMG_008756,train
IMG_008757,train
IMG_008758,val
IMG_008759,val
IMG_008760,train
IMG_008761,train
IMG_008762,train
IMG_008763,train
IMG_008764,train
IMG_008765,train
IMG_008766,train
IMG_008767,train
IMG_008768,train
IMG_008769,train
IMG_008770,train
IMG_008771,train
IMG_008772,val
IMG_008773,train
IMG_008774,train
IMG_008775,train
IMG_008776,train
IMG_008777,train
IMG_008778,train
IMG_008779,val
IMG_008780,val
IMG_008781,test
IMG_008782,train
IMG_008783,train
IMG_008784,train
IMG_008785,val
IMG_008786,train
IMG_008787,train
IMG_008788,test
IMG_008789,train
IMG_008790,test
IMG_008791,train
IMG_008792,val
IMG_008793,train
IMG_008794,train
IMG_008795,train
IMG_008796,val
IMG_008797,val
IMG_008798,val
IMG_008799,train
IMG_008800,train
IMG_008801,train
IMG_008802,train
IMG_008803,train
IMG_008804,train
IMG_008805,train
IMG_008806,train
IMG_008807,train
IMG_008808,train
IMG_008809,val
IMG_008810,train
IMG_008811,test
IMG_008812,train
IMG_008813,train
IMG_008814,train
IMG_008815,val
IMG_008816,train
IMG_008817,train
IMG_008818,test
IMG_008819,train
IMG_008820,train
IMG_008821,train
IMG_008822,test
IMG_008823,train
IMG_008824,val
IMG_008825,train
IMG_008826,train
IMG_008827,train
IMG_008828,train
IMG_008829,train
IMG_008830,train
IMG_008831,train
IMG_008832,test
IMG_008833,val
IMG_008834,train
IMG_008835,train
IMG_008836,train
IMG_008837,test
IMG_008838,train
IMG_008839,train
IMG_008840,test
IMG_008841,train
IMG_008842,val
IMG_008843,test
IMG_008844,test
IMG_008845,train
IMG_008846,train
IMG_008847,train
IMG_008848,train
IMG_008849,train
IMG_008850,train
IMG_008851,val
IMG_008852,train
IMG_008853,train
IMG_008854,test
IMG_008855,val
IMG_008856,train
IMG_008857,train
IMG_008858,train
IMG_008859,train
IMG_008860,train
IMG_008861,train
IMG_008862,train
IMG_008863,val
IMG_008864,train
IMG_008865,train
IMG_008866,train
IMG_008867,train
IMG_008868,test
IMG_008869,train
IMG_008870,test
IMG_008871,train
IMG_008872,val
IMG_008873,test
IMG_008874,train
IMG_008875,train
IMG_008876,train
IMG_008877,test
IMG_008878,train
IMG_008879,train
IMG_008880,train
IMG_008881,val
IMG_008882,val
IMG_008883,train
IMG_008884,train
IMG_008885,train
IMG_008886,train
IMG_008887,train
IMG_008888,train
IMG_008889,train
IMG_008890,val
IMG_008891,train
IMG_008892,val
IMG_008893,train
IMG_008894,train
IMG_008895,train
IMG_008896,train
IMG_008897,val
IMG_008898,train
IMG_008899,test
IMG_008900,val
IMG_008901,train
IMG_008902,train
IMG_008903,test
IMG_008904,train
IMG_008905,train
IMG_008906,train
IMG_008907,train
IMG_008908,test
IMG_008909,train
IMG_008910,train
IMG_008911,train
IMG_008912,train
IMG_008913,test
IMG_008914,train
IMG_008915,val
IMG_008916,test
IMG_008917,train
IMG_008918,train
IMG_008919,train
IMG_008920,train
IMG_008921,val
IMG_008922,test
IMG_008923,test
IMG_008924,train
IMG_008925,train
IMG_008926,train
IMG_008927,test
IMG_008928,train
IMG_008929,train
IMG_008930,train
IMG_008931,train
IMG_008932,train
IMG_008933,train
IMG_008934,train
IMG_008935,train
IMG_008936,test
IMG_008937,train
IMG_008938,train
IMG_008939,train
IMG_008940,train
IMG_008941,val
IMG_008942,train
IMG_008943,test
IMG_008944,train
IMG_008945,train
IMG_008946,train
IMG_008947,val
IMG_008948,train
IMG_008949,train
IMG_008950,train
IMG_008951,train
IMG_008952,train
IMG_008953,val
IMG_008954,train
IMG_008955,train
IMG_008956,val
IMG_008957,train
IMG_008958,train
IMG_008959,train
IMG_008960,test
IMG_008961,train
IMG_008962,train
IMG_008963,val
IMG_008964,test
IMG_008965,train
IMG_008966,train
IMG_008967,train
IMG_008968,train
IMG_008969,val
IMG_008970,test
IMG_008971,train
IMG_008972,train
IMG_008973,train
IMG_008974,test
IMG_008975,train
IMG_008976,train
IMG_008977,train
IMG_008978,train
IMG_008979,train
IMG_008980,train
IMG_008981,train
IMG_008982,train
IMG_008983,train
IMG_008984,train
IMG_008985,train
IMG_008986,val
IMG_008987,train
IMG_008988,train
IMG_008989,train
IMG_008990,train
IMG_008991,train
IMG_008992,train
IMG_008993,train
IMG_008994,train
IMG_008995,train
IMG_008996,train
IMG_008997,test
IMG_008998,train
IMG_008999,train
IMG_009000,train
IMG_009001,train
IMG_009002,val
IMG_009003,train
IMG_009004,train
IMG_009005,val
IMG_009006,train
IMG_009007,train
IMG_009008,train
IMG_009009,val
IMG_009010,test
IMG_009011,train
IMG_009012,test
IMG_009013,test
IMG_009014,train
IMG_009015,train
IMG_009016,train
IMG_009017,test
IMG_009018,train
IMG_009019,test
IMG_009020,train
IMG_009021,val
IMG_009022,train
IMG_009023,val
IMG_009024,test
IMG_009025,train
IMG_009026,test
IMG_009027,train
IMG_009028,train
IMG_009029,val
IMG_009030,train
IMG_009031,train
IMG_009032,test
IMG_009033,train
IMG_009034,test
IMG_009035,train
IMG_009036,train
IMG_009037,test
IMG_009038,train
IMG_009039,train
IMG_009040,train
IMG_009041,train
IMG_009042,train
IMG_009043,train
IMG_009044,test
IMG_009045,train
IMG_009046,train
IMG_009047,train
IMG_009048,train
IMG_009049,train
IMG_009050,train
IMG_009051,train
IMG_009052,val
IMG_009053,train
IMG_009054,test
IMG_009055,train
IMG_009056,test
IMG_009057,test
IMG_009058,train
IMG_009059,train
IMG_009060,train
IMG_009061,val
IMG_009062,train
IMG_009063,val
IMG_009064,train
IMG_009065,test
IMG_009066,test
IMG_009067,test
IMG_009068,train
IMG_009069,train
IMG_009070,train
IMG_009071,train
IMG_009072,train
IMG_009073,train
IMG_009074,train
IMG_009075,train
IMG_009076,test
IMG_009077,test
IMG_009078,train
IMG_009079,train
IMG_009080,train
IMG_009081,train
IMG_009082,train
IMG_009083,train
IMG_009084,train
IMG_009085,train
IMG_009086,test
IMG_009087,train
IMG_009088,train
IMG_009089,test
IMG_009090,train
IMG_009091,train
IMG_009092,train
IMG_009093,val
IMG_009094,test
IMG_009095,train
IMG_009096,test
IMG_009097,train
IMG_009098,train
IMG_009099,train
IMG_009100,train
IMG_009101,val
IMG_009102,train
IMG_009103,train
IMG_009104,train
IMG_009105,test
IMG_009106,train
IMG_009107,train
IMG_009108,train
IMG_009109,train
IMG_009110,train
IMG_009111,train
IMG_009112,train
IMG_009113,train
IMG_009114,val
IMG_009115,test
IMG_009116,train
IMG_009117,test
IMG_009118,train
IMG_009119,train
IMG_009120,test
IMG_009121,train
IMG_009122,test
IMG_009123,train
IMG_009124,test
IMG_009125,train
IMG_009126,train
IMG_009127,train
IMG_009128,test
IMG_009129,val
IMG_009130,train
IMG_009131,train
IMG_009132,train
IMG_009133,val
IMG_009134,train
IMG_009135,val
IMG_009136,val
IMG_009137,test
IMG_009138,train
IMG_009139,train
IMG_009140,train
IMG_009141,val
IMG_009142,train
IMG_009143,train
IMG_009144,test
IMG_009145,test
IMG_009146,train
IMG_009147,train
IMG_009148,train
IMG_009149,train
IMG_009150,train
IMG_009151,train
IMG_009152,train
IMG_009153,test
IMG_009154,train
IMG_009155,train
IMG_009156,train
IMG_009157,train
IMG_009158,train
IMG_009159,train
IMG_009160,train
IMG_009161,train
IMG_009162,train
IMG_009163,train
IMG_009164,train
IMG_009165,train
IMG_009166,train
IMG_009167,train
IMG_009168,train
IMG_009169,test
IMG_009170,train
IMG_009171,train
IMG_009172,val
IMG_009173,train
IMG_009174,test
IMG_009175,train
IMG_009176,val
IMG_009177,val
IMG_009178,train
IMG_009179,val
IMG_009180,train
IMG_009181,train
IMG_009182,train
IMG_009183,test
IMG_009184,train
IMG_009185,train
IMG_009186,train
IMG_009187,train
IMG_009188,train
IMG_009189,train
IMG_009190,train
IMG_009191,train
IMG_009192,train
IMG_009193,train
IMG_009194,train
IMG_009195,train
IMG_009196,val
IMG_009197,train
IMG_009198,val
IMG_009199,train
IMG_009200,train
IMG_009201,test
IMG_009202,val
IMG_009203,train
IMG_009204,train
IMG_009205,train
IMG_009206,train
IMG_009207,train
IMG_009208,train
IMG_009209,train
IMG_009210,val
IMG_009211,test
IMG_009212,train
IMG_009213,val
IMG_009214,train
IMG_009215,train
IMG_009216,test
IMG_009217,train
IMG_009218,train
IMG_009219,train
IMG_009220,train
IMG_009221,train
IMG_009222,train
IMG_009223,train
IMG_009224,test
IMG_009225,train
IMG_009226,val
IMG_009227,train
IMG_009228,train
IMG_009229,train
IMG_009230,test
IMG_009231,train
IMG_009232,test
IMG_009233,train
IMG_009234,test
IMG_009235,train
IMG_009236,train
IMG_009237,train
IMG_009238,val
IMG_009239,test
IMG_009240,train
IMG_009241,val
IMG_009242,train
IMG_009243,train
IMG_009244,test
IMG_009245,train
IMG_009246,train
IMG_009247,train
IMG_009248,test
IMG_009249,train
IMG_009250,train
IMG_009251,train
IMG_009252,train
IMG_009253,train
IMG_009254,val
IMG_009255,train
IMG_009256,val
IMG_009257,train
IMG_009258,test
IMG_009259,train
IMG_009260,train
IMG_009261,val
IMG_009262,test
IMG_009263,val
IMG_009264,val
IMG_009265,train
IMG_009266,train
IMG_009267,train
IMG_009268,train
IMG_009269,test
IMG_009270,train
IMG_009271,train
IMG_009272,train
IMG_009273,train
IMG_009274,train
IMG_009275,test
IMG_009276,train
IMG_009277,train
IMG_009278,train
IMG_009279,test
IMG_009280,train
IMG_009281,train
IMG_009282,train
IMG_009283,val
IMG_009284,train
IMG_009285,test
IMG_009286,test
IMG_009287,train
IMG_009288,test
IMG_009289,train
IMG_009290,train
IMG_009291,val
IMG_009292,train
IMG_009293,train
IMG_009294,train
IMG_009295,train
IMG_009296,train
IMG_009297,train
IMG_009298,val
IMG_009299,train
IMG_009300,train
IMG_009301,train
IMG_009302,val
IMG_009303,val
IMG_009304,train
IMG_009305,train
IMG_009306,train
IMG_009307,train
IMG_009308,train
IMG_009309,train
IMG_009310,train
IMG_009311,train
IMG_009312,train
IMG_009313,train
IMG_009314,test
IMG_009315,train
IMG_009316,test
IMG_009317,train
IMG_009318,test
IMG_009319,train
IMG_009320,train
IMG_009321,train
IMG_009322,test
IMG_009323,train
IMG_009324,train
IMG_009325,test
IMG_009326,train
IMG_009327,train
IMG_009328,val
IMG_009329,val
IMG_009330,train
IMG_009331,train
IMG_009332,test
IMG_009333,test
IMG_009334,train
IMG_009335,train
IMG_009336,train
IMG_009337,train
IMG_009338,test
IMG_009339,train
IMG_009340,test
IMG_009341,train
IMG_009342,train
IMG_009343,train
IMG_009344,train
IMG_009345,train
IMG_009346,train
IMG_009347,train
IMG_009348,train
IMG_009349,train
IMG_009350,test
IMG_009351,train
IMG_009352,train
IMG_009353,train
IMG_009354,val
IMG_009355,test
IMG_009356,train
IMG_009357,train
IMG_009358,train
IMG_009359,train
IMG_009360,train
IMG_009361,train
IMG_009362,train
IMG_009363,train
IMG_009364,val
IMG_009365,val
IMG_009366,train
IMG_009367,val
IMG_009368,train
IMG_009369,train
IMG_009370,test
IMG_009371,train
IMG_009372,val
IMG_009373,train
IMG_009374,train
IMG_009375,test
IMG_009376,train
IMG_009377,train
IMG_009378,val
IMG_009379,test
IMG_009380,train
IMG_009381,train
IMG_009382,train
IMG_009383,val
IMG_009384,test
IMG_009385,train
IMG_009386,train
IMG_009387,val
IMG_009388,test
IMG_009389,test
IMG_009390,train
IMG_009391,train
IMG_009392,train
IMG_009393,test
IMG_009394,train
IMG_009395,train
IMG_009396,train
IMG_009397,train
IMG_009398,train
IMG_009399,train
IMG_009400,train
IMG_009401,val
IMG_009402,train
IMG_009403,train
IMG_009404,train
IMG_009405,val
IMG_009406,train
IMG_009407,train
IMG_009408,train
IMG_009409,val
IMG_009410,train
IMG_009411,test
IMG_009412,train
IMG_009413,test
IMG_009414,train
IMG_009415,train
IMG_009416,train
IMG_009417,test
IMG_009418,train
IMG_009419,val
IMG_009420,train
IMG_009421,train
IMG_009422,train
IMG_009423,train
IMG_009424,test
IMG_009425,train
IMG_009426,train
IMG_009427,val
IMG_009428,train
IMG_009429,train
IMG_009430,train
IMG_009431,train
IMG_009432,train
IMG_009433,train
IMG_009434,val
IMG_009435,train
IMG_009436,train
IMG_009437,train
IMG_009438,train
IMG_009439,train
IMG_009440,test
IMG_009441,train
IMG_009442,train
IMG_009443,train
IMG_009444,train
IMG_009445,test
IMG_009446,train
IMG_009447,train
IMG_009448,train
IMG_009449,train
IMG_009450,train
IMG_009451,train
IMG_009452,train
IMG_009453,test
IMG_009454,train
IMG_009455,test
IMG_009456,train
IMG_009457,train
IMG_009458,train
IMG_009459,train
IMG_009460,train
IMG_009461,train
IMG_009462,train
IMG_009463,train
IMG_009464,train
IMG_009465,val
IMG_009466,train
IMG_009467,val
IMG_009468,train
IMG_009469,train
IMG_009470,train
IMG_009471,val
IMG_009472,train
IMG_009473,train
IMG_009474,train
IMG_009475,train
IMG_009476,train
IMG_009477,train
IMG_009478,train
IMG_009479,test
IMG_009480,train
IMG_009481,train
IMG_009482,test
IMG_009483,train
IMG_009484,train
IMG_009485,val
IMG_009486,train
IMG_009487,train
IMG_009488,train
IMG_009489,train
IMG_009490,train
IMG_009491,train
IMG_009492,test
IMG_009493,train
IMG_009494,train
IMG_009495,test
IMG_009496,test
IMG_009497,train
IMG_009498,test
IMG_009499,train
IMG_009500,test
IMG_009501,test
IMG_009502,val
IMG_009503,train
IMG_009504,train
IMG_009505,val
IMG_009506,val
IMG_009507,train
IMG_009508,train
IMG_009509,train
IMG_009510,val
IMG_009511,val
IMG_009512,train
IMG_009513,train
IMG_009514,test
IMG_009515,train
IMG_009516,train
IMG_009517,train
IMG_009518,train
IMG_009519,test
IMG_009520,test
IMG_009521,train
IMG_009522,train
IMG_009523,train
IMG_009524,train
IMG_009525,val
IMG_009526,train
IMG_009527,train
IMG_009528,test
IMG_009529,train
IMG_009530,train
IMG_009531,train
IMG_009532,train
IMG_009533,test
IMG_009534,train
IMG_009535,test
IMG_009536,train
IMG_009537,val
IMG_009538,train
IMG_009539,train
IMG_009540,train
IMG_009541,train
IMG_009542,val
IMG_009543,test
IMG_009544,train
IMG_009545,train
IMG_009546,train
IMG_009547,train
IMG_009548,val
IMG_009549,train
IMG_009550,train
IMG_009551,train
IMG_009552,train
IMG_009553,val
IMG_009554,train
IMG_009555,train
IMG_009556,train
IMG_009557,train
IMG_009558,train
IMG_009559,val
IMG_009560,train
IMG_009561,val
IMG_009562,val
IMG_009563,train
IMG_009564,val
IMG_009565,train
IMG_009566,train
IMG_009567,train
IMG_009568,train
IMG_009569,val
IMG_009570,train
IMG_009571,train
IMG_009572,train
IMG_009573,test
IMG_009574,train
IMG_009575,val
IMG_009576,test
IMG_009577,train
IMG_009578,train
IMG_009579,train
IMG_009580,train
IMG_009581,test
IMG_009582,train
IMG_009583,test
IMG_009584,val
IMG_009585,val
IMG_009586,train
IMG_009587,val
IMG_009588,train
IMG_009589,train
IMG_009590,train
IMG_009591,train
IMG_009592,train
IMG_009593,val
IMG_009594,train
IMG_009595,train
IMG_009596,train
IMG_009597,test
IMG_009598,train
IMG_009599,train
IMG_009600,train
IMG_009601,val
IMG_009602,train
IMG_009603,train
IMG_009604,test
IMG_009605,train
IMG_009606,train
IMG_009607,val
IMG_009608,train
IMG_009609,test
IMG_009610,train
IMG_009611,test
IMG_009612,train
IMG_009613,test
IMG_009614,train
IMG_009615,test
IMG_009616,test
IMG_009617,train
IMG_009618,train
IMG_009619,train
IMG_009620,train
IMG_009621,test
IMG_009622,train
IMG_009623,train
IMG_009624,test
IMG_009625,train
IMG_009626,train
IMG_009627,train
IMG_009628,train
IMG_009629,train
IMG_009630,train
IMG_009631,train
IMG_009632,train
IMG_009633,val
IMG_009634,train
IMG_009635,train
IMG_009636,test
IMG_009637,train
IMG_009638,train
IMG_009639,test
IMG_009640,test
IMG_009641,test
IMG_009642,train
IMG_009643,train
IMG_009644,train
IMG_009645,train
IMG_009646,train
IMG_009647,val
IMG_009648,train
IMG_009649,train
IMG_009650,train
IMG_009651,train
IMG_009652,train
IMG_009653,train
IMG_009654,train
IMG_009655,test
IMG_009656,train
IMG_009657,train
IMG_009658,train
IMG_009659,train
IMG_009660,train
IMG_009661,train
IMG_009662,train
IMG_009663,train
IMG_009664,train
IMG_009665,train
IMG_009666,train
IMG_009667,train
IMG_009668,train
IMG_009669,train
IMG_009670,train
IMG_009671,val
IMG_009672,train
IMG_009673,train
IMG_009674,train
IMG_009675,train
IMG_009676,train
IMG_009677,test
IMG_009678,train
IMG_009679,train
IMG_009680,test
IMG_009681,train
IMG_009682,val
IMG_009683,train
IMG_009684,train
IMG_009685,val
IMG_009686,train
IMG_009687,train
IMG_009688,train
IMG_009689,train
IMG_009690,train
IMG_009691,train
IMG_009692,test
IMG_009693,test
IMG_009694,test
IMG_009695,train
IMG_009696,train
IMG_009697,train
IMG_009698,train
IMG_009699,val
IMG_009700,train
IMG_009701,val
IMG_009702,test
IMG_009703,train
IMG_009704,train
IMG_009705,train
IMG_009706,train
IMG_009707,train
IMG_009708,train
IMG_009709,train
IMG_009710,train
IMG_009711,train
IMG_009712,train
IMG_009713,train
IMG_009714,train
IMG_009715,val
IMG_009716,val
IMG_009717,train
IMG_009718,train
IMG_009719,train
IMG_009720,train
IMG_009721,val
IMG_009722,test
IMG_009723,val
IMG_009724,train
IMG_009725,train
IMG_009726,train
IMG_009727,test
IMG_009728,train
IMG_009729,train
IMG_009730,train
IMG_009731,train
IMG_009732,train
IMG_009733,train
IMG_009734,val
IMG_009735,val
IMG_009736,train
IMG_009737,test
IMG_009738,train
IMG_009739,val
IMG_009740,train
IMG_009741,train
IMG_009742,test
IMG_009743,train
IMG_009744,train
IMG_009745,val
IMG_009746,train
IMG_009747,train
IMG_009748,test
IMG_009749,train
IMG_009750,train
IMG_009751,train
IMG_009752,test
IMG_009753,test
IMG_009754,train
IMG_009755,test
IMG_009756,train
IMG_009757,val
IMG_009758,test
IMG_009759,train
IMG_009760,test
IMG_009761,train
IMG_009762,test
IMG_009763,train
IMG_009764,train
IMG_009765,train
IMG_009766,train
IMG_009767,train
IMG_009768,train
IMG_009769,val
IMG_009770,train
IMG_009771,train
IMG_009772,train
IMG_009773,train
IMG_009774,val
IMG_009775,val
IMG_009776,train
IMG_009777,val
IMG_009778,train
IMG_009779,train
IMG_009780,train
IMG_009781,train
IMG_009782,train
IMG_009783,train
IMG_009784,train
IMG_009785,train
IMG_009786,train
IMG_009787,test
IMG_009788,val
IMG_009789,train
IMG_009790,test
IMG_009791,train
IMG_009792,train
IMG_009793,test
IMG_009794,train
IMG_009795,train
IMG_009796,train
IMG_009797,test
IMG_009798,train
IMG_009799,train
IMG_009800,val
IMG_009801,train
IMG_009802,train
IMG_009803,val
IMG_009804,test
IMG_009805,train
IMG_009806,val
IMG_009807,val
IMG_009808,train
IMG_009809,train
IMG_009810,train
IMG_009811,train
IMG_009812,train
IMG_009813,train
IMG_009814,train
IMG_009815,train
IMG_009816,test
IMG_009817,train
IMG_009818,train
IMG_009819,train
IMG_009820,test
IMG_009821,train
IMG_009822,train
IMG_009823,train
IMG_009824,test
IMG_009825,train
IMG_009826,test
IMG_009827,train
IMG_009828,train
IMG_009829,test
IMG_009830,test
IMG_009831,test
IMG_009832,train
IMG_009833,train
IMG_009834,train
IMG_009835,train
IMG_009836,train
IMG_009837,test
IMG_009838,train
IMG_009839,val
IMG_009840,val
IMG_009841,train
IMG_009842,train
IMG_009843,train
IMG_009844,train
IMG_009845,train
IMG_009846,train
IMG_009847,val
IMG_009848,test
IMG_009849,test
IMG_009850,train
IMG_009851,train
IMG_009852,val
IMG_009853,train
IMG_009854,test
IMG_009855,train
IMG_009856,train
IMG_009857,train
IMG_009858,test
IMG_009859,val
IMG_009860,test
IMG_009861,val
IMG_009862,train
IMG_009863,train
IMG_009864,val
IMG_009865,val
IMG_009866,train
IMG_009867,train
IMG_009868,train
IMG_009869,train
IMG_009870,val
IMG_009871,train
IMG_009872,train
IMG_009873,train
IMG_009874,val
IMG_009875,train
IMG_009876,train
IMG_009877,train
IMG_009878,val
IMG_009879,train
IMG_009880,train
IMG_009881,test
IMG_009882,val
IMG_009883,train
IMG_009884,train
IMG_009885,train
IMG_009886,val
IMG_009887,test
IMG_009888,train
IMG_009889,train
IMG_009890,val
IMG_009891,train
IMG_009892,train
IMG_009893,train
IMG_009894,train
IMG_009895,train
IMG_009896,test
IMG_009897,test
IMG_009898,train
IMG_009899,train
IMG_009900,train
IMG_009901,train
IMG_009902,val
IMG_009903,train
IMG_009904,train
IMG_009905,train
IMG_009906,val
IMG_009907,train
IMG_009908,train
IMG_009909,train
IMG_009910,test
IMG_009911,val
IMG_009912,test
IMG_009913,test
IMG_009914,train
IMG_009915,test
IMG_009916,train
IMG_009917,val
IMG_009918,train
IMG_009919,train
IMG_009920,train
IMG_009921,train
IMG_009922,train
IMG_009923,train
IMG_009924,train
IMG_009925,train
IMG_009926,val
IMG_009927,train
IMG_009928,train
IMG_009929,val
IMG_009930,val
IMG_009931,train
IMG_009932,train
IMG_009933,train
IMG_009934,train
IMG_009935,val
IMG_009936,train
IMG_009937,val
IMG_009938,test
IMG_009939,train
IMG_009940,train
IMG_009941,train
IMG_009942,train
IMG_009943,train
IMG_009944,val
IMG_009945,train
IMG_009946,test
IMG_009947,train
IMG_009948,train
IMG_009949,test
IMG_009950,train
IMG_009951,train
IMG_009952,test
IMG_009953,train
IMG_009954,val
IMG_009955,train
IMG_009956,test
IMG_009957,train
IMG_009958,train
IMG_009959,train
IMG_009960,train
IMG_009961,train
IMG_009962,train
IMG_009963,train
IMG_009964,train
IMG_009965,train
IMG_009966,train
IMG_009967,train
IMG_009968,train
IMG_009969,train
IMG_009970,train
IMG_009971,test
IMG_009972,train
IMG_009973,val
IMG_009974,train
IMG_009975,train
IMG_009976,test
IMG_009977,train
IMG_009978,train
IMG_009979,train
IMG_009980,train
IMG_009981,train
IMG_009982,val
IMG_009983,test
IMG_009984,val
IMG_009985,test
IMG_009986,train
IMG_009987,val
IMG_009988,train
IMG_009989,train
IMG_009990,train
IMG_009991,train
IMG_009992,val
IMG_009993,train
IMG_009994,train
IMG_009995,train
IMG_009996,test
IMG_009997,train
IMG_009998,train
IMG_009999,val
IMG_010000,val
