review_index,image_id,image_path,source_dataset,source_class,source_path,old_health_level,model_health_level,review_health_level,review_health_level_valid,review_reason
1,IMG_000067,images/IMG_000067.jpg,watermelon_disease_recognition,Downy_Mildew,data_external\raw\watermelon_disease_recognition\Watermelon Disease Recognition Dataset\augmented_image\Augmented_Image\Downy_Mildew\IMG_2193_scaled.jpg,2,1,2,0,severity_not_confirmable_from_partial_or_non_leaf_view
2,IMG_000080,images/IMG_000080.jpg,watermelon_disease_recognition,Downy_Mildew,data_external\raw\watermelon_disease_recognition\Watermelon Disease Recognition Dataset\augmented_image\Augmented_Image\Downy_Mildew\IMG_3321_shifted.jpg,2,1,2,1,multiple_regions_or_clear_lesions
3,IMG_000124,images/IMG_000124.jpg,watermelon_disease_recognition,Downy_Mildew,data_external\raw\watermelon_disease_recognition\Watermelon Disease Recognition Dataset\augmented_image\Augmented_Image\Downy_Mildew\IMG_2384_scaled.jpg,2,1,2,0,severity_not_confirmable_from_partial_or_non_leaf_view
4,IMG_000137,images/IMG_000137.jpg,watermelon_disease_recognition,Downy_Mildew,data_external\raw\watermelon_disease_recognition\Watermelon Disease Recognition Dataset\augmented_image\Augmented_Image\Downy_Mildew\IMG_2220_scaled.jpg,2,1,3,1,large_area_damage_deformation_wilting_or_necrosis
5,IMG_000170,images/IMG_000170.jpg,watermelon_disease_recognition,Downy_Mildew,data_external\raw\watermelon_disease_recognition\Watermelon Disease Recognition Dataset\original_image\Watermelon\Downy_Mildew\IMG_2291.jpg,2,1,3,1,large_area_damage_deformation_wilting_or_necrosis
6,IMG_000232,images/IMG_000232.jpg,watermelon_disease_recognition,Downy_Mildew,data_external\raw\watermelon_disease_recognition\Watermelon Disease Recognition Dataset\augmented_image\Augmented_Image\Downy_Mildew\IMG_3279_brightened.jpg,2,1,1,1,localized_mild_symptoms
7,IMG_000265,images/IMG_000265.jpg,watermelon_disease_recognition,Downy_Mildew,data_external\raw\watermelon_disease_recognition\Watermelon Disease Recognition Dataset\augmented_image\Augmented_Image\Downy_Mildew\IMG_2263_brightened.jpg,2,1,2,1,multiple_regions_or_clear_lesions
8,IMG_000282,images/IMG_000282.jpg,watermelon_disease_recognition,Downy_Mildew,data_external\raw\watermelon_disease_recognition\Watermelon Disease Recognition Dataset\augmented_image\Augmented_Image\Downy_Mildew\IMG_3323_brightened.jpg,2,1,1,1,localized_mild_symptoms
9,IMG_000301,images/IMG_000301.jpg,watermelon_disease_recognition,Downy_Mildew,data_external\raw\watermelon_disease_recognition\Watermelon Disease Recognition Dataset\augmented_image\Augmented_Image\Downy_Mildew\IMG_3317_scaled.jpg,2,1,2,0,severity_not_confirmable_from_partial_or_non_leaf_view
10,IMG_000492,images/IMG_000492.jpg,watermelon_disease_recognition,Downy_Mildew,data_external\raw\watermelon_disease_recognition\Watermelon Disease Recognition Dataset\augmented_image\Augmented_Image\Downy_Mildew\IMG_3350_brightened.jpg,2,1,2,1,multiple_regions_or_clear_lesions
11,IMG_000527,images/IMG_000527.jpg,watermelon_disease_recognition,Downy_Mildew,data_external\raw\watermelon_disease_recognition\Watermelon Disease Recognition Dataset\augmented_image\Augmented_Image\Downy_Mildew\IMG_3345_shifted.jpg,2,1,1,1,localized_mild_symptoms
12,IMG_000546,images/IMG_000546.jpg,watermelon_disease_recognition,Downy_Mildew,data_external\raw\watermelon_disease_recognition\Watermelon Disease Recognition Dataset\augmented_image\Augmented_Image\Downy_Mildew\IMG_3296_zoomed.jpg,2,1,2,1,multiple_regions_or_clear_lesions
13,IMG_000587,images/IMG_000587.jpg,watermelon_disease_recognition,Downy_Mildew,data_external\raw\watermelon_disease_recognition\Watermelon Disease Recognition Dataset\augmented_image\Augmented_Image\Downy_Mildew\IMG_3286_scaled.jpg,2,1,2,0,severity_not_confirmable_from_partial_or_non_leaf_view
14,IMG_000612,images/IMG_000612.jpg,watermelon_disease_recognition,Downy_Mildew,data_external\raw\watermelon_disease_recognition\Watermelon Disease Recognition Dataset\augmented_image\Augmented_Image\Downy_Mildew\IMG_3313_brightened.jpg,2,1,3,1,large_area_damage_deformation_wilting_or_necrosis
15,IMG_000647,images/IMG_000647.jpg,watermelon_disease_recognition,Downy_Mildew,data_external\raw\watermelon_disease_recognition\Watermelon Disease Recognition Dataset\augmented_image\Augmented_Image\Downy_Mildew\IMG_2297_brightened.jpg,2,1,3,1,large_area_damage_deformation_wilting_or_necrosis
16,IMG_000655,images/IMG_000655.jpg,watermelon_disease_recognition,Downy_Mildew,data_external\raw\watermelon_disease_recognition\Watermelon Disease Recognition Dataset\augmented_image\Augmented_Image\Downy_Mildew\IMG_3290_flip.jpg,2,1,2,1,multiple_regions_or_clear_lesions
17,IMG_000661,images/IMG_000661.jpg,watermelon_disease_recognition,Downy_Mildew,data_external\raw\watermelon_disease_recognition\Watermelon Disease Recognition Dataset\original_image\Watermelon\Downy_Mildew\IMG_2355.jpg,2,1,3,1,large_area_damage_deformation_wilting_or_necrosis
18,IMG_000717,images/IMG_000717.jpg,watermelon_disease_recognition,Downy_Mildew,data_external\raw\watermelon_disease_recognition\Watermelon Disease Recognition Dataset\augmented_image\Augmented_Image\Downy_Mildew\IMG_2194_scaled.jpg,2,1,2,0,severity_not_confirmable_from_partial_or_non_leaf_view
19,IMG_000728,images/IMG_000728.jpg,watermelon_disease_recognition,Downy_Mildew,data_external\raw\watermelon_disease_recognition\Watermelon Disease Recognition Dataset\augmented_image\Augmented_Image\Downy_Mildew\IMG_2290_brightened.jpg,2,1,3,1,large_area_damage_deformation_wilting_or_necrosis
20,IMG_000787,images/IMG_000787.jpg,watermelon_disease_recognition,Downy_Mildew,data_external\raw\watermelon_disease_recognition\Watermelon Disease Recognition Dataset\augmented_image\Augmented_Image\Downy_Mildew\IMG_2234_scaled.jpg,2,1,2,0,severity_not_confirmable_from_partial_or_non_leaf_view
21,IMG_000803,images/IMG_000803.jpg,watermelon_disease_recognition,Downy_Mildew,data_external\raw\watermelon_disease_recognition\Watermelon Disease Recognition Dataset\augmented_image\Augmented_Image\Downy_Mildew\IMG_3341_scaled.jpg,2,1,2,0,severity_not_confirmable_from_partial_or_non_leaf_view
22,IMG_000823,images/IMG_000823.jpg,watermelon_disease_recognition,Downy_Mildew,data_external\raw\watermelon_disease_recognition\Watermelon Disease Recognition Dataset\augmented_image\Augmented_Image\Downy_Mildew\IMG_2191_scaled.jpg,2,1,3,1,large_area_damage_deformation_wilting_or_necrosis
23,IMG_000844,images/IMG_000844.jpg,watermelon_disease_recognition,Downy_Mildew,data_external\raw\watermelon_disease_recognition\Watermelon Disease Recognition Dataset\augmented_image\Augmented_Image\Downy_Mildew\IMG_2195_zoomed.jpg,2,1,3,1,large_area_damage_deformation_wilting_or_necrosis
24,IMG_000877,images/IMG_000877.jpg,watermelon_disease_recognition,Downy_Mildew,data_external\raw\watermelon_disease_recognition\Watermelon Disease Recognition Dataset\augmented_image\Augmented_Image\Downy_Mildew\IMG_2250_zoomed.jpg,2,1,3,1,large_area_damage_deformation_wilting_or_necrosis
25,IMG_000911,images/IMG_000911.jpg,watermelon_disease_recognition,Downy_Mildew,data_external\raw\watermelon_disease_recognition\Watermelon Disease Recognition Dataset\original_image\Watermelon\Downy_Mildew\IMG_2323.jpg,2,1,3,1,large_area_damage_deformation_wilting_or_necrosis
26,IMG_000919,images/IMG_000919.jpg,watermelon_disease_recognition,Downy_Mildew,data_external\raw\watermelon_disease_recognition\Watermelon Disease Recognition Dataset\augmented_image\Augmented_Image\Downy_Mildew\IMG_3316_flip.jpg,2,1,1,1,localized_mild_symptoms
27,IMG_000961,images/IMG_000961.jpg,watermelon_disease_recognition,Downy_Mildew,data_external\raw\watermelon_disease_recognition\Watermelon Disease Recognition Dataset\augmented_image\Augmented_Image\Downy_Mildew\IMG_2239_shifted.jpg,2,1,3,1,large_area_damage_deformation_wilting_or_necrosis
28,IMG_000963,images/IMG_000963.jpg,watermelon_disease_recognition,Downy_Mildew,data_external\raw\watermelon_disease_recognition\Watermelon Disease Recognition Dataset\augmented_image\Augmented_Image\Downy_Mildew\IMG_3317_shifted.jpg,2,1,1,1,localized_mild_symptoms
29,IMG_001046,images/IMG_001046.jpg,watermelon_disease_recognition,Downy_Mildew,data_external\raw\watermelon_disease_recognition\Watermelon Disease Recognition Dataset\original_image\Watermelon\Downy_Mildew\IMG_3334.jpg,2,1,1,1,localized_mild_symptoms
30,IMG_001258,images/IMG_001258.jpg,watermelon_disease_recognition,Downy_Mildew,data_external\raw\watermelon_disease_recognition\Watermelon Disease Recognition Dataset\augmented_image\Augmented_Image\Downy_Mildew\IMG_2213_shifted.jpg,2,1,2,1,multiple_regions_or_clear_lesions
31,IMG_001299,images/IMG_001299.jpg,watermelon_disease_recognition,Downy_Mildew,data_external\raw\watermelon_disease_recognition\Watermelon Disease Recognition Dataset\augmented_image\Augmented_Image\Downy_Mildew\IMG_2348_zoomed.jpg,2,1,3,1,large_area_damage_deformation_wilting_or_necrosis
32,IMG_001310,images/IMG_001310.jpg,watermelon_disease_recognition,Downy_Mildew,data_external\raw\watermelon_disease_recognition\Watermelon Disease Recognition Dataset\augmented_image\Augmented_Image\Downy_Mildew\IMG_3331_brightened.jpg,2,1,2,1,multiple_regions_or_clear_lesions
33,IMG_001376,images/IMG_001376.jpg,watermelon_disease_recognition,Downy_Mildew,data_external\raw\watermelon_disease_recognition\Watermelon Disease Recognition Dataset\augmented_image\Augmented_Image\Downy_Mildew\IMG_2240_shifted.jpg,2,1,3,1,large_area_damage_deformation_wilting_or_necrosis
34,IMG_001459,images/IMG_001459.jpg,watermelon_disease_recognition,Downy_Mildew,data_external\raw\watermelon_disease_recognition\Watermelon Disease Recognition Dataset\augmented_image\Augmented_Image\Downy_Mildew\IMG_2378_shifted.jpg,2,1,3,1,large_area_damage_deformation_wilting_or_necrosis
35,IMG_001465,images/IMG_001465.jpg,watermelon_disease_recognition,Downy_Mildew,data_external\raw\watermelon_disease_recognition\Watermelon Disease Recognition Dataset\augmented_image\Augmented_Image\Downy_Mildew\IMG_2290_shifted.jpg,2,1,3,1,large_area_damage_deformation_wilting_or_necrosis
36,IMG_001522,images/IMG_001522.jpg,watermelon_disease_recognition,Downy_Mildew,data_external\raw\watermelon_disease_recognition\Watermelon Disease Recognition Dataset\original_image\Watermelon\Downy_Mildew\IMG_3291.jpg,2,1,1,1,localized_mild_symptoms
37,IMG_001538,images/IMG_001538.jpg,watermelon_disease_recognition,Downy_Mildew,data_external\raw\watermelon_disease_recognition\Watermelon Disease Recognition Dataset\augmented_image\Augmented_Image\Downy_Mildew\IMG_2439_shifted.jpg,2,1,3,1,large_area_damage_deformation_wilting_or_necrosis
38,IMG_001566,images/IMG_001566.jpg,watermelon_disease_recognition,Downy_Mildew,data_external\raw\watermelon_disease_recognition\Watermelon Disease Recognition Dataset\augmented_image\Augmented_Image\Downy_Mildew\IMG_2447_flip.jpg,2,1,3,1,large_area_damage_deformation_wilting_or_necrosis
39,IMG_001581,images/IMG_001581.jpg,watermelon_disease_recognition,Downy_Mildew,data_external\raw\watermelon_disease_recognition\Watermelon Disease Recognition Dataset\original_image\Watermelon\Downy_Mildew\IMG_2194.jpg,2,1,3,1,large_area_damage_deformation_wilting_or_necrosis
40,IMG_001592,images/IMG_001592.jpg,watermelon_disease_recognition,Downy_Mildew,data_external\raw\watermelon_disease_recognition\Watermelon Disease Recognition Dataset\augmented_image\Augmented_Image\Downy_Mildew\IMG_2270_scaled.jpg,2,1,3,1,large_area_damage_deformation_wilting_or_necrosis
41,IMG_001639,images/IMG_001639.jpg,watermelon_disease_recognition,Downy_Mildew,data_external\raw\watermelon_disease_recognition\Watermelon Disease Recognition Dataset\augmented_image\Augmented_Image\Downy_Mildew\IMG_2213_flip.jpg,2,1,1,1,localized_mild_symptoms
42,IMG_001756,images/IMG_001756.jpg,watermelon_disease_recognition,Downy_Mildew,data_external\raw\watermelon_disease_recognition\Watermelon Disease Recognition Dataset\augmented_image\Augmented_Image\Downy_Mildew\IMG_2407_scaled.jpg,2,1,2,0,severity_not_confirmable_from_partial_or_non_leaf_view
43,IMG_001768,images/IMG_001768.jpg,watermelon_disease_recognition,Downy_Mildew,data_external\raw\watermelon_disease_recognition\Watermelon Disease Recognition Dataset\augmented_image\Augmented_Image\Downy_Mildew\IMG_3342_brightened.jpg,2,1,1,1,localized_mild_symptoms
44,IMG_001776,images/IMG_001776.jpg,watermelon_disease_recognition,Downy_Mildew,data_external\raw\watermelon_disease_recognition\Watermelon Disease Recognition Dataset\augmented_image\Augmented_Image\Downy_Mildew\IMG_3265_scaled.jpg,2,1,2,0,severity_not_confirmable_from_partial_or_non_leaf_view
45,IMG_001804,images/IMG_001804.jpg,watermelon_disease_recognition,Downy_Mildew,data_external\raw\watermelon_disease_recognition\Watermelon Disease Recognition Dataset\augmented_image\Augmented_Image\Downy_Mildew\IMG_2259_flip.jpg,2,1,3,1,large_area_damage_deformation_wilting_or_necrosis
46,IMG_001898,images/IMG_001898.jpg,watermelon_disease_recognition,Downy_Mildew,data_external\raw\watermelon_disease_recognition\Watermelon Disease Recognition Dataset\augmented_image\Augmented_Image\Downy_Mildew\IMG_3258_scaled.jpg,2,1,2,0,severity_not_confirmable_from_partial_or_non_leaf_view
47,IMG_001935,images/IMG_001935.jpg,watermelon_disease_recognition,Downy_Mildew,data_external\raw\watermelon_disease_recognition\Watermelon Disease Recognition Dataset\augmented_image\Augmented_Image\Downy_Mildew\IMG_2336_flip.jpg,2,1,3,1,large_area_damage_deformation_wilting_or_necrosis
48,IMG_002029,images/IMG_002029.jpg,watermelon_disease_recognition,Downy_Mildew,data_external\raw\watermelon_disease_recognition\Watermelon Disease Recognition Dataset\augmented_image\Augmented_Image\Downy_Mildew\IMG_3321_brightened.jpg,2,1,2,1,multiple_regions_or_clear_lesions
49,IMG_002091,images/IMG_002091.jpg,watermelon_disease_recognition,Downy_Mildew,data_external\raw\watermelon_disease_recognition\Watermelon Disease Recognition Dataset\augmented_image\Augmented_Image\Downy_Mildew\IMG_3329_shifted.jpg,2,1,2,1,multiple_regions_or_clear_lesions
50,IMG_002096,images/IMG_002096.jpg,watermelon_disease_recognition,Downy_Mildew,data_external\raw\watermelon_disease_recognition\Watermelon Disease Recognition Dataset\original_image\Watermelon\Downy_Mildew\IMG_2219.jpg,2,1,3,1,large_area_damage_deformation_wilting_or_necrosis
51,IMG_002122,images/IMG_002122.jpg,watermelon_disease_recognition,Downy_Mildew,data_external\raw\watermelon_disease_recognition\Watermelon Disease Recognition Dataset\augmented_image\Augmented_Image\Downy_Mildew\IMG_2201_flip.jpg,2,1,3,1,large_area_damage_deformation_wilting_or_necrosis
52,IMG_002128,images/IMG_002128.jpg,watermelon_disease_recognition,Downy_Mildew,data_external\raw\watermelon_disease_recognition\Watermelon Disease Recognition Dataset\augmented_image\Augmented_Image\Downy_Mildew\IMG_3324_brightened.jpg,2,1,2,1,multiple_regions_or_clear_lesions
53,IMG_002210,images/IMG_002210.jpg,watermelon_disease_recognition,Downy_Mildew,data_external\raw\watermelon_disease_recognition\Watermelon Disease Recognition Dataset\augmented_image\Augmented_Image\Downy_Mildew\IMG_2391_zoomed.jpg,2,1,3,1,large_area_damage_deformation_wilting_or_necrosis
54,IMG_002228,images/IMG_002228.jpg,watermelon_disease_recognition,Downy_Mildew,data_external\raw\watermelon_disease_recognition\Watermelon Disease Recognition Dataset\augmented_image\Augmented_Image\Downy_Mildew\IMG_2215_shifted.jpg,2,1,3,1,large_area_damage_deformation_wilting_or_necrosis
55,IMG_002254,images/IMG_002254.jpg,watermelon_disease_recognition,Downy_Mildew,data_external\raw\watermelon_disease_recognition\Watermelon Disease Recognition Dataset\original_image\Watermelon\Downy_Mildew\IMG_2409.jpg,2,1,3,1,large_area_damage_deformation_wilting_or_necrosis
56,IMG_002283,images/IMG_002283.jpg,watermelon_disease_recognition,Downy_Mildew,data_external\raw\watermelon_disease_recognition\Watermelon Disease Recognition Dataset\augmented_image\Augmented_Image\Downy_Mildew\IMG_3266_flip.jpg,2,1,2,1,multiple_regions_or_clear_lesions
57,IMG_002390,images/IMG_002390.jpg,watermelon_disease_recognition,Downy_Mildew,data_external\raw\watermelon_disease_recognition\Watermelon Disease Recognition Dataset\augmented_image\Augmented_Image\Downy_Mildew\IMG_2291_zoomed.jpg,2,1,3,1,large_area_damage_deformation_wilting_or_necrosis
58,IMG_002685,images/IMG_002685.jpg,watermelon_disease_recognition,Downy_Mildew,data_external\raw\watermelon_disease_recognition\Watermelon Disease Recognition Dataset\augmented_image\Augmented_Image\Downy_Mildew\IMG_3352_flip.jpg,2,1,1,1,localized_mild_symptoms
59,IMG_002817,images/IMG_002817.jpg,watermelon_disease_recognition,Downy_Mildew,data_external\raw\watermelon_disease_recognition\Watermelon Disease Recognition Dataset\augmented_image\Augmented_Image\Downy_Mildew\IMG_3345_brightened.jpg,2,1,1,1,localized_mild_symptoms
60,IMG_002856,images/IMG_002856.jpg,watermelon_disease_recognition,Downy_Mildew,data_external\raw\watermelon_disease_recognition\Watermelon Disease Recognition Dataset\augmented_image\Augmented_Image\Downy_Mildew\IMG_3345_scaled.jpg,2,1,2,0,severity_not_confirmable_from_partial_or_non_leaf_view
61,IMG_002904,images/IMG_002904.jpg,watermelon_disease_recognition,Downy_Mildew,data_external\raw\watermelon_disease_recognition\Watermelon Disease Recognition Dataset\augmented_image\Augmented_Image\Downy_Mildew\IMG_3280_scaled.jpg,2,1,2,0,severity_not_confirmable_from_partial_or_non_leaf_view
62,IMG_002958,images/IMG_002958.jpg,watermelon_disease_recognition,Downy_Mildew,data_external\raw\watermelon_disease_recognition\Watermelon Disease Recognition Dataset\augmented_image\Augmented_Image\Downy_Mildew\IMG_2251_zoomed.jpg,2,1,3,1,large_area_damage_deformation_wilting_or_necrosis
63,IMG_002967,images/IMG_002967.jpg,watermelon_disease_recognition,Downy_Mildew,data_external\raw\watermelon_disease_recognition\Watermelon Disease Recognition Dataset\augmented_image\Augmented_Image\Downy_Mildew\IMG_3320_flip.jpg,2,1,1,1,localized_mild_symptoms
64,IMG_003099,images/IMG_003099.jpg,watermelon_disease_recognition,Downy_Mildew,data_external\raw\watermelon_disease_recognition\Watermelon Disease Recognition Dataset\augmented_image\Augmented_Image\Downy_Mildew\IMG_2329_zoomed.jpg,2,1,3,1,large_area_damage_deformation_wilting_or_necrosis
65,IMG_003105,images/IMG_003105.jpg,watermelon_disease_recognition,Downy_Mildew,data_external\raw\watermelon_disease_recognition\Watermelon Disease Recognition Dataset\augmented_image\Augmented_Image\Downy_Mildew\IMG_2266_zoomed.jpg,2,1,2,0,severity_not_confirmable_from_partial_or_non_leaf_view
66,IMG_003186,images/IMG_003186.jpg,watermelon_disease_recognition,Downy_Mildew,data_external\raw\watermelon_disease_recognition\Watermelon Disease Recognition Dataset\augmented_image\Augmented_Image\Downy_Mildew\IMG_2372_shifted.jpg,2,1,3,1,large_area_damage_deformation_wilting_or_necrosis
67,IMG_003203,images/IMG_003203.jpg,watermelon_disease_recognition,Downy_Mildew,data_external\raw\watermelon_disease_recognition\Watermelon Disease Recognition Dataset\augmented_image\Augmented_Image\Downy_Mildew\IMG_3306_flip.jpg,2,1,3,1,large_area_damage_deformation_wilting_or_necrosis
68,IMG_003218,images/IMG_003218.jpg,watermelon_disease_recognition,Downy_Mildew,data_external\raw\watermelon_disease_recognition\Watermelon Disease Recognition Dataset\augmented_image\Augmented_Image\Downy_Mildew\IMG_2402_brightened.jpg,2,1,3,1,large_area_damage_deformation_wilting_or_necrosis
69,IMG_003277,images/IMG_003277.jpg,watermelon_disease_recognition,Downy_Mildew,data_external\raw\watermelon_disease_recognition\Watermelon Disease Recognition Dataset\augmented_image\Augmented_Image\Downy_Mildew\IMG_2191_shifted.jpg,2,1,3,1,large_area_damage_deformation_wilting_or_necrosis
70,IMG_003359,images/IMG_003359.jpg,watermelon_disease_recognition,Downy_Mildew,data_external\raw\watermelon_disease_recognition\Watermelon Disease Recognition Dataset\augmented_image\Augmented_Image\Downy_Mildew\IMG_2344_shifted.jpg,2,1,3,1,large_area_damage_deformation_wilting_or_necrosis
71,IMG_003372,images/IMG_003372.jpg,watermelon_disease_recognition,Downy_Mildew,data_external\raw\watermelon_disease_recognition\Watermelon Disease Recognition Dataset\augmented_image\Augmented_Image\Downy_Mildew\IMG_3277_scaled.jpg,2,1,2,0,severity_not_confirmable_from_partial_or_non_leaf_view
72,IMG_003417,images/IMG_003417.jpg,watermelon_disease_recognition,Downy_Mildew,data_external\raw\watermelon_disease_recognition\Watermelon Disease Recognition Dataset\augmented_image\Augmented_Image\Downy_Mildew\IMG_3338_flip.jpg,2,1,1,1,localized_mild_symptoms
73,IMG_003451,images/IMG_003451.jpg,watermelon_disease_recognition,Downy_Mildew,data_external\raw\watermelon_disease_recognition\Watermelon Disease Recognition Dataset\augmented_image\Augmented_Image\Downy_Mildew\IMG_2440_brightened.jpg,2,1,3,1,large_area_damage_deformation_wilting_or_necrosis
74,IMG_003463,images/IMG_003463.jpg,watermelon_disease_recognition,Downy_Mildew,data_external\raw\watermelon_disease_recognition\Watermelon Disease Recognition Dataset\augmented_image\Augmented_Image\Downy_Mildew\IMG_3267_scaled.jpg,2,1,2,0,severity_not_confirmable_from_partial_or_non_leaf_view
75,IMG_003584,images/IMG_003584.jpg,watermelon_disease_recognition,Downy_Mildew,data_external\raw\watermelon_disease_recognition\Watermelon Disease Recognition Dataset\augmented_image\Augmented_Image\Downy_Mildew\IMG_3265_flip.jpg,2,1,1,1,localized_mild_symptoms
76,IMG_003608,images/IMG_003608.jpg,watermelon_disease_recognition,Downy_Mildew,data_external\raw\watermelon_disease_recognition\Watermelon Disease Recognition Dataset\augmented_image\Augmented_Image\Downy_Mildew\IMG_2380_flip.jpg,2,1,3,1,large_area_damage_deformation_wilting_or_necrosis
77,IMG_003653,images/IMG_003653.jpg,watermelon_disease_recognition,Downy_Mildew,data_external\raw\watermelon_disease_recognition\Watermelon Disease Recognition Dataset\augmented_image\Augmented_Image\Downy_Mildew\IMG_2274_zoomed.jpg,2,1,3,1,large_area_damage_deformation_wilting_or_necrosis
78,IMG_003664,images/IMG_003664.jpg,watermelon_disease_recognition,Downy_Mildew,data_external\raw\watermelon_disease_recognition\Watermelon Disease Recognition Dataset\augmented_image\Augmented_Image\Downy_Mildew\IMG_2248_scaled.jpg,2,1,2,0,severity_not_confirmable_from_partial_or_non_leaf_view
79,IMG_003674,images/IMG_003674.jpg,watermelon_disease_recognition,Downy_Mildew,data_external\raw\watermelon_disease_recognition\Watermelon Disease Recognition Dataset\augmented_image\Augmented_Image\Downy_Mildew\IMG_2435_shifted.jpg,2,1,3,1,large_area_damage_deformation_wilting_or_necrosis
80,IMG_003682,images/IMG_003682.jpg,watermelon_disease_recognition,Downy_Mildew,data_external\raw\watermelon_disease_recognition\Watermelon Disease Recognition Dataset\augmented_image\Augmented_Image\Downy_Mildew\IMG_2197_scaled.jpg,2,1,2,0,severity_not_confirmable_from_partial_or_non_leaf_view
81,IMG_003715,images/IMG_003715.jpg,watermelon_disease_recognition,Downy_Mildew,data_external\raw\watermelon_disease_recognition\Watermelon Disease Recognition Dataset\augmented_image\Augmented_Image\Downy_Mildew\IMG_3351_scaled.jpg,2,1,2,0,severity_not_confirmable_from_partial_or_non_leaf_view
82,IMG_003724,images/IMG_003724.jpg,watermelon_disease_recognition,Downy_Mildew,data_external\raw\watermelon_disease_recognition\Watermelon Disease Recognition Dataset\augmented_image\Augmented_Image\Downy_Mildew\IMG_2235_scaled.jpg,2,1,2,0,severity_not_confirmable_from_partial_or_non_leaf_view
83,IMG_003742,images/IMG_003742.jpg,watermelon_disease_recognition,Downy_Mildew,data_external\raw\watermelon_disease_recognition\Watermelon Disease Recognition Dataset\augmented_image\Augmented_Image\Downy_Mildew\IMG_3275_shifted.jpg,2,1,1,1,localized_mild_symptoms
84,IMG_003774,images/IMG_003774.jpg,watermelon_disease_recognition,Downy_Mildew,data_external\raw\watermelon_disease_recognition\Watermelon Disease Recognition Dataset\original_image\Watermelon\Downy_Mildew\IMG_3284.jpg,2,1,1,1,localized_mild_symptoms
85,IMG_003777,images/IMG_003777.jpg,watermelon_disease_recognition,Downy_Mildew,data_external\raw\watermelon_disease_recognition\Watermelon Disease Recognition Dataset\original_image\Watermelon\Downy_Mildew\IMG_3279.jpg,2,1,3,1,large_area_damage_deformation_wilting_or_necrosis
86,IMG_003839,images/IMG_003839.jpg,watermelon_disease_recognition,Downy_Mildew,data_external\raw\watermelon_disease_recognition\Watermelon Disease Recognition Dataset\augmented_image\Augmented_Image\Downy_Mildew\IMG_2436_scaled.jpg,2,1,2,0,severity_not_confirmable_from_partial_or_non_leaf_view
87,IMG_003930,images/IMG_003930.jpg,watermelon_disease_recognition,Downy_Mildew,data_external\raw\watermelon_disease_recognition\Watermelon Disease Recognition Dataset\augmented_image\Augmented_Image\Downy_Mildew\IMG_2245_zoomed.jpg,2,1,3,1,large_area_damage_deformation_wilting_or_necrosis
88,IMG_004006,images/IMG_004006.jpg,watermelon_disease_recognition,Downy_Mildew,data_external\raw\watermelon_disease_recognition\Watermelon Disease Recognition Dataset\augmented_image\Augmented_Image\Downy_Mildew\IMG_2293_scaled.jpg,2,1,2,0,severity_not_confirmable_from_partial_or_non_leaf_view
89,IMG_004086,images/IMG_004086.jpg,watermelon_disease_recognition,Downy_Mildew,data_external\raw\watermelon_disease_recognition\Watermelon Disease Recognition Dataset\augmented_image\Augmented_Image\Downy_Mildew\IMG_2415_brightened.jpg,2,1,3,1,large_area_damage_deformation_wilting_or_necrosis
90,IMG_004116,images/IMG_004116.jpg,watermelon_disease_recognition,Downy_Mildew,data_external\raw\watermelon_disease_recognition\Watermelon Disease Recognition Dataset\augmented_image\Augmented_Image\Downy_Mildew\IMG_3267_shifted.jpg,2,1,3,1,large_area_damage_deformation_wilting_or_necrosis
91,IMG_004205,images/IMG_004205.jpg,watermelon_disease_recognition,Downy_Mildew,data_external\raw\watermelon_disease_recognition\Watermelon Disease Recognition Dataset\augmented_image\Augmented_Image\Downy_Mildew\IMG_3333_brightened.jpg,2,1,1,1,localized_mild_symptoms
92,IMG_004234,images/IMG_004234.jpg,watermelon_disease_recognition,Downy_Mildew,data_external\raw\watermelon_disease_recognition\Watermelon Disease Recognition Dataset\augmented_image\Augmented_Image\Downy_Mildew\IMG_2340_scaled.jpg,2,1,3,1,large_area_damage_deformation_wilting_or_necrosis
93,IMG_004239,images/IMG_004239.jpg,watermelon_disease_recognition,Downy_Mildew,data_external\raw\watermelon_disease_recognition\Watermelon Disease Recognition Dataset\original_image\Watermelon\Downy_Mildew\IMG_2281.jpg,2,1,3,1,large_area_damage_deformation_wilting_or_necrosis
94,IMG_004292,images/IMG_004292.jpg,watermelon_disease_recognition,Downy_Mildew,data_external\raw\watermelon_disease_recognition\Watermelon Disease Recognition Dataset\augmented_image\Augmented_Image\Downy_Mildew\IMG_3336_zoomed.jpg,2,1,1,1,localized_mild_symptoms
95,IMG_004306,images/IMG_004306.jpg,watermelon_disease_recognition,Downy_Mildew,data_external\raw\watermelon_disease_recognition\Watermelon Disease Recognition Dataset\augmented_image\Augmented_Image\Downy_Mildew\IMG_2300_scaled.jpg,2,1,2,0,severity_not_confirmable_from_partial_or_non_leaf_view
96,IMG_004447,images/IMG_004447.jpg,watermelon_disease_recognition,Downy_Mildew,data_external\raw\watermelon_disease_recognition\Watermelon Disease Recognition Dataset\augmented_image\Augmented_Image\Downy_Mildew\IMG_2373_brightened.jpg,2,1,3,1,large_area_damage_deformation_wilting_or_necrosis
97,IMG_004497,images/IMG_004497.jpg,watermelon_disease_recognition,Downy_Mildew,data_external\raw\watermelon_disease_recognition\Watermelon Disease Recognition Dataset\augmented_image\Augmented_Image\Downy_Mildew\IMG_3325_shifted.jpg,2,1,2,1,multiple_regions_or_clear_lesions
98,IMG_004546,images/IMG_004546.jpg,watermelon_disease_recognition,Downy_Mildew,data_external\raw\watermelon_disease_recognition\Watermelon Disease Recognition Dataset\augmented_image\Augmented_Image\Downy_Mildew\IMG_2326_zoomed.jpg,2,1,3,1,large_area_damage_deformation_wilting_or_necrosis
99,IMG_004561,images/IMG_004561.jpg,watermelon_disease_recognition,Downy_Mildew,data_external\raw\watermelon_disease_recognition\Watermelon Disease Recognition Dataset\augmented_image\Augmented_Image\Downy_Mildew\IMG_2256_flip.jpg,2,1,3,1,large_area_damage_deformation_wilting_or_necrosis
100,IMG_004581,images/IMG_004581.jpg,watermelon_disease_recognition,Downy_Mildew,data_external\raw\watermelon_disease_recognition\Watermelon Disease Recognition Dataset\augmented_image\Augmented_Image\Downy_Mildew\IMG_2309_zoomed.jpg,2,1,3,1,large_area_damage_deformation_wilting_or_necrosis
101,IMG_004605,images/IMG_004605.jpg,watermelon_disease_recognition,Downy_Mildew,data_external\raw\watermelon_disease_recognition\Watermelon Disease Recognition Dataset\augmented_image\Augmented_Image\Downy_Mildew\IMG_2346_shifted.jpg,2,1,3,1,large_area_damage_deformation_wilting_or_necrosis
102,IMG_004715,images/IMG_004715.jpg,watermelon_disease_recognition,Downy_Mildew,data_external\raw\watermelon_disease_recognition\Watermelon Disease Recognition Dataset\augmented_image\Augmented_Image\Downy_Mildew\IMG_3270_flip.jpg,2,1,3,1,large_area_damage_deformation_wilting_or_necrosis
103,IMG_004724,images/IMG_004724.jpg,watermelon_disease_recognition,Downy_Mildew,data_external\raw\watermelon_disease_recognition\Watermelon Disease Recognition Dataset\augmented_image\Augmented_Image\Downy_Mildew\IMG_3313_scaled.jpg,2,1,2,0,severity_not_confirmable_from_partial_or_non_leaf_view
104,IMG_004802,images/IMG_004802.jpg,watermelon_disease_recognition,Downy_Mildew,data_external\raw\watermelon_disease_recognition\Watermelon Disease Recognition Dataset\augmented_image\Augmented_Image\Downy_Mildew\IMG_2206_brightened.jpg,2,1,1,1,localized_mild_symptoms
105,IMG_004823,images/IMG_004823.jpg,watermelon_disease_recognition,Downy_Mildew,data_external\raw\watermelon_disease_recognition\Watermelon Disease Recognition Dataset\original_image\Watermelon\Downy_Mildew\IMG_2439.jpg,2,1,3,1,large_area_damage_deformation_wilting_or_necrosis
106,IMG_004834,images/IMG_004834.jpg,watermelon_disease_recognition,Downy_Mildew,data_external\raw\watermelon_disease_recognition\Watermelon Disease Recognition Dataset\augmented_image\Augmented_Image\Downy_Mildew\IMG_2274_flip.jpg,2,1,3,1,large_area_damage_deformation_wilting_or_necrosis
107,IMG_004947,images/IMG_004947.jpg,watermelon_disease_recognition,Downy_Mildew,data_external\raw\watermelon_disease_recognition\Watermelon Disease Recognition Dataset\augmented_image\Augmented_Image\Downy_Mildew\IMG_2404_scaled.jpg,2,1,2,0,severity_not_confirmable_from_partial_or_non_leaf_view
108,IMG_004953,images/IMG_004953.jpg,watermelon_disease_recognition,Downy_Mildew,data_external\raw\watermelon_disease_recognition\Watermelon Disease Recognition Dataset\augmented_image\Augmented_Image\Downy_Mildew\IMG_3269_shifted.jpg,2,1,3,1,large_area_damage_deformation_wilting_or_necrosis
109,IMG_004989,images/IMG_004989.jpg,watermelon_disease_recognition,Downy_Mildew,data_external\raw\watermelon_disease_recognition\Watermelon Disease Recognition Dataset\original_image\Watermelon\Downy_Mildew\IMG_2205.jpg,2,1,3,1,large_area_damage_deformation_wilting_or_necrosis
110,IMG_005099,images/IMG_005099.jpg,watermelon_disease_recognition,Downy_Mildew,data_external\raw\watermelon_disease_recognition\Watermelon Disease Recognition Dataset\augmented_image\Augmented_Image\Downy_Mildew\IMG_2390_flip.jpg,2,1,3,1,large_area_damage_deformation_wilting_or_necrosis
111,IMG_005138,images/IMG_005138.jpg,watermelon_disease_recognition,Downy_Mildew,data_external\raw\watermelon_disease_recognition\Watermelon Disease Recognition Dataset\augmented_image\Augmented_Image\Downy_Mildew\IMG_2335_flip.jpg,2,1,3,1,large_area_damage_deformation_wilting_or_necrosis
112,IMG_005166,images/IMG_005166.jpg,watermelon_disease_recognition,Downy_Mildew,data_external\raw\watermelon_disease_recognition\Watermelon Disease Recognition Dataset\augmented_image\Augmented_Image\Downy_Mildew\IMG_2213_brightened.jpg,2,1,3,1,large_area_damage_deformation_wilting_or_necrosis
113,IMG_005246,images/IMG_005246.jpg,watermelon_disease_recognition,Downy_Mildew,data_external\raw\watermelon_disease_recognition\Watermelon Disease Recognition Dataset\augmented_image\Augmented_Image\Downy_Mildew\IMG_2331_zoomed.jpg,2,1,2,0,severity_not_confirmable_from_partial_or_non_leaf_view
114,IMG_005276,images/IMG_005276.jpg,watermelon_disease_recognition,Downy_Mildew,data_external\raw\watermelon_disease_recognition\Watermelon Disease Recognition Dataset\original_image\Watermelon\Downy_Mildew\IMG_2404.jpg,2,1,3,1,large_area_damage_deformation_wilting_or_necrosis
115,IMG_005330,images/IMG_005330.jpg,watermelon_disease_recognition,Downy_Mildew,data_external\raw\watermelon_disease_recognition\Watermelon Disease Recognition Dataset\augmented_image\Augmented_Image\Downy_Mildew\IMG_2323_shifted.jpg,2,1,3,1,large_area_damage_deformation_wilting_or_necrosis
116,IMG_005431,images/IMG_005431.jpg,watermelon_disease_recognition,Downy_Mildew,data_external\raw\watermelon_disease_recognition\Watermelon Disease Recognition Dataset\augmented_image\Augmented_Image\Downy_Mildew\IMG_2369_brightened.jpg,2,1,3,1,large_area_damage_deformation_wilting_or_necrosis
117,IMG_005502,images/IMG_005502.jpg,watermelon_disease_recognition,Downy_Mildew,data_external\raw\watermelon_disease_recognition\Watermelon Disease Recognition Dataset\augmented_image\Augmented_Image\Downy_Mildew\IMG_2239_scaled.jpg,2,1,2,0,severity_not_confirmable_from_partial_or_non_leaf_view
118,IMG_005537,images/IMG_005537.jpg,watermelon_disease_recognition,Downy_Mildew,data_external\raw\watermelon_disease_recognition\Watermelon Disease Recognition Dataset\augmented_image\Augmented_Image\Downy_Mildew\IMG_2377_scaled.jpg,2,1,2,0,severity_not_confirmable_from_partial_or_non_leaf_view
119,IMG_005558,images/IMG_005558.jpg,watermelon_disease_recognition,Downy_Mildew,data_external\raw\watermelon_disease_recognition\Watermelon Disease Recognition Dataset\augmented_image\Augmented_Image\Downy_Mildew\IMG_3316_shifted.jpg,2,1,1,1,localized_mild_symptoms
120,IMG_005567,images/IMG_005567.jpg,watermelon_disease_recognition,Downy_Mildew,data_external\raw\watermelon_disease_recognition\Watermelon Disease Recognition Dataset\augmented_image\Augmented_Image\Downy_Mildew\IMG_2245_flip.jpg,2,1,3,1,large_area_damage_deformation_wilting_or_necrosis
121,IMG_005574,images/IMG_005574.jpg,watermelon_disease_recognition,Downy_Mildew,data_external\raw\watermelon_disease_recognition\Watermelon Disease Recognition Dataset\augmented_image\Augmented_Image\Downy_Mildew\IMG_2319_shifted.jpg,2,1,3,1,large_area_damage_deformation_wilting_or_necrosis
122,IMG_005695,images/IMG_005695.jpg,watermelon_disease_recognition,Downy_Mildew,data_external\raw\watermelon_disease_recognition\Watermelon Disease Recognition Dataset\augmented_image\Augmented_Image\Downy_Mildew\IMG_2253_brightened.jpg,2,1,3,1,large_area_damage_deformation_wilting_or_necrosis
123,IMG_005756,images/IMG_005756.jpg,watermelon_disease_recognition,Downy_Mildew,data_external\raw\watermelon_disease_recognition\Watermelon Disease Recognition Dataset\augmented_image\Augmented_Image\Downy_Mildew\IMG_2440_scaled.jpg,2,1,2,0,severity_not_confirmable_from_partial_or_non_leaf_view
124,IMG_005814,images/IMG_005814.jpg,watermelon_disease_recognition,Downy_Mildew,data_external\raw\watermelon_disease_recognition\Watermelon Disease Recognition Dataset\original_image\Watermelon\Downy_Mildew\IMG_2318.jpg,2,1,3,1,large_area_damage_deformation_wilting_or_necrosis
125,IMG_005865,images/IMG_005865.jpg,watermelon_disease_recognition,Downy_Mildew,data_external\raw\watermelon_disease_recognition\Watermelon Disease Recognition Dataset\augmented_image\Augmented_Image\Downy_Mildew\IMG_3291_shifted.jpg,2,1,1,1,localized_mild_symptoms
126,IMG_005920,images/IMG_005920.jpg,watermelon_disease_recognition,Downy_Mildew,data_external\raw\watermelon_disease_recognition\Watermelon Disease Recognition Dataset\augmented_image\Augmented_Image\Downy_Mildew\IMG_3270_zoomed.jpg,2,1,3,1,large_area_damage_deformation_wilting_or_necrosis
127,IMG_005924,images/IMG_005924.jpg,watermelon_disease_recognition,Downy_Mildew,data_external\raw\watermelon_disease_recognition\Watermelon Disease Recognition Dataset\augmented_image\Augmented_Image\Downy_Mildew\IMG_2324_zoomed.jpg,2,1,2,0,severity_not_confirmable_from_partial_or_non_leaf_view
128,IMG_005928,images/IMG_005928.jpg,watermelon_disease_recognition,Downy_Mildew,data_external\raw\watermelon_disease_recognition\Watermelon Disease Recognition Dataset\original_image\Watermelon\Downy_Mildew\IMG_3287.jpg,2,1,3,1,large_area_damage_deformation_wilting_or_necrosis
129,IMG_005949,images/IMG_005949.jpg,watermelon_disease_recognition,Downy_Mildew,data_external\raw\watermelon_disease_recognition\Watermelon Disease Recognition Dataset\augmented_image\Augmented_Image\Downy_Mildew\IMG_3292_scaled.jpg,2,1,2,0,severity_not_confirmable_from_partial_or_non_leaf_view
130,IMG_006023,images/IMG_006023.jpg,watermelon_disease_recognition,Downy_Mildew,data_external\raw\watermelon_disease_recognition\Watermelon Disease Recognition Dataset\augmented_image\Augmented_Image\Downy_Mildew\IMG_3295_brightened.jpg,2,1,1,1,localized_mild_symptoms
131,IMG_006032,images/IMG_006032.jpg,watermelon_disease_recognition,Downy_Mildew,data_external\raw\watermelon_disease_recognition\Watermelon Disease Recognition Dataset\augmented_image\Augmented_Image\Downy_Mildew\IMG_2438_shifted.jpg,2,1,2,1,multiple_regions_or_clear_lesions
132,IMG_006041,images/IMG_006041.jpg,watermelon_disease_recognition,Downy_Mildew,data_external\raw\watermelon_disease_recognition\Watermelon Disease Recognition Dataset\augmented_image\Augmented_Image\Downy_Mildew\IMG_2255_brightened.jpg,2,1,3,1,large_area_damage_deformation_wilting_or_necrosis
133,IMG_006069,images/IMG_006069.jpg,watermelon_disease_recognition,Downy_Mildew,data_external\raw\watermelon_disease_recognition\Watermelon Disease Recognition Dataset\original_image\Watermelon\Downy_Mildew\IMG_2432.jpg,2,1,3,1,large_area_damage_deformation_wilting_or_necrosis
134,IMG_006089,images/IMG_006089.jpg,watermelon_disease_recognition,Downy_Mildew,data_external\raw\watermelon_disease_recognition\Watermelon Disease Recognition Dataset\augmented_image\Augmented_Image\Downy_Mildew\IMG_3288_zoomed.jpg,2,1,1,1,localized_mild_symptoms
135,IMG_006142,images/IMG_006142.jpg,watermelon_disease_recognition,Downy_Mildew,data_external\raw\watermelon_disease_recognition\Watermelon Disease Recognition Dataset\augmented_image\Augmented_Image\Downy_Mildew\IMG_2269_scaled.jpg,2,1,2,0,severity_not_confirmable_from_partial_or_non_leaf_view
136,IMG_006192,images/IMG_006192.jpg,watermelon_disease_recognition,Downy_Mildew,data_external\raw\watermelon_disease_recognition\Watermelon Disease Recognition Dataset\original_image\Watermelon\Downy_Mildew\IMG_2297.jpg,2,1,3,1,large_area_damage_deformation_wilting_or_necrosis
137,IMG_006314,images/IMG_006314.jpg,watermelon_disease_recognition,Downy_Mildew,data_external\raw\watermelon_disease_recognition\Watermelon Disease Recognition Dataset\augmented_image\Augmented_Image\Downy_Mildew\IMG_2286_zoomed.jpg,2,1,3,1,large_area_damage_deformation_wilting_or_necrosis
138,IMG_006365,images/IMG_006365.jpg,watermelon_disease_recognition,Downy_Mildew,data_external\raw\watermelon_disease_recognition\Watermelon Disease Recognition Dataset\augmented_image\Augmented_Image\Downy_Mildew\IMG_3278_zoomed.jpg,2,1,1,1,localized_mild_symptoms
139,IMG_006379,images/IMG_006379.jpg,watermelon_disease_recognition,Downy_Mildew,data_external\raw\watermelon_disease_recognition\Watermelon Disease Recognition Dataset\augmented_image\Augmented_Image\Downy_Mildew\IMG_2297_flip.jpg,2,1,3,1,large_area_damage_deformation_wilting_or_necrosis
140,IMG_006387,images/IMG_006387.jpg,watermelon_disease_recognition,Downy_Mildew,data_external\raw\watermelon_disease_recognition\Watermelon Disease Recognition Dataset\augmented_image\Augmented_Image\Downy_Mildew\IMG_2221_flip.jpg,2,1,3,1,large_area_damage_deformation_wilting_or_necrosis
141,IMG_006400,images/IMG_006400.jpg,watermelon_disease_recognition,Downy_Mildew,data_external\raw\watermelon_disease_recognition\Watermelon Disease Recognition Dataset\original_image\Watermelon\Downy_Mildew\IMG_3299.jpg,2,1,1,1,localized_mild_symptoms
142,IMG_006407,images/IMG_006407.jpg,watermelon_disease_recognition,Downy_Mildew,data_external\raw\watermelon_disease_recognition\Watermelon Disease Recognition Dataset\augmented_image\Augmented_Image\Downy_Mildew\IMG_2331_flip.jpg,2,1,3,1,large_area_damage_deformation_wilting_or_necrosis
143,IMG_006425,images/IMG_006425.jpg,watermelon_disease_recognition,Downy_Mildew,data_external\raw\watermelon_disease_recognition\Watermelon Disease Recognition Dataset\augmented_image\Augmented_Image\Downy_Mildew\IMG_2374_scaled.jpg,2,1,2,0,severity_not_confirmable_from_partial_or_non_leaf_view
144,IMG_006442,images/IMG_006442.jpg,watermelon_disease_recognition,Downy_Mildew,data_external\raw\watermelon_disease_recognition\Watermelon Disease Recognition Dataset\augmented_image\Augmented_Image\Downy_Mildew\IMG_2431_brightened.jpg,2,1,3,1,large_area_damage_deformation_wilting_or_necrosis
145,IMG_006448,images/IMG_006448.jpg,watermelon_disease_recognition,Downy_Mildew,data_external\raw\watermelon_disease_recognition\Watermelon Disease Recognition Dataset\original_image\Watermelon\Downy_Mildew\IMG_3313.jpg,2,1,2,1,multiple_regions_or_clear_lesions
146,IMG_006520,images/IMG_006520.jpg,watermelon_disease_recognition,Downy_Mildew,data_external\raw\watermelon_disease_recognition\Watermelon Disease Recognition Dataset\original_image\Watermelon\Downy_Mildew\IMG_2368.jpg,2,1,3,1,large_area_damage_deformation_wilting_or_necrosis
147,IMG_006524,images/IMG_006524.jpg,watermelon_disease_recognition,Downy_Mildew,data_external\raw\watermelon_disease_recognition\Watermelon Disease Recognition Dataset\augmented_image\Augmented_Image\Downy_Mildew\IMG_2255_zoomed.jpg,2,1,3,1,large_area_damage_deformation_wilting_or_necrosis
148,IMG_006606,images/IMG_006606.jpg,watermelon_disease_recognition,Downy_Mildew,data_external\raw\watermelon_disease_recognition\Watermelon Disease Recognition Dataset\augmented_image\Augmented_Image\Downy_Mildew\IMG_2283_flip.jpg,2,1,3,1,large_area_damage_deformation_wilting_or_necrosis
149,IMG_006644,images/IMG_006644.jpg,watermelon_disease_recognition,Downy_Mildew,data_external\raw\watermelon_disease_recognition\Watermelon Disease Recognition Dataset\augmented_image\Augmented_Image\Downy_Mildew\IMG_2281_flip.jpg,2,1,3,1,large_area_damage_deformation_wilting_or_necrosis
150,IMG_006701,images/IMG_006701.jpg,watermelon_disease_recognition,Downy_Mildew,data_external\raw\watermelon_disease_recognition\Watermelon Disease Recognition Dataset\augmented_image\Augmented_Image\Downy_Mildew\IMG_2354_scaled.jpg,2,1,2,0,severity_not_confirmable_from_partial_or_non_leaf_view
151,IMG_006719,images/IMG_006719.jpg,watermelon_disease_recognition,Downy_Mildew,data_external\raw\watermelon_disease_recognition\Watermelon Disease Recognition Dataset\augmented_image\Augmented_Image\Downy_Mildew\IMG_2250_scaled.jpg,2,1,2,1,multiple_regions_or_clear_lesions
152,IMG_006730,images/IMG_006730.jpg,watermelon_disease_recognition,Downy_Mildew,data_external\raw\watermelon_disease_recognition\Watermelon Disease Recognition Dataset\augmented_image\Augmented_Image\Downy_Mildew\IMG_2446_brightened.jpg,2,1,3,1,large_area_damage_deformation_wilting_or_necrosis
153,IMG_006748,images/IMG_006748.jpg,watermelon_disease_recognition,Downy_Mildew,data_external\raw\watermelon_disease_recognition\Watermelon Disease Recognition Dataset\augmented_image\Augmented_Image\Downy_Mildew\IMG_2298_scaled.jpg,2,1,3,1,large_area_damage_deformation_wilting_or_necrosis
154,IMG_006766,images/IMG_006766.jpg,watermelon_disease_recognition,Downy_Mildew,data_external\raw\watermelon_disease_recognition\Watermelon Disease Recognition Dataset\augmented_image\Augmented_Image\Downy_Mildew\IMG_2447_scaled.jpg,2,1,3,1,large_area_damage_deformation_wilting_or_necrosis
155,IMG_006775,images/IMG_006775.jpg,watermelon_disease_recognition,Downy_Mildew,data_external\raw\watermelon_disease_recognition\Watermelon Disease Recognition Dataset\augmented_image\Augmented_Image\Downy_Mildew\IMG_2370_scaled.jpg,2,1,2,0,severity_not_confirmable_from_partial_or_non_leaf_view
156,IMG_006803,images/IMG_006803.jpg,watermelon_disease_recognition,Downy_Mildew,data_external\raw\watermelon_disease_recognition\Watermelon Disease Recognition Dataset\augmented_image\Augmented_Image\Downy_Mildew\IMG_2237_scaled.jpg,2,1,2,0,severity_not_confirmable_from_partial_or_non_leaf_view
157,IMG_006819,images/IMG_006819.jpg,watermelon_disease_recognition,Downy_Mildew,data_external\raw\watermelon_disease_recognition\Watermelon Disease Recognition Dataset\augmented_image\Augmented_Image\Downy_Mildew\IMG_2328_scaled.jpg,2,1,2,0,severity_not_confirmable_from_partial_or_non_leaf_view
158,IMG_006980,images/IMG_006980.jpg,watermelon_disease_recognition,Downy_Mildew,data_external\raw\watermelon_disease_recognition\Watermelon Disease Recognition Dataset\augmented_image\Augmented_Image\Downy_Mildew\IMG_2250_brightened.jpg,2,1,3,1,large_area_damage_deformation_wilting_or_necrosis
159,IMG_007030,images/IMG_007030.jpg,watermelon_disease_recognition,Downy_Mildew,data_external\raw\watermelon_disease_recognition\Watermelon Disease Recognition Dataset\augmented_image\Augmented_Image\Downy_Mildew\IMG_2223_flip.jpg,2,1,3,1,large_area_damage_deformation_wilting_or_necrosis
160,IMG_007051,images/IMG_007051.jpg,watermelon_disease_recognition,Downy_Mildew,data_external\raw\watermelon_disease_recognition\Watermelon Disease Recognition Dataset\augmented_image\Augmented_Image\Downy_Mildew\IMG_2295_shifted.jpg,2,1,3,1,large_area_damage_deformation_wilting_or_necrosis
161,IMG_007101,images/IMG_007101.jpg,watermelon_disease_recognition,Downy_Mildew,data_external\raw\watermelon_disease_recognition\Watermelon Disease Recognition Dataset\augmented_image\Augmented_Image\Downy_Mildew\IMG_3293_flip.jpg,2,1,1,1,localized_mild_symptoms
162,IMG_007123,images/IMG_007123.jpg,watermelon_disease_recognition,Downy_Mildew,data_external\raw\watermelon_disease_recognition\Watermelon Disease Recognition Dataset\augmented_image\Augmented_Image\Downy_Mildew\IMG_3309_scaled.jpg,2,1,2,0,severity_not_confirmable_from_partial_or_non_leaf_view
163,IMG_007130,images/IMG_007130.jpg,watermelon_disease_recognition,Downy_Mildew,data_external\raw\watermelon_disease_recognition\Watermelon Disease Recognition Dataset\augmented_image\Augmented_Image\Downy_Mildew\IMG_2444_flip.jpg,2,1,3,1,large_area_damage_deformation_wilting_or_necrosis
164,IMG_007203,images/IMG_007203.jpg,watermelon_disease_recognition,Downy_Mildew,data_external\raw\watermelon_disease_recognition\Watermelon Disease Recognition Dataset\augmented_image\Augmented_Image\Downy_Mildew\IMG_2345_flip.jpg,2,1,3,1,large_area_damage_deformation_wilting_or_necrosis
165,IMG_007222,images/IMG_007222.jpg,watermelon_disease_recognition,Downy_Mildew,data_external\raw\watermelon_disease_recognition\Watermelon Disease Recognition Dataset\augmented_image\Augmented_Image\Downy_Mildew\IMG_3319_zoomed.jpg,2,1,2,0,severity_not_confirmable_from_partial_or_non_leaf_view
166,IMG_007231,images/IMG_007231.jpg,watermelon_disease_recognition,Downy_Mildew,data_external\raw\watermelon_disease_recognition\Watermelon Disease Recognition Dataset\augmented_image\Augmented_Image\Downy_Mildew\IMG_2410_flip.jpg,2,1,3,1,large_area_damage_deformation_wilting_or_necrosis
167,IMG_007266,images/IMG_007266.jpg,watermelon_disease_recognition,Downy_Mildew,data_external\raw\watermelon_disease_recognition\Watermelon Disease Recognition Dataset\original_image\Watermelon\Downy_Mildew\IMG_2279.jpg,2,1,3,1,large_area_damage_deformation_wilting_or_necrosis
168,IMG_007277,images/IMG_007277.jpg,watermelon_disease_recognition,Downy_Mildew,data_external\raw\watermelon_disease_recognition\Watermelon Disease Recognition Dataset\augmented_image\Augmented_Image\Downy_Mildew\IMG_2359_shifted.jpg,2,1,3,1,large_area_damage_deformation_wilting_or_necrosis
169,IMG_007312,images/IMG_007312.jpg,watermelon_disease_recognition,Downy_Mildew,data_external\raw\watermelon_disease_recognition\Watermelon Disease Recognition Dataset\original_image\Watermelon\Downy_Mildew\IMG_2257.jpg,2,1,3,1,large_area_damage_deformation_wilting_or_necrosis
170,IMG_007317,images/IMG_007317.jpg,watermelon_disease_recognition,Downy_Mildew,data_external\raw\watermelon_disease_recognition\Watermelon Disease Recognition Dataset\augmented_image\Augmented_Image\Downy_Mildew\IMG_3327_shifted.jpg,2,1,1,1,localized_mild_symptoms
171,IMG_007380,images/IMG_007380.jpg,watermelon_disease_recognition,Downy_Mildew,data_external\raw\watermelon_disease_recognition\Watermelon Disease Recognition Dataset\augmented_image\Augmented_Image\Downy_Mildew\IMG_2199_shifted.jpg,2,1,3,1,large_area_damage_deformation_wilting_or_necrosis
172,IMG_007388,images/IMG_007388.jpg,watermelon_disease_recognition,Downy_Mildew,data_external\raw\watermelon_disease_recognition\Watermelon Disease Recognition Dataset\augmented_image\Augmented_Image\Downy_Mildew\IMG_3310_brightened.jpg,2,1,3,1,large_area_damage_deformation_wilting_or_necrosis
173,IMG_007522,images/IMG_007522.jpg,watermelon_disease_recognition,Downy_Mildew,data_external\raw\watermelon_disease_recognition\Watermelon Disease Recognition Dataset\original_image\Watermelon\Downy_Mildew\IMG_3285.jpg,2,1,1,1,localized_mild_symptoms
174,IMG_007577,images/IMG_007577.jpg,watermelon_disease_recognition,Downy_Mildew,data_external\raw\watermelon_disease_recognition\Watermelon Disease Recognition Dataset\augmented_image\Augmented_Image\Downy_Mildew\IMG_3342_flip.jpg,2,1,1,1,localized_mild_symptoms
175,IMG_007589,images/IMG_007589.jpg,watermelon_disease_recognition,Downy_Mildew,data_external\raw\watermelon_disease_recognition\Watermelon Disease Recognition Dataset\original_image\Watermelon\Downy_Mildew\IMG_2310.jpg,2,1,3,1,large_area_damage_deformation_wilting_or_necrosis
176,IMG_007617,images/IMG_007617.jpg,watermelon_disease_recognition,Downy_Mildew,data_external\raw\watermelon_disease_recognition\Watermelon Disease Recognition Dataset\augmented_image\Augmented_Image\Downy_Mildew\IMG_3286_shifted.jpg,2,1,2,1,multiple_regions_or_clear_lesions
177,IMG_007697,images/IMG_007697.jpg,watermelon_disease_recognition,Downy_Mildew,data_external\raw\watermelon_disease_recognition\Watermelon Disease Recognition Dataset\augmented_image\Augmented_Image\Downy_Mildew\IMG_3283_scaled.jpg,2,1,1,1,localized_mild_symptoms
178,IMG_007712,images/IMG_007712.jpg,watermelon_disease_recognition,Downy_Mildew,data_external\raw\watermelon_disease_recognition\Watermelon Disease Recognition Dataset\augmented_image\Augmented_Image\Downy_Mildew\IMG_2294_scaled.jpg,2,1,3,1,large_area_damage_deformation_wilting_or_necrosis
179,IMG_007763,images/IMG_007763.jpg,watermelon_disease_recognition,Downy_Mildew,data_external\raw\watermelon_disease_recognition\Watermelon Disease Recognition Dataset\augmented_image\Augmented_Image\Downy_Mildew\IMG_3335_scaled.jpg,2,1,2,0,severity_not_confirmable_from_partial_or_non_leaf_view
180,IMG_007843,images/IMG_007843.jpg,watermelon_disease_recognition,Downy_Mildew,data_external\raw\watermelon_disease_recognition\Watermelon Disease Recognition Dataset\augmented_image\Augmented_Image\Downy_Mildew\IMG_3319_scaled.jpg,2,1,1,1,localized_mild_symptoms
181,IMG_007848,images/IMG_007848.jpg,watermelon_disease_recognition,Downy_Mildew,data_external\raw\watermelon_disease_recognition\Watermelon Disease Recognition Dataset\original_image\Watermelon\Downy_Mildew\IMG_3319.jpg,2,1,1,1,localized_mild_symptoms
182,IMG_007872,images/IMG_007872.jpg,watermelon_disease_recognition,Downy_Mildew,data_external\raw\watermelon_disease_recognition\Watermelon Disease Recognition Dataset\augmented_image\Augmented_Image\Downy_Mildew\IMG_2349_scaled.jpg,2,1,2,0,severity_not_confirmable_from_partial_or_non_leaf_view
183,IMG_007874,images/IMG_007874.jpg,watermelon_disease_recognition,Downy_Mildew,data_external\raw\watermelon_disease_recognition\Watermelon Disease Recognition Dataset\augmented_image\Augmented_Image\Downy_Mildew\IMG_3295_scaled.jpg,2,1,1,1,localized_mild_symptoms
184,IMG_007913,images/IMG_007913.jpg,watermelon_disease_recognition,Downy_Mildew,data_external\raw\watermelon_disease_recognition\Watermelon Disease Recognition Dataset\augmented_image\Augmented_Image\Downy_Mildew\IMG_2288_brightened.jpg,2,1,3,1,large_area_damage_deformation_wilting_or_necrosis
185,IMG_007922,images/IMG_007922.jpg,watermelon_disease_recognition,Downy_Mildew,data_external\raw\watermelon_disease_recognition\Watermelon Disease Recognition Dataset\original_image\Watermelon\Downy_Mildew\IMG_2447.jpg,2,1,3,1,large_area_damage_deformation_wilting_or_necrosis
186,IMG_008027,images/IMG_008027.jpg,watermelon_disease_recognition,Downy_Mildew,data_external\raw\watermelon_disease_recognition\Watermelon Disease Recognition Dataset\augmented_image\Augmented_Image\Downy_Mildew\IMG_2310_scaled.jpg,2,1,2,0,severity_not_confirmable_from_partial_or_non_leaf_view
187,IMG_008123,images/IMG_008123.jpg,watermelon_disease_recognition,Downy_Mildew,data_external\raw\watermelon_disease_recognition\Watermelon Disease Recognition Dataset\original_image\Watermelon\Downy_Mildew\IMG_3297.jpg,2,1,1,1,localized_mild_symptoms
188,IMG_008128,images/IMG_008128.jpg,watermelon_disease_recognition,Downy_Mildew,data_external\raw\watermelon_disease_recognition\Watermelon Disease Recognition Dataset\augmented_image\Augmented_Image\Downy_Mildew\IMG_2394_brightened.jpg,2,1,3,1,large_area_damage_deformation_wilting_or_necrosis
189,IMG_008129,images/IMG_008129.jpg,watermelon_disease_recognition,Downy_Mildew,data_external\raw\watermelon_disease_recognition\Watermelon Disease Recognition Dataset\augmented_image\Augmented_Image\Downy_Mildew\IMG_3299_scaled.jpg,2,1,2,0,severity_not_confirmable_from_partial_or_non_leaf_view
190,IMG_008232,images/IMG_008232.jpg,watermelon_disease_recognition,Downy_Mildew,data_external\raw\watermelon_disease_recognition\Watermelon Disease Recognition Dataset\augmented_image\Augmented_Image\Downy_Mildew\IMG_2394_flip.jpg,2,1,3,1,large_area_damage_deformation_wilting_or_necrosis
191,IMG_008332,images/IMG_008332.jpg,watermelon_disease_recognition,Downy_Mildew,data_external\raw\watermelon_disease_recognition\Watermelon Disease Recognition Dataset\original_image\Watermelon\Downy_Mildew\IMG_2296.jpg,2,1,3,1,large_area_damage_deformation_wilting_or_necrosis
192,IMG_008338,images/IMG_008338.jpg,watermelon_disease_recognition,Downy_Mildew,data_external\raw\watermelon_disease_recognition\Watermelon Disease Recognition Dataset\augmented_image\Augmented_Image\Downy_Mildew\IMG_3344_scaled.jpg,2,1,2,0,severity_not_confirmable_from_partial_or_non_leaf_view
193,IMG_008383,images/IMG_008383.jpg,watermelon_disease_recognition,Downy_Mildew,data_external\raw\watermelon_disease_recognition\Watermelon Disease Recognition Dataset\original_image\Watermelon\Downy_Mildew\IMG_3272.jpg,2,1,3,1,large_area_damage_deformation_wilting_or_necrosis
194,IMG_008440,images/IMG_008440.jpg,watermelon_disease_recognition,Downy_Mildew,data_external\raw\watermelon_disease_recognition\Watermelon Disease Recognition Dataset\augmented_image\Augmented_Image\Downy_Mildew\IMG_2199_scaled.jpg,2,1,2,0,severity_not_confirmable_from_partial_or_non_leaf_view
195,IMG_008448,images/IMG_008448.jpg,watermelon_disease_recognition,Downy_Mildew,data_external\raw\watermelon_disease_recognition\Watermelon Disease Recognition Dataset\original_image\Watermelon\Downy_Mildew\IMG_2275.jpg,2,1,3,1,large_area_damage_deformation_wilting_or_necrosis
196,IMG_008459,images/IMG_008459.jpg,watermelon_disease_recognition,Downy_Mildew,data_external\raw\watermelon_disease_recognition\Watermelon Disease Recognition Dataset\augmented_image\Augmented_Image\Downy_Mildew\IMG_2384_brightened.jpg,2,1,3,1,large_area_damage_deformation_wilting_or_necrosis
197,IMG_008469,images/IMG_008469.jpg,watermelon_disease_recognition,Downy_Mildew,data_external\raw\watermelon_disease_recognition\Watermelon Disease Recognition Dataset\augmented_image\Augmented_Image\Downy_Mildew\IMG_3291_brightened.jpg,2,1,1,1,localized_mild_symptoms
198,IMG_008472,images/IMG_008472.jpg,watermelon_disease_recognition,Downy_Mildew,data_external\raw\watermelon_disease_recognition\Watermelon Disease Recognition Dataset\augmented_image\Augmented_Image\Downy_Mildew\IMG_3273_scaled.jpg,2,1,2,0,severity_not_confirmable_from_partial_or_non_leaf_view
199,IMG_008478,images/IMG_008478.jpg,watermelon_disease_recognition,Downy_Mildew,data_external\raw\watermelon_disease_recognition\Watermelon Disease Recognition Dataset\augmented_image\Augmented_Image\Downy_Mildew\IMG_2434_shifted.jpg,2,1,3,1,large_area_damage_deformation_wilting_or_necrosis
200,IMG_008498,images/IMG_008498.jpg,watermelon_disease_recognition,Downy_Mildew,data_external\raw\watermelon_disease_recognition\Watermelon Disease Recognition Dataset\augmented_image\Augmented_Image\Downy_Mildew\IMG_3313_flip.jpg,2,1,2,1,multiple_regions_or_clear_lesions
201,IMG_008525,images/IMG_008525.jpg,watermelon_disease_recognition,Downy_Mildew,data_external\raw\watermelon_disease_recognition\Watermelon Disease Recognition Dataset\original_image\Watermelon\Downy_Mildew\IMG_2192.jpg,2,1,3,1,large_area_damage_deformation_wilting_or_necrosis
202,IMG_008547,images/IMG_008547.jpg,watermelon_disease_recognition,Downy_Mildew,data_external\raw\watermelon_disease_recognition\Watermelon Disease Recognition Dataset\original_image\Watermelon\Downy_Mildew\IMG_3294.jpg,2,1,3,1,large_area_damage_deformation_wilting_or_necrosis
203,IMG_008572,images/IMG_008572.jpg,watermelon_disease_recognition,Downy_Mildew,data_external\raw\watermelon_disease_recognition\Watermelon Disease Recognition Dataset\augmented_image\Augmented_Image\Downy_Mildew\IMG_2311_brightened.jpg,2,1,3,1,large_area_damage_deformation_wilting_or_necrosis
204,IMG_008628,images/IMG_008628.jpg,watermelon_disease_recognition,Downy_Mildew,data_external\raw\watermelon_disease_recognition\Watermelon Disease Recognition Dataset\augmented_image\Augmented_Image\Downy_Mildew\IMG_2278_shifted.jpg,2,1,3,1,large_area_damage_deformation_wilting_or_necrosis
205,IMG_008644,images/IMG_008644.jpg,watermelon_disease_recognition,Downy_Mildew,data_external\raw\watermelon_disease_recognition\Watermelon Disease Recognition Dataset\augmented_image\Augmented_Image\Downy_Mildew\IMG_2281_scaled.jpg,2,1,2,0,severity_not_confirmable_from_partial_or_non_leaf_view
206,IMG_008702,images/IMG_008702.jpg,watermelon_disease_recognition,Downy_Mildew,data_external\raw\watermelon_disease_recognition\Watermelon Disease Recognition Dataset\augmented_image\Augmented_Image\Downy_Mildew\IMG_3358_scaled.jpg,2,1,2,0,severity_not_confirmable_from_partial_or_non_leaf_view
207,IMG_008712,images/IMG_008712.jpg,watermelon_disease_recognition,Downy_Mildew,data_external\raw\watermelon_disease_recognition\Watermelon Disease Recognition Dataset\augmented_image\Augmented_Image\Downy_Mildew\IMG_2386_scaled.jpg,2,1,2,0,severity_not_confirmable_from_partial_or_non_leaf_view
208,IMG_008733,images/IMG_008733.jpg,watermelon_disease_recognition,Downy_Mildew,data_external\raw\watermelon_disease_recognition\Watermelon Disease Recognition Dataset\augmented_image\Augmented_Image\Downy_Mildew\IMG_2381_shifted.jpg,2,1,3,1,large_area_damage_deformation_wilting_or_necrosis
209,IMG_008780,images/IMG_008780.jpg,watermelon_disease_recognition,Downy_Mildew,data_external\raw\watermelon_disease_recognition\Watermelon Disease Recognition Dataset\augmented_image\Augmented_Image\Downy_Mildew\IMG_3338_scaled.jpg,2,1,2,0,severity_not_confirmable_from_partial_or_non_leaf_view
210,IMG_008819,images/IMG_008819.jpg,watermelon_disease_recognition,Downy_Mildew,data_external\raw\watermelon_disease_recognition\Watermelon Disease Recognition Dataset\augmented_image\Augmented_Image\Downy_Mildew\IMG_2213_zoomed.jpg,2,1,3,1,large_area_damage_deformation_wilting_or_necrosis
211,IMG_008877,images/IMG_008877.jpg,watermelon_disease_recognition,Downy_Mildew,data_external\raw\watermelon_disease_recognition\Watermelon Disease Recognition Dataset\augmented_image\Augmented_Image\Downy_Mildew\IMG_3276_brightened.jpg,2,1,1,1,localized_mild_symptoms
212,IMG_008981,images/IMG_008981.jpg,watermelon_disease_recognition,Downy_Mildew,data_external\raw\watermelon_disease_recognition\Watermelon Disease Recognition Dataset\augmented_image\Augmented_Image\Downy_Mildew\IMG_2240_brightened.jpg,2,1,3,1,large_area_damage_deformation_wilting_or_necrosis
213,IMG_009030,images/IMG_009030.jpg,watermelon_disease_recognition,Downy_Mildew,data_external\raw\watermelon_disease_recognition\Watermelon Disease Recognition Dataset\augmented_image\Augmented_Image\Downy_Mildew\IMG_2365_brightened.jpg,2,1,3,1,large_area_damage_deformation_wilting_or_necrosis
214,IMG_009074,images/IMG_009074.jpg,watermelon_disease_recognition,Downy_Mildew,data_external\raw\watermelon_disease_recognition\Watermelon Disease Recognition Dataset\augmented_image\Augmented_Image\Downy_Mildew\IMG_2215_zoomed.jpg,2,1,3,1,large_area_damage_deformation_wilting_or_necrosis
215,IMG_009154,images/IMG_009154.jpg,watermelon_disease_recognition,Downy_Mildew,data_external\raw\watermelon_disease_recognition\Watermelon Disease Recognition Dataset\augmented_image\Augmented_Image\Downy_Mildew\IMG_2244_scaled.jpg,2,1,2,0,severity_not_confirmable_from_partial_or_non_leaf_view
216,IMG_009160,images/IMG_009160.jpg,watermelon_disease_recognition,Downy_Mildew,data_external\raw\watermelon_disease_recognition\Watermelon Disease Recognition Dataset\augmented_image\Augmented_Image\Downy_Mildew\IMG_3319_brightened.jpg,2,1,1,1,localized_mild_symptoms
217,IMG_009339,images/IMG_009339.jpg,watermelon_disease_recognition,Downy_Mildew,data_external\raw\watermelon_disease_recognition\Watermelon Disease Recognition Dataset\augmented_image\Augmented_Image\Downy_Mildew\IMG_2407_brightened.jpg,2,1,3,1,large_area_damage_deformation_wilting_or_necrosis
218,IMG_009344,images/IMG_009344.jpg,watermelon_disease_recognition,Downy_Mildew,data_external\raw\watermelon_disease_recognition\Watermelon Disease Recognition Dataset\augmented_image\Augmented_Image\Downy_Mildew\IMG_2204_flip.jpg,2,1,1,1,localized_mild_symptoms
219,IMG_009374,images/IMG_009374.jpg,watermelon_disease_recognition,Downy_Mildew,data_external\raw\watermelon_disease_recognition\Watermelon Disease Recognition Dataset\original_image\Watermelon\Downy_Mildew\IMG_2381.jpg,2,1,3,1,large_area_damage_deformation_wilting_or_necrosis
220,IMG_009402,images/IMG_009402.jpg,watermelon_disease_recognition,Downy_Mildew,data_external\raw\watermelon_disease_recognition\Watermelon Disease Recognition Dataset\augmented_image\Augmented_Image\Downy_Mildew\IMG_2284_scaled.jpg,2,1,2,0,severity_not_confirmable_from_partial_or_non_leaf_view
221,IMG_009437,images/IMG_009437.jpg,watermelon_disease_recognition,Downy_Mildew,data_external\raw\watermelon_disease_recognition\Watermelon Disease Recognition Dataset\augmented_image\Augmented_Image\Downy_Mildew\IMG_2366_shifted.jpg,2,1,3,1,large_area_damage_deformation_wilting_or_necrosis
222,IMG_009463,images/IMG_009463.jpg,watermelon_disease_recognition,Downy_Mildew,data_external\raw\watermelon_disease_recognition\Watermelon Disease Recognition Dataset\augmented_image\Augmented_Image\Downy_Mildew\IMG_3282_zoomed.jpg,2,1,1,1,localized_mild_symptoms
223,IMG_009482,images/IMG_009482.jpg,watermelon_disease_recognition,Downy_Mildew,data_external\raw\watermelon_disease_recognition\Watermelon Disease Recognition Dataset\augmented_image\Augmented_Image\Downy_Mildew\IMG_2270_zoomed.jpg,2,1,3,1,large_area_damage_deformation_wilting_or_necrosis
224,IMG_009529,images/IMG_009529.jpg,watermelon_disease_recognition,Downy_Mildew,data_external\raw\watermelon_disease_recognition\Watermelon Disease Recognition Dataset\original_image\Watermelon\Downy_Mildew\IMG_3343.jpg,2,1,1,1,localized_mild_symptoms
225,IMG_009530,images/IMG_009530.jpg,watermelon_disease_recognition,Downy_Mildew,data_external\raw\watermelon_disease_recognition\Watermelon Disease Recognition Dataset\augmented_image\Augmented_Image\Downy_Mildew\IMG_2301_zoomed.jpg,2,1,3,1,large_area_damage_deformation_wilting_or_necrosis
226,IMG_009540,images/IMG_009540.jpg,watermelon_disease_recognition,Downy_Mildew,data_external\raw\watermelon_disease_recognition\Watermelon Disease Recognition Dataset\augmented_image\Augmented_Image\Downy_Mildew\IMG_2264_scaled.jpg,2,1,2,0,severity_not_confirmable_from_partial_or_non_leaf_view
227,IMG_009669,images/IMG_009669.jpg,watermelon_disease_recognition,Downy_Mildew,data_external\raw\watermelon_disease_recognition\Watermelon Disease Recognition Dataset\augmented_image\Augmented_Image\Downy_Mildew\IMG_3305_shifted.jpg,2,1,2,1,multiple_regions_or_clear_lesions
228,IMG_009692,images/IMG_009692.jpg,watermelon_disease_recognition,Downy_Mildew,data_external\raw\watermelon_disease_recognition\Watermelon Disease Recognition Dataset\augmented_image\Augmented_Image\Downy_Mildew\IMG_2435_flip.jpg,2,1,3,1,large_area_damage_deformation_wilting_or_necrosis
229,IMG_009700,images/IMG_009700.jpg,watermelon_disease_recognition,Downy_Mildew,data_external\raw\watermelon_disease_recognition\Watermelon Disease Recognition Dataset\augmented_image\Augmented_Image\Downy_Mildew\IMG_3362_shifted.jpg,2,1,1,1,localized_mild_symptoms
230,IMG_009915,images/IMG_009915.jpg,watermelon_disease_recognition,Downy_Mildew,data_external\raw\watermelon_disease_recognition\Watermelon Disease Recognition Dataset\original_image\Watermelon\Downy_Mildew\IMG_2375.jpg,2,1,3,1,large_area_damage_deformation_wilting_or_necrosis
231,IMG_009937,images/IMG_009937.jpg,watermelon_disease_recognition,Downy_Mildew,data_external\raw\watermelon_disease_recognition\Watermelon Disease Recognition Dataset\original_image\Watermelon\Downy_Mildew\IMG_2431.jpg,2,1,3,1,large_area_damage_deformation_wilting_or_necrosis
232,IMG_009940,images/IMG_009940.jpg,watermelon_disease_recognition,Downy_Mildew,data_external\raw\watermelon_disease_recognition\Watermelon Disease Recognition Dataset\augmented_image\Augmented_Image\Downy_Mildew\IMG_2404_flip.jpg,2,1,3,1,large_area_damage_deformation_wilting_or_necrosis
233,IMG_009993,images/IMG_009993.jpg,watermelon_disease_recognition,Downy_Mildew,data_external\raw\watermelon_disease_recognition\Watermelon Disease Recognition Dataset\augmented_image\Augmented_Image\Downy_Mildew\IMG_3305_brightened.jpg,2,1,2,1,multiple_regions_or_clear_lesions
234,IMG_000023,images/IMG_000023.jpg,watermelon_disease_recognition,Mosaic_Virus,data_external\raw\watermelon_disease_recognition\Watermelon Disease Recognition Dataset\augmented_image\Augmented_Image\Mosaic_Virus\IMG_1933_flip.jpg,2,1,3,1,large_area_damage_deformation_wilting_or_necrosis
235,IMG_000028,images/IMG_000028.jpg,watermelon_disease_recognition,Mosaic_Virus,data_external\raw\watermelon_disease_recognition\Watermelon Disease Recognition Dataset\augmented_image\Augmented_Image\Mosaic_Virus\IMG_2113_shifted.jpg,2,1,3,1,large_area_damage_deformation_wilting_or_necrosis
236,IMG_000078,images/IMG_000078.jpg,watermelon_disease_recognition,Mosaic_Virus,data_external\raw\watermelon_disease_recognition\Watermelon Disease Recognition Dataset\augmented_image\Augmented_Image\Mosaic_Virus\IMG_1981_flip.jpg,2,1,1,1,localized_mild_symptoms
237,IMG_000081,images/IMG_000081.jpg,watermelon_disease_recognition,Mosaic_Virus,data_external\raw\watermelon_disease_recognition\Watermelon Disease Recognition Dataset\augmented_image\Augmented_Image\Mosaic_Virus\IMG_1943_flip.jpg,2,1,2,1,multiple_regions_or_clear_lesions
238,IMG_000093,images/IMG_000093.jpg,watermelon_disease_recognition,Mosaic_Virus,data_external\raw\watermelon_disease_recognition\Watermelon Disease Recognition Dataset\augmented_image\Augmented_Image\Mosaic_Virus\IMG_1998_brightened.jpg,2,1,3,1,large_area_damage_deformation_wilting_or_necrosis
239,IMG_000095,images/IMG_000095.jpg,watermelon_disease_recognition,Mosaic_Virus,data_external\raw\watermelon_disease_recognition\Watermelon Disease Recognition Dataset\augmented_image\Augmented_Image\Mosaic_Virus\IMG_3024_shifted.jpg,2,1,2,1,multiple_regions_or_clear_lesions
240,IMG_000132,images/IMG_000132.jpg,watermelon_disease_recognition,Mosaic_Virus,data_external\raw\watermelon_disease_recognition\Watermelon Disease Recognition Dataset\augmented_image\Augmented_Image\Mosaic_Virus\IMG_1971_brightened.jpg,2,1,3,1,large_area_damage_deformation_wilting_or_necrosis
241,IMG_000154,images/IMG_000154.jpg,watermelon_disease_recognition,Mosaic_Virus,data_external\raw\watermelon_disease_recognition\Watermelon Disease Recognition Dataset\augmented_image\Augmented_Image\Mosaic_Virus\IMG_3043_zoomed.jpg,2,1,2,1,multiple_regions_or_clear_lesions
242,IMG_000156,images/IMG_000156.jpg,watermelon_disease_recognition,Mosaic_Virus,data_external\raw\watermelon_disease_recognition\Watermelon Disease Recognition Dataset\augmented_image\Augmented_Image\Mosaic_Virus\IMG_3059_flip.jpg,2,1,1,1,localized_mild_symptoms
243,IMG_000157,images/IMG_000157.jpg,watermelon_disease_recognition,Mosaic_Virus,data_external\raw\watermelon_disease_recognition\Watermelon Disease Recognition Dataset\augmented_image\Augmented_Image\Mosaic_Virus\IMG_2103_scaled.jpg,2,1,2,0,severity_not_confirmable_from_partial_or_non_leaf_view
244,IMG_000188,images/IMG_000188.jpg,watermelon_disease_recognition,Mosaic_Virus,data_external\raw\watermelon_disease_recognition\Watermelon Disease Recognition Dataset\augmented_image\Augmented_Image\Mosaic_Virus\IMG_1972_scaled.jpg,2,1,3,1,large_area_damage_deformation_wilting_or_necrosis
245,IMG_000196,images/IMG_000196.jpg,watermelon_disease_recognition,Mosaic_Virus,data_external\raw\watermelon_disease_recognition\Watermelon Disease Recognition Dataset\augmented_image\Augmented_Image\Mosaic_Virus\IMG_3078_scaled.jpg,2,1,2,0,severity_not_confirmable_from_partial_or_non_leaf_view
246,IMG_000209,images/IMG_000209.jpg,watermelon_disease_recognition,Mosaic_Virus,data_external\raw\watermelon_disease_recognition\Watermelon Disease Recognition Dataset\augmented_image\Augmented_Image\Mosaic_Virus\IMG_3027_zoomed.jpg,2,1,2,0,severity_not_confirmable_from_partial_or_non_leaf_view
247,IMG_000234,images/IMG_000234.jpg,watermelon_disease_recognition,Mosaic_Virus,data_external\raw\watermelon_disease_recognition\Watermelon Disease Recognition Dataset\original_image\Watermelon\Mosaic_Virus\IMG_2093.jpg,2,1,3,1,large_area_damage_deformation_wilting_or_necrosis
248,IMG_000246,images/IMG_000246.jpg,watermelon_disease_recognition,Mosaic_Virus,data_external\raw\watermelon_disease_recognition\Watermelon Disease Recognition Dataset\augmented_image\Augmented_Image\Mosaic_Virus\IMG_2112_flip.jpg,2,1,3,1,large_area_damage_deformation_wilting_or_necrosis
249,IMG_000328,images/IMG_000328.jpg,watermelon_disease_recognition,Mosaic_Virus,data_external\raw\watermelon_disease_recognition\Watermelon Disease Recognition Dataset\augmented_image\Augmented_Image\Mosaic_Virus\IMG_3067_flip.jpg,2,1,1,1,localized_mild_symptoms
250,IMG_000359,images/IMG_000359.jpg,watermelon_disease_recognition,Mosaic_Virus,data_external\raw\watermelon_disease_recognition\Watermelon Disease Recognition Dataset\augmented_image\Augmented_Image\Mosaic_Virus\IMG_2950_shifted.jpg,2,1,2,1,multiple_regions_or_clear_lesions
251,IMG_000362,images/IMG_000362.jpg,watermelon_disease_recognition,Mosaic_Virus,data_external\raw\watermelon_disease_recognition\Watermelon Disease Recognition Dataset\original_image\Watermelon\Mosaic_Virus\IMG_3029.jpg,2,1,2,1,multiple_regions_or_clear_lesions
252,IMG_000395,images/IMG_000395.jpg,watermelon_disease_recognition,Mosaic_Virus,data_external\raw\watermelon_disease_recognition\Watermelon Disease Recognition Dataset\original_image\Watermelon\Mosaic_Virus\IMG_2120.jpg,2,1,3,1,large_area_damage_deformation_wilting_or_necrosis
253,IMG_000430,images/IMG_000430.jpg,watermelon_disease_recognition,Mosaic_Virus,data_external\raw\watermelon_disease_recognition\Watermelon Disease Recognition Dataset\augmented_image\Augmented_Image\Mosaic_Virus\IMG_2143_zoomed.jpg,2,1,2,0,severity_not_confirmable_from_partial_or_non_leaf_view
254,IMG_000464,images/IMG_000464.jpg,watermelon_disease_recognition,Mosaic_Virus,data_external\raw\watermelon_disease_recognition\Watermelon Disease Recognition Dataset\augmented_image\Augmented_Image\Mosaic_Virus\IMG_2939_scaled.jpg,2,1,2,0,severity_not_confirmable_from_partial_or_non_leaf_view
255,IMG_000467,images/IMG_000467.jpg,watermelon_disease_recognition,Mosaic_Virus,data_external\raw\watermelon_disease_recognition\Watermelon Disease Recognition Dataset\augmented_image\Augmented_Image\Mosaic_Virus\IMG_2058_shifted.jpg,2,1,3,1,large_area_damage_deformation_wilting_or_necrosis
256,IMG_000482,images/IMG_000482.jpg,watermelon_disease_recognition,Mosaic_Virus,data_external\raw\watermelon_disease_recognition\Watermelon Disease Recognition Dataset\augmented_image\Augmented_Image\Mosaic_Virus\IMG_1984_shifted.jpg,2,1,1,1,localized_mild_symptoms
257,IMG_000487,images/IMG_000487.jpg,watermelon_disease_recognition,Mosaic_Virus,data_external\raw\watermelon_disease_recognition\Watermelon Disease Recognition Dataset\original_image\Watermelon\Mosaic_Virus\IMG_2087.jpg,2,1,2,1,multiple_regions_or_clear_lesions
258,IMG_000493,images/IMG_000493.jpg,watermelon_disease_recognition,Mosaic_Virus,data_external\raw\watermelon_disease_recognition\Watermelon Disease Recognition Dataset\augmented_image\Augmented_Image\Mosaic_Virus\IMG_3001_brightened.jpg,2,1,2,1,multiple_regions_or_clear_lesions
259,IMG_000511,images/IMG_000511.jpg,watermelon_disease_recognition,Mosaic_Virus,data_external\raw\watermelon_disease_recognition\Watermelon Disease Recognition Dataset\augmented_image\Augmented_Image\Mosaic_Virus\IMG_2042_flip.jpg,2,1,2,1,multiple_regions_or_clear_lesions
260,IMG_000544,images/IMG_000544.jpg,watermelon_disease_recognition,Mosaic_Virus,data_external\raw\watermelon_disease_recognition\Watermelon Disease Recognition Dataset\augmented_image\Augmented_Image\Mosaic_Virus\IMG_3023_zoomed.jpg,2,1,2,1,multiple_regions_or_clear_lesions
261,IMG_000571,images/IMG_000571.jpg,watermelon_disease_recognition,Mosaic_Virus,data_external\raw\watermelon_disease_recognition\Watermelon Disease Recognition Dataset\original_image\Watermelon\Mosaic_Virus\IMG_3008.jpg,2,1,2,1,multiple_regions_or_clear_lesions
262,IMG_000598,images/IMG_000598.jpg,watermelon_disease_recognition,Mosaic_Virus,data_external\raw\watermelon_disease_recognition\Watermelon Disease Recognition Dataset\augmented_image\Augmented_Image\Mosaic_Virus\IMG_1964_zoomed.jpg,2,1,1,1,localized_mild_symptoms
263,IMG_000644,images/IMG_000644.jpg,watermelon_disease_recognition,Mosaic_Virus,data_external\raw\watermelon_disease_recognition\Watermelon Disease Recognition Dataset\augmented_image\Augmented_Image\Mosaic_Virus\IMG_2996_scaled.jpg,2,1,2,0,severity_not_confirmable_from_partial_or_non_leaf_view
264,IMG_000768,images/IMG_000768.jpg,watermelon_disease_recognition,Mosaic_Virus,data_external\raw\watermelon_disease_recognition\Watermelon Disease Recognition Dataset\augmented_image\Augmented_Image\Mosaic_Virus\IMG_2136_zoomed.jpg,2,1,2,1,multiple_regions_or_clear_lesions
265,IMG_000784,images/IMG_000784.jpg,watermelon_disease_recognition,Mosaic_Virus,data_external\raw\watermelon_disease_recognition\Watermelon Disease Recognition Dataset\augmented_image\Augmented_Image\Mosaic_Virus\IMG_3073_brightened.jpg,2,1,3,1,large_area_damage_deformation_wilting_or_necrosis
266,IMG_000791,images/IMG_000791.jpg,watermelon_disease_recognition,Mosaic_Virus,data_external\raw\watermelon_disease_recognition\Watermelon Disease Recognition Dataset\augmented_image\Augmented_Image\Mosaic_Virus\IMG_3037_flip.jpg,2,1,2,1,multiple_regions_or_clear_lesions
267,IMG_000800,images/IMG_000800.jpg,watermelon_disease_recognition,Mosaic_Virus,data_external\raw\watermelon_disease_recognition\Watermelon Disease Recognition Dataset\augmented_image\Augmented_Image\Mosaic_Virus\IMG_2045_scaled.jpg,2,1,2,0,severity_not_confirmable_from_partial_or_non_leaf_view
268,IMG_000811,images/IMG_000811.jpg,watermelon_disease_recognition,Mosaic_Virus,data_external\raw\watermelon_disease_recognition\Watermelon Disease Recognition Dataset\augmented_image\Augmented_Image\Mosaic_Virus\IMG_2963_shifted.jpg,2,1,1,1,localized_mild_symptoms
269,IMG_000822,images/IMG_000822.jpg,watermelon_disease_recognition,Mosaic_Virus,data_external\raw\watermelon_disease_recognition\Watermelon Disease Recognition Dataset\augmented_image\Augmented_Image\Mosaic_Virus\IMG_2057_flip.jpg,2,1,3,1,large_area_damage_deformation_wilting_or_necrosis
270,IMG_000839,images/IMG_000839.jpg,watermelon_disease_recognition,Mosaic_Virus,data_external\raw\watermelon_disease_recognition\Watermelon Disease Recognition Dataset\augmented_image\Augmented_Image\Mosaic_Virus\IMG_2018_flip.jpg,2,1,2,0,severity_not_confirmable_from_partial_or_non_leaf_view
271,IMG_000859,images/IMG_000859.jpg,watermelon_disease_recognition,Mosaic_Virus,data_external\raw\watermelon_disease_recognition\Watermelon Disease Recognition Dataset\augmented_image\Augmented_Image\Mosaic_Virus\IMG_2078_flip.jpg,2,1,3,1,large_area_damage_deformation_wilting_or_necrosis
272,IMG_000880,images/IMG_000880.jpg,watermelon_disease_recognition,Mosaic_Virus,data_external\raw\watermelon_disease_recognition\Watermelon Disease Recognition Dataset\original_image\Watermelon\Mosaic_Virus\IMG_3027.jpg,2,1,2,1,multiple_regions_or_clear_lesions
273,IMG_000938,images/IMG_000938.jpg,watermelon_disease_recognition,Mosaic_Virus,data_external\raw\watermelon_disease_recognition\Watermelon Disease Recognition Dataset\augmented_image\Augmented_Image\Mosaic_Virus\IMG_1951_zoomed.jpg,2,1,3,1,large_area_damage_deformation_wilting_or_necrosis
274,IMG_000969,images/IMG_000969.jpg,watermelon_disease_recognition,Mosaic_Virus,data_external\raw\watermelon_disease_recognition\Watermelon Disease Recognition Dataset\augmented_image\Augmented_Image\Mosaic_Virus\IMG_2995_shifted.jpg,2,1,1,1,localized_mild_symptoms
275,IMG_000978,images/IMG_000978.jpg,watermelon_disease_recognition,Mosaic_Virus,data_external\raw\watermelon_disease_recognition\Watermelon Disease Recognition Dataset\augmented_image\Augmented_Image\Mosaic_Virus\IMG_2939_zoomed.jpg,2,1,1,1,localized_mild_symptoms
276,IMG_001003,images/IMG_001003.jpg,watermelon_disease_recognition,Mosaic_Virus,data_external\raw\watermelon_disease_recognition\Watermelon Disease Recognition Dataset\original_image\Watermelon\Mosaic_Virus\IMG_2104.jpg,2,1,3,1,large_area_damage_deformation_wilting_or_necrosis
277,IMG_001044,images/IMG_001044.jpg,watermelon_disease_recognition,Mosaic_Virus,data_external\raw\watermelon_disease_recognition\Watermelon Disease Recognition Dataset\augmented_image\Augmented_Image\Mosaic_Virus\IMG_1935_zoomed.jpg,2,1,3,1,large_area_damage_deformation_wilting_or_necrosis
278,IMG_001061,images/IMG_001061.jpg,watermelon_disease_recognition,Mosaic_Virus,data_external\raw\watermelon_disease_recognition\Watermelon Disease Recognition Dataset\augmented_image\Augmented_Image\Mosaic_Virus\IMG_1991_scaled.jpg,2,1,2,0,severity_not_confirmable_from_partial_or_non_leaf_view
279,IMG_001063,images/IMG_001063.jpg,watermelon_disease_recognition,Mosaic_Virus,data_external\raw\watermelon_disease_recognition\Watermelon Disease Recognition Dataset\augmented_image\Augmented_Image\Mosaic_Virus\IMG_3045_flip.jpg,2,1,2,1,multiple_regions_or_clear_lesions
280,IMG_001099,images/IMG_001099.jpg,watermelon_disease_recognition,Mosaic_Virus,data_external\raw\watermelon_disease_recognition\Watermelon Disease Recognition Dataset\augmented_image\Augmented_Image\Mosaic_Virus\IMG_3071_zoomed.jpg,2,1,1,1,localized_mild_symptoms
281,IMG_001151,images/IMG_001151.jpg,watermelon_disease_recognition,Mosaic_Virus,data_external\raw\watermelon_disease_recognition\Watermelon Disease Recognition Dataset\augmented_image\Augmented_Image\Mosaic_Virus\IMG_3034_zoomed.jpg,2,1,2,0,severity_not_confirmable_from_partial_or_non_leaf_view
282,IMG_001303,images/IMG_001303.jpg,watermelon_disease_recognition,Mosaic_Virus,data_external\raw\watermelon_disease_recognition\Watermelon Disease Recognition Dataset\augmented_image\Augmented_Image\Mosaic_Virus\IMG_1921_shifted.jpg,2,1,3,1,large_area_damage_deformation_wilting_or_necrosis
283,IMG_001316,images/IMG_001316.jpg,watermelon_disease_recognition,Mosaic_Virus,data_external\raw\watermelon_disease_recognition\Watermelon Disease Recognition Dataset\augmented_image\Augmented_Image\Mosaic_Virus\IMG_2987_scaled.jpg,2,1,2,0,severity_not_confirmable_from_partial_or_non_leaf_view
284,IMG_001320,images/IMG_001320.jpg,watermelon_disease_recognition,Mosaic_Virus,data_external\raw\watermelon_disease_recognition\Watermelon Disease Recognition Dataset\augmented_image\Augmented_Image\Mosaic_Virus\IMG_2055_brightened.jpg,2,1,3,1,large_area_damage_deformation_wilting_or_necrosis
285,IMG_001369,images/IMG_001369.jpg,watermelon_disease_recognition,Mosaic_Virus,data_external\raw\watermelon_disease_recognition\Watermelon Disease Recognition Dataset\original_image\Watermelon\Mosaic_Virus\IMG_2159.jpg,2,1,3,1,large_area_damage_deformation_wilting_or_necrosis
286,IMG_001380,images/IMG_001380.jpg,watermelon_disease_recognition,Mosaic_Virus,data_external\raw\watermelon_disease_recognition\Watermelon Disease Recognition Dataset\augmented_image\Augmented_Image\Mosaic_Virus\IMG_3017_brightened.jpg,2,1,3,1,large_area_damage_deformation_wilting_or_necrosis
287,IMG_001385,images/IMG_001385.jpg,watermelon_disease_recognition,Mosaic_Virus,data_external\raw\watermelon_disease_recognition\Watermelon Disease Recognition Dataset\augmented_image\Augmented_Image\Mosaic_Virus\IMG_2109_flip.jpg,2,1,3,1,large_area_damage_deformation_wilting_or_necrosis
288,IMG_001390,images/IMG_001390.jpg,watermelon_disease_recognition,Mosaic_Virus,data_external\raw\watermelon_disease_recognition\Watermelon Disease Recognition Dataset\augmented_image\Augmented_Image\Mosaic_Virus\IMG_2089_zoomed.jpg,2,1,2,1,multiple_regions_or_clear_lesions
289,IMG_001476,images/IMG_001476.jpg,watermelon_disease_recognition,Mosaic_Virus,data_external\raw\watermelon_disease_recognition\Watermelon Disease Recognition Dataset\augmented_image\Augmented_Image\Mosaic_Virus\IMG_2135_zoomed.jpg,2,1,3,1,large_area_damage_deformation_wilting_or_necrosis
290,IMG_001511,images/IMG_001511.jpg,watermelon_disease_recognition,Mosaic_Virus,data_external\raw\watermelon_disease_recognition\Watermelon Disease Recognition Dataset\augmented_image\Augmented_Image\Mosaic_Virus\IMG_3010_scaled.jpg,2,1,2,0,severity_not_confirmable_from_partial_or_non_leaf_view
291,IMG_001515,images/IMG_001515.jpg,watermelon_disease_recognition,Mosaic_Virus,data_external\raw\watermelon_disease_recognition\Watermelon Disease Recognition Dataset\augmented_image\Augmented_Image\Mosaic_Virus\IMG_2994_scaled.jpg,2,1,2,0,severity_not_confirmable_from_partial_or_non_leaf_view
292,IMG_001534,images/IMG_001534.jpg,watermelon_disease_recognition,Mosaic_Virus,data_external\raw\watermelon_disease_recognition\Watermelon Disease Recognition Dataset\augmented_image\Augmented_Image\Mosaic_Virus\IMG_2988_brightened.jpg,2,1,3,1,large_area_damage_deformation_wilting_or_necrosis
293,IMG_001540,images/IMG_001540.jpg,watermelon_disease_recognition,Mosaic_Virus,data_external\raw\watermelon_disease_recognition\Watermelon Disease Recognition Dataset\augmented_image\Augmented_Image\Mosaic_Virus\IMG_2943_zoomed.jpg,2,1,2,0,severity_not_confirmable_from_partial_or_non_leaf_view
294,IMG_001591,images/IMG_001591.jpg,watermelon_disease_recognition,Mosaic_Virus,data_external\raw\watermelon_disease_recognition\Watermelon Disease Recognition Dataset\augmented_image\Augmented_Image\Mosaic_Virus\IMG_2140_brightened.jpg,2,1,3,1,large_area_damage_deformation_wilting_or_necrosis
295,IMG_001618,images/IMG_001618.jpg,watermelon_disease_recognition,Mosaic_Virus,data_external\raw\watermelon_disease_recognition\Watermelon Disease Recognition Dataset\augmented_image\Augmented_Image\Mosaic_Virus\IMG_2941_shifted.jpg,2,1,1,1,localized_mild_symptoms
296,IMG_001625,images/IMG_001625.jpg,watermelon_disease_recognition,Mosaic_Virus,data_external\raw\watermelon_disease_recognition\Watermelon Disease Recognition Dataset\augmented_image\Augmented_Image\Mosaic_Virus\IMG_2108_brightened.jpg,2,1,3,1,large_area_damage_deformation_wilting_or_necrosis
297,IMG_001666,images/IMG_001666.jpg,watermelon_disease_recognition,Mosaic_Virus,data_external\raw\watermelon_disease_recognition\Watermelon Disease Recognition Dataset\augmented_image\Augmented_Image\Mosaic_Virus\IMG_2958_flip.jpg,2,1,3,1,large_area_damage_deformation_wilting_or_necrosis
298,IMG_001677,images/IMG_001677.jpg,watermelon_disease_recognition,Mosaic_Virus,data_external\raw\watermelon_disease_recognition\Watermelon Disease Recognition Dataset\augmented_image\Augmented_Image\Mosaic_Virus\IMG_2086_scaled.jpg,2,1,2,0,severity_not_confirmable_from_partial_or_non_leaf_view
299,IMG_001692,images/IMG_001692.jpg,watermelon_disease_recognition,Mosaic_Virus,data_external\raw\watermelon_disease_recognition\Watermelon Disease Recognition Dataset\augmented_image\Augmented_Image\Mosaic_Virus\IMG_2057_scaled.jpg,2,1,2,0,severity_not_confirmable_from_partial_or_non_leaf_view
300,IMG_001700,images/IMG_001700.jpg,watermelon_disease_recognition,Mosaic_Virus,data_external\raw\watermelon_disease_recognition\Watermelon Disease Recognition Dataset\augmented_image\Augmented_Image\Mosaic_Virus\IMG_2948_brightened.jpg,2,1,2,1,multiple_regions_or_clear_lesions
301,IMG_001706,images/IMG_001706.jpg,watermelon_disease_recognition,Mosaic_Virus,data_external\raw\watermelon_disease_recognition\Watermelon Disease Recognition Dataset\augmented_image\Augmented_Image\Mosaic_Virus\IMG_2173_shifted.jpg,2,1,3,1,large_area_damage_deformation_wilting_or_necrosis
302,IMG_001719,images/IMG_001719.jpg,watermelon_disease_recognition,Mosaic_Virus,data_external\raw\watermelon_disease_recognition\Watermelon Disease Recognition Dataset\augmented_image\Augmented_Image\Mosaic_Virus\IMG_2071_zoomed.jpg,2,1,3,1,large_area_damage_deformation_wilting_or_necrosis
303,IMG_001725,images/IMG_001725.jpg,watermelon_disease_recognition,Mosaic_Virus,data_external\raw\watermelon_disease_recognition\Watermelon Disease Recognition Dataset\augmented_image\Augmented_Image\Mosaic_Virus\IMG_2114_flip.jpg,2,1,3,1,large_area_damage_deformation_wilting_or_necrosis
304,IMG_001737,images/IMG_001737.jpg,watermelon_disease_recognition,Mosaic_Virus,data_external\raw\watermelon_disease_recognition\Watermelon Disease Recognition Dataset\augmented_image\Augmented_Image\Mosaic_Virus\IMG_2983_zoomed.jpg,2,1,1,1,localized_mild_symptoms
305,IMG_001779,images/IMG_001779.jpg,watermelon_disease_recognition,Mosaic_Virus,data_external\raw\watermelon_disease_recognition\Watermelon Disease Recognition Dataset\augmented_image\Augmented_Image\Mosaic_Virus\IMG_3015_shifted.jpg,2,1,2,1,multiple_regions_or_clear_lesions
306,IMG_001811,images/IMG_001811.jpg,watermelon_disease_recognition,Mosaic_Virus,data_external\raw\watermelon_disease_recognition\Watermelon Disease Recognition Dataset\augmented_image\Augmented_Image\Mosaic_Virus\IMG_3075_brightened.jpg,2,1,2,1,multiple_regions_or_clear_lesions
307,IMG_001888,images/IMG_001888.jpg,watermelon_disease_recognition,Mosaic_Virus,data_external\raw\watermelon_disease_recognition\Watermelon Disease Recognition Dataset\augmented_image\Augmented_Image\Mosaic_Virus\IMG_2079_brightened.jpg,2,1,3,1,large_area_damage_deformation_wilting_or_necrosis
308,IMG_001892,images/IMG_001892.jpg,watermelon_disease_recognition,Mosaic_Virus,data_external\raw\watermelon_disease_recognition\Watermelon Disease Recognition Dataset\augmented_image\Augmented_Image\Mosaic_Virus\IMG_2140_shifted.jpg,2,1,3,1,large_area_damage_deformation_wilting_or_necrosis
309,IMG_001902,images/IMG_001902.jpg,watermelon_disease_recognition,Mosaic_Virus,data_external\raw\watermelon_disease_recognition\Watermelon Disease Recognition Dataset\augmented_image\Augmented_Image\Mosaic_Virus\IMG_2105_flip.jpg,2,1,3,1,large_area_damage_deformation_wilting_or_necrosis
310,IMG_001907,images/IMG_001907.jpg,watermelon_disease_recognition,Mosaic_Virus,data_external\raw\watermelon_disease_recognition\Watermelon Disease Recognition Dataset\augmented_image\Augmented_Image\Mosaic_Virus\IMG_3074_zoomed.jpg,2,1,2,0,severity_not_confirmable_from_partial_or_non_leaf_view
311,IMG_001917,images/IMG_001917.jpg,watermelon_disease_recognition,Mosaic_Virus,data_external\raw\watermelon_disease_recognition\Watermelon Disease Recognition Dataset\augmented_image\Augmented_Image\Mosaic_Virus\IMG_1965_scaled.jpg,2,1,2,0,severity_not_confirmable_from_partial_or_non_leaf_view
312,IMG_001918,images/IMG_001918.jpg,watermelon_disease_recognition,Mosaic_Virus,data_external\raw\watermelon_disease_recognition\Watermelon Disease Recognition Dataset\original_image\Watermelon\Mosaic_Virus\IMG_1927.jpg,2,1,3,1,large_area_damage_deformation_wilting_or_necrosis
313,IMG_002016,images/IMG_002016.jpg,watermelon_disease_recognition,Mosaic_Virus,data_external\raw\watermelon_disease_recognition\Watermelon Disease Recognition Dataset\augmented_image\Augmented_Image\Mosaic_Virus\IMG_2943_shifted.jpg,2,1,2,0,severity_not_confirmable_from_partial_or_non_leaf_view
314,IMG_002030,images/IMG_002030.jpg,watermelon_disease_recognition,Mosaic_Virus,data_external\raw\watermelon_disease_recognition\Watermelon Disease Recognition Dataset\augmented_image\Augmented_Image\Mosaic_Virus\IMG_2110_flip.jpg,2,1,3,1,large_area_damage_deformation_wilting_or_necrosis
315,IMG_002033,images/IMG_002033.jpg,watermelon_disease_recognition,Mosaic_Virus,data_external\raw\watermelon_disease_recognition\Watermelon Disease Recognition Dataset\original_image\Watermelon\Mosaic_Virus\IMG_1968.jpg,2,1,3,1,large_area_damage_deformation_wilting_or_necrosis
316,IMG_002037,images/IMG_002037.jpg,watermelon_disease_recognition,Mosaic_Virus,data_external\raw\watermelon_disease_recognition\Watermelon Disease Recognition Dataset\original_image\Watermelon\Mosaic_Virus\IMG_3009.jpg,2,1,1,1,localized_mild_symptoms
317,IMG_002058,images/IMG_002058.jpg,watermelon_disease_recognition,Mosaic_Virus,data_external\raw\watermelon_disease_recognition\Watermelon Disease Recognition Dataset\augmented_image\Augmented_Image\Mosaic_Virus\IMG_3033_flip.jpg,2,1,1,1,localized_mild_symptoms
318,IMG_002070,images/IMG_002070.jpg,watermelon_disease_recognition,Mosaic_Virus,data_external\raw\watermelon_disease_recognition\Watermelon Disease Recognition Dataset\augmented_image\Augmented_Image\Mosaic_Virus\IMG_2968_flip.jpg,2,1,2,1,multiple_regions_or_clear_lesions
319,IMG_002076,images/IMG_002076.jpg,watermelon_disease_recognition,Mosaic_Virus,data_external\raw\watermelon_disease_recognition\Watermelon Disease Recognition Dataset\original_image\Watermelon\Mosaic_Virus\IMG_1983.jpg,2,1,1,1,localized_mild_symptoms
320,IMG_002113,images/IMG_002113.jpg,watermelon_disease_recognition,Mosaic_Virus,data_external\raw\watermelon_disease_recognition\Watermelon Disease Recognition Dataset\original_image\Watermelon\Mosaic_Virus\IMG_2063.jpg,2,1,2,0,severity_not_confirmable_from_partial_or_non_leaf_view
321,IMG_002114,images/IMG_002114.jpg,watermelon_disease_recognition,Mosaic_Virus,data_external\raw\watermelon_disease_recognition\Watermelon Disease Recognition Dataset\original_image\Watermelon\Mosaic_Virus\IMG_1980.jpg,2,1,1,1,localized_mild_symptoms
322,IMG_002137,images/IMG_002137.jpg,watermelon_disease_recognition,Mosaic_Virus,data_external\raw\watermelon_disease_recognition\Watermelon Disease Recognition Dataset\augmented_image\Augmented_Image\Mosaic_Virus\IMG_2100_brightened.jpg,2,1,3,1,large_area_damage_deformation_wilting_or_necrosis
323,IMG_002183,images/IMG_002183.jpg,watermelon_disease_recognition,Mosaic_Virus,data_external\raw\watermelon_disease_recognition\Watermelon Disease Recognition Dataset\augmented_image\Augmented_Image\Mosaic_Virus\IMG_3060_scaled.jpg,2,1,2,0,severity_not_confirmable_from_partial_or_non_leaf_view
324,IMG_002186,images/IMG_002186.jpg,watermelon_disease_recognition,Mosaic_Virus,data_external\raw\watermelon_disease_recognition\Watermelon Disease Recognition Dataset\original_image\Watermelon\Mosaic_Virus\IMG_1916.jpg,2,1,3,1,large_area_damage_deformation_wilting_or_necrosis
325,IMG_002197,images/IMG_002197.jpg,watermelon_disease_recognition,Mosaic_Virus,data_external\raw\watermelon_disease_recognition\Watermelon Disease Recognition Dataset\augmented_image\Augmented_Image\Mosaic_Virus\IMG_2167_shifted.jpg,2,1,3,1,large_area_damage_deformation_wilting_or_necrosis
326,IMG_002269,images/IMG_002269.jpg,watermelon_disease_recognition,Mosaic_Virus,data_external\raw\watermelon_disease_recognition\Watermelon Disease Recognition Dataset\augmented_image\Augmented_Image\Mosaic_Virus\IMG_2957_brightened.jpg,2,1,3,1,large_area_damage_deformation_wilting_or_necrosis
327,IMG_002292,images/IMG_002292.jpg,watermelon_disease_recognition,Mosaic_Virus,data_external\raw\watermelon_disease_recognition\Watermelon Disease Recognition Dataset\augmented_image\Augmented_Image\Mosaic_Virus\IMG_2021_shifted.jpg,2,1,2,0,severity_not_confirmable_from_partial_or_non_leaf_view
328,IMG_002436,images/IMG_002436.jpg,watermelon_disease_recognition,Mosaic_Virus,data_external\raw\watermelon_disease_recognition\Watermelon Disease Recognition Dataset\augmented_image\Augmented_Image\Mosaic_Virus\IMG_2029_brightened.jpg,2,1,2,0,severity_not_confirmable_from_partial_or_non_leaf_view
329,IMG_002475,images/IMG_002475.jpg,watermelon_disease_recognition,Mosaic_Virus,data_external\raw\watermelon_disease_recognition\Watermelon Disease Recognition Dataset\augmented_image\Augmented_Image\Mosaic_Virus\IMG_2139_scaled.jpg,2,1,2,0,severity_not_confirmable_from_partial_or_non_leaf_view
330,IMG_002494,images/IMG_002494.jpg,watermelon_disease_recognition,Mosaic_Virus,data_external\raw\watermelon_disease_recognition\Watermelon Disease Recognition Dataset\augmented_image\Augmented_Image\Mosaic_Virus\IMG_2102_flip.jpg,2,1,3,1,large_area_damage_deformation_wilting_or_necrosis
331,IMG_002505,images/IMG_002505.jpg,watermelon_disease_recognition,Mosaic_Virus,data_external\raw\watermelon_disease_recognition\Watermelon Disease Recognition Dataset\augmented_image\Augmented_Image\Mosaic_Virus\IMG_1927_shifted.jpg,2,1,3,1,large_area_damage_deformation_wilting_or_necrosis
332,IMG_002514,images/IMG_002514.jpg,watermelon_disease_recognition,Mosaic_Virus,data_external\raw\watermelon_disease_recognition\Watermelon Disease Recognition Dataset\augmented_image\Augmented_Image\Mosaic_Virus\IMG_2166_shifted.jpg,2,1,3,1,large_area_damage_deformation_wilting_or_necrosis
333,IMG_002531,images/IMG_002531.jpg,watermelon_disease_recognition,Mosaic_Virus,data_external\raw\watermelon_disease_recognition\Watermelon Disease Recognition Dataset\augmented_image\Augmented_Image\Mosaic_Virus\IMG_2984_zoomed.jpg,2,1,2,1,multiple_regions_or_clear_lesions
334,IMG_002555,images/IMG_002555.jpg,watermelon_disease_recognition,Mosaic_Virus,data_external\raw\watermelon_disease_recognition\Watermelon Disease Recognition Dataset\augmented_image\Augmented_Image\Mosaic_Virus\IMG_1953_flip.jpg,2,1,3,1,large_area_damage_deformation_wilting_or_necrosis
335,IMG_002587,images/IMG_002587.jpg,watermelon_disease_recognition,Mosaic_Virus,data_external\raw\watermelon_disease_recognition\Watermelon Disease Recognition Dataset\augmented_image\Augmented_Image\Mosaic_Virus\IMG_2162_scaled.jpg,2,1,2,1,multiple_regions_or_clear_lesions
336,IMG_002606,images/IMG_002606.jpg,watermelon_disease_recognition,Mosaic_Virus,data_external\raw\watermelon_disease_recognition\Watermelon Disease Recognition Dataset\augmented_image\Augmented_Image\Mosaic_Virus\IMG_2980_zoomed.jpg,2,1,2,1,multiple_regions_or_clear_lesions
337,IMG_002620,images/IMG_002620.jpg,watermelon_disease_recognition,Mosaic_Virus,data_external\raw\watermelon_disease_recognition\Watermelon Disease Recognition Dataset\augmented_image\Augmented_Image\Mosaic_Virus\IMG_2064_brightened.jpg,2,1,2,0,severity_not_confirmable_from_partial_or_non_leaf_view
338,IMG_002658,images/IMG_002658.jpg,watermelon_disease_recognition,Mosaic_Virus,data_external\raw\watermelon_disease_recognition\Watermelon Disease Recognition Dataset\original_image\Watermelon\Mosaic_Virus\IMG_2098.jpg,2,1,3,1,large_area_damage_deformation_wilting_or_necrosis
339,IMG_002670,images/IMG_002670.jpg,watermelon_disease_recognition,Mosaic_Virus,data_external\raw\watermelon_disease_recognition\Watermelon Disease Recognition Dataset\augmented_image\Augmented_Image\Mosaic_Virus\IMG_2949_flip.jpg,2,1,1,1,localized_mild_symptoms
340,IMG_002700,images/IMG_002700.jpg,watermelon_disease_recognition,Mosaic_Virus,data_external\raw\watermelon_disease_recognition\Watermelon Disease Recognition Dataset\augmented_image\Augmented_Image\Mosaic_Virus\IMG_1927_flip.jpg,2,1,3,1,large_area_damage_deformation_wilting_or_necrosis
341,IMG_002713,images/IMG_002713.jpg,watermelon_disease_recognition,Mosaic_Virus,data_external\raw\watermelon_disease_recognition\Watermelon Disease Recognition Dataset\augmented_image\Augmented_Image\Mosaic_Virus\IMG_2176_shifted.jpg,2,1,3,1,large_area_damage_deformation_wilting_or_necrosis
342,IMG_002754,images/IMG_002754.jpg,watermelon_disease_recognition,Mosaic_Virus,data_external\raw\watermelon_disease_recognition\Watermelon Disease Recognition Dataset\augmented_image\Augmented_Image\Mosaic_Virus\IMG_3032_zoomed.jpg,2,1,2,0,severity_not_confirmable_from_partial_or_non_leaf_view
343,IMG_002759,images/IMG_002759.jpg,watermelon_disease_recognition,Mosaic_Virus,data_external\raw\watermelon_disease_recognition\Watermelon Disease Recognition Dataset\augmented_image\Augmented_Image\Mosaic_Virus\IMG_3031_flip.jpg,2,1,1,1,localized_mild_symptoms
344,IMG_002806,images/IMG_002806.jpg,watermelon_disease_recognition,Mosaic_Virus,data_external\raw\watermelon_disease_recognition\Watermelon Disease Recognition Dataset\augmented_image\Augmented_Image\Mosaic_Virus\IMG_1969_scaled.jpg,2,1,2,0,severity_not_confirmable_from_partial_or_non_leaf_view
345,IMG_002840,images/IMG_002840.jpg,watermelon_disease_recognition,Mosaic_Virus,data_external\raw\watermelon_disease_recognition\Watermelon Disease Recognition Dataset\augmented_image\Augmented_Image\Mosaic_Virus\IMG_2012_zoomed.jpg,2,1,2,0,severity_not_confirmable_from_partial_or_non_leaf_view
346,IMG_002863,images/IMG_002863.jpg,watermelon_disease_recognition,Mosaic_Virus,data_external\raw\watermelon_disease_recognition\Watermelon Disease Recognition Dataset\augmented_image\Augmented_Image\Mosaic_Virus\IMG_2101_scaled.jpg,2,1,2,0,severity_not_confirmable_from_partial_or_non_leaf_view
347,IMG_002878,images/IMG_002878.jpg,watermelon_disease_recognition,Mosaic_Virus,data_external\raw\watermelon_disease_recognition\Watermelon Disease Recognition Dataset\augmented_image\Augmented_Image\Mosaic_Virus\IMG_1965_zoomed.jpg,2,1,2,1,multiple_regions_or_clear_lesions
348,IMG_002923,images/IMG_002923.jpg,watermelon_disease_recognition,Mosaic_Virus,data_external\raw\watermelon_disease_recognition\Watermelon Disease Recognition Dataset\augmented_image\Augmented_Image\Mosaic_Virus\IMG_2039_flip.jpg,2,1,1,1,localized_mild_symptoms
349,IMG_002950,images/IMG_002950.jpg,watermelon_disease_recognition,Mosaic_Virus,data_external\raw\watermelon_disease_recognition\Watermelon Disease Recognition Dataset\augmented_image\Augmented_Image\Mosaic_Virus\IMG_2052_brightened.jpg,2,1,3,1,large_area_damage_deformation_wilting_or_necrosis
350,IMG_002989,images/IMG_002989.jpg,watermelon_disease_recognition,Mosaic_Virus,data_external\raw\watermelon_disease_recognition\Watermelon Disease Recognition Dataset\augmented_image\Augmented_Image\Mosaic_Virus\IMG_2953_shifted.jpg,2,1,3,1,large_area_damage_deformation_wilting_or_necrosis
351,IMG_003037,images/IMG_003037.jpg,watermelon_disease_recognition,Mosaic_Virus,data_external\raw\watermelon_disease_recognition\Watermelon Disease Recognition Dataset\augmented_image\Augmented_Image\Mosaic_Virus\IMG_2126_shifted.jpg,2,1,3,1,large_area_damage_deformation_wilting_or_necrosis
352,IMG_003123,images/IMG_003123.jpg,watermelon_disease_recognition,Mosaic_Virus,data_external\raw\watermelon_disease_recognition\Watermelon Disease Recognition Dataset\augmented_image\Augmented_Image\Mosaic_Virus\IMG_2057_zoomed.jpg,2,1,3,1,large_area_damage_deformation_wilting_or_necrosis
353,IMG_003125,images/IMG_003125.jpg,watermelon_disease_recognition,Mosaic_Virus,data_external\raw\watermelon_disease_recognition\Watermelon Disease Recognition Dataset\augmented_image\Augmented_Image\Mosaic_Virus\IMG_3026_scaled.jpg,2,1,2,0,severity_not_confirmable_from_partial_or_non_leaf_view
354,IMG_003129,images/IMG_003129.jpg,watermelon_disease_recognition,Mosaic_Virus,data_external\raw\watermelon_disease_recognition\Watermelon Disease Recognition Dataset\augmented_image\Augmented_Image\Mosaic_Virus\IMG_2017_zoomed.jpg,2,1,2,0,severity_not_confirmable_from_partial_or_non_leaf_view
355,IMG_003134,images/IMG_003134.jpg,watermelon_disease_recognition,Mosaic_Virus,data_external\raw\watermelon_disease_recognition\Watermelon Disease Recognition Dataset\original_image\Watermelon\Mosaic_Virus\IMG_2929.jpg,2,1,2,1,multiple_regions_or_clear_lesions
356,IMG_003156,images/IMG_003156.jpg,watermelon_disease_recognition,Mosaic_Virus,data_external\raw\watermelon_disease_recognition\Watermelon Disease Recognition Dataset\augmented_image\Augmented_Image\Mosaic_Virus\IMG_1911_scaled.jpg,2,1,2,0,severity_not_confirmable_from_partial_or_non_leaf_view
357,IMG_003159,images/IMG_003159.jpg,watermelon_disease_recognition,Mosaic_Virus,data_external\raw\watermelon_disease_recognition\Watermelon Disease Recognition Dataset\augmented_image\Augmented_Image\Mosaic_Virus\IMG_2045_zoomed.jpg,2,1,3,1,large_area_damage_deformation_wilting_or_necrosis
358,IMG_003180,images/IMG_003180.jpg,watermelon_disease_recognition,Mosaic_Virus,data_external\raw\watermelon_disease_recognition\Watermelon Disease Recognition Dataset\augmented_image\Augmented_Image\Mosaic_Virus\IMG_1949_shifted.jpg,2,1,2,1,multiple_regions_or_clear_lesions
359,IMG_003196,images/IMG_003196.jpg,watermelon_disease_recognition,Mosaic_Virus,data_external\raw\watermelon_disease_recognition\Watermelon Disease Recognition Dataset\augmented_image\Augmented_Image\Mosaic_Virus\IMG_1938_scaled.jpg,2,1,2,0,severity_not_confirmable_from_partial_or_non_leaf_view
360,IMG_003200,images/IMG_003200.jpg,watermelon_disease_recognition,Mosaic_Virus,data_external\raw\watermelon_disease_recognition\Watermelon Disease Recognition Dataset\augmented_image\Augmented_Image\Mosaic_Virus\IMG_2998_scaled.jpg,2,1,2,0,severity_not_confirmable_from_partial_or_non_leaf_view
361,IMG_003204,images/IMG_003204.jpg,watermelon_disease_recognition,Mosaic_Virus,data_external\raw\watermelon_disease_recognition\Watermelon Disease Recognition Dataset\augmented_image\Augmented_Image\Mosaic_Virus\IMG_2028_flip.jpg,2,1,2,0,severity_not_confirmable_from_partial_or_non_leaf_view
362,IMG_003232,images/IMG_003232.jpg,watermelon_disease_recognition,Mosaic_Virus,data_external\raw\watermelon_disease_recognition\Watermelon Disease Recognition Dataset\augmented_image\Augmented_Image\Mosaic_Virus\IMG_1957_flip.jpg,2,1,3,1,large_area_damage_deformation_wilting_or_necrosis
363,IMG_003263,images/IMG_003263.jpg,watermelon_disease_recognition,Mosaic_Virus,data_external\raw\watermelon_disease_recognition\Watermelon Disease Recognition Dataset\augmented_image\Augmented_Image\Mosaic_Virus\IMG_1938_shifted.jpg,2,1,2,1,multiple_regions_or_clear_lesions
364,IMG_003274,images/IMG_003274.jpg,watermelon_disease_recognition,Mosaic_Virus,data_external\raw\watermelon_disease_recognition\Watermelon Disease Recognition Dataset\augmented_image\Augmented_Image\Mosaic_Virus\IMG_2070_scaled.jpg,2,1,2,0,severity_not_confirmable_from_partial_or_non_leaf_view
365,IMG_003286,images/IMG_003286.jpg,watermelon_disease_recognition,Mosaic_Virus,data_external\raw\watermelon_disease_recognition\Watermelon Disease Recognition Dataset\augmented_image\Augmented_Image\Mosaic_Virus\IMG_2166_brightened.jpg,2,1,3,1,large_area_damage_deformation_wilting_or_necrosis
366,IMG_003323,images/IMG_003323.jpg,watermelon_disease_recognition,Mosaic_Virus,data_external\raw\watermelon_disease_recognition\Watermelon Disease Recognition Dataset\augmented_image\Augmented_Image\Mosaic_Virus\IMG_1955_scaled.jpg,2,1,3,1,large_area_damage_deformation_wilting_or_necrosis
367,IMG_003350,images/IMG_003350.jpg,watermelon_disease_recognition,Mosaic_Virus,data_external\raw\watermelon_disease_recognition\Watermelon Disease Recognition Dataset\augmented_image\Augmented_Image\Mosaic_Virus\IMG_2992_zoomed.jpg,2,1,2,0,severity_not_confirmable_from_partial_or_non_leaf_view
368,IMG_003358,images/IMG_003358.jpg,watermelon_disease_recognition,Mosaic_Virus,data_external\raw\watermelon_disease_recognition\Watermelon Disease Recognition Dataset\original_image\Watermelon\Mosaic_Virus\IMG_1971.jpg,2,1,3,1,large_area_damage_deformation_wilting_or_necrosis
369,IMG_003360,images/IMG_003360.jpg,watermelon_disease_recognition,Mosaic_Virus,data_external\raw\watermelon_disease_recognition\Watermelon Disease Recognition Dataset\augmented_image\Augmented_Image\Mosaic_Virus\IMG_1959_shifted.jpg,2,1,1,1,localized_mild_symptoms
370,IMG_003361,images/IMG_003361.jpg,watermelon_disease_recognition,Mosaic_Virus,data_external\raw\watermelon_disease_recognition\Watermelon Disease Recognition Dataset\original_image\Watermelon\Mosaic_Virus\IMG_2072.jpg,2,1,3,1,large_area_damage_deformation_wilting_or_necrosis
371,IMG_003426,images/IMG_003426.jpg,watermelon_disease_recognition,Mosaic_Virus,data_external\raw\watermelon_disease_recognition\Watermelon Disease Recognition Dataset\original_image\Watermelon\Mosaic_Virus\IMG_3030.jpg,2,1,1,1,localized_mild_symptoms
372,IMG_003441,images/IMG_003441.jpg,watermelon_disease_recognition,Mosaic_Virus,data_external\raw\watermelon_disease_recognition\Watermelon Disease Recognition Dataset\augmented_image\Augmented_Image\Mosaic_Virus\IMG_2109_zoomed.jpg,2,1,1,1,localized_mild_symptoms
373,IMG_003481,images/IMG_003481.jpg,watermelon_disease_recognition,Mosaic_Virus,data_external\raw\watermelon_disease_recognition\Watermelon Disease Recognition Dataset\augmented_image\Augmented_Image\Mosaic_Virus\IMG_1911_flip.jpg,2,1,1,1,localized_mild_symptoms
374,IMG_003493,images/IMG_003493.jpg,watermelon_disease_recognition,Mosaic_Virus,data_external\raw\watermelon_disease_recognition\Watermelon Disease Recognition Dataset\augmented_image\Augmented_Image\Mosaic_Virus\IMG_2161_brightened.jpg,2,1,3,1,large_area_damage_deformation_wilting_or_necrosis
375,IMG_003530,images/IMG_003530.jpg,watermelon_disease_recognition,Mosaic_Virus,data_external\raw\watermelon_disease_recognition\Watermelon Disease Recognition Dataset\augmented_image\Augmented_Image\Mosaic_Virus\IMG_1974_flip.jpg,2,1,3,1,large_area_damage_deformation_wilting_or_necrosis
376,IMG_003548,images/IMG_003548.jpg,watermelon_disease_recognition,Mosaic_Virus,data_external\raw\watermelon_disease_recognition\Watermelon Disease Recognition Dataset\augmented_image\Augmented_Image\Mosaic_Virus\IMG_2144_scaled.jpg,2,1,2,0,severity_not_confirmable_from_partial_or_non_leaf_view
377,IMG_003561,images/IMG_003561.jpg,watermelon_disease_recognition,Mosaic_Virus,data_external\raw\watermelon_disease_recognition\Watermelon Disease Recognition Dataset\augmented_image\Augmented_Image\Mosaic_Virus\IMG_2970_brightened.jpg,2,1,2,1,multiple_regions_or_clear_lesions
378,IMG_003588,images/IMG_003588.jpg,watermelon_disease_recognition,Mosaic_Virus,data_external\raw\watermelon_disease_recognition\Watermelon Disease Recognition Dataset\augmented_image\Augmented_Image\Mosaic_Virus\IMG_2135_scaled.jpg,2,1,2,0,severity_not_confirmable_from_partial_or_non_leaf_view
379,IMG_003633,images/IMG_003633.jpg,watermelon_disease_recognition,Mosaic_Virus,data_external\raw\watermelon_disease_recognition\Watermelon Disease Recognition Dataset\original_image\Watermelon\Mosaic_Virus\IMG_1966.jpg,2,1,1,1,localized_mild_symptoms
380,IMG_003657,images/IMG_003657.jpg,watermelon_disease_recognition,Mosaic_Virus,data_external\raw\watermelon_disease_recognition\Watermelon Disease Recognition Dataset\original_image\Watermelon\Mosaic_Virus\IMG_2167.jpg,2,1,2,0,severity_not_confirmable_from_partial_or_non_leaf_view
381,IMG_003673,images/IMG_003673.jpg,watermelon_disease_recognition,Mosaic_Virus,data_external\raw\watermelon_disease_recognition\Watermelon Disease Recognition Dataset\augmented_image\Augmented_Image\Mosaic_Virus\IMG_3005_shifted.jpg,2,1,1,1,localized_mild_symptoms
382,IMG_003677,images/IMG_003677.jpg,watermelon_disease_recognition,Mosaic_Virus,data_external\raw\watermelon_disease_recognition\Watermelon Disease Recognition Dataset\original_image\Watermelon\Mosaic_Virus\IMG_1934.jpg,2,1,3,1,large_area_damage_deformation_wilting_or_necrosis
383,IMG_003696,images/IMG_003696.jpg,watermelon_disease_recognition,Mosaic_Virus,data_external\raw\watermelon_disease_recognition\Watermelon Disease Recognition Dataset\augmented_image\Augmented_Image\Mosaic_Virus\IMG_2968_scaled.jpg,2,1,2,1,multiple_regions_or_clear_lesions
384,IMG_003711,images/IMG_003711.jpg,watermelon_disease_recognition,Mosaic_Virus,data_external\raw\watermelon_disease_recognition\Watermelon Disease Recognition Dataset\augmented_image\Augmented_Image\Mosaic_Virus\IMG_1985_shifted.jpg,2,1,1,1,localized_mild_symptoms
385,IMG_003767,images/IMG_003767.jpg,watermelon_disease_recognition,Mosaic_Virus,data_external\raw\watermelon_disease_recognition\Watermelon Disease Recognition Dataset\original_image\Watermelon\Mosaic_Virus\IMG_2100.jpg,2,1,3,1,large_area_damage_deformation_wilting_or_necrosis
386,IMG_003829,images/IMG_003829.jpg,watermelon_disease_recognition,Mosaic_Virus,data_external\raw\watermelon_disease_recognition\Watermelon Disease Recognition Dataset\augmented_image\Augmented_Image\Mosaic_Virus\IMG_2117_scaled.jpg,2,1,3,1,large_area_damage_deformation_wilting_or_necrosis
387,IMG_003836,images/IMG_003836.jpg,watermelon_disease_recognition,Mosaic_Virus,data_external\raw\watermelon_disease_recognition\Watermelon Disease Recognition Dataset\augmented_image\Augmented_Image\Mosaic_Virus\IMG_1975_flip.jpg,2,1,3,1,large_area_damage_deformation_wilting_or_necrosis
388,IMG_003847,images/IMG_003847.jpg,watermelon_disease_recognition,Mosaic_Virus,data_external\raw\watermelon_disease_recognition\Watermelon Disease Recognition Dataset\augmented_image\Augmented_Image\Mosaic_Virus\IMG_2058_zoomed.jpg,2,1,3,1,large_area_damage_deformation_wilting_or_necrosis
389,IMG_003849,images/IMG_003849.jpg,watermelon_disease_recognition,Mosaic_Virus,data_external\raw\watermelon_disease_recognition\Watermelon Disease Recognition Dataset\augmented_image\Augmented_Image\Mosaic_Virus\IMG_3014_zoomed.jpg,2,1,2,0,severity_not_confirmable_from_partial_or_non_leaf_view
390,IMG_003875,images/IMG_003875.jpg,watermelon_disease_recognition,Mosaic_Virus,data_external\raw\watermelon_disease_recognition\Watermelon Disease Recognition Dataset\original_image\Watermelon\Mosaic_Virus\IMG_1941.jpg,2,1,2,1,multiple_regions_or_clear_lesions
391,IMG_003933,images/IMG_003933.jpg,watermelon_disease_recognition,Mosaic_Virus,data_external\raw\watermelon_disease_recognition\Watermelon Disease Recognition Dataset\augmented_image\Augmented_Image\Mosaic_Virus\IMG_1959_brightened.jpg,2,1,1,1,localized_mild_symptoms
392,IMG_003973,images/IMG_003973.jpg,watermelon_disease_recognition,Mosaic_Virus,data_external\raw\watermelon_disease_recognition\Watermelon Disease Recognition Dataset\augmented_image\Augmented_Image\Mosaic_Virus\IMG_2066_scaled.jpg,2,1,2,0,severity_not_confirmable_from_partial_or_non_leaf_view
393,IMG_004036,images/IMG_004036.jpg,watermelon_disease_recognition,Mosaic_Virus,data_external\raw\watermelon_disease_recognition\Watermelon Disease Recognition Dataset\augmented_image\Augmented_Image\Mosaic_Virus\IMG_2992_brightened.jpg,2,1,2,1,multiple_regions_or_clear_lesions
394,IMG_004068,images/IMG_004068.jpg,watermelon_disease_recognition,Mosaic_Virus,data_external\raw\watermelon_disease_recognition\Watermelon Disease Recognition Dataset\augmented_image\Augmented_Image\Mosaic_Virus\IMG_3013_flip.jpg,2,1,2,1,multiple_regions_or_clear_lesions
395,IMG_004097,images/IMG_004097.jpg,watermelon_disease_recognition,Mosaic_Virus,data_external\raw\watermelon_disease_recognition\Watermelon Disease Recognition Dataset\augmented_image\Augmented_Image\Mosaic_Virus\IMG_2082_zoomed.jpg,2,1,3,1,large_area_damage_deformation_wilting_or_necrosis
396,IMG_004101,images/IMG_004101.jpg,watermelon_disease_recognition,Mosaic_Virus,data_external\raw\watermelon_disease_recognition\Watermelon Disease Recognition Dataset\augmented_image\Augmented_Image\Mosaic_Virus\IMG_1992_zoomed.jpg,2,1,2,1,multiple_regions_or_clear_lesions
397,IMG_004104,images/IMG_004104.jpg,watermelon_disease_recognition,Mosaic_Virus,data_external\raw\watermelon_disease_recognition\Watermelon Disease Recognition Dataset\original_image\Watermelon\Mosaic_Virus\IMG_2121.jpg,2,1,2,0,severity_not_confirmable_from_partial_or_non_leaf_view
398,IMG_004112,images/IMG_004112.jpg,watermelon_disease_recognition,Mosaic_Virus,data_external\raw\watermelon_disease_recognition\Watermelon Disease Recognition Dataset\augmented_image\Augmented_Image\Mosaic_Virus\IMG_2102_brightened.jpg,2,1,3,1,large_area_damage_deformation_wilting_or_necrosis
399,IMG_004113,images/IMG_004113.jpg,watermelon_disease_recognition,Mosaic_Virus,data_external\raw\watermelon_disease_recognition\Watermelon Disease Recognition Dataset\augmented_image\Augmented_Image\Mosaic_Virus\IMG_2138_flip.jpg,2,1,3,1,large_area_damage_deformation_wilting_or_necrosis
400,IMG_004131,images/IMG_004131.jpg,watermelon_disease_recognition,Mosaic_Virus,data_external\raw\watermelon_disease_recognition\Watermelon Disease Recognition Dataset\augmented_image\Augmented_Image\Mosaic_Virus\IMG_2148_flip.jpg,2,1,3,1,large_area_damage_deformation_wilting_or_necrosis
401,IMG_004158,images/IMG_004158.jpg,watermelon_disease_recognition,Mosaic_Virus,data_external\raw\watermelon_disease_recognition\Watermelon Disease Recognition Dataset\augmented_image\Augmented_Image\Mosaic_Virus\IMG_2140_flip.jpg,2,1,3,1,large_area_damage_deformation_wilting_or_necrosis
402,IMG_004169,images/IMG_004169.jpg,watermelon_disease_recognition,Mosaic_Virus,data_external\raw\watermelon_disease_recognition\Watermelon Disease Recognition Dataset\augmented_image\Augmented_Image\Mosaic_Virus\IMG_2932_flip.jpg,2,1,2,1,multiple_regions_or_clear_lesions
403,IMG_004204,images/IMG_004204.jpg,watermelon_disease_recognition,Mosaic_Virus,data_external\raw\watermelon_disease_recognition\Watermelon Disease Recognition Dataset\augmented_image\Augmented_Image\Mosaic_Virus\IMG_2947_brightened.jpg,2,1,1,1,localized_mild_symptoms
404,IMG_004242,images/IMG_004242.jpg,watermelon_disease_recognition,Mosaic_Virus,data_external\raw\watermelon_disease_recognition\Watermelon Disease Recognition Dataset\augmented_image\Augmented_Image\Mosaic_Virus\IMG_2991_shifted.jpg,2,1,1,1,localized_mild_symptoms
405,IMG_004260,images/IMG_004260.jpg,watermelon_disease_recognition,Mosaic_Virus,data_external\raw\watermelon_disease_recognition\Watermelon Disease Recognition Dataset\augmented_image\Augmented_Image\Mosaic_Virus\IMG_2061_zoomed.jpg,2,1,2,0,severity_not_confirmable_from_partial_or_non_leaf_view
406,IMG_004401,images/IMG_004401.jpg,watermelon_disease_recognition,Mosaic_Virus,data_external\raw\watermelon_disease_recognition\Watermelon Disease Recognition Dataset\original_image\Watermelon\Mosaic_Virus\IMG_3076.jpg,2,1,2,1,multiple_regions_or_clear_lesions
407,IMG_004412,images/IMG_004412.jpg,watermelon_disease_recognition,Mosaic_Virus,data_external\raw\watermelon_disease_recognition\Watermelon Disease Recognition Dataset\augmented_image\Augmented_Image\Mosaic_Virus\IMG_2111_brightened.jpg,2,1,3,1,large_area_damage_deformation_wilting_or_necrosis
408,IMG_004445,images/IMG_004445.jpg,watermelon_disease_recognition,Mosaic_Virus,data_external\raw\watermelon_disease_recognition\Watermelon Disease Recognition Dataset\augmented_image\Augmented_Image\Mosaic_Virus\IMG_1918_scaled.jpg,2,1,2,0,severity_not_confirmable_from_partial_or_non_leaf_view
409,IMG_004474,images/IMG_004474.jpg,watermelon_disease_recognition,Mosaic_Virus,data_external\raw\watermelon_disease_recognition\Watermelon Disease Recognition Dataset\augmented_image\Augmented_Image\Mosaic_Virus\IMG_1997_shifted.jpg,2,1,3,1,large_area_damage_deformation_wilting_or_necrosis
410,IMG_004551,images/IMG_004551.jpg,watermelon_disease_recognition,Mosaic_Virus,data_external\raw\watermelon_disease_recognition\Watermelon Disease Recognition Dataset\augmented_image\Augmented_Image\Mosaic_Virus\IMG_1946_brightened.jpg,2,1,1,1,localized_mild_symptoms
411,IMG_004571,images/IMG_004571.jpg,watermelon_disease_recognition,Mosaic_Virus,data_external\raw\watermelon_disease_recognition\Watermelon Disease Recognition Dataset\augmented_image\Augmented_Image\Mosaic_Virus\IMG_2137_brightened.jpg,2,1,3,1,large_area_damage_deformation_wilting_or_necrosis
412,IMG_004610,images/IMG_004610.jpg,watermelon_disease_recognition,Mosaic_Virus,data_external\raw\watermelon_disease_recognition\Watermelon Disease Recognition Dataset\augmented_image\Augmented_Image\Mosaic_Virus\IMG_1940_scaled.jpg,2,1,2,0,severity_not_confirmable_from_partial_or_non_leaf_view
413,IMG_004653,images/IMG_004653.jpg,watermelon_disease_recognition,Mosaic_Virus,data_external\raw\watermelon_disease_recognition\Watermelon Disease Recognition Dataset\augmented_image\Augmented_Image\Mosaic_Virus\IMG_1980_shifted.jpg,2,1,1,1,localized_mild_symptoms
414,IMG_004697,images/IMG_004697.jpg,watermelon_disease_recognition,Mosaic_Virus,data_external\raw\watermelon_disease_recognition\Watermelon Disease Recognition Dataset\augmented_image\Augmented_Image\Mosaic_Virus\IMG_2965_flip.jpg,2,1,1,1,localized_mild_symptoms
415,IMG_004747,images/IMG_004747.jpg,watermelon_disease_recognition,Mosaic_Virus,data_external\raw\watermelon_disease_recognition\Watermelon Disease Recognition Dataset\augmented_image\Augmented_Image\Mosaic_Virus\IMG_2067_flip.jpg,2,1,2,0,severity_not_confirmable_from_partial_or_non_leaf_view
416,IMG_004816,images/IMG_004816.jpg,watermelon_disease_recognition,Mosaic_Virus,data_external\raw\watermelon_disease_recognition\Watermelon Disease Recognition Dataset\augmented_image\Augmented_Image\Mosaic_Virus\IMG_2999_flip.jpg,2,1,2,1,multiple_regions_or_clear_lesions
417,IMG_004861,images/IMG_004861.jpg,watermelon_disease_recognition,Mosaic_Virus,data_external\raw\watermelon_disease_recognition\Watermelon Disease Recognition Dataset\augmented_image\Augmented_Image\Mosaic_Virus\IMG_2024_zoomed.jpg,2,1,2,0,severity_not_confirmable_from_partial_or_non_leaf_view
418,IMG_004869,images/IMG_004869.jpg,watermelon_disease_recognition,Mosaic_Virus,data_external\raw\watermelon_disease_recognition\Watermelon Disease Recognition Dataset\original_image\Watermelon\Mosaic_Virus\IMG_2084.jpg,2,1,3,1,large_area_damage_deformation_wilting_or_necrosis
419,IMG_004891,images/IMG_004891.jpg,watermelon_disease_recognition,Mosaic_Virus,data_external\raw\watermelon_disease_recognition\Watermelon Disease Recognition Dataset\augmented_image\Augmented_Image\Mosaic_Virus\IMG_2048_zoomed.jpg,2,1,3,1,large_area_damage_deformation_wilting_or_necrosis
420,IMG_004897,images/IMG_004897.jpg,watermelon_disease_recognition,Mosaic_Virus,data_external\raw\watermelon_disease_recognition\Watermelon Disease Recognition Dataset\augmented_image\Augmented_Image\Mosaic_Virus\IMG_2129_zoomed.jpg,2,1,3,1,large_area_damage_deformation_wilting_or_necrosis
421,IMG_004899,images/IMG_004899.jpg,watermelon_disease_recognition,Mosaic_Virus,data_external\raw\watermelon_disease_recognition\Watermelon Disease Recognition Dataset\augmented_image\Augmented_Image\Mosaic_Virus\IMG_2088_brightened.jpg,2,1,1,1,localized_mild_symptoms
422,IMG_004929,images/IMG_004929.jpg,watermelon_disease_recognition,Mosaic_Virus,data_external\raw\watermelon_disease_recognition\Watermelon Disease Recognition Dataset\augmented_image\Augmented_Image\Mosaic_Virus\IMG_3078_shifted.jpg,2,1,2,1,multiple_regions_or_clear_lesions
423,IMG_004966,images/IMG_004966.jpg,watermelon_disease_recognition,Mosaic_Virus,data_external\raw\watermelon_disease_recognition\Watermelon Disease Recognition Dataset\augmented_image\Augmented_Image\Mosaic_Virus\IMG_1963_brightened.jpg,2,1,1,1,localized_mild_symptoms
424,IMG_004999,images/IMG_004999.jpg,watermelon_disease_recognition,Mosaic_Virus,data_external\raw\watermelon_disease_recognition\Watermelon Disease Recognition Dataset\augmented_image\Augmented_Image\Mosaic_Virus\IMG_2960_zoomed.jpg,2,1,2,0,severity_not_confirmable_from_partial_or_non_leaf_view
425,IMG_005006,images/IMG_005006.jpg,watermelon_disease_recognition,Mosaic_Virus,data_external\raw\watermelon_disease_recognition\Watermelon Disease Recognition Dataset\augmented_image\Augmented_Image\Mosaic_Virus\IMG_2941_brightened.jpg,2,1,1,1,localized_mild_symptoms
426,IMG_005008,images/IMG_005008.jpg,watermelon_disease_recognition,Mosaic_Virus,data_external\raw\watermelon_disease_recognition\Watermelon Disease Recognition Dataset\original_image\Watermelon\Mosaic_Virus\IMG_3044.jpg,2,1,2,1,multiple_regions_or_clear_lesions
427,IMG_005011,images/IMG_005011.jpg,watermelon_disease_recognition,Mosaic_Virus,data_external\raw\watermelon_disease_recognition\Watermelon Disease Recognition Dataset\augmented_image\Augmented_Image\Mosaic_Virus\IMG_2068_flip.jpg,2,1,3,1,large_area_damage_deformation_wilting_or_necrosis
428,IMG_005040,images/IMG_005040.jpg,watermelon_disease_recognition,Mosaic_Virus,data_external\raw\watermelon_disease_recognition\Watermelon Disease Recognition Dataset\original_image\Watermelon\Mosaic_Virus\IMG_1931.jpg,2,1,3,1,large_area_damage_deformation_wilting_or_necrosis
429,IMG_005042,images/IMG_005042.jpg,watermelon_disease_recognition,Mosaic_Virus,data_external\raw\watermelon_disease_recognition\Watermelon Disease Recognition Dataset\augmented_image\Augmented_Image\Mosaic_Virus\IMG_1993_brightened.jpg,2,1,3,1,large_area_damage_deformation_wilting_or_necrosis
430,IMG_005055,images/IMG_005055.jpg,watermelon_disease_recognition,Mosaic_Virus,data_external\raw\watermelon_disease_recognition\Watermelon Disease Recognition Dataset\augmented_image\Augmented_Image\Mosaic_Virus\IMG_2136_flip.jpg,2,1,3,1,large_area_damage_deformation_wilting_or_necrosis
431,IMG_005093,images/IMG_005093.jpg,watermelon_disease_recognition,Mosaic_Virus,data_external\raw\watermelon_disease_recognition\Watermelon Disease Recognition Dataset\augmented_image\Augmented_Image\Mosaic_Virus\IMG_2146_brightened.jpg,2,1,3,1,large_area_damage_deformation_wilting_or_necrosis
432,IMG_005096,images/IMG_005096.jpg,watermelon_disease_recognition,Mosaic_Virus,data_external\raw\watermelon_disease_recognition\Watermelon Disease Recognition Dataset\augmented_image\Augmented_Image\Mosaic_Virus\IMG_1955_brightened.jpg,2,1,3,1,large_area_damage_deformation_wilting_or_necrosis
433,IMG_005146,images/IMG_005146.jpg,watermelon_disease_recognition,Mosaic_Virus,data_external\raw\watermelon_disease_recognition\Watermelon Disease Recognition Dataset\augmented_image\Augmented_Image\Mosaic_Virus\IMG_2107_shifted.jpg,2,1,1,1,localized_mild_symptoms
434,IMG_005147,images/IMG_005147.jpg,watermelon_disease_recognition,Mosaic_Virus,data_external\raw\watermelon_disease_recognition\Watermelon Disease Recognition Dataset\augmented_image\Augmented_Image\Mosaic_Virus\IMG_1914_zoomed.jpg,2,1,1,1,localized_mild_symptoms
435,IMG_005248,images/IMG_005248.jpg,watermelon_disease_recognition,Mosaic_Virus,data_external\raw\watermelon_disease_recognition\Watermelon Disease Recognition Dataset\augmented_image\Augmented_Image\Mosaic_Virus\IMG_2955_scaled.jpg,2,1,2,0,severity_not_confirmable_from_partial_or_non_leaf_view
436,IMG_005256,images/IMG_005256.jpg,watermelon_disease_recognition,Mosaic_Virus,data_external\raw\watermelon_disease_recognition\Watermelon Disease Recognition Dataset\augmented_image\Augmented_Image\Mosaic_Virus\IMG_2967_flip.jpg,2,1,1,1,localized_mild_symptoms
437,IMG_005271,images/IMG_005271.jpg,watermelon_disease_recognition,Mosaic_Virus,data_external\raw\watermelon_disease_recognition\Watermelon Disease Recognition Dataset\augmented_image\Augmented_Image\Mosaic_Virus\IMG_1976_flip.jpg,2,1,3,1,large_area_damage_deformation_wilting_or_necrosis
438,IMG_005272,images/IMG_005272.jpg,watermelon_disease_recognition,Mosaic_Virus,data_external\raw\watermelon_disease_recognition\Watermelon Disease Recognition Dataset\augmented_image\Augmented_Image\Mosaic_Virus\IMG_1924_zoomed.jpg,2,1,2,0,severity_not_confirmable_from_partial_or_non_leaf_view
439,IMG_005284,images/IMG_005284.jpg,watermelon_disease_recognition,Mosaic_Virus,data_external\raw\watermelon_disease_recognition\Watermelon Disease Recognition Dataset\augmented_image\Augmented_Image\Mosaic_Virus\IMG_1925_flip.jpg,2,1,3,1,large_area_damage_deformation_wilting_or_necrosis
440,IMG_005307,images/IMG_005307.jpg,watermelon_disease_recognition,Mosaic_Virus,data_external\raw\watermelon_disease_recognition\Watermelon Disease Recognition Dataset\original_image\Watermelon\Mosaic_Virus\IMG_1969.jpg,2,1,3,1,large_area_damage_deformation_wilting_or_necrosis
441,IMG_005343,images/IMG_005343.jpg,watermelon_disease_recognition,Mosaic_Virus,data_external\raw\watermelon_disease_recognition\Watermelon Disease Recognition Dataset\augmented_image\Augmented_Image\Mosaic_Virus\IMG_2097_shifted.jpg,2,1,3,1,large_area_damage_deformation_wilting_or_necrosis
442,IMG_005356,images/IMG_005356.jpg,watermelon_disease_recognition,Mosaic_Virus,data_external\raw\watermelon_disease_recognition\Watermelon Disease Recognition Dataset\augmented_image\Augmented_Image\Mosaic_Virus\IMG_2020_shifted.jpg,2,1,2,0,severity_not_confirmable_from_partial_or_non_leaf_view
443,IMG_005359,images/IMG_005359.jpg,watermelon_disease_recognition,Mosaic_Virus,data_external\raw\watermelon_disease_recognition\Watermelon Disease Recognition Dataset\augmented_image\Augmented_Image\Mosaic_Virus\IMG_1934_brightened.jpg,2,1,3,1,large_area_damage_deformation_wilting_or_necrosis
444,IMG_005389,images/IMG_005389.jpg,watermelon_disease_recognition,Mosaic_Virus,data_external\raw\watermelon_disease_recognition\Watermelon Disease Recognition Dataset\original_image\Watermelon\Mosaic_Virus\IMG_2981.jpg,2,1,1,1,localized_mild_symptoms
445,IMG_005413,images/IMG_005413.jpg,watermelon_disease_recognition,Mosaic_Virus,data_external\raw\watermelon_disease_recognition\Watermelon Disease Recognition Dataset\original_image\Watermelon\Mosaic_Virus\IMG_2010.jpg,2,1,2,0,severity_not_confirmable_from_partial_or_non_leaf_view
446,IMG_005415,images/IMG_005415.jpg,watermelon_disease_recognition,Mosaic_Virus,data_external\raw\watermelon_disease_recognition\Watermelon Disease Recognition Dataset\augmented_image\Augmented_Image\Mosaic_Virus\IMG_2078_scaled.jpg,2,1,2,0,severity_not_confirmable_from_partial_or_non_leaf_view
447,IMG_005464,images/IMG_005464.jpg,watermelon_disease_recognition,Mosaic_Virus,data_external\raw\watermelon_disease_recognition\Watermelon Disease Recognition Dataset\augmented_image\Augmented_Image\Mosaic_Virus\IMG_2153_brightened.jpg,2,1,2,1,multiple_regions_or_clear_lesions
448,IMG_005477,images/IMG_005477.jpg,watermelon_disease_recognition,Mosaic_Virus,data_external\raw\watermelon_disease_recognition\Watermelon Disease Recognition Dataset\original_image\Watermelon\Mosaic_Virus\IMG_2066.jpg,2,1,2,0,severity_not_confirmable_from_partial_or_non_leaf_view
449,IMG_005485,images/IMG_005485.jpg,watermelon_disease_recognition,Mosaic_Virus,data_external\raw\watermelon_disease_recognition\Watermelon Disease Recognition Dataset\augmented_image\Augmented_Image\Mosaic_Virus\IMG_3053_scaled.jpg,2,1,2,0,severity_not_confirmable_from_partial_or_non_leaf_view
450,IMG_005517,images/IMG_005517.jpg,watermelon_disease_recognition,Mosaic_Virus,data_external\raw\watermelon_disease_recognition\Watermelon Disease Recognition Dataset\augmented_image\Augmented_Image\Mosaic_Virus\IMG_3050_flip.jpg,2,1,1,1,localized_mild_symptoms
451,IMG_005519,images/IMG_005519.jpg,watermelon_disease_recognition,Mosaic_Virus,data_external\raw\watermelon_disease_recognition\Watermelon Disease Recognition Dataset\augmented_image\Augmented_Image\Mosaic_Virus\IMG_2121_zoomed.jpg,2,1,3,1,large_area_damage_deformation_wilting_or_necrosis
452,IMG_005520,images/IMG_005520.jpg,watermelon_disease_recognition,Mosaic_Virus,data_external\raw\watermelon_disease_recognition\Watermelon Disease Recognition Dataset\augmented_image\Augmented_Image\Mosaic_Virus\IMG_2105_brightened.jpg,2,1,3,1,large_area_damage_deformation_wilting_or_necrosis
453,IMG_005536,images/IMG_005536.jpg,watermelon_disease_recognition,Mosaic_Virus,data_external\raw\watermelon_disease_recognition\Watermelon Disease Recognition Dataset\augmented_image\Augmented_Image\Mosaic_Virus\IMG_3043_flip.jpg,2,1,2,1,multiple_regions_or_clear_lesions
454,IMG_005564,images/IMG_005564.jpg,watermelon_disease_recognition,Mosaic_Virus,data_external\raw\watermelon_disease_recognition\Watermelon Disease Recognition Dataset\augmented_image\Augmented_Image\Mosaic_Virus\IMG_2162_flip.jpg,2,1,3,1,large_area_damage_deformation_wilting_or_necrosis
455,IMG_005573,images/IMG_005573.jpg,watermelon_disease_recognition,Mosaic_Virus,data_external\raw\watermelon_disease_recognition\Watermelon Disease Recognition Dataset\augmented_image\Augmented_Image\Mosaic_Virus\IMG_1946_zoomed.jpg,2,1,2,1,multiple_regions_or_clear_lesions
456,IMG_005582,images/IMG_005582.jpg,watermelon_disease_recognition,Mosaic_Virus,data_external\raw\watermelon_disease_recognition\Watermelon Disease Recognition Dataset\original_image\Watermelon\Mosaic_Virus\IMG_3004.jpg,2,1,1,1,localized_mild_symptoms
457,IMG_005586,images/IMG_005586.jpg,watermelon_disease_recognition,Mosaic_Virus,data_external\raw\watermelon_disease_recognition\Watermelon Disease Recognition Dataset\augmented_image\Augmented_Image\Mosaic_Virus\IMG_1950_scaled.jpg,2,1,2,0,severity_not_confirmable_from_partial_or_non_leaf_view
458,IMG_005599,images/IMG_005599.jpg,watermelon_disease_recognition,Mosaic_Virus,data_external\raw\watermelon_disease_recognition\Watermelon Disease Recognition Dataset\augmented_image\Augmented_Image\Mosaic_Virus\IMG_2982_scaled.jpg,2,1,2,0,severity_not_confirmable_from_partial_or_non_leaf_view
459,IMG_005614,images/IMG_005614.jpg,watermelon_disease_recognition,Mosaic_Virus,data_external\raw\watermelon_disease_recognition\Watermelon Disease Recognition Dataset\augmented_image\Augmented_Image\Mosaic_Virus\IMG_3031_zoomed.jpg,2,1,1,1,localized_mild_symptoms
460,IMG_005649,images/IMG_005649.jpg,watermelon_disease_recognition,Mosaic_Virus,data_external\raw\watermelon_disease_recognition\Watermelon Disease Recognition Dataset\augmented_image\Augmented_Image\Mosaic_Virus\IMG_2109_shifted.jpg,2,1,1,1,localized_mild_symptoms
461,IMG_005657,images/IMG_005657.jpg,watermelon_disease_recognition,Mosaic_Virus,data_external\raw\watermelon_disease_recognition\Watermelon Disease Recognition Dataset\augmented_image\Augmented_Image\Mosaic_Virus\IMG_1919_brightened.jpg,2,1,3,1,large_area_damage_deformation_wilting_or_necrosis
462,IMG_005686,images/IMG_005686.jpg,watermelon_disease_recognition,Mosaic_Virus,data_external\raw\watermelon_disease_recognition\Watermelon Disease Recognition Dataset\augmented_image\Augmented_Image\Mosaic_Virus\IMG_3026_shifted.jpg,2,1,2,1,multiple_regions_or_clear_lesions
463,IMG_005701,images/IMG_005701.jpg,watermelon_disease_recognition,Mosaic_Virus,data_external\raw\watermelon_disease_recognition\Watermelon Disease Recognition Dataset\augmented_image\Augmented_Image\Mosaic_Virus\IMG_2087_shifted.jpg,2,1,1,1,localized_mild_symptoms
464,IMG_005709,images/IMG_005709.jpg,watermelon_disease_recognition,Mosaic_Virus,data_external\raw\watermelon_disease_recognition\Watermelon Disease Recognition Dataset\augmented_image\Augmented_Image\Mosaic_Virus\IMG_2008_scaled.jpg,2,1,2,0,severity_not_confirmable_from_partial_or_non_leaf_view
465,IMG_005765,images/IMG_005765.jpg,watermelon_disease_recognition,Mosaic_Virus,data_external\raw\watermelon_disease_recognition\Watermelon Disease Recognition Dataset\augmented_image\Augmented_Image\Mosaic_Virus\IMG_1971_zoomed.jpg,2,1,3,1,large_area_damage_deformation_wilting_or_necrosis
466,IMG_005806,images/IMG_005806.jpg,watermelon_disease_recognition,Mosaic_Virus,data_external\raw\watermelon_disease_recognition\Watermelon Disease Recognition Dataset\augmented_image\Augmented_Image\Mosaic_Virus\IMG_1938_brightened.jpg,2,1,3,1,large_area_damage_deformation_wilting_or_necrosis
467,IMG_005820,images/IMG_005820.jpg,watermelon_disease_recognition,Mosaic_Virus,data_external\raw\watermelon_disease_recognition\Watermelon Disease Recognition Dataset\augmented_image\Augmented_Image\Mosaic_Virus\IMG_1984_scaled.jpg,2,1,2,0,severity_not_confirmable_from_partial_or_non_leaf_view
468,IMG_005824,images/IMG_005824.jpg,watermelon_disease_recognition,Mosaic_Virus,data_external\raw\watermelon_disease_recognition\Watermelon Disease Recognition Dataset\augmented_image\Augmented_Image\Mosaic_Virus\IMG_2958_zoomed.jpg,2,1,2,0,severity_not_confirmable_from_partial_or_non_leaf_view
469,IMG_005830,images/IMG_005830.jpg,watermelon_disease_recognition,Mosaic_Virus,data_external\raw\watermelon_disease_recognition\Watermelon Disease Recognition Dataset\augmented_image\Augmented_Image\Mosaic_Virus\IMG_2161_zoomed.jpg,2,1,3,1,large_area_damage_deformation_wilting_or_necrosis
470,IMG_005834,images/IMG_005834.jpg,watermelon_disease_recognition,Mosaic_Virus,data_external\raw\watermelon_disease_recognition\Watermelon Disease Recognition Dataset\augmented_image\Augmented_Image\Mosaic_Virus\IMG_2093_flip.jpg,2,1,1,1,localized_mild_symptoms
471,IMG_005888,images/IMG_005888.jpg,watermelon_disease_recognition,Mosaic_Virus,data_external\raw\watermelon_disease_recognition\Watermelon Disease Recognition Dataset\augmented_image\Augmented_Image\Mosaic_Virus\IMG_3027_shifted.jpg,2,1,2,1,multiple_regions_or_clear_lesions
472,IMG_005894,images/IMG_005894.jpg,watermelon_disease_recognition,Mosaic_Virus,data_external\raw\watermelon_disease_recognition\Watermelon Disease Recognition Dataset\augmented_image\Augmented_Image\Mosaic_Virus\IMG_3039_zoomed.jpg,2,1,2,1,multiple_regions_or_clear_lesions
473,IMG_005906,images/IMG_005906.jpg,watermelon_disease_recognition,Mosaic_Virus,data_external\raw\watermelon_disease_recognition\Watermelon Disease Recognition Dataset\augmented_image\Augmented_Image\Mosaic_Virus\IMG_2938_flip.jpg,2,1,1,1,localized_mild_symptoms
474,IMG_005921,images/IMG_005921.jpg,watermelon_disease_recognition,Mosaic_Virus,data_external\raw\watermelon_disease_recognition\Watermelon Disease Recognition Dataset\augmented_image\Augmented_Image\Mosaic_Virus\IMG_1936_flip.jpg,2,1,3,1,large_area_damage_deformation_wilting_or_necrosis
475,IMG_005934,images/IMG_005934.jpg,watermelon_disease_recognition,Mosaic_Virus,data_external\raw\watermelon_disease_recognition\Watermelon Disease Recognition Dataset\augmented_image\Augmented_Image\Mosaic_Virus\IMG_2116_shifted.jpg,2,1,3,1,large_area_damage_deformation_wilting_or_necrosis
476,IMG_005938,images/IMG_005938.jpg,watermelon_disease_recognition,Mosaic_Virus,data_external\raw\watermelon_disease_recognition\Watermelon Disease Recognition Dataset\augmented_image\Augmented_Image\Mosaic_Virus\IMG_2073_zoomed.jpg,2,1,3,1,large_area_damage_deformation_wilting_or_necrosis
477,IMG_005979,images/IMG_005979.jpg,watermelon_disease_recognition,Mosaic_Virus,data_external\raw\watermelon_disease_recognition\Watermelon Disease Recognition Dataset\original_image\Watermelon\Mosaic_Virus\IMG_3056.jpg,2,1,1,1,localized_mild_symptoms
478,IMG_005998,images/IMG_005998.jpg,watermelon_disease_recognition,Mosaic_Virus,data_external\raw\watermelon_disease_recognition\Watermelon Disease Recognition Dataset\augmented_image\Augmented_Image\Mosaic_Virus\IMG_2082_brightened.jpg,2,1,3,1,large_area_damage_deformation_wilting_or_necrosis
479,IMG_006013,images/IMG_006013.jpg,watermelon_disease_recognition,Mosaic_Virus,data_external\raw\watermelon_disease_recognition\Watermelon Disease Recognition Dataset\augmented_image\Augmented_Image\Mosaic_Virus\IMG_1921_zoomed.jpg,2,1,3,1,large_area_damage_deformation_wilting_or_necrosis
480,IMG_006030,images/IMG_006030.jpg,watermelon_disease_recognition,Mosaic_Virus,data_external\raw\watermelon_disease_recognition\Watermelon Disease Recognition Dataset\augmented_image\Augmented_Image\Mosaic_Virus\IMG_2165_brightened.jpg,2,1,3,1,large_area_damage_deformation_wilting_or_necrosis
481,IMG_006042,images/IMG_006042.jpg,watermelon_disease_recognition,Mosaic_Virus,data_external\raw\watermelon_disease_recognition\Watermelon Disease Recognition Dataset\augmented_image\Augmented_Image\Mosaic_Virus\IMG_3043_brightened.jpg,2,1,2,1,multiple_regions_or_clear_lesions
482,IMG_006054,images/IMG_006054.jpg,watermelon_disease_recognition,Mosaic_Virus,data_external\raw\watermelon_disease_recognition\Watermelon Disease Recognition Dataset\augmented_image\Augmented_Image\Mosaic_Virus\IMG_2943_brightened.jpg,2,1,1,1,localized_mild_symptoms
483,IMG_006115,images/IMG_006115.jpg,watermelon_disease_recognition,Mosaic_Virus,data_external\raw\watermelon_disease_recognition\Watermelon Disease Recognition Dataset\augmented_image\Augmented_Image\Mosaic_Virus\IMG_2961_brightened.jpg,2,1,2,1,multiple_regions_or_clear_lesions
484,IMG_006163,images/IMG_006163.jpg,watermelon_disease_recognition,Mosaic_Virus,data_external\raw\watermelon_disease_recognition\Watermelon Disease Recognition Dataset\original_image\Watermelon\Mosaic_Virus\IMG_1997.jpg,2,1,3,1,large_area_damage_deformation_wilting_or_necrosis
485,IMG_006170,images/IMG_006170.jpg,watermelon_disease_recognition,Mosaic_Virus,data_external\raw\watermelon_disease_recognition\Watermelon Disease Recognition Dataset\augmented_image\Augmented_Image\Mosaic_Virus\IMG_2068_scaled.jpg,2,1,3,1,large_area_damage_deformation_wilting_or_necrosis
486,IMG_006236,images/IMG_006236.jpg,watermelon_disease_recognition,Mosaic_Virus,data_external\raw\watermelon_disease_recognition\Watermelon Disease Recognition Dataset\original_image\Watermelon\Mosaic_Virus\IMG_3035.jpg,2,1,1,1,localized_mild_symptoms
487,IMG_006250,images/IMG_006250.jpg,watermelon_disease_recognition,Mosaic_Virus,data_external\raw\watermelon_disease_recognition\Watermelon Disease Recognition Dataset\augmented_image\Augmented_Image\Mosaic_Virus\IMG_3044_brightened.jpg,2,1,1,1,localized_mild_symptoms
488,IMG_006268,images/IMG_006268.jpg,watermelon_disease_recognition,Mosaic_Virus,data_external\raw\watermelon_disease_recognition\Watermelon Disease Recognition Dataset\original_image\Watermelon\Mosaic_Virus\IMG_2005.jpg,2,1,2,0,severity_not_confirmable_from_partial_or_non_leaf_view
489,IMG_006276,images/IMG_006276.jpg,watermelon_disease_recognition,Mosaic_Virus,data_external\raw\watermelon_disease_recognition\Watermelon Disease Recognition Dataset\augmented_image\Augmented_Image\Mosaic_Virus\IMG_2945_flip.jpg,2,1,2,1,multiple_regions_or_clear_lesions
490,IMG_006282,images/IMG_006282.jpg,watermelon_disease_recognition,Mosaic_Virus,data_external\raw\watermelon_disease_recognition\Watermelon Disease Recognition Dataset\augmented_image\Augmented_Image\Mosaic_Virus\IMG_2123_flip.jpg,2,1,3,1,large_area_damage_deformation_wilting_or_necrosis
491,IMG_006301,images/IMG_006301.jpg,watermelon_disease_recognition,Mosaic_Virus,data_external\raw\watermelon_disease_recognition\Watermelon Disease Recognition Dataset\augmented_image\Augmented_Image\Mosaic_Virus\IMG_1941_brightened.jpg,2,1,3,1,large_area_damage_deformation_wilting_or_necrosis
492,IMG_006336,images/IMG_006336.jpg,watermelon_disease_recognition,Mosaic_Virus,data_external\raw\watermelon_disease_recognition\Watermelon Disease Recognition Dataset\original_image\Watermelon\Mosaic_Virus\IMG_1978.jpg,2,1,1,1,localized_mild_symptoms
493,IMG_006354,images/IMG_006354.jpg,watermelon_disease_recognition,Mosaic_Virus,data_external\raw\watermelon_disease_recognition\Watermelon Disease Recognition Dataset\original_image\Watermelon\Mosaic_Virus\IMG_2044.jpg,2,1,3,1,large_area_damage_deformation_wilting_or_necrosis
494,IMG_006377,images/IMG_006377.jpg,watermelon_disease_recognition,Mosaic_Virus,data_external\raw\watermelon_disease_recognition\Watermelon Disease Recognition Dataset\augmented_image\Augmented_Image\Mosaic_Virus\IMG_1974_scaled.jpg,2,1,2,0,severity_not_confirmable_from_partial_or_non_leaf_view
495,IMG_006382,images/IMG_006382.jpg,watermelon_disease_recognition,Mosaic_Virus,data_external\raw\watermelon_disease_recognition\Watermelon Disease Recognition Dataset\augmented_image\Augmented_Image\Mosaic_Virus\IMG_2016_scaled.jpg,2,1,2,0,severity_not_confirmable_from_partial_or_non_leaf_view
496,IMG_006444,images/IMG_006444.jpg,watermelon_disease_recognition,Mosaic_Virus,data_external\raw\watermelon_disease_recognition\Watermelon Disease Recognition Dataset\augmented_image\Augmented_Image\Mosaic_Virus\IMG_3004_flip.jpg,2,1,1,1,localized_mild_symptoms
497,IMG_006464,images/IMG_006464.jpg,watermelon_disease_recognition,Mosaic_Virus,data_external\raw\watermelon_disease_recognition\Watermelon Disease Recognition Dataset\augmented_image\Augmented_Image\Mosaic_Virus\IMG_2122_zoomed.jpg,2,1,3,1,large_area_damage_deformation_wilting_or_necrosis
498,IMG_006480,images/IMG_006480.jpg,watermelon_disease_recognition,Mosaic_Virus,data_external\raw\watermelon_disease_recognition\Watermelon Disease Recognition Dataset\augmented_image\Augmented_Image\Mosaic_Virus\IMG_2075_scaled.jpg,2,1,3,1,large_area_damage_deformation_wilting_or_necrosis
499,IMG_006483,images/IMG_006483.jpg,watermelon_disease_recognition,Mosaic_Virus,data_external\raw\watermelon_disease_recognition\Watermelon Disease Recognition Dataset\augmented_image\Augmented_Image\Mosaic_Virus\IMG_1928_scaled.jpg,2,1,3,1,large_area_damage_deformation_wilting_or_necrosis
500,IMG_006540,images/IMG_006540.jpg,watermelon_disease_recognition,Mosaic_Virus,data_external\raw\watermelon_disease_recognition\Watermelon Disease Recognition Dataset\original_image\Watermelon\Mosaic_Virus\IMG_2137.jpg,2,1,3,1,large_area_damage_deformation_wilting_or_necrosis
501,IMG_006549,images/IMG_006549.jpg,watermelon_disease_recognition,Mosaic_Virus,data_external\raw\watermelon_disease_recognition\Watermelon Disease Recognition Dataset\augmented_image\Augmented_Image\Mosaic_Virus\IMG_2983_scaled.jpg,2,1,2,0,severity_not_confirmable_from_partial_or_non_leaf_view
502,IMG_006577,images/IMG_006577.jpg,watermelon_disease_recognition,Mosaic_Virus,data_external\raw\watermelon_disease_recognition\Watermelon Disease Recognition Dataset\augmented_image\Augmented_Image\Mosaic_Virus\IMG_3003_brightened.jpg,2,1,1,1,localized_mild_symptoms
503,IMG_006591,images/IMG_006591.jpg,watermelon_disease_recognition,Mosaic_Virus,data_external\raw\watermelon_disease_recognition\Watermelon Disease Recognition Dataset\augmented_image\Augmented_Image\Mosaic_Virus\IMG_2066_flip.jpg,2,1,2,0,severity_not_confirmable_from_partial_or_non_leaf_view
504,IMG_006602,images/IMG_006602.jpg,watermelon_disease_recognition,Mosaic_Virus,data_external\raw\watermelon_disease_recognition\Watermelon Disease Recognition Dataset\augmented_image\Augmented_Image\Mosaic_Virus\IMG_2155_scaled.jpg,2,1,3,1,large_area_damage_deformation_wilting_or_necrosis
505,IMG_006623,images/IMG_006623.jpg,watermelon_disease_recognition,Mosaic_Virus,data_external\raw\watermelon_disease_recognition\Watermelon Disease Recognition Dataset\augmented_image\Augmented_Image\Mosaic_Virus\IMG_1914_brightened.jpg,2,1,1,1,localized_mild_symptoms
506,IMG_006629,images/IMG_006629.jpg,watermelon_disease_recognition,Mosaic_Virus,data_external\raw\watermelon_disease_recognition\Watermelon Disease Recognition Dataset\augmented_image\Augmented_Image\Mosaic_Virus\IMG_2938_scaled.jpg,2,1,2,0,severity_not_confirmable_from_partial_or_non_leaf_view
507,IMG_006632,images/IMG_006632.jpg,watermelon_disease_recognition,Mosaic_Virus,data_external\raw\watermelon_disease_recognition\Watermelon Disease Recognition Dataset\original_image\Watermelon\Mosaic_Virus\IMG_3059.jpg,2,1,1,1,localized_mild_symptoms
508,IMG_006689,images/IMG_006689.jpg,watermelon_disease_recognition,Mosaic_Virus,data_external\raw\watermelon_disease_recognition\Watermelon Disease Recognition Dataset\augmented_image\Augmented_Image\Mosaic_Virus\IMG_1922_shifted.jpg,2,1,3,1,large_area_damage_deformation_wilting_or_necrosis
509,IMG_006914,images/IMG_006914.jpg,watermelon_disease_recognition,Mosaic_Virus,data_external\raw\watermelon_disease_recognition\Watermelon Disease Recognition Dataset\augmented_image\Augmented_Image\Mosaic_Virus\IMG_2106_flip.jpg,2,1,1,1,localized_mild_symptoms
510,IMG_006947,images/IMG_006947.jpg,watermelon_disease_recognition,Mosaic_Virus,data_external\raw\watermelon_disease_recognition\Watermelon Disease Recognition Dataset\augmented_image\Augmented_Image\Mosaic_Virus\IMG_2984_brightened.jpg,2,1,1,1,localized_mild_symptoms
511,IMG_006997,images/IMG_006997.jpg,watermelon_disease_recognition,Mosaic_Virus,data_external\raw\watermelon_disease_recognition\Watermelon Disease Recognition Dataset\augmented_image\Augmented_Image\Mosaic_Virus\IMG_2954_zoomed.jpg,2,1,2,1,multiple_regions_or_clear_lesions
512,IMG_007086,images/IMG_007086.jpg,watermelon_disease_recognition,Mosaic_Virus,data_external\raw\watermelon_disease_recognition\Watermelon Disease Recognition Dataset\augmented_image\Augmented_Image\Mosaic_Virus\IMG_3014_flip.jpg,2,1,2,1,multiple_regions_or_clear_lesions
513,IMG_007103,images/IMG_007103.jpg,watermelon_disease_recognition,Mosaic_Virus,data_external\raw\watermelon_disease_recognition\Watermelon Disease Recognition Dataset\original_image\Watermelon\Mosaic_Virus\IMG_1951.jpg,2,1,3,1,large_area_damage_deformation_wilting_or_necrosis
514,IMG_007133,images/IMG_007133.jpg,watermelon_disease_recognition,Mosaic_Virus,data_external\raw\watermelon_disease_recognition\Watermelon Disease Recognition Dataset\augmented_image\Augmented_Image\Mosaic_Virus\IMG_2169_scaled.jpg,2,1,2,0,severity_not_confirmable_from_partial_or_non_leaf_view
515,IMG_007202,images/IMG_007202.jpg,watermelon_disease_recognition,Mosaic_Virus,data_external\raw\watermelon_disease_recognition\Watermelon Disease Recognition Dataset\original_image\Watermelon\Mosaic_Virus\IMG_2037.jpg,2,1,3,1,large_area_damage_deformation_wilting_or_necrosis
516,IMG_007260,images/IMG_007260.jpg,watermelon_disease_recognition,Mosaic_Virus,data_external\raw\watermelon_disease_recognition\Watermelon Disease Recognition Dataset\augmented_image\Augmented_Image\Mosaic_Virus\IMG_2042_scaled.jpg,2,1,2,0,severity_not_confirmable_from_partial_or_non_leaf_view
517,IMG_007285,images/IMG_007285.jpg,watermelon_disease_recognition,Mosaic_Virus,data_external\raw\watermelon_disease_recognition\Watermelon Disease Recognition Dataset\augmented_image\Augmented_Image\Mosaic_Virus\IMG_2957_shifted.jpg,2,1,2,1,multiple_regions_or_clear_lesions
518,IMG_007295,images/IMG_007295.jpg,watermelon_disease_recognition,Mosaic_Virus,data_external\raw\watermelon_disease_recognition\Watermelon Disease Recognition Dataset\original_image\Watermelon\Mosaic_Virus\IMG_2094.jpg,2,1,1,1,localized_mild_symptoms
519,IMG_007328,images/IMG_007328.jpg,watermelon_disease_recognition,Mosaic_Virus,data_external\raw\watermelon_disease_recognition\Watermelon Disease Recognition Dataset\augmented_image\Augmented_Image\Mosaic_Virus\IMG_2054_brightened.jpg,2,1,3,1,large_area_damage_deformation_wilting_or_necrosis
520,IMG_007361,images/IMG_007361.jpg,watermelon_disease_recognition,Mosaic_Virus,data_external\raw\watermelon_disease_recognition\Watermelon Disease Recognition Dataset\augmented_image\Augmented_Image\Mosaic_Virus\IMG_2022_flip.jpg,2,1,2,0,severity_not_confirmable_from_partial_or_non_leaf_view
521,IMG_007394,images/IMG_007394.jpg,watermelon_disease_recognition,Mosaic_Virus,data_external\raw\watermelon_disease_recognition\Watermelon Disease Recognition Dataset\augmented_image\Augmented_Image\Mosaic_Virus\IMG_2950_scaled.jpg,2,1,2,0,severity_not_confirmable_from_partial_or_non_leaf_view
522,IMG_007402,images/IMG_007402.jpg,watermelon_disease_recognition,Mosaic_Virus,data_external\raw\watermelon_disease_recognition\Watermelon Disease Recognition Dataset\augmented_image\Augmented_Image\Mosaic_Virus\IMG_1956_zoomed.jpg,2,1,3,1,large_area_damage_deformation_wilting_or_necrosis
523,IMG_007404,images/IMG_007404.jpg,watermelon_disease_recognition,Mosaic_Virus,data_external\raw\watermelon_disease_recognition\Watermelon Disease Recognition Dataset\original_image\Watermelon\Mosaic_Virus\IMG_2014.jpg,2,1,2,0,severity_not_confirmable_from_partial_or_non_leaf_view
524,IMG_007436,images/IMG_007436.jpg,watermelon_disease_recognition,Mosaic_Virus,data_external\raw\watermelon_disease_recognition\Watermelon Disease Recognition Dataset\augmented_image\Augmented_Image\Mosaic_Virus\IMG_1987_scaled.jpg,2,1,2,0,severity_not_confirmable_from_partial_or_non_leaf_view
525,IMG_007455,images/IMG_007455.jpg,watermelon_disease_recognition,Mosaic_Virus,data_external\raw\watermelon_disease_recognition\Watermelon Disease Recognition Dataset\augmented_image\Augmented_Image\Mosaic_Virus\IMG_3037_brightened.jpg,2,1,1,1,localized_mild_symptoms
526,IMG_007460,images/IMG_007460.jpg,watermelon_disease_recognition,Mosaic_Virus,data_external\raw\watermelon_disease_recognition\Watermelon Disease Recognition Dataset\augmented_image\Augmented_Image\Mosaic_Virus\IMG_2966_scaled.jpg,2,1,2,0,severity_not_confirmable_from_partial_or_non_leaf_view
527,IMG_007492,images/IMG_007492.jpg,watermelon_disease_recognition,Mosaic_Virus,data_external\raw\watermelon_disease_recognition\Watermelon Disease Recognition Dataset\augmented_image\Augmented_Image\Mosaic_Virus\IMG_1921_scaled.jpg,2,1,2,0,severity_not_confirmable_from_partial_or_non_leaf_view
528,IMG_007521,images/IMG_007521.jpg,watermelon_disease_recognition,Mosaic_Virus,data_external\raw\watermelon_disease_recognition\Watermelon Disease Recognition Dataset\augmented_image\Augmented_Image\Mosaic_Virus\IMG_1931_zoomed.jpg,2,1,3,1,large_area_damage_deformation_wilting_or_necrosis
529,IMG_007529,images/IMG_007529.jpg,watermelon_disease_recognition,Mosaic_Virus,data_external\raw\watermelon_disease_recognition\Watermelon Disease Recognition Dataset\augmented_image\Augmented_Image\Mosaic_Virus\IMG_1924_scaled.jpg,2,1,2,0,severity_not_confirmable_from_partial_or_non_leaf_view
530,IMG_007552,images/IMG_007552.jpg,watermelon_disease_recognition,Mosaic_Virus,data_external\raw\watermelon_disease_recognition\Watermelon Disease Recognition Dataset\augmented_image\Augmented_Image\Mosaic_Virus\IMG_2113_brightened.jpg,2,1,3,1,large_area_damage_deformation_wilting_or_necrosis
531,IMG_007555,images/IMG_007555.jpg,watermelon_disease_recognition,Mosaic_Virus,data_external\raw\watermelon_disease_recognition\Watermelon Disease Recognition Dataset\augmented_image\Augmented_Image\Mosaic_Virus\IMG_2944_zoomed.jpg,2,1,2,1,multiple_regions_or_clear_lesions
532,IMG_007601,images/IMG_007601.jpg,watermelon_disease_recognition,Mosaic_Virus,data_external\raw\watermelon_disease_recognition\Watermelon Disease Recognition Dataset\augmented_image\Augmented_Image\Mosaic_Virus\IMG_2131_zoomed.jpg,2,1,3,1,large_area_damage_deformation_wilting_or_necrosis
533,IMG_007606,images/IMG_007606.jpg,watermelon_disease_recognition,Mosaic_Virus,data_external\raw\watermelon_disease_recognition\Watermelon Disease Recognition Dataset\original_image\Watermelon\Mosaic_Virus\IMG_1919.jpg,2,1,3,1,large_area_damage_deformation_wilting_or_necrosis
534,IMG_007625,images/IMG_007625.jpg,watermelon_disease_recognition,Mosaic_Virus,data_external\raw\watermelon_disease_recognition\Watermelon Disease Recognition Dataset\augmented_image\Augmented_Image\Mosaic_Virus\IMG_1931_scaled.jpg,2,1,3,1,large_area_damage_deformation_wilting_or_necrosis
535,IMG_007630,images/IMG_007630.jpg,watermelon_disease_recognition,Mosaic_Virus,data_external\raw\watermelon_disease_recognition\Watermelon Disease Recognition Dataset\augmented_image\Augmented_Image\Mosaic_Virus\IMG_2006_shifted.jpg,2,1,2,0,severity_not_confirmable_from_partial_or_non_leaf_view
536,IMG_007669,images/IMG_007669.jpg,watermelon_disease_recognition,Mosaic_Virus,data_external\raw\watermelon_disease_recognition\Watermelon Disease Recognition Dataset\augmented_image\Augmented_Image\Mosaic_Virus\IMG_2011_shifted.jpg,2,1,2,0,severity_not_confirmable_from_partial_or_non_leaf_view
537,IMG_007688,images/IMG_007688.jpg,watermelon_disease_recognition,Mosaic_Virus,data_external\raw\watermelon_disease_recognition\Watermelon Disease Recognition Dataset\augmented_image\Augmented_Image\Mosaic_Virus\IMG_1983_brightened.jpg,2,1,1,1,localized_mild_symptoms
538,IMG_007689,images/IMG_007689.jpg,watermelon_disease_recognition,Mosaic_Virus,data_external\raw\watermelon_disease_recognition\Watermelon Disease Recognition Dataset\augmented_image\Augmented_Image\Mosaic_Virus\IMG_2953_zoomed.jpg,2,1,2,0,severity_not_confirmable_from_partial_or_non_leaf_view
539,IMG_007690,images/IMG_007690.jpg,watermelon_disease_recognition,Mosaic_Virus,data_external\raw\watermelon_disease_recognition\Watermelon Disease Recognition Dataset\augmented_image\Augmented_Image\Mosaic_Virus\IMG_2934_scaled.jpg,2,1,2,0,severity_not_confirmable_from_partial_or_non_leaf_view
540,IMG_007719,images/IMG_007719.jpg,watermelon_disease_recognition,Mosaic_Virus,data_external\raw\watermelon_disease_recognition\Watermelon Disease Recognition Dataset\augmented_image\Augmented_Image\Mosaic_Virus\IMG_2946_zoomed.jpg,2,1,1,1,localized_mild_symptoms
541,IMG_007730,images/IMG_007730.jpg,watermelon_disease_recognition,Mosaic_Virus,data_external\raw\watermelon_disease_recognition\Watermelon Disease Recognition Dataset\augmented_image\Augmented_Image\Mosaic_Virus\IMG_1935_shifted.jpg,2,1,3,1,large_area_damage_deformation_wilting_or_necrosis
542,IMG_007744,images/IMG_007744.jpg,watermelon_disease_recognition,Mosaic_Virus,data_external\raw\watermelon_disease_recognition\Watermelon Disease Recognition Dataset\augmented_image\Augmented_Image\Mosaic_Virus\IMG_3041_brightened.jpg,2,1,1,1,localized_mild_symptoms
543,IMG_007755,images/IMG_007755.jpg,watermelon_disease_recognition,Mosaic_Virus,data_external\raw\watermelon_disease_recognition\Watermelon Disease Recognition Dataset\augmented_image\Augmented_Image\Mosaic_Virus\IMG_1960_brightened.jpg,2,1,1,1,localized_mild_symptoms
544,IMG_007790,images/IMG_007790.jpg,watermelon_disease_recognition,Mosaic_Virus,data_external\raw\watermelon_disease_recognition\Watermelon Disease Recognition Dataset\original_image\Watermelon\Mosaic_Virus\IMG_1985.jpg,2,1,1,1,localized_mild_symptoms
545,IMG_007820,images/IMG_007820.jpg,watermelon_disease_recognition,Mosaic_Virus,data_external\raw\watermelon_disease_recognition\Watermelon Disease Recognition Dataset\augmented_image\Augmented_Image\Mosaic_Virus\IMG_1962_shifted.jpg,2,1,1,1,localized_mild_symptoms
546,IMG_007834,images/IMG_007834.jpg,watermelon_disease_recognition,Mosaic_Virus,data_external\raw\watermelon_disease_recognition\Watermelon Disease Recognition Dataset\augmented_image\Augmented_Image\Mosaic_Virus\IMG_2978_brightened.jpg,2,1,1,1,localized_mild_symptoms
547,IMG_007895,images/IMG_007895.jpg,watermelon_disease_recognition,Mosaic_Virus,data_external\raw\watermelon_disease_recognition\Watermelon Disease Recognition Dataset\augmented_image\Augmented_Image\Mosaic_Virus\IMG_2002_flip.jpg,2,1,3,1,large_area_damage_deformation_wilting_or_necrosis
548,IMG_007975,images/IMG_007975.jpg,watermelon_disease_recognition,Mosaic_Virus,data_external\raw\watermelon_disease_recognition\Watermelon Disease Recognition Dataset\augmented_image\Augmented_Image\Mosaic_Virus\IMG_2046_zoomed.jpg,2,1,3,1,large_area_damage_deformation_wilting_or_necrosis
549,IMG_007993,images/IMG_007993.jpg,watermelon_disease_recognition,Mosaic_Virus,data_external\raw\watermelon_disease_recognition\Watermelon Disease Recognition Dataset\augmented_image\Augmented_Image\Mosaic_Virus\IMG_3022_shifted.jpg,2,1,1,1,localized_mild_symptoms
550,IMG_008064,images/IMG_008064.jpg,watermelon_disease_recognition,Mosaic_Virus,data_external\raw\watermelon_disease_recognition\Watermelon Disease Recognition Dataset\augmented_image\Augmented_Image\Mosaic_Virus\IMG_2056_zoomed.jpg,2,1,3,1,large_area_damage_deformation_wilting_or_necrosis
551,IMG_008070,images/IMG_008070.jpg,watermelon_disease_recognition,Mosaic_Virus,data_external\raw\watermelon_disease_recognition\Watermelon Disease Recognition Dataset\augmented_image\Augmented_Image\Mosaic_Virus\IMG_2141_brightened.jpg,2,1,3,1,large_area_damage_deformation_wilting_or_necrosis
552,IMG_008076,images/IMG_008076.jpg,watermelon_disease_recognition,Mosaic_Virus,data_external\raw\watermelon_disease_recognition\Watermelon Disease Recognition Dataset\augmented_image\Augmented_Image\Mosaic_Virus\IMG_2015_zoomed.jpg,2,1,2,0,severity_not_confirmable_from_partial_or_non_leaf_view
553,IMG_008083,images/IMG_008083.jpg,watermelon_disease_recognition,Mosaic_Virus,data_external\raw\watermelon_disease_recognition\Watermelon Disease Recognition Dataset\augmented_image\Augmented_Image\Mosaic_Virus\IMG_2155_zoomed.jpg,2,1,3,1,large_area_damage_deformation_wilting_or_necrosis
554,IMG_008098,images/IMG_008098.jpg,watermelon_disease_recognition,Mosaic_Virus,data_external\raw\watermelon_disease_recognition\Watermelon Disease Recognition Dataset\augmented_image\Augmented_Image\Mosaic_Virus\IMG_2997_brightened.jpg,2,1,3,1,large_area_damage_deformation_wilting_or_necrosis
555,IMG_008119,images/IMG_008119.jpg,watermelon_disease_recognition,Mosaic_Virus,data_external\raw\watermelon_disease_recognition\Watermelon Disease Recognition Dataset\original_image\Watermelon\Mosaic_Virus\IMG_2082.jpg,2,1,3,1,large_area_damage_deformation_wilting_or_necrosis
556,IMG_008249,images/IMG_008249.jpg,watermelon_disease_recognition,Mosaic_Virus,data_external\raw\watermelon_disease_recognition\Watermelon Disease Recognition Dataset\augmented_image\Augmented_Image\Mosaic_Virus\IMG_2002_shifted.jpg,2,1,3,1,large_area_damage_deformation_wilting_or_necrosis
557,IMG_008270,images/IMG_008270.jpg,watermelon_disease_recognition,Mosaic_Virus,data_external\raw\watermelon_disease_recognition\Watermelon Disease Recognition Dataset\augmented_image\Augmented_Image\Mosaic_Virus\IMG_1976_shifted.jpg,2,1,2,1,multiple_regions_or_clear_lesions
558,IMG_008284,images/IMG_008284.jpg,watermelon_disease_recognition,Mosaic_Virus,data_external\raw\watermelon_disease_recognition\Watermelon Disease Recognition Dataset\augmented_image\Augmented_Image\Mosaic_Virus\IMG_1998_scaled.jpg,2,1,2,0,severity_not_confirmable_from_partial_or_non_leaf_view
559,IMG_008294,images/IMG_008294.jpg,watermelon_disease_recognition,Mosaic_Virus,data_external\raw\watermelon_disease_recognition\Watermelon Disease Recognition Dataset\original_image\Watermelon\Mosaic_Virus\IMG_3021.jpg,2,1,2,1,multiple_regions_or_clear_lesions
560,IMG_008297,images/IMG_008297.jpg,watermelon_disease_recognition,Mosaic_Virus,data_external\raw\watermelon_disease_recognition\Watermelon Disease Recognition Dataset\augmented_image\Augmented_Image\Mosaic_Virus\IMG_2940_brightened.jpg,2,1,1,1,localized_mild_symptoms
561,IMG_008358,images/IMG_008358.jpg,watermelon_disease_recognition,Mosaic_Virus,data_external\raw\watermelon_disease_recognition\Watermelon Disease Recognition Dataset\augmented_image\Augmented_Image\Mosaic_Virus\IMG_1987_shifted.jpg,2,1,1,1,localized_mild_symptoms
562,IMG_008360,images/IMG_008360.jpg,watermelon_disease_recognition,Mosaic_Virus,data_external\raw\watermelon_disease_recognition\Watermelon Disease Recognition Dataset\original_image\Watermelon\Mosaic_Virus\IMG_2105.jpg,2,1,3,1,large_area_damage_deformation_wilting_or_necrosis
563,IMG_008421,images/IMG_008421.jpg,watermelon_disease_recognition,Mosaic_Virus,data_external\raw\watermelon_disease_recognition\Watermelon Disease Recognition Dataset\augmented_image\Augmented_Image\Mosaic_Virus\IMG_3002_flip.jpg,2,1,1,1,localized_mild_symptoms
564,IMG_008423,images/IMG_008423.jpg,watermelon_disease_recognition,Mosaic_Virus,data_external\raw\watermelon_disease_recognition\Watermelon Disease Recognition Dataset\augmented_image\Augmented_Image\Mosaic_Virus\IMG_2087_flip.jpg,2,1,1,1,localized_mild_symptoms
565,IMG_008435,images/IMG_008435.jpg,watermelon_disease_recognition,Mosaic_Virus,data_external\raw\watermelon_disease_recognition\Watermelon Disease Recognition Dataset\augmented_image\Augmented_Image\Mosaic_Virus\IMG_2989_scaled.jpg,2,1,2,0,severity_not_confirmable_from_partial_or_non_leaf_view
566,IMG_008444,images/IMG_008444.jpg,watermelon_disease_recognition,Mosaic_Virus,data_external\raw\watermelon_disease_recognition\Watermelon Disease Recognition Dataset\augmented_image\Augmented_Image\Mosaic_Virus\IMG_2088_shifted.jpg,2,1,1,1,localized_mild_symptoms
567,IMG_008483,images/IMG_008483.jpg,watermelon_disease_recognition,Mosaic_Virus,data_external\raw\watermelon_disease_recognition\Watermelon Disease Recognition Dataset\original_image\Watermelon\Mosaic_Virus\IMG_2012.jpg,2,1,2,0,severity_not_confirmable_from_partial_or_non_leaf_view
568,IMG_008493,images/IMG_008493.jpg,watermelon_disease_recognition,Mosaic_Virus,data_external\raw\watermelon_disease_recognition\Watermelon Disease Recognition Dataset\augmented_image\Augmented_Image\Mosaic_Virus\IMG_2108_scaled.jpg,2,1,1,1,localized_mild_symptoms
569,IMG_008516,images/IMG_008516.jpg,watermelon_disease_recognition,Mosaic_Virus,data_external\raw\watermelon_disease_recognition\Watermelon Disease Recognition Dataset\augmented_image\Augmented_Image\Mosaic_Virus\IMG_1995_scaled.jpg,2,1,2,0,severity_not_confirmable_from_partial_or_non_leaf_view
570,IMG_008519,images/IMG_008519.jpg,watermelon_disease_recognition,Mosaic_Virus,data_external\raw\watermelon_disease_recognition\Watermelon Disease Recognition Dataset\augmented_image\Augmented_Image\Mosaic_Virus\IMG_2973_shifted.jpg,2,1,1,1,localized_mild_symptoms
571,IMG_008539,images/IMG_008539.jpg,watermelon_disease_recognition,Mosaic_Virus,data_external\raw\watermelon_disease_recognition\Watermelon Disease Recognition Dataset\original_image\Watermelon\Mosaic_Virus\IMG_1922.jpg,2,1,3,1,large_area_damage_deformation_wilting_or_necrosis
572,IMG_008565,images/IMG_008565.jpg,watermelon_disease_recognition,Mosaic_Virus,data_external\raw\watermelon_disease_recognition\Watermelon Disease Recognition Dataset\augmented_image\Augmented_Image\Mosaic_Virus\IMG_3021_flip.jpg,2,1,1,1,localized_mild_symptoms
573,IMG_008583,images/IMG_008583.jpg,watermelon_disease_recognition,Mosaic_Virus,data_external\raw\watermelon_disease_recognition\Watermelon Disease Recognition Dataset\original_image\Watermelon\Mosaic_Virus\IMG_2152.jpg,2,1,3,1,large_area_damage_deformation_wilting_or_necrosis
574,IMG_008598,images/IMG_008598.jpg,watermelon_disease_recognition,Mosaic_Virus,data_external\raw\watermelon_disease_recognition\Watermelon Disease Recognition Dataset\augmented_image\Augmented_Image\Mosaic_Virus\IMG_2162_zoomed.jpg,2,1,3,1,large_area_damage_deformation_wilting_or_necrosis
575,IMG_008627,images/IMG_008627.jpg,watermelon_disease_recognition,Mosaic_Virus,data_external\raw\watermelon_disease_recognition\Watermelon Disease Recognition Dataset\augmented_image\Augmented_Image\Mosaic_Virus\IMG_3039_shifted.jpg,2,1,2,1,multiple_regions_or_clear_lesions
576,IMG_008713,images/IMG_008713.jpg,watermelon_disease_recognition,Mosaic_Virus,data_external\raw\watermelon_disease_recognition\Watermelon Disease Recognition Dataset\augmented_image\Augmented_Image\Mosaic_Virus\IMG_2153_scaled.jpg,2,1,2,0,severity_not_confirmable_from_partial_or_non_leaf_view
577,IMG_008754,images/IMG_008754.jpg,watermelon_disease_recognition,Mosaic_Virus,data_external\raw\watermelon_disease_recognition\Watermelon Disease Recognition Dataset\augmented_image\Augmented_Image\Mosaic_Virus\IMG_3071_scaled.jpg,2,1,1,1,localized_mild_symptoms
578,IMG_008776,images/IMG_008776.jpg,watermelon_disease_recognition,Mosaic_Virus,data_external\raw\watermelon_disease_recognition\Watermelon Disease Recognition Dataset\original_image\Watermelon\Mosaic_Virus\IMG_3051.jpg,2,1,1,1,localized_mild_symptoms
579,IMG_008782,images/IMG_008782.jpg,watermelon_disease_recognition,Mosaic_Virus,data_external\raw\watermelon_disease_recognition\Watermelon Disease Recognition Dataset\augmented_image\Augmented_Image\Mosaic_Virus\IMG_2991_zoomed.jpg,2,1,2,0,severity_not_confirmable_from_partial_or_non_leaf_view
580,IMG_008790,images/IMG_008790.jpg,watermelon_disease_recognition,Mosaic_Virus,data_external\raw\watermelon_disease_recognition\Watermelon Disease Recognition Dataset\augmented_image\Augmented_Image\Mosaic_Virus\IMG_1953_brightened.jpg,2,1,3,1,large_area_damage_deformation_wilting_or_necrosis
581,IMG_008793,images/IMG_008793.jpg,watermelon_disease_recognition,Mosaic_Virus,data_external\raw\watermelon_disease_recognition\Watermelon Disease Recognition Dataset\original_image\Watermelon\Mosaic_Virus\IMG_2977.jpg,2,1,1,1,localized_mild_symptoms
582,IMG_008802,images/IMG_008802.jpg,watermelon_disease_recognition,Mosaic_Virus,data_external\raw\watermelon_disease_recognition\Watermelon Disease Recognition Dataset\original_image\Watermelon\Mosaic_Virus\IMG_1949.jpg,2,1,2,1,multiple_regions_or_clear_lesions
583,IMG_008812,images/IMG_008812.jpg,watermelon_disease_recognition,Mosaic_Virus,data_external\raw\watermelon_disease_recognition\Watermelon Disease Recognition Dataset\augmented_image\Augmented_Image\Mosaic_Virus\IMG_2107_zoomed.jpg,2,1,1,1,localized_mild_symptoms
584,IMG_008858,images/IMG_008858.jpg,watermelon_disease_recognition,Mosaic_Virus,data_external\raw\watermelon_disease_recognition\Watermelon Disease Recognition Dataset\augmented_image\Augmented_Image\Mosaic_Virus\IMG_2021_scaled.jpg,2,1,2,0,severity_not_confirmable_from_partial_or_non_leaf_view
585,IMG_008906,images/IMG_008906.jpg,watermelon_disease_recognition,Mosaic_Virus,data_external\raw\watermelon_disease_recognition\Watermelon Disease Recognition Dataset\original_image\Watermelon\Mosaic_Virus\IMG_1986.jpg,2,1,1,1,localized_mild_symptoms
586,IMG_008939,images/IMG_008939.jpg,watermelon_disease_recognition,Mosaic_Virus,data_external\raw\watermelon_disease_recognition\Watermelon Disease Recognition Dataset\original_image\Watermelon\Mosaic_Virus\IMG_2163.jpg,2,1,3,1,large_area_damage_deformation_wilting_or_necrosis
587,IMG_008945,images/IMG_008945.jpg,watermelon_disease_recognition,Mosaic_Virus,data_external\raw\watermelon_disease_recognition\Watermelon Disease Recognition Dataset\augmented_image\Augmented_Image\Mosaic_Virus\IMG_1959_zoomed.jpg,2,1,2,1,multiple_regions_or_clear_lesions
588,IMG_008953,images/IMG_008953.jpg,watermelon_disease_recognition,Mosaic_Virus,data_external\raw\watermelon_disease_recognition\Watermelon Disease Recognition Dataset\augmented_image\Augmented_Image\Mosaic_Virus\IMG_2043_zoomed.jpg,2,1,2,0,severity_not_confirmable_from_partial_or_non_leaf_view
589,IMG_009005,images/IMG_009005.jpg,watermelon_disease_recognition,Mosaic_Virus,data_external\raw\watermelon_disease_recognition\Watermelon Disease Recognition Dataset\augmented_image\Augmented_Image\Mosaic_Virus\IMG_1971_scaled.jpg,2,1,2,0,severity_not_confirmable_from_partial_or_non_leaf_view
590,IMG_009125,images/IMG_009125.jpg,watermelon_disease_recognition,Mosaic_Virus,data_external\raw\watermelon_disease_recognition\Watermelon Disease Recognition Dataset\augmented_image\Augmented_Image\Mosaic_Virus\IMG_2052_scaled.jpg,2,1,2,0,severity_not_confirmable_from_partial_or_non_leaf_view
591,IMG_009163,images/IMG_009163.jpg,watermelon_disease_recognition,Mosaic_Virus,data_external\raw\watermelon_disease_recognition\Watermelon Disease Recognition Dataset\original_image\Watermelon\Mosaic_Virus\IMG_2967.jpg,2,1,1,1,localized_mild_symptoms
592,IMG_009164,images/IMG_009164.jpg,watermelon_disease_recognition,Mosaic_Virus,data_external\raw\watermelon_disease_recognition\Watermelon Disease Recognition Dataset\augmented_image\Augmented_Image\Mosaic_Virus\IMG_2957_zoomed.jpg,2,1,1,1,localized_mild_symptoms
593,IMG_009195,images/IMG_009195.jpg,watermelon_disease_recognition,Mosaic_Virus,data_external\raw\watermelon_disease_recognition\Watermelon Disease Recognition Dataset\original_image\Watermelon\Mosaic_Virus\IMG_2140.jpg,2,1,3,1,large_area_damage_deformation_wilting_or_necrosis
594,IMG_009201,images/IMG_009201.jpg,watermelon_disease_recognition,Mosaic_Virus,data_external\raw\watermelon_disease_recognition\Watermelon Disease Recognition Dataset\augmented_image\Augmented_Image\Mosaic_Virus\IMG_2162_shifted.jpg,2,1,3,1,large_area_damage_deformation_wilting_or_necrosis
595,IMG_009265,images/IMG_009265.jpg,watermelon_disease_recognition,Mosaic_Virus,data_external\raw\watermelon_disease_recognition\Watermelon Disease Recognition Dataset\augmented_image\Augmented_Image\Mosaic_Virus\IMG_1942_zoomed.jpg,2,1,3,1,large_area_damage_deformation_wilting_or_necrosis
596,IMG_009273,images/IMG_009273.jpg,watermelon_disease_recognition,Mosaic_Virus,data_external\raw\watermelon_disease_recognition\Watermelon Disease Recognition Dataset\augmented_image\Augmented_Image\Mosaic_Virus\IMG_1993_zoomed.jpg,2,1,2,1,multiple_regions_or_clear_lesions
597,IMG_009277,images/IMG_009277.jpg,watermelon_disease_recognition,Mosaic_Virus,data_external\raw\watermelon_disease_recognition\Watermelon Disease Recognition Dataset\augmented_image\Augmented_Image\Mosaic_Virus\IMG_2974_scaled.jpg,2,1,2,0,severity_not_confirmable_from_partial_or_non_leaf_view
598,IMG_009281,images/IMG_009281.jpg,watermelon_disease_recognition,Mosaic_Virus,data_external\raw\watermelon_disease_recognition\Watermelon Disease Recognition Dataset\augmented_image\Augmented_Image\Mosaic_Virus\IMG_1925_zoomed.jpg,2,1,3,1,large_area_damage_deformation_wilting_or_necrosis
599,IMG_009288,images/IMG_009288.jpg,watermelon_disease_recognition,Mosaic_Virus,data_external\raw\watermelon_disease_recognition\Watermelon Disease Recognition Dataset\augmented_image\Augmented_Image\Mosaic_Virus\IMG_2110_shifted.jpg,2,1,3,1,large_area_damage_deformation_wilting_or_necrosis
600,IMG_009291,images/IMG_009291.jpg,watermelon_disease_recognition,Mosaic_Virus,data_external\raw\watermelon_disease_recognition\Watermelon Disease Recognition Dataset\augmented_image\Augmented_Image\Mosaic_Virus\IMG_3073_flip.jpg,2,1,1,1,localized_mild_symptoms
601,IMG_009310,images/IMG_009310.jpg,watermelon_disease_recognition,Mosaic_Virus,data_external\raw\watermelon_disease_recognition\Watermelon Disease Recognition Dataset\augmented_image\Augmented_Image\Mosaic_Virus\IMG_2177_flip.jpg,2,1,3,1,large_area_damage_deformation_wilting_or_necrosis
602,IMG_009337,images/IMG_009337.jpg,watermelon_disease_recognition,Mosaic_Virus,data_external\raw\watermelon_disease_recognition\Watermelon Disease Recognition Dataset\augmented_image\Augmented_Image\Mosaic_Virus\IMG_2169_flip.jpg,2,1,3,1,large_area_damage_deformation_wilting_or_necrosis
603,IMG_009340,images/IMG_009340.jpg,watermelon_disease_recognition,Mosaic_Virus,data_external\raw\watermelon_disease_recognition\Watermelon Disease Recognition Dataset\augmented_image\Augmented_Image\Mosaic_Virus\IMG_2071_scaled.jpg,2,1,2,0,severity_not_confirmable_from_partial_or_non_leaf_view
604,IMG_009347,images/IMG_009347.jpg,watermelon_disease_recognition,Mosaic_Virus,data_external\raw\watermelon_disease_recognition\Watermelon Disease Recognition Dataset\augmented_image\Augmented_Image\Mosaic_Virus\IMG_2002_scaled.jpg,2,1,2,0,severity_not_confirmable_from_partial_or_non_leaf_view
605,IMG_009354,images/IMG_009354.jpg,watermelon_disease_recognition,Mosaic_Virus,data_external\raw\watermelon_disease_recognition\Watermelon Disease Recognition Dataset\original_image\Watermelon\Mosaic_Virus\IMG_2939.jpg,2,1,1,1,localized_mild_symptoms
606,IMG_009360,images/IMG_009360.jpg,watermelon_disease_recognition,Mosaic_Virus,data_external\raw\watermelon_disease_recognition\Watermelon Disease Recognition Dataset\original_image\Watermelon\Mosaic_Virus\IMG_2156.jpg,2,1,3,1,large_area_damage_deformation_wilting_or_necrosis
607,IMG_009365,images/IMG_009365.jpg,watermelon_disease_recognition,Mosaic_Virus,data_external\raw\watermelon_disease_recognition\Watermelon Disease Recognition Dataset\augmented_image\Augmented_Image\Mosaic_Virus\IMG_2106_shifted.jpg,2,1,1,1,localized_mild_symptoms
608,IMG_009414,images/IMG_009414.jpg,watermelon_disease_recognition,Mosaic_Virus,data_external\raw\watermelon_disease_recognition\Watermelon Disease Recognition Dataset\original_image\Watermelon\Mosaic_Virus\IMG_2128.jpg,2,1,3,1,large_area_damage_deformation_wilting_or_necrosis
609,IMG_009421,images/IMG_009421.jpg,watermelon_disease_recognition,Mosaic_Virus,data_external\raw\watermelon_disease_recognition\Watermelon Disease Recognition Dataset\augmented_image\Augmented_Image\Mosaic_Virus\IMG_2084_flip.jpg,2,1,3,1,large_area_damage_deformation_wilting_or_necrosis
610,IMG_009431,images/IMG_009431.jpg,watermelon_disease_recognition,Mosaic_Virus,data_external\raw\watermelon_disease_recognition\Watermelon Disease Recognition Dataset\augmented_image\Augmented_Image\Mosaic_Virus\IMG_2013_flip.jpg,2,1,2,0,severity_not_confirmable_from_partial_or_non_leaf_view
611,IMG_009439,images/IMG_009439.jpg,watermelon_disease_recognition,Mosaic_Virus,data_external\raw\watermelon_disease_recognition\Watermelon Disease Recognition Dataset\augmented_image\Augmented_Image\Mosaic_Virus\IMG_1944_brightened.jpg,2,1,2,1,multiple_regions_or_clear_lesions
612,IMG_009483,images/IMG_009483.jpg,watermelon_disease_recognition,Mosaic_Virus,data_external\raw\watermelon_disease_recognition\Watermelon Disease Recognition Dataset\augmented_image\Augmented_Image\Mosaic_Virus\IMG_2935_shifted.jpg,2,1,1,1,localized_mild_symptoms
613,IMG_009485,images/IMG_009485.jpg,watermelon_disease_recognition,Mosaic_Virus,data_external\raw\watermelon_disease_recognition\Watermelon Disease Recognition Dataset\original_image\Watermelon\Mosaic_Virus\IMG_2173.jpg,2,1,3,1,large_area_damage_deformation_wilting_or_necrosis
614,IMG_009523,images/IMG_009523.jpg,watermelon_disease_recognition,Mosaic_Virus,data_external\raw\watermelon_disease_recognition\Watermelon Disease Recognition Dataset\augmented_image\Augmented_Image\Mosaic_Virus\IMG_2166_scaled.jpg,2,1,2,0,severity_not_confirmable_from_partial_or_non_leaf_view
615,IMG_009559,images/IMG_009559.jpg,watermelon_disease_recognition,Mosaic_Virus,data_external\raw\watermelon_disease_recognition\Watermelon Disease Recognition Dataset\augmented_image\Augmented_Image\Mosaic_Virus\IMG_3008_zoomed.jpg,2,1,1,1,localized_mild_symptoms
616,IMG_009564,images/IMG_009564.jpg,watermelon_disease_recognition,Mosaic_Virus,data_external\raw\watermelon_disease_recognition\Watermelon Disease Recognition Dataset\augmented_image\Augmented_Image\Mosaic_Virus\IMG_1995_zoomed.jpg,2,1,3,1,large_area_damage_deformation_wilting_or_necrosis
617,IMG_009565,images/IMG_009565.jpg,watermelon_disease_recognition,Mosaic_Virus,data_external\raw\watermelon_disease_recognition\Watermelon Disease Recognition Dataset\augmented_image\Augmented_Image\Mosaic_Virus\IMG_2087_scaled.jpg,2,1,1,1,localized_mild_symptoms
618,IMG_009616,images/IMG_009616.jpg,watermelon_disease_recognition,Mosaic_Virus,data_external\raw\watermelon_disease_recognition\Watermelon Disease Recognition Dataset\augmented_image\Augmented_Image\Mosaic_Virus\IMG_3023_shifted.jpg,2,1,1,1,localized_mild_symptoms
619,IMG_009621,images/IMG_009621.jpg,watermelon_disease_recognition,Mosaic_Virus,data_external\raw\watermelon_disease_recognition\Watermelon Disease Recognition Dataset\augmented_image\Augmented_Image\Mosaic_Virus\IMG_2089_flip.jpg,2,1,1,1,localized_mild_symptoms
620,IMG_009623,images/IMG_009623.jpg,watermelon_disease_recognition,Mosaic_Virus,data_external\raw\watermelon_disease_recognition\Watermelon Disease Recognition Dataset\augmented_image\Augmented_Image\Mosaic_Virus\IMG_2049_brightened.jpg,2,1,3,1,large_area_damage_deformation_wilting_or_necrosis
621,IMG_009636,images/IMG_009636.jpg,watermelon_disease_recognition,Mosaic_Virus,data_external\raw\watermelon_disease_recognition\Watermelon Disease Recognition Dataset\augmented_image\Augmented_Image\Mosaic_Virus\IMG_2005_brightened.jpg,2,1,2,0,severity_not_confirmable_from_partial_or_non_leaf_view
622,IMG_009667,images/IMG_009667.jpg,watermelon_disease_recognition,Mosaic_Virus,data_external\raw\watermelon_disease_recognition\Watermelon Disease Recognition Dataset\augmented_image\Augmented_Image\Mosaic_Virus\IMG_2146_zoomed.jpg,2,1,3,1,large_area_damage_deformation_wilting_or_necrosis
623,IMG_009677,images/IMG_009677.jpg,watermelon_disease_recognition,Mosaic_Virus,data_external\raw\watermelon_disease_recognition\Watermelon Disease Recognition Dataset\augmented_image\Augmented_Image\Mosaic_Virus\IMG_2023_scaled.jpg,2,1,2,0,severity_not_confirmable_from_partial_or_non_leaf_view
624,IMG_009711,images/IMG_009711.jpg,watermelon_disease_recognition,Mosaic_Virus,data_external\raw\watermelon_disease_recognition\Watermelon Disease Recognition Dataset\augmented_image\Augmented_Image\Mosaic_Virus\IMG_2095_flip.jpg,2,1,1,1,localized_mild_symptoms
625,IMG_009738,images/IMG_009738.jpg,watermelon_disease_recognition,Mosaic_Virus,data_external\raw\watermelon_disease_recognition\Watermelon Disease Recognition Dataset\augmented_image\Augmented_Image\Mosaic_Virus\IMG_2172_flip.jpg,2,1,3,1,large_area_damage_deformation_wilting_or_necrosis
626,IMG_009739,images/IMG_009739.jpg,watermelon_disease_recognition,Mosaic_Virus,data_external\raw\watermelon_disease_recognition\Watermelon Disease Recognition Dataset\augmented_image\Augmented_Image\Mosaic_Virus\IMG_1975_shifted.jpg,2,1,2,1,multiple_regions_or_clear_lesions
627,IMG_009785,images/IMG_009785.jpg,watermelon_disease_recognition,Mosaic_Virus,data_external\raw\watermelon_disease_recognition\Watermelon Disease Recognition Dataset\original_image\Watermelon\Mosaic_Virus\IMG_2175.jpg,2,1,3,1,large_area_damage_deformation_wilting_or_necrosis
628,IMG_009801,images/IMG_009801.jpg,watermelon_disease_recognition,Mosaic_Virus,data_external\raw\watermelon_disease_recognition\Watermelon Disease Recognition Dataset\augmented_image\Augmented_Image\Mosaic_Virus\IMG_2073_scaled.jpg,2,1,2,0,severity_not_confirmable_from_partial_or_non_leaf_view
629,IMG_009813,images/IMG_009813.jpg,watermelon_disease_recognition,Mosaic_Virus,data_external\raw\watermelon_disease_recognition\Watermelon Disease Recognition Dataset\augmented_image\Augmented_Image\Mosaic_Virus\IMG_2112_brightened.jpg,2,1,3,1,large_area_damage_deformation_wilting_or_necrosis
630,IMG_009833,images/IMG_009833.jpg,watermelon_disease_recognition,Mosaic_Virus,data_external\raw\watermelon_disease_recognition\Watermelon Disease Recognition Dataset\augmented_image\Augmented_Image\Mosaic_Virus\IMG_1996_shifted.jpg,2,1,3,1,large_area_damage_deformation_wilting_or_necrosis
631,IMG_009848,images/IMG_009848.jpg,watermelon_disease_recognition,Mosaic_Virus,data_external\raw\watermelon_disease_recognition\Watermelon Disease Recognition Dataset\augmented_image\Augmented_Image\Mosaic_Virus\IMG_2046_scaled.jpg,2,1,2,0,severity_not_confirmable_from_partial_or_non_leaf_view
632,IMG_009865,images/IMG_009865.jpg,watermelon_disease_recognition,Mosaic_Virus,data_external\raw\watermelon_disease_recognition\Watermelon Disease Recognition Dataset\augmented_image\Augmented_Image\Mosaic_Virus\IMG_2059_shifted.jpg,2,1,3,1,large_area_damage_deformation_wilting_or_necrosis
633,IMG_009905,images/IMG_009905.jpg,watermelon_disease_recognition,Mosaic_Virus,data_external\raw\watermelon_disease_recognition\Watermelon Disease Recognition Dataset\augmented_image\Augmented_Image\Mosaic_Virus\IMG_2021_zoomed.jpg,2,1,2,0,severity_not_confirmable_from_partial_or_non_leaf_view
634,IMG_009971,images/IMG_009971.jpg,watermelon_disease_recognition,Mosaic_Virus,data_external\raw\watermelon_disease_recognition\Watermelon Disease Recognition Dataset\augmented_image\Augmented_Image\Mosaic_Virus\IMG_2052_zoomed.jpg,2,1,3,1,large_area_damage_deformation_wilting_or_necrosis
